name,terminology,code,term
heart failure,ICD10,I110,Hypertensive heart disease with (congestive) heart failure
heart failure,ICD10,I130,Hypertensive heart and renal disease with (congestive) heart failure
heart failure,ICD10,I132,Hypertensive heart and renal disease with both (congestive) heart failure and renal failure
heart failure,ICD10,I255,Ischaemic cardiomyopathy
heart failure,ICD10,I420,Dilated cardiomyopathy
heart failure,ICD10,I429,"Cardiomyopathy, unspecified"
heart failure,ICD10,I500,Congestive heart failure
heart failure,ICD10,I501,Left ventricular failure
heart failure,ICD10,I509,"Heart failure, unspecified"
heart failure,SNOMED CT,364006,Acute left-sided heart failure (disorder)
heart failure,SNOMED CT,5053004,Cardiac***REMOVED***insufficiency***REMOVED***due***REMOVED***to***REMOVED***prosthesis***REMOVED***(disorder)
heart failure,SNOMED CT,5148006,Hypertensive heart disease with congestive heart failure (disorder)
heart failure,SNOMED CT,5375005,Chronic left-sided congestive heart failure (disorder)
heart failure,SNOMED CT,10091002,High output heart failure (disorder)
heart failure,SNOMED CT,10335000,Chronic right-sided heart failure (disorder)
heart failure,SNOMED CT,10633002,Acute congestive heart failure (disorder)
heart failure,SNOMED CT,13839000,Bernheim\'s syndrome (disorder)
heart failure,SNOMED CT,16253001,Dilated***REMOVED***peripartum***REMOVED***cardiomyopathy***REMOVED***(disorder)
heart failure,SNOMED CT,16253001,Dilated***REMOVED***peripartum***REMOVED***cardiomyopathy***REMOVED***(disorder)
heart failure,SNOMED CT,20529002,Secondary dilated cardiomyopathy (disorder)
heart failure,SNOMED CT,24841007,Cardiorespiratory***REMOVED***failure***REMOVED***during***REMOVED***AND/OR***REMOVED***resulting***REMOVED***from***REMOVED***a***REMOVED***procedure***REMOVED***(disorder)
heart failure,SNOMED CT,25544003,Low output heart failure (disorder)
heart failure,SNOMED CT,33644002,Postvalvulotomy***REMOVED***syndrome***REMOVED***(disorder)
heart failure,SNOMED CT,35728003,Familial cardiomyopathy (disorder)
heart failure,SNOMED CT,36315003,Malignant***REMOVED***hypertensive***REMOVED***heart***REMOVED***disease***REMOVED***without***REMOVED***congestive***REMOVED***heart***REMOVED***failure***REMOVED***(disorder)
heart failure,SNOMED CT,42343007,Congestive heart failure (disorder)
heart failure,SNOMED CT,43736008,Rheumatic left ventricular failure (disorder)
heart failure,SNOMED CT,44088000,Low cardiac output syndrome (disorder)
heart failure,SNOMED CT,44313006,Right heart failure secondary to left heart failure (disorder)
heart failure,SNOMED CT,45227007,Hypertrophic obstructive cardiomyopathy (disorder)
heart failure,SNOMED CT,45650007,Kyphoscoliotic***REMOVED***heart***REMOVED***disease***REMOVED***(disorder)
heart failure,SNOMED CT,45650007,Kyphoscoliotic***REMOVED***heart***REMOVED***disease***REMOVED***(disorder)
heart failure,SNOMED CT,46113002,Hypertensive heart failure (disorder)
heart failure,SNOMED CT,48447003,Chronic heart failure (disorder)
heart failure,SNOMED CT,49584005,Acute cor pulmonale (disorder)
heart failure,SNOMED CT,55565007,Cardiac failure after obstetrical surgery AND/OR other procedure including delivery (disorder)
heart failure,SNOMED CT,56675007,Acute heart failure (disorder)
heart failure,SNOMED CT,60856006,Cardiac***REMOVED***insufficiency***REMOVED***following***REMOVED***cardiac***REMOVED***surgery***REMOVED***(disorder)
heart failure,SNOMED CT,60899001,Hypertensive***REMOVED***heart***REMOVED***disease***REMOVED***without***REMOVED***congestive***REMOVED***heart***REMOVED***failure***REMOVED***(disorder)
heart failure,SNOMED CT,62377009,Postpartum***REMOVED***cardiomyopathy***REMOVED***(disorder)
heart failure,SNOMED CT,62377009,Postpartum***REMOVED***cardiomyopathy***REMOVED***(disorder)
heart failure,SNOMED CT,64715009,Hypertensive heart disease (disorder)
heart failure,SNOMED CT,66989003,Chronic right-sided congestive heart failure (disorder)
heart failure,SNOMED CT,71892000,Cardiac asthma (disorder)
heart failure,SNOMED CT,74960003,Acute***REMOVED***left-sided***REMOVED***congestive***REMOVED***heart***REMOVED***failure***REMOVED***(disorder)
heart failure,SNOMED CT,74960003,Acute***REMOVED***left-sided***REMOVED***congestive***REMOVED***heart***REMOVED***failure***REMOVED***(disorder)
heart failure,SNOMED CT,77970009,Benign***REMOVED***hypertensive***REMOVED***heart***REMOVED***disease***REMOVED***without***REMOVED***congestive***REMOVED***heart***REMOVED***failure***REMOVED***(disorder)
heart failure,SNOMED CT,78862003,Ayerza\'s***REMOVED***syndrome***REMOVED***(disorder)
heart failure,SNOMED CT,78862003,Ayerza\'s***REMOVED***syndrome***REMOVED***(disorder)
heart failure,SNOMED CT,79955004,Chronic cor pulmonale (disorder)
heart failure,SNOMED CT,80479009,Acute right-sided congestive heart failure (disorder)
heart failure,SNOMED CT,82523003,Congestive rheumatic heart failure (disorder)
heart failure,SNOMED CT,83105008,Malignant hypertensive heart disease with congestive heart failure (disorder)
heart failure,SNOMED CT,83291003,Cor***REMOVED***pulmonale***REMOVED***(disorder)
heart failure,SNOMED CT,83291003,Cor***REMOVED***pulmonale***REMOVED***(disorder)
heart failure,SNOMED CT,83521008,Dilated cardiomyopathy caused by alcohol (disorder)
heart failure,SNOMED CT,84114007,Heart failure (disorder)
heart failure,SNOMED CT,85232009,Left heart failure (disorder)
heart failure,SNOMED CT,85898001,Cardiomyopathy (disorder)
heart failure,SNOMED CT,87837008,Chronic pulmonary heart disease (disorder)
heart failure,SNOMED CT,88805009,Chronic congestive heart failure (disorder)
heart failure,SNOMED CT,89555002,Cardiac edema (disorder)
heart failure,SNOMED CT,89819002,Cardiac***REMOVED***insufficiency***REMOVED***during***REMOVED***AND/OR***REMOVED***resulting***REMOVED***from***REMOVED***a***REMOVED***procedure***REMOVED***(disorder)
heart failure,SNOMED CT,90727007,Pleural effusion due to congestive heart failure (disorder)
heart failure,SNOMED CT,92506005,Biventricular congestive heart failure (disorder)
heart failure,SNOMED CT,111283005,Chronic left-sided heart failure (disorder)
heart failure,SNOMED CT,128404006,Right heart failure (disorder)
heart failure,SNOMED CT,134378009,Congestive heart failure monitoring (regime/therapy)
heart failure,SNOMED CT,134401001,Left ventricular systolic dysfunction (disorder)
heart failure,SNOMED CT,134440006,Referral***REMOVED***to***REMOVED***heart***REMOVED***failure***REMOVED***clinic***REMOVED***(procedure)
heart failure,SNOMED CT,161505003,History of heart failure (situation)
heart failure,SNOMED CT,194767001,Benign hypertensive heart disease with congestive cardiac failure (disorder)
heart failure,SNOMED CT,194779001,Hypertensive heart and renal disease with (congestive) heart failure (disorder)
heart failure,SNOMED CT,194781004,Hypertensive heart and renal disease with both (congestive) heart failure and renal failure (disorder)
heart failure,SNOMED CT,194849004,Generalized ischemic myocardial dysfunction (disorder)
heart failure,SNOMED CT,195020003,Hypertrophic cardiomyopathy without obstruction (disorder)
heart failure,SNOMED CT,195021004,Primary dilated cardiomyopathy (disorder)
heart failure,SNOMED CT,195031006,Cardiomyopathy in myotonic dystrophy (disorder)
heart failure,SNOMED CT,195108009,Heart failure: [right] or [congestive] (disorder)
heart failure,SNOMED CT,195111005,Decompensated cardiac failure (disorder)
heart failure,SNOMED CT,195112003,Compensated cardiac failure (disorder)
heart failure,SNOMED CT,195114002,Acute left ventricular failure (disorder)
heart failure,SNOMED CT,206586007,Congenital cardiac failure (disorder)
heart failure,SNOMED CT,233871002,Congestive obstructive cardiomyopathy (disorder)
heart failure,SNOMED CT,233873004,Hypertrophic cardiomyopathy (disorder)
heart failure,SNOMED CT,233924009,Heart failure as a complication of care (disorder)
heart failure,SNOMED CT,236003008,Cardiac ascites (disorder)
heart failure,SNOMED CT,275514001,Impaired left ventricular function (finding)
heart failure,SNOMED CT,276514007,Neonatal***REMOVED***cardiac***REMOVED***failure***REMOVED***(disorder)
heart failure,SNOMED CT,277638005,Sepsis-associated left ventricular failure (disorder)
heart failure,SNOMED CT,277639002,Sepsis-associated right ventricular failure (disorder)
heart failure,SNOMED CT,281170005,Arrhythmogenic right ventricular cardiomyopathy (disorder)
heart failure,SNOMED CT,308118002,Cardiac failure therapy (procedure)
heart failure,SNOMED CT,309634009,History of heart failure in last year (situation)
heart failure,SNOMED CT,313389004,No cardiac failure (situation)
heart failure,SNOMED CT,314206003,Refractory heart failure (disorder)
heart failure,SNOMED CT,359617009,Acute right-sided heart failure (disorder)
heart failure,SNOMED CT,359620001,Acute right heart failure (disorder)
heart failure,SNOMED CT,360371003,Acute cardiac pulmonary edema (disorder)
heart failure,SNOMED CT,367363000,Right ventricular failure (disorder)
heart failure,SNOMED CT,390868005,Heart failure screen (procedure)
heart failure,SNOMED CT,390884006,Heart failure follow-up (finding)
heart failure,SNOMED CT,390885007,Heart failure annual review (regime/therapy)
heart failure,SNOMED CT,394887005,Suspected heart failure (situation)
heart failure,SNOMED CT,394927007,Heart failure excluded (situation)
heart failure,SNOMED CT,395105005,Heart failure confirmed (situation)
heart failure,SNOMED CT,395172009,No evidence of left ventricular systolic dysfunction (situation)
heart failure,SNOMED CT,395704004,Left ventricular diastolic dysfunction (disorder)
heart failure,SNOMED CT,399020009,Congestive cardiomyopathy (disorder)
heart failure,SNOMED CT,403298007,Red***REMOVED***half-moon***REMOVED***nail***REMOVED***in***REMOVED***congestive***REMOVED***heart***REMOVED***failure***REMOVED***(disorder)
heart failure,SNOMED CT,407596008,Echocardiogram shows left ventricular systolic dysfunction (finding)
heart failure,SNOMED CT,407597004,Echocardiogram shows left ventricular diastolic dysfunction (finding)
heart failure,SNOMED CT,410431009,Cardiorespiratory***REMOVED***failure***REMOVED***(disorder)
heart failure,SNOMED CT,413164001,No evidence of left ventricular diastolic dysfunction (situation)
heart failure,SNOMED CT,414586001,Left ventricular dysfunction monitoring first letter (procedure)
heart failure,SNOMED CT,414588000,Left ventricular dysfunction monitoring second letter (procedure)
heart failure,SNOMED CT,414589008,Left ventricular dysfunction monitoring third letter (procedure)
heart failure,SNOMED CT,416573008,Left ventricular dysfunction monitoring verbal invite (finding)
heart failure,SNOMED CT,416683003,Emergency hospital admission for heart failure (procedure)
heart failure,SNOMED CT,416717003,Seen***REMOVED***in***REMOVED***heart***REMOVED***failure***REMOVED***clinic***REMOVED***(finding)
heart failure,SNOMED CT,417146007,Referral***REMOVED***to***REMOVED***heart***REMOVED***failure***REMOVED***nurse***REMOVED***(procedure)
heart failure,SNOMED CT,417359009,Seen by community heart failure nurse (finding)
heart failure,SNOMED CT,417996009,Systolic heart failure (disorder)
heart failure,SNOMED CT,418304008,Diastolic heart failure (disorder)
heart failure,SNOMED CT,420300004,New York Heart Association Classification - Class I (finding)
heart failure,SNOMED CT,420816009,New York Heart Association Classification (assessment scale)
heart failure,SNOMED CT,420913000,New York Heart Association Classification - Class III (finding)
heart failure,SNOMED CT,421704003,New York Heart Association Classification - Class II (finding)
heart failure,SNOMED CT,422293003,New York Heart Association Classification - Class IV (finding)
heart failure,SNOMED CT,423475008,Heart failure education (procedure)
heart failure,SNOMED CT,424404003,Decompensated chronic heart failure (disorder)
heart failure,SNOMED CT,426012001,Right heart failure due to pulmonary hypertension (disorder)
heart failure,SNOMED CT,426263006,Congestive heart failure due to left ventricular systolic dysfunction (disorder)
heart failure,SNOMED CT,426611007,Congestive heart failure due to valvular disease (disorder)
heart failure,SNOMED CT,429589006,Left ventricular cardiac dysfunction (disorder)
heart failure,SNOMED CT,430396006,Chronic systolic dysfunction of left ventricle (disorder)
heart failure,SNOMED CT,438367009,"Congestive***REMOVED***heart***REMOVED***failure,***REMOVED***hypertension,***REMOVED***age***REMOVED***75***REMOVED***years***REMOVED***or***REMOVED***older,***REMOVED***diabetes, and***REMOVED***previous stroke***REMOVED***or transient ischemic***REMOVED***attack***REMOVED***risk***REMOVED***score***REMOVED***(assessment***REMOVED***scale)"
heart failure,SNOMED CT,440589006,Knowledge***REMOVED***level***REMOVED***about***REMOVED***heart***REMOVED***failure***REMOVED***management***REMOVED***(observable***REMOVED***entity)
heart failure,SNOMED CT,441481004,Chronic systolic heart failure (disorder)
heart failure,SNOMED CT,441530006,Chronic diastolic heart failure (disorder)
heart failure,SNOMED CT,443253003,Acute on chronic systolic heart failure (disorder)
heart failure,SNOMED CT,443254009,Acute systolic heart failure (disorder)
heart failure,SNOMED CT,443343001,Acute diastolic heart failure (disorder)
heart failure,SNOMED CT,443344007,Acute on chronic diastolic heart failure (disorder)
heart failure,SNOMED CT,445236007,Cardiorenal syndrome (disorder)
heart failure,SNOMED CT,446221000,Heart failure with normal ejection fraction (disorder)
heart failure,SNOMED CT,462172006,Fetal***REMOVED***heart***REMOVED***failure***REMOVED***(disorder)
heart failure,SNOMED CT,462172006,Fetal***REMOVED***heart***REMOVED***failure***REMOVED***(disorder)
heart failure,SNOMED CT,462174007,Fetal***REMOVED***heart***REMOVED***failure***REMOVED***with***REMOVED***myocardial***REMOVED***hypertrophy***REMOVED***(disorder)
heart failure,SNOMED CT,462174007,Fetal***REMOVED***heart***REMOVED***failure***REMOVED***with***REMOVED***myocardial***REMOVED***hypertrophy***REMOVED***(disorder)
heart failure,SNOMED CT,462175008,Fetal***REMOVED***heart***REMOVED***failure***REMOVED***with***REMOVED***redistribution***REMOVED***of***REMOVED***cardiac***REMOVED***output***REMOVED***(disorder)
heart failure,SNOMED CT,462175008,Fetal***REMOVED***heart***REMOVED***failure***REMOVED***with***REMOVED***redistribution***REMOVED***of***REMOVED***cardiac***REMOVED***output***REMOVED***(disorder)
heart failure,SNOMED CT,471880001,Heart failure due to end stage congenital heart disease (disorder)
heart failure,SNOMED CT,609507007,Induced termination of pregnancy complicated by cardiac failure (disorder)
heart failure,SNOMED CT,609555007,Diastolic***REMOVED***heart***REMOVED***failure***REMOVED***stage***REMOVED***A***REMOVED***(finding)
heart failure,SNOMED CT,609556008,Systolic***REMOVED***heart***REMOVED***failure***REMOVED***stage***REMOVED***A***REMOVED***(finding)
heart failure,SNOMED CT,697925001,Pulmonary hypertension due to systolic systemic ventricular dysfunction (disorder)
heart failure,SNOMED CT,697926000,Pulmonary hypertension due to diastolic systemic ventricular dysfunction (disorder)
heart failure,SNOMED CT,698296002,Acute***REMOVED***exacerbation***REMOVED***of***REMOVED***chronic***REMOVED***congestive***REMOVED***heart***REMOVED***failure***REMOVED***(disorder)
heart failure,SNOMED CT,698296002,Acute exacerbation of chronic congestive heart failure (disorder)
heart failure,SNOMED CT,698592004,Asymptomatic left ventricular systolic dysfunction (disorder)
heart failure,SNOMED CT,698594003,Symptomatic congestive heart failure (disorder)
heart failure,SNOMED CT,702843005,Congestive***REMOVED***heart***REMOVED***failure***REMOVED***clinic***REMOVED***(environment)
heart failure,SNOMED CT,703272007,Heart failure with reduced ejection fraction (disorder)
heart failure,SNOMED CT,703273002,Heart failure with reduced ejection fraction due to coronary artery disease (disorder)
heart failure,SNOMED CT,703274008,Heart failure with reduced ejection fraction due to myocarditis (disorder)
heart failure,SNOMED CT,703275009,Heart failure with reduced ejection fraction due to cardiomyopathy (disorder)
heart failure,SNOMED CT,703276005,Heart failure with reduced ejection fraction due to heart valve disease (disorder)
heart failure,SNOMED CT,704095000,Referral to heart failure exercise program (procedure)
heart failure,SNOMED CT,704096004,Referral to heart failure exercise program not indicated (situation)
heart failure,SNOMED CT,704097008,Referral to heart failure exercise program declined (situation)
heart failure,SNOMED CT,704242009,Fetal***REMOVED***heart***REMOVED***failure***REMOVED***due***REMOVED***to***REMOVED***extracardiac***REMOVED***disease***REMOVED***(disorder)
heart failure,SNOMED CT,704242009,Fetal***REMOVED***heart***REMOVED***failure***REMOVED***due***REMOVED***to***REMOVED***extracardiac***REMOVED***disease***REMOVED***(disorder)
heart failure,SNOMED CT,708018005,"Assessment***REMOVED***using***REMOVED***congestive***REMOVED***heart***REMOVED***failure,***REMOVED***hypertension,***REMOVED***age***REMOVED***2,***REMOVED***diabetes***REMOVED***mellitus,stroke***REMOVED***2***REMOVED***- vascular disease,***REMOVED***age,***REMOVED***sex***REMOVED***category***REMOVED***score***REMOVED***(procedure)"
heart failure,SNOMED CT,713678009,"Congestive***REMOVED***heart***REMOVED***failure,***REMOVED***hypertension,***REMOVED***age***REMOVED***75***REMOVED***years***REMOVED***or***REMOVED***older,***REMOVED***diabetes,***REMOVED***previous stroke***REMOVED***or***REMOVED***transient ischemic***REMOVED***attack,***REMOVED***vascular***REMOVED***disease,***REMOVED***age***REMOVED***65-74***REMOVED***years,***REMOVED***and***REMOVED***sex***REMOVED***category***REMOVED***risk***REMOVED***score***REMOVED***(assessment***REMOVED***scale)"
heart failure,SNOMED CT,715621003,Heart failure education not done (situation)
heart failure,SNOMED CT,718287008,Provision of written information about heart failure (procedure)
heart failure,SNOMED CT,722095005,Acute kidney injury due to circulatory failure (disorder)
heart failure,SNOMED CT,722919003,Neonatal***REMOVED***cardiac***REMOVED***failure***REMOVED***due***REMOVED***to***REMOVED***decreased***REMOVED***left***REMOVED***ventricular***REMOVED***output***REMOVED***(disorder)
heart failure,SNOMED CT,724550005,Neonatal***REMOVED***cardiac***REMOVED***failure***REMOVED***due***REMOVED***to***REMOVED***pulmonary***REMOVED***overperfusion***REMOVED***(disorder)
heart failure,SNOMED CT,735258002,"Congestive***REMOVED***heart***REMOVED***failure,***REMOVED***hypertension,***REMOVED***age***REMOVED***2,***REMOVED***diabetes***REMOVED***mellitus,***REMOVED***stroke***REMOVED***2,***REMOVED***vascular disease,***REMOVED***age,***REMOVED***sex***REMOVED***category***REMOVED***score***REMOVED***(assessment***REMOVED***scale)"
heart failure,SNOMED CT,735259005,"Congestive***REMOVED***heart***REMOVED***failure,***REMOVED***hypertension,***REMOVED***age***REMOVED***2,***REMOVED***diabetes***REMOVED***mellitus,***REMOVED***stroke***REMOVED***2,***REMOVED***vascular disease,***REMOVED***age,***REMOVED***sex***REMOVED***category***REMOVED***stroke***REMOVED***risk***REMOVED***score***REMOVED***(observable***REMOVED***entity)"
heart failure,SNOMED CT,737430008,Congestive***REMOVED***heart***REMOVED***failure***REMOVED***clinical***REMOVED***management***REMOVED***plan***REMOVED***(record***REMOVED***artifact)
heart failure,SNOMED CT,763007002,"Assessment***REMOVED***using***REMOVED***congestive***REMOVED***heart***REMOVED***failure,***REMOVED***hypertension,***REMOVED***age***REMOVED***75***REMOVED***years***REMOVED***or***REMOVED***older,***REMOVED***diabetes mellitus***REMOVED***and***REMOVED***previous***REMOVED***stroke***REMOVED***or***REMOVED***transient***REMOVED***ischemic***REMOVED***attack***REMOVED***score***REMOVED***(procedure)"
heart failure,SNOMED CT,763008007,"Congestive***REMOVED***heart***REMOVED***failure,***REMOVED***hypertension,***REMOVED***age***REMOVED***75***REMOVED***years***REMOVED***or***REMOVED***older,***REMOVED***diabetes***REMOVED***mellitus***REMOVED***and***REMOVED***previous stroke***REMOVED***or transient***REMOVED***ischemic***REMOVED***attack***REMOVED***score***REMOVED***(observable***REMOVED***entity)"
heart failure,SNOMED CT,773587008,"X-linked***REMOVED***intellectual***REMOVED***disability,***REMOVED***cardiomegaly,***REMOVED***congestive***REMOVED***heart***REMOVED***failure***REMOVED***syndrome***REMOVED***(disorder)"
heart failure,SNOMED CT,788950000,Heart failure with mid range ejection fraction (disorder)
heart failure,SNOMED CT,871617000,Low***REMOVED***output***REMOVED***heart***REMOVED***failure***REMOVED***due***REMOVED***to***REMOVED***and***REMOVED***following***REMOVED***Fontan***REMOVED***operation***REMOVED***(disorder)
heart failure,SNOMED CT,871617000,Low***REMOVED***output***REMOVED***heart***REMOVED***failure***REMOVED***due***REMOVED***to***REMOVED***and***REMOVED***following***REMOVED***Fontan***REMOVED***operation***REMOVED***(disorder)
heart failure,SNOMED CT,879780004,Telehealth***REMOVED***monitoring***REMOVED***for***REMOVED***chronic***REMOVED***heart***REMOVED***failure***REMOVED***(regime/therapy)
heart failure,SNOMED CT,898208007,Heart***REMOVED***failure***REMOVED***due***REMOVED***to***REMOVED***thyrotoxicosis***REMOVED***(disorder)
heart failure,SNOMED CT,898208007,Heart failure due to thyrotoxicosis (disorder)
heart failure,SNOMED CT,1204200007,Left***REMOVED***ventricular***REMOVED***failure***REMOVED***with***REMOVED***normal***REMOVED***ejection***REMOVED***fraction***REMOVED***due***REMOVED***to***REMOVED***valvular***REMOVED***heart***REMOVED***disease***REMOVED***(disorder)
heart failure,SNOMED CT,1204200007,Left***REMOVED***ventricular***REMOVED***failure***REMOVED***with***REMOVED***normal***REMOVED***ejection***REMOVED***fraction***REMOVED***due***REMOVED***to***REMOVED***valvular***REMOVED***heart***REMOVED***disease***REMOVED***(disorder)
heart failure,SNOMED CT,1204203009,Left***REMOVED***ventricular***REMOVED***failure***REMOVED***with***REMOVED***normal***REMOVED***ejection***REMOVED***fraction***REMOVED***due***REMOVED***to***REMOVED***coronary***REMOVED***arteriosclerosis***REMOVED***(disorder)
heart failure,SNOMED CT,1204203009,Left***REMOVED***ventricular***REMOVED***failure***REMOVED***with***REMOVED***normal***REMOVED***ejection***REMOVED***fraction***REMOVED***due***REMOVED***to***REMOVED***coronary***REMOVED***arteriosclerosis***REMOVED***(disorder)
heart failure,SNOMED CT,1204204003,Left***REMOVED***ventricular***REMOVED***failure***REMOVED***with***REMOVED***normal***REMOVED***ejection***REMOVED***fraction***REMOVED***due***REMOVED***to***REMOVED***myocarditis***REMOVED***(disorder)
heart failure,SNOMED CT,1204204003,Left***REMOVED***ventricular***REMOVED***failure***REMOVED***with***REMOVED***normal***REMOVED***ejection***REMOVED***fraction***REMOVED***due***REMOVED***to***REMOVED***myocarditis***REMOVED***(disorder)
heart failure,SNOMED CT,1204206001,Left***REMOVED***ventricular***REMOVED***failure***REMOVED***with***REMOVED***normal***REMOVED***ejection***REMOVED***fraction***REMOVED***due***REMOVED***to***REMOVED***cardiomyopathy***REMOVED***(disorder)
heart failure,SNOMED CT,1204206001,Left***REMOVED***ventricular***REMOVED***failure***REMOVED***with***REMOVED***normal***REMOVED***ejection***REMOVED***fraction***REMOVED***due***REMOVED***to***REMOVED***cardiomyopathy***REMOVED***(disorder)
heart failure,SNOMED CT,1204460007,Myocardial***REMOVED***dysfunction***REMOVED***with***REMOVED***sepsis***REMOVED***(disorder)
heart failure,SNOMED CT,1204462004,Left***REMOVED***ventricular***REMOVED***failure***REMOVED***with***REMOVED***sepsis***REMOVED***(disorder)
heart failure,SNOMED CT,1204462004,Left***REMOVED***ventricular***REMOVED***failure***REMOVED***with***REMOVED***sepsis***REMOVED***(disorder)
heart failure,SNOMED CT,1204468000,Right***REMOVED***ventricular***REMOVED***failure***REMOVED***with***REMOVED***sepsis***REMOVED***(disorder)
heart failure,SNOMED CT,1204468000,Right***REMOVED***ventricular***REMOVED***failure***REMOVED***with***REMOVED***sepsis***REMOVED***(disorder)
heart failure,SNOMED CT,1208843003,Right***REMOVED***ventricular***REMOVED***failure***REMOVED***due***REMOVED***to***REMOVED***heart***REMOVED***valve***REMOVED***disorder***REMOVED***(disorder)
heart failure,SNOMED CT,1208843003,Right***REMOVED***ventricular***REMOVED***failure***REMOVED***due***REMOVED***to***REMOVED***heart***REMOVED***valve***REMOVED***disorder***REMOVED***(disorder)
heart failure,SNOMED CT,1208846006,Right***REMOVED***ventricular***REMOVED***failure***REMOVED***due***REMOVED***to***REMOVED***disorder***REMOVED***of***REMOVED***lung***REMOVED***(disorder)
heart failure,SNOMED CT,1208846006,Right***REMOVED***ventricular***REMOVED***failure***REMOVED***due***REMOVED***to***REMOVED***disorder***REMOVED***of***REMOVED***lung***REMOVED***(disorder)
heart failure,SNOMED CT,1208848007,Right***REMOVED***ventricular***REMOVED***failure***REMOVED***due***REMOVED***to***REMOVED***disorder***REMOVED***of***REMOVED***pulmonary***REMOVED***circulation***REMOVED***(disorder)
heart failure,SNOMED CT,1208848007,Right***REMOVED***ventricular***REMOVED***failure***REMOVED***due***REMOVED***to***REMOVED***disorder***REMOVED***of***REMOVED***pulmonary***REMOVED***circulation***REMOVED***(disorder)
heart failure,SNOMED CT,1208850004,Right***REMOVED***ventricular***REMOVED***failure***REMOVED***due***REMOVED***to***REMOVED***right***REMOVED***ventricular***REMOVED***infarction***REMOVED***(disorder)
heart failure,SNOMED CT,1208850004,Right***REMOVED***ventricular***REMOVED***failure***REMOVED***due***REMOVED***to***REMOVED***right***REMOVED***ventricular***REMOVED***infarction***REMOVED***(disorder)
heart failure,SNOMED CT,1264003007,Acute***REMOVED***right***REMOVED***ventricular***REMOVED***failure***REMOVED***following***REMOVED***incision***REMOVED***of***REMOVED***heart***REMOVED***(disorder)
heart failure,SNOMED CT,7.381E+12,Reduced ejection fraction co-occurrent and due to chronic heart failure (disorder)
heart failure,SNOMED CT,7.391E+12,Reduced ejection fraction co-occurrent and due to acute heart failure (disorder)
heart failure,SNOMED CT,7.411E+12,Chronic heart failure co-occurrent with normal ejection fraction (disorder)
heart failure,SNOMED CT,7.421E+12,Acute heart failure co-occurrent with normal ejection fraction (disorder)
heart failure,SNOMED CT,1.5781E+13,Hypertensive***REMOVED***heart***REMOVED***AND***REMOVED***chronic***REMOVED***kidney***REMOVED***disease***REMOVED***with***REMOVED***congestive***REMOVED***heart***REMOVED***failure***REMOVED***(disorder)
heart failure,SNOMED CT,1.5781E+13,Hypertensive heart AND chronic kidney disease with congestive heart failure (disorder)
heart failure,SNOMED CT,2.3341E+13,Congestive heart failure with right heart failure (disorder)
heart failure,SNOMED CT,5.0781E+13,Nutrition***REMOVED***therapy***REMOVED***for***REMOVED***congestive***REMOVED***heart***REMOVED***failure***REMOVED***(regime/therapy)
heart failure,SNOMED CT,6.7431E+13,Congestive heart failure stage D (disorder)
heart failure,SNOMED CT,6.7441E+13,Congestive heart failure stage C (disorder)
heart failure,SNOMED CT,6.7451E+13,Congestive heart failure stage B (disorder)
heart failure,SNOMED CT,7.2481E+13,Congestive heart failure as early postoperative complication (disorder)
heart failure,SNOMED CT,9.6311E+13,Exacerbation of congestive heart failure (disorder)
heart failure,SNOMED CT,1.01281E+14,Congestive heart failure due to cardiomyopathy (disorder)
heart failure,SNOMED CT,1.20851E+14,Systolic heart failure stage D (disorder)
heart failure,SNOMED CT,1.20861E+14,Systolic heart failure stage C (disorder)
heart failure,SNOMED CT,1.20871E+14,Systolic heart failure stage B (disorder)
heart failure,SNOMED CT,1.20881E+14,Diastolic heart failure stage D (disorder)
heart failure,SNOMED CT,1.20891E+14,Diastolic heart failure stage C (disorder)
heart failure,SNOMED CT,1.20901E+14,Diastolic heart failure stage B (disorder)
heart failure,SNOMED CT,1.53931E+14,Acute combined systolic and diastolic heart failure (disorder)
heart failure,SNOMED CT,1.53941E+14,Chronic***REMOVED***combined***REMOVED***systolic***REMOVED***and***REMOVED***diastolic***REMOVED***heart***REMOVED***failure***REMOVED***(disorder)
heart failure,SNOMED CT,1.53941E+14,Chronic combined systolic and diastolic heart failure (disorder)
heart failure,SNOMED CT,1.53951E+14,Acute on chronic combined systolic and diastolic heart failure (disorder)
heart failure,SNOMED CT,2.00171E+14,Referred***REMOVED***by***REMOVED***heart***REMOVED***failure***REMOVED***nurse***REMOVED***specialist***REMOVED***(finding)
heart failure,SNOMED CT,2.00201E+14,Discharge***REMOVED***from***REMOVED***practice***REMOVED***nurse***REMOVED***heart***REMOVED***failure***REMOVED***clinic***REMOVED***(procedure)
heart failure,SNOMED CT,2.85211E+14,Congestive heart failure as post-operative complication of cardiac surgery (disorder)
heart failure,SNOMED CT,2.85221E+14,Congestive heart failure as post-operative complication of non-cardiac surgery (disorder)
heart failure,SNOMED CT,7.11461E+14,Heart failure monitoring invitation (procedure)
heart failure,SNOMED CT,7.16621E+14,Heart failure monitoring third letter (procedure)
heart failure,SNOMED CT,7.16971E+14,Heart failure monitoring first letter (procedure)
heart failure,SNOMED CT,7.17191E+14,Heart failure monitoring second letter (procedure)
heart failure,SNOMED CT,7.17491E+14,Excepted from heart failure quality indicators - informed dissent (finding)
heart failure,SNOMED CT,7.17501E+14,Heart failure monitoring verbal invitation (procedure)
heart failure,SNOMED CT,7.17531E+14,Heart failure monitoring telephone invitation (procedure)
heart failure,SNOMED CT,7.81051E+14,Has heart failure management plan (finding)
heart failure,SNOMED CT,7.89621E+14,Preferred place of care for next exacerbation of heart failure (finding)
heart failure,SNOMED CT,8.12001E+14,Heart failure self-management plan agreed (finding)
heart failure,SNOMED CT,8.51521E+14,Heart failure clinical pathway (regime/therapy)
heart failure,SNOMED CT,1110931000000103,Quality and Outcomes Framework heart failure quality indicator-related care invitation (procedure)
heart failure,SNOMED CT,15629541000119106,Congestive heart failure stage C due to ischemic cardiomyopathy (disorder)
heart failure,SNOMED CT,15629591000119103,Congestive heart failure stage B due to ischemic cardiomyopathy (disorder)
heart failure,SNOMED CT,15629641000119107,Systolic heart failure stage B due to ischemic cardiomyopathy (disorder)
heart failure,SNOMED CT,15629741000119102,Systolic***REMOVED***heart***REMOVED***failure***REMOVED***stage***REMOVED***C***REMOVED***due***REMOVED***to***REMOVED***ischemic***REMOVED***cardiomyopathy***REMOVED***(disorder)
heart failure,SNOMED CT,15964661000119102,Acute***REMOVED***cor***REMOVED***pulmonale***REMOVED***due***REMOVED***to***REMOVED***septic***REMOVED***pulmonary***REMOVED***embolism***REMOVED***(disorder)
heart failure,SNOMED CT,15964701000119109,Acute***REMOVED***cor***REMOVED***pulmonale***REMOVED***co-occurrent***REMOVED***and***REMOVED***due***REMOVED***to***REMOVED***saddle***REMOVED***embolus***REMOVED***of***REMOVED***pulmonary***REMOVED***artery***REMOVED***(disorder)
heart failure,SNOMED CT,16838951000119100,Acute on chronic right-sided congestive heart failure (disorder)
covid19,ICD10,E851,Invasive ventilation
covid19,ICD10,E852,Non-invasive ventilation NEC
covid19,ICD10,E856,Continuous positive airway pressure
covid19,ICD10,U071,"COVID-19, virus identified"
covid19,ICD10,U072,"COVID-19, virus not identified"
covid19,ICD10,U08,Personal history of COVID-19
covid19,ICD10,U089,"Personal history of COVID-19, unspecified"
covid19,ICD10,U09,Post COVID-19 condition
covid19,ICD10,U099,"Post COVID-19 condition, unspecified"
covid19,ICD10,U10,Multisystem inflammatory syndrome associated with COVID-19
covid19,ICD10,U109,"Multisystem inflammatory syndrome associated with COVID-19, unspecified"
covid19,ICD10,X56,Intubation of trachea
covid19,ICD10,X581,Extracorporeal membrane oxygenation
covid19,SNOMED CT,120814005,Coronavirus antibody (substance)
covid19,SNOMED CT,186747009,Coronavirus infection (disorder)
covid19,SNOMED CT,1008541000000105,Coronavirus ribonucleic acid detection assay (observable entity)
covid19,SNOMED CT,1029481000000103,Coronavirus nucleic acid detection assay (observable entity)
covid19,SNOMED CT,1240381000000105,Severe acute respiratory syndrome coronavirus 2 (organism)
covid19,SNOMED CT,1240391000000107,Antigen of severe acute respiratory syndrome coronavirus 2 (substance)
covid19,SNOMED CT,1240401000000105,Antibody to severe acute respiratory syndrome coronavirus 2 (substance)
covid19,SNOMED CT,1240411000000107,Ribonucleic acid of severe acute respiratory syndrome coronavirus 2 (substance)
covid19,SNOMED CT,1240421000000101,Serotype severe acute respiratory syndrome coronavirus 2 (qualifier value)
covid19,SNOMED CT,1240511000000106,Detection of severe acute respiratory syndrome coronavirus 2 using polymerase chain reaction technique (procedure)
covid19,SNOMED CT,1240521000000100,Otitis media caused by severe acute respiratory syndrome coronavirus 2 (disorder)
covid19,SNOMED CT,1240531000000103,Myocarditis caused by severe acute respiratory syndrome coronavirus 2 (disorder)
covid19,SNOMED CT,1240541000000107,Infection of upper respiratory tract caused by severe acute respiratory syndrome coronavirus 2 (disorder)
covid19,SNOMED CT,1240551000000105,Pneumonia caused by severe acute respiratory syndrome coronavirus 2 (disorder)
covid19,SNOMED CT,1240561000000108,Encephalopathy caused by severe acute respiratory syndrome coronavirus 2 (disorder)
covid19,SNOMED CT,1240571000000101,Gastroenteritis caused by severe acute respiratory syndrome coronavirus 2 (disorder)
covid19,SNOMED CT,1240581000000104,Severe acute respiratory syndrome coronavirus 2 ribonucleic acid detected (finding)
covid19,SNOMED CT,1240741000000103,Severe acute respiratory syndrome coronavirus 2 serology (observable entity)
covid19,SNOMED CT,1240751000000100,Coronavirus disease 19 caused by severe acute respiratory syndrome coronavirus 2 (disorder)
covid19,SNOMED CT,1300631000000101,Coronavirus disease 19 severity score (observable entity)
covid19,SNOMED CT,1300671000000104,Coronavirus disease 19 severity scale (assessment scale)
covid19,SNOMED CT,1300681000000102,Assessment using coronavirus disease 19 severity scale (procedure)
covid19,SNOMED CT,1300721000000109,Coronavirus disease 19 caused by severe acute respiratory syndrome coronavirus 2 confirmed by laboratory test (situation)
covid19,SNOMED CT,1300731000000106,Coronavirus disease 19 caused by severe acute respiratory syndrome coronavirus 2 confirmed using clinical diagnostic criteria (situation)
covid19,SNOMED CT,1321181000000108,Coronavirus disease 19 caused by severe acute respiratory syndrome coronavirus 2 record extraction simple reference set (foundation metadata concept)
covid19,SNOMED CT,1321191000000105,Coronavirus disease 19 caused by severe acute respiratory syndrome coronavirus 2 procedures simple reference set (foundation metadata concept)
covid19,SNOMED CT,1321201000000107,Coronavirus disease 19 caused by severe acute respiratory syndrome coronavirus 2 health issues simple reference set (foundation metadata concept)
covid19,SNOMED CT,1321241000000105,Cardiomyopathy caused by severe acute respiratory syndrome coronavirus 2 (disorder)
covid19,SNOMED CT,1321301000000101,Severe acute respiratory syndrome coronavirus 2 ribonucleic acid qualitative existence in specimen (observable entity)
covid19,SNOMED CT,1321311000000104,Severe acute respiratory syndrome coronavirus 2 immunoglobulin M qualitative existence in specimen (observable entity)
covid19,SNOMED CT,1321321000000105,Severe acute respiratory syndrome coronavirus 2 immunoglobulin G qualitative existence in specimen (observable entity)
covid19,SNOMED CT,1321331000000107,Arbitrary concentration of severe acute respiratory syndrome coronavirus 2 total immunoglobulin in serum (observable entity)
covid19,SNOMED CT,1321341000000103,Arbitrary concentration of severe acute respiratory syndrome coronavirus 2 immunoglobulin G in serum (observable entity)
covid19,SNOMED CT,1321351000000100,Arbitrary concentration of severe acute respiratory syndrome coronavirus 2 immunoglobulin M in serum (observable entity)
covid19,SNOMED CT,1321541000000108,Severe acute respiratory syndrome coronavirus 2 immunoglobulin G detected (finding)
covid19,SNOMED CT,1321551000000106,Severe acute respiratory syndrome coronavirus 2 immunoglobulin M detected (finding)
covid19,SNOMED CT,1321761000000103,Severe acute respiratory syndrome coronavirus 2 immunoglobulin A detected (finding)
covid19,SNOMED CT,1321801000000108,Arbitrary concentration of severe acute respiratory syndrome coronavirus 2 immunoglobulin A in serum (observable entity)
covid19,SNOMED CT,1321811000000105,Severe acute respiratory syndrome coronavirus 2 immunoglobulin A qualitative existence in specimen (observable entity)
covid19,SNOMED CT,1322781000000102,Severe acute respiratory syndrome coronavirus 2 antigen detection result positive (finding)
covid19,SNOMED CT,1322871000000109,Severe acute respiratory syndrome coronavirus 2 antibody detection result positive (finding)
diabetes,ICD10,E10,Insulin-dependent diabetes mellitus
diabetes,ICD10,E11,Non-insulin-dependent diabetes mellitus
diabetes,ICD10,E12,Malnutrition-related diabetes mellitus
diabetes,ICD10,E13,Other specified diabetes mellitus
diabetes,ICD10,E14,Unspecified diabetes mellitus
diabetes,ICD10,G590,Diabetic mononeuropathy
diabetes,ICD10,G632,Diabetic polyneuropathy
diabetes,ICD10,H280,Diabetic cataract
diabetes,ICD10,H360,Diabetic retinopathy
diabetes,ICD10,M142,Diabetic arthropathy
diabetes,ICD10,N083,Glomerular disorders in diabetes mellitus
diabetes,ICD10,O240,"Diabetes mellitus in pregnancy: Pre-existing diabetes mellitus, insulin-dependent"
diabetes,ICD10,O241,"Diabetes mellitus in pregnancy: Pre-existing diabetes mellitus, non-insulin-dependent"
diabetes,ICD10,O242,Diabetes mellitus in pregnancy: Pre-existing malnutrition-related diabetes mellitus
diabetes,ICD10,O243,"Diabetes mellitus in pregnancy: Pre-existing diabetes mellitus, unspecified"
diabetes,SNOMED CT,1822007,Impaired glucose tolerance associated with pancreatic disease (disorder)
diabetes,SNOMED CT,2751001,Fibrocalculous pancreatic diabetes (disorder)
diabetes,SNOMED CT,4307007,"Pregestational diabetes mellitus AND/OR impaired glucose tolerance, modified White class F (disorder)"
diabetes,SNOMED CT,4783006,Maternal diabetes mellitus with hypoglycemia affecting fetus OR newborn (disorder)
diabetes,SNOMED CT,4855003,Retinopathy due to diabetes mellitus (disorder)
diabetes,SNOMED CT,5368009,Drug-induced diabetes mellitus (disorder)
diabetes,SNOMED CT,5969009,Diabetes mellitus associated with genetic syndrome (disorder)
diabetes,SNOMED CT,6143009,Diabetic education (procedure)
diabetes,SNOMED CT,8801005,Secondary diabetes mellitus (disorder)
diabetes,SNOMED CT,9414007,Impaired glucose tolerance (disorder)
diabetes,SNOMED CT,9859006,Acanthosis nigricans due to type 2 diabetes mellitus (disorder)
diabetes,SNOMED CT,11530004,Brittle diabetes mellitus (finding)
diabetes,SNOMED CT,11687002,Gestational diabetes mellitus (disorder)
diabetes,SNOMED CT,13196008,Secondary diabetes insipidus (disorder)
diabetes,SNOMED CT,14052004,Impaired glucose tolerance in and individual with a heritable form of maturity onset diabetes in the young (disorder)
diabetes,SNOMED CT,19378003,Pseudotabes due to diabetes mellitus (disorder)
diabetes,SNOMED CT,22910008,Impaired glucose tolerance in obese (disorder)
diabetes,SNOMED CT,23045005,Insulin dependent diabetes mellitus type IA (disorder)
diabetes,SNOMED CT,25093002,Disorder of eye due to diabetes mellitus (disorder)
diabetes,SNOMED CT,25412000,Microaneurysm of retinal artery due to diabetes mellitus (disorder)
diabetes,SNOMED CT,26298008,Ketoacidotic coma due to diabetes mellitus (disorder)
diabetes,SNOMED CT,28032008,Insulin dependent diabetes mellitus type IB (disorder)
diabetes,SNOMED CT,32284009,Impaired glucose tolerance in nonobese (disorder)
diabetes,SNOMED CT,33559001,Pineal hyperplasia AND diabetes mellitus syndrome (disorder)
diabetes,SNOMED CT,33669002,"Pregestational diabetes mellitus AND/OR impaired glucose tolerance, modified White class D (disorder)"
diabetes,SNOMED CT,34818008,"Pregestational diabetes mellitus AND/OR impaired glucose tolerance, modified White class B (disorder)"
diabetes,SNOMED CT,35777006,Mononeuropathy multiplex due to diabetes mellitus (disorder)
diabetes,SNOMED CT,38046004,Diffuse glomerulosclerosis of kidney due to diabetes mellitus (disorder)
diabetes,SNOMED CT,38063000,"Pregestational diabetes mellitus AND/OR impaired glucose tolerance, modified White class C (disorder)"
diabetes,SNOMED CT,38205001,Diarrhea due to diabetes mellitus (disorder)
diabetes,SNOMED CT,39058009,Lumbosacral radiculoplexus neuropathy due to diabetes mellitus (disorder)
diabetes,SNOMED CT,39127005,Symmetric proximal motor neuropathy due to diabetes mellitus (disorder)
diabetes,SNOMED CT,39181008,Radiculoplexus neuropathy due to diabetes mellitus (disorder)
diabetes,SNOMED CT,42021008,Familial diabetes insipidus (disorder)
diabetes,SNOMED CT,42954008,Diabetes mellitus associated with receptor abnormality (disorder)
diabetes,SNOMED CT,43959009,Cataract of eye due to diabetes mellitus (disorder)
diabetes,SNOMED CT,44054006,Diabetes mellitus type 2 (disorder)
diabetes,SNOMED CT,45369008,Neurohypophyseal diabetes insipidus (disorder)
diabetes,SNOMED CT,46635009,Diabetes mellitus type 1 (disorder)
diabetes,SNOMED CT,46894009,Gestational diabetes mellitus class A2 (disorder)
diabetes,SNOMED CT,48951005,Bullous disease due to diabetes mellitus (disorder)
diabetes,SNOMED CT,49455004,Polyneuropathy due to diabetes mellitus (disorder)
diabetes,SNOMED CT,49817004,Neonatal diabetes mellitus (disorder)
diabetes,SNOMED CT,50620007,Autonomic neuropathy due to diabetes mellitus (disorder)
diabetes,SNOMED CT,51002006,Diabetes mellitus associated with pancreatic disease (disorder)
diabetes,SNOMED CT,57886004,Protein-deficient diabetes mellitus (disorder)
diabetes,SNOMED CT,59079001,Diabetes mellitus associated with hormonal etiology (disorder)
diabetes,SNOMED CT,59276001,Proliferative retinopathy due to diabetes mellitus (disorder)
diabetes,SNOMED CT,60634005,Impaired glucose tolerance associated with drugs (disorder)
diabetes,SNOMED CT,61165007,Hereditary nephrogenic diabetes insipidus (disorder)
diabetes,SNOMED CT,62260007,Pretibial pigmental patches due to diabetes mellitus (disorder)
diabetes,SNOMED CT,63510008,Nodular glomerulosclerosis of kidney due to diabetes mellitus (disorder)
diabetes,SNOMED CT,70694009,Diabetes mellitus AND insipidus with optic atrophy AND deafness (disorder)
diabetes,SNOMED CT,73480000,Impaired glucose tolerance associated with hormonal etiology (disorder)
diabetes,SNOMED CT,74627003,Complication due to diabetes mellitus (disorder)
diabetes,SNOMED CT,75022004,Gestational diabetes mellitus class A1 (disorder)
diabetes,SNOMED CT,75524006,Malnutrition related diabetes mellitus (disorder)
diabetes,SNOMED CT,75682002,Diabetes mellitus caused by insulin receptor antibodies (disorder)
diabetes,SNOMED CT,77274005,Idiopathic diabetes insipidus (disorder)
diabetes,SNOMED CT,79554005,Asymmetric proximal motor neuropathy due to diabetes mellitus (disorder)
diabetes,SNOMED CT,80660001,Mauriac \'s syndrome (disorder)
diabetes,SNOMED CT,81475007,Acquired nephrogenic diabetes insipidus (disorder)
diabetes,SNOMED CT,81531005,Diabetes mellitus type 2 in obese (disorder)
diabetes,SNOMED CT,81830002,Mononeuropathy simplex due to diabetes mellitus (disorder)
diabetes,SNOMED CT,82141001,"Pregestational diabetes mellitus AND/OR impaired glucose tolerance, modified White class A (disorder)"
diabetes,SNOMED CT,82260000,"Pregestational diabetes mellitus AND/OR impaired glucose tolerance, modified White class R (disorder)"
diabetes,SNOMED CT,82701004,"Pregestational diabetes mellitus AND/OR impaired glucose tolerance, modified White class FR (disorder)"
diabetes,SNOMED CT,82800008,Dipsogenic diabetes insipidus (disorder)
diabetes,SNOMED CT,82980005,Anemia due to diabetes mellitus (disorder)
diabetes,SNOMED CT,88512005,Impaired glucose tolerance associated with insulin receptor abnormality (disorder)
diabetes,SNOMED CT,91352004,Diabetes mellitus due to structurally abnormal insulin (disorder)
diabetes,SNOMED CT,111395007,Nephrogenic diabetes insipidus (disorder)
diabetes,SNOMED CT,111556005,Ketoacidosis without coma due to diabetes mellitus (disorder)
diabetes,SNOMED CT,126534007,Mixed sensorimotor polyneuropathy due to diabetes mellitus (disorder)
diabetes,SNOMED CT,126535008,Motor polyneuropathy due to diabetes mellitus (disorder)
diabetes,SNOMED CT,127011001,Sensory neuropathy due to diabetes mellitus (disorder)
diabetes,SNOMED CT,127012008,Lipoatrophic diabetes (disorder)
diabetes,SNOMED CT,127013003,Disorder of kidney due to diabetes mellitus (disorder)
diabetes,SNOMED CT,127014009,Peripheral angiopathy due to diabetes mellitus (disorder)
diabetes,SNOMED CT,128264007,Impaired glucose tolerance with hyperinsulism (disorder)
diabetes,SNOMED CT,161445009,History of diabetes mellitus (situation)
diabetes,SNOMED CT,166928007,Glucose tolerance test indicates diabetes mellitus (finding)
diabetes,SNOMED CT,170745003,Diabetic on diet only (finding)
diabetes,SNOMED CT,170752001,Has seen dietitian - diabetes (finding)
diabetes,SNOMED CT,170753006,Understands diet - diabetes (finding)
diabetes,SNOMED CT,170766006,Loss of hypoglycemic warning due to diabetes mellitus (disorder)
diabetes,SNOMED CT,185753003,Attends diabetes monitoring (finding)
diabetes,SNOMED CT,190330002,Hyperosmolar coma due to type 1 diabetes mellitus (disorder)
diabetes,SNOMED CT,190331003,Hyperosmolar coma due to type 2 diabetes mellitus (disorder)
diabetes,SNOMED CT,190368000,Type I diabetes mellitus with ulcer (disorder)
diabetes,SNOMED CT,190372001,Type I diabetes mellitus maturity onset (disorder)
diabetes,SNOMED CT,190389009,Type II diabetes mellitus with ulcer (disorder)
diabetes,SNOMED CT,190406000,Ketoacidosis due to malnutrition related diabetes mellitus (disorder)
diabetes,SNOMED CT,190407009,Malnutrition-related diabetes mellitus with renal complications (disorder)
diabetes,SNOMED CT,190410002,Malnutrition-related diabetes mellitus with peripheral circulatory complications (disorder)
diabetes,SNOMED CT,190412005,Malnutrition-related diabetes mellitus without complications (disorder)
diabetes,SNOMED CT,190416008,Steroid-induced diabetes mellitus without complication (disorder)
diabetes,SNOMED CT,190447002,Steroid-induced diabetes (disorder)
diabetes,SNOMED CT,193141005,Mononeuritis multiplex due to diabetes mellitus (disorder)
diabetes,SNOMED CT,193183000,Acute painful neuropathy due to diabetes mellitus (disorder)
diabetes,SNOMED CT,193184006,Chronic painful neuropathy due to diabetes mellitus (disorder)
diabetes,SNOMED CT,193185007,Asymptomatic neuropathy due to diabetes mellitus (disorder)
diabetes,SNOMED CT,193349004,Preproliferative retinopathy due to diabetes mellitus (disorder)
diabetes,SNOMED CT,193350004,Advanced maculopathy due to diabetes mellitus (disorder)
diabetes,SNOMED CT,193489006,Iritis due to diabetes mellitus (disorder)
diabetes,SNOMED CT,197605007,Nephrotic syndrome due to diabetes mellitus (disorder)
diabetes,SNOMED CT,199229001,Pre-existing type 1 diabetes mellitus (disorder)
diabetes,SNOMED CT,199230006,Pre-existing type 2 diabetes mellitus (disorder)
diabetes,SNOMED CT,199231005,Pre-existing malnutrition-related diabetes mellitus (disorder)
diabetes,SNOMED CT,200687002,Cellulitis of foot due to diabetes mellitus (disorder)
diabetes,SNOMED CT,201250006,Ischemic ulcer of foot due to diabetes mellitus (disorder)
diabetes,SNOMED CT,201251005,Neuropathic ulcer of foot due to diabetes mellitus (disorder)
diabetes,SNOMED CT,201252003,Mixed diabetic ulcer - foot (disorder)
diabetes,SNOMED CT,201723002,Cheiroarthropathy due to diabetes mellitus (disorder)
diabetes,SNOMED CT,201724008,Neuropathic arthropathy due to diabetes mellitus (disorder)
diabetes,SNOMED CT,230572002,Neuropathy due to diabetes mellitus (disorder)
diabetes,SNOMED CT,230574001,Acute painful polyneuropathy due to diabetes mellitus (disorder)
diabetes,SNOMED CT,230575000,Chronic painful polyneuropathy due to diabetes mellitus (disorder)
diabetes,SNOMED CT,230576004,Asymmetric polyneuropathy due to diabetes mellitus (disorder)
diabetes,SNOMED CT,230577008,Mononeuropathy due to diabetes mellitus (disorder)
diabetes,SNOMED CT,230579006,Thoracic radiculopathy due to diabetes mellitus (disorder)
diabetes,SNOMED CT,232020009,Disorder of macula due to diabetes mellitus (disorder)
diabetes,SNOMED CT,232021008,Proliferative retinopathy with optic disc neovascularization due to diabetes mellitus (disorder)
diabetes,SNOMED CT,232022001,Proliferative retinopathy with neovascularization elsewhere than the optic disc due to diabetes mellitus (disorder)
diabetes,SNOMED CT,232023006,Traction detachment of retina due to diabetes mellitus (disorder)
diabetes,SNOMED CT,236499007,Microalbuminuric nephropathy due to diabetes mellitus (disorder)
diabetes,SNOMED CT,236500003,Proteinuric nephropathy due to diabetes mellitus (disorder)
diabetes,SNOMED CT,237599002,Insulin treated type 2 diabetes mellitus (disorder)
diabetes,SNOMED CT,237600004,Malnutrition-related diabetes mellitus - fibrocalculous (disorder)
diabetes,SNOMED CT,237601000,Secondary endocrine diabetes mellitus (disorder)
diabetes,SNOMED CT,237604008,"Maturity onset diabetes of the young, type 2 (disorder)"
diabetes,SNOMED CT,237608006,"Lipodystrophy, partial, with Rieger anomaly, short stature, and insulinopenic diabetes mellitus (disorder)"
diabetes,SNOMED CT,237610008,"Acrorenal field defect, ectodermal dysplasia, and lipoatrophic diabetes (disorder)"
diabetes,SNOMED CT,237611007,"Muscular atrophy, ataxia, retinitis pigmentosa, and diabetes mellitus (disorder)"
diabetes,SNOMED CT,237612000,"Photomyoclonus, diabetes mellitus, deafness, nephropathy and cerebral dysfunction (disorder)"
diabetes,SNOMED CT,237614004,"Bird-headed dwarfism with progressive ataxia, insulin-resistant diabetes, goiter, and primary gonadal insufficiency (disorder)"
diabetes,SNOMED CT,237617006,"Megaloblastic anemia, thiamine-responsive, with diabetes mellitus and sensorineural deafness (disorder)"
diabetes,SNOMED CT,237619009,Diabetes-deafness syndrome maternally transmitted (disorder)
diabetes,SNOMED CT,237620003,Abnormal metabolic state due to diabetes mellitus (disorder)
diabetes,SNOMED CT,237621004,Severe hyperglycemia due to diabetes mellitus (disorder)
diabetes,SNOMED CT,237627000,Pregnancy and type 2 diabetes mellitus (disorder)
diabetes,SNOMED CT,237628005,Impaired glucose tolerance in pregnancy (disorder)
diabetes,SNOMED CT,237632004,Hypoglycemic event due to diabetes (disorder)
diabetes,SNOMED CT,237633009,Hypoglycemia due to diabetes mellitus (disorder)
diabetes,SNOMED CT,237635002,Nocturnal hypoglycemia due to diabetes mellitus (disorder)
diabetes,SNOMED CT,237696003,Familial central diabetes insipidus (disorder)
diabetes,SNOMED CT,238981002,Disorder of soft tissue due to diabetes mellitus (disorder)
diabetes,SNOMED CT,238982009,Dermopathy due to diabetes mellitus (disorder)
diabetes,SNOMED CT,238983004,Thick skin syndrome due to diabetes mellitus (disorder)
diabetes,SNOMED CT,238984005,Rubeosis faciei due to diabetes mellitus (disorder)
diabetes,SNOMED CT,239026002,Hypohidrosis-diabetes insipidus syndrome (disorder)
diabetes,SNOMED CT,254066006,Wolcott-Rallison dysplasia (disorder)
diabetes,SNOMED CT,267604001,Myasthenic syndrome due to diabetic mellitus (disorder)
diabetes,SNOMED CT,276560009,Diabetes mellitus in neonate small for gestational age (disorder)
diabetes,SNOMED CT,280137006,Diabetic foot (disorder)
diabetes,SNOMED CT,290002008,Brittle type I diabetes mellitus (finding)
diabetes,SNOMED CT,304752002,Perceived control of insulin-dependent diabetes (assessment scale)
diabetes,SNOMED CT,308458007,Referral to diabetic liaison nurse (procedure)
diabetes,SNOMED CT,309426007,Glomerulopathy due to diabetes mellitus (disorder)
diabetes,SNOMED CT,309593006,Education score - diabetes (assessment scale)
diabetes,SNOMED CT,309635005,History of admission in last year for diabetes foot problem (situation)
diabetes,SNOMED CT,310387003,Intracapillary glomerulosclerosis of kidney due to diabetes mellitus (disorder)
diabetes,SNOMED CT,310505005,Hyperosmolar non-ketotic state due to diabetes mellitus (disorder)
diabetes,SNOMED CT,311366001,Kimmelstiel-Wilson syndrome (disorder)
diabetes,SNOMED CT,311782002,Advanced retinal disease due to diabetes mellitus (disorder)
diabetes,SNOMED CT,312856000,Referral to diabetes nurse (procedure)
diabetes,SNOMED CT,312888008,Attending diabetes clinic (finding)
diabetes,SNOMED CT,312903003,Mild nonproliferative retinopathy due to diabetes mellitus (disorder)
diabetes,SNOMED CT,312904009,Moderate nonproliferative retinopathy due to diabetes mellitus (disorder)
diabetes,SNOMED CT,312905005,Severe nonproliferative retinopathy due to diabetes mellitus (disorder)
diabetes,SNOMED CT,312906006,Non-high-risk proliferative retinopathy due to diabetes mellitus (disorder)
diabetes,SNOMED CT,312907002,High risk proliferative retinopathy due to diabetes mellitus (disorder)
diabetes,SNOMED CT,312908007,Quiescent proliferative retinopathy due to diabetes mellitus (disorder)
diabetes,SNOMED CT,312909004,Proliferative retinopathy with iris neovascularization due to diabetes mellitus (disorder)
diabetes,SNOMED CT,312910009,Vitreous hemorrhage due to diabetes mellitus (disorder)
diabetes,SNOMED CT,312912001,Macular edema due to diabetes mellitus (disorder)
diabetes,SNOMED CT,313435000,Type I diabetes mellitus without complication (disorder)
diabetes,SNOMED CT,313436004,Type II diabetes mellitus without complication (disorder)
diabetes,SNOMED CT,314010006,Diffuse exudative maculopathy due to diabetes mellitus (disorder)
diabetes,SNOMED CT,314011005,Focal exudative maculopathy due to diabetes mellitus (disorder)
diabetes,SNOMED CT,314014002,Ischemic maculopathy due to diabetes mellitus (disorder)
diabetes,SNOMED CT,314015001,Mixed maculopathy due to diabetes mellitus (disorder)
diabetes,SNOMED CT,314537004,Optic papillopathy due to diabetes mellitus (disorder)
diabetes,SNOMED CT,314893005,Arthropathy due to type 1 diabetes mellitus (disorder)
diabetes,SNOMED CT,314902007,Peripheral angiopathy due to type 2 diabetes mellitus (disorder)
diabetes,SNOMED CT,314903002,Arthropathy due to type 2 diabetes mellitus (disorder)
diabetes,SNOMED CT,315287002,Diabetes mellitus insulin-glucose infusion in acute myocardial infarction (procedure)
diabetes,SNOMED CT,359611005,Neuropathy with neurologic complication due to diabetes mellitus (disorder)
diabetes,SNOMED CT,359642000,Diabetes mellitus type 2 in nonobese (disorder)
diabetes,SNOMED CT,361216007,Femoral mononeuropathy due to diabetes mellitus (disorder)
diabetes,SNOMED CT,371087003,Ulcer of foot due to diabetes mellitus (disorder)
diabetes,SNOMED CT,385805005,Diabetic care education (procedure)
diabetes,SNOMED CT,390834004,Nonproliferative retinopathy due to diabetes mellitus (disorder)
diabetes,SNOMED CT,395204000,Hyperosmolar non-ketotic state due to type 2 diabetes mellitus (disorder)
diabetes,SNOMED CT,398140007,Post hypoglycemic hyperglycemia due to diabetes mellitus (disorder)
diabetes,SNOMED CT,398773005,Diabetes self-monitoring health education (procedure)
diabetes,SNOMED CT,399144008,Bronze diabetes (disorder)
diabetes,SNOMED CT,399862001,High risk proliferative retinopathy without macular edema due to diabetes mellitus (disorder)
diabetes,SNOMED CT,399863006,Very severe nonproliferative retinopathy without macular edema due to diabetes mellitus (disorder)
diabetes,SNOMED CT,399864000,Macular edema not clinically significant due to diabetes mellitus (disorder)
diabetes,SNOMED CT,399865004,Very severe proliferative retinopathy due to diabetes mellitus (disorder)
diabetes,SNOMED CT,399866003,Venous beading of retina due to diabetes mellitus (disorder)
diabetes,SNOMED CT,399868002,Intraretinal microvascular anomaly due to diabetes mellitus (disorder)
diabetes,SNOMED CT,399869005,High risk proliferative retinopathy not amenable to photocoagulation due to diabetes mellitus (disorder)
diabetes,SNOMED CT,399870006,Non-high-risk proliferative retinopathy with no macular edema due to diabetes mellitus (disorder)
diabetes,SNOMED CT,399871005,Visually threatening retinopathy due to diabetes mellitus (disorder)
diabetes,SNOMED CT,399872003,Severe nonproliferative retinopathy with clinically significant macular edema due to diabetes mellitus (disorder)
diabetes,SNOMED CT,399873008,Severe nonproliferative retinopathy without macular edema due to diabetes mellitus (disorder)
diabetes,SNOMED CT,399874002,High risk proliferative retinopathy with clinically significant macula edema due to diabetes mellitus (disorder)
diabetes,SNOMED CT,399875001,Non-high-risk proliferative retinopathy with clinically significant macular edema due to diabetes mellitus (disorder)
diabetes,SNOMED CT,399876000,Very severe nonproliferative retinopathy due to diabetes mellitus (disorder)
diabetes,SNOMED CT,399877009,Very severe nonproliferative retinopathy with clinically significant macular edema due to diabetes mellitus (disorder)
diabetes,SNOMED CT,402864004,Wet gangrene of foot due to diabetes mellitus (disorder)
diabetes,SNOMED CT,405124006,Knowledge level: diabetes management (observable entity)
diabetes,SNOMED CT,405749004,Newly diagnosed diabetes (finding)
diabetes,SNOMED CT,407569005,Patient on maximal tolerated therapy for diabetes (finding)
diabetes,SNOMED CT,408392008,Under care of diabetes specialist nurse (finding)
diabetes,SNOMED CT,408540003,Diabetes mellitus caused by non-steroid drugs (disorder)
diabetes,SNOMED CT,413180006,Pan retinal photocoagulation for diabetes (procedure)
diabetes,SNOMED CT,413183008,Diabetes mellitus caused by non-steroid drugs without complication (disorder)
diabetes,SNOMED CT,413597006,Attended diabetes structured education program (finding)
diabetes,SNOMED CT,415270003,Referral to diabetes structured education program (procedure)
diabetes,SNOMED CT,415744000,Transition of diabetes care options discussed (situation)
diabetes,SNOMED CT,416554009,Seen in community diabetes specialist clinic (finding)
diabetes,SNOMED CT,417467000,Discharged from care of diabetes specialist nurse (finding)
diabetes,SNOMED CT,419100001,Infection of foot due to diabetes mellitus (disorder)
diabetes,SNOMED CT,420270002,Ketoacidosis due to type 1 diabetes mellitus (disorder)
diabetes,SNOMED CT,420279001,Renal disorder due to type 2 diabetes mellitus (disorder)
diabetes,SNOMED CT,420422005,Ketoacidosis due to diabetes mellitus (disorder)
diabetes,SNOMED CT,420436000,Mononeuropathy due to type 2 diabetes mellitus (disorder)
diabetes,SNOMED CT,420486006,Exudative maculopathy due to type 1 diabetes mellitus (disorder)
diabetes,SNOMED CT,420514000,Persistent proteinuria due to type 1 diabetes mellitus (disorder)
diabetes,SNOMED CT,420662003,Coma due to diabetes mellitus (disorder)
diabetes,SNOMED CT,420683009,Disorder of nervous system due to malnutrition related diabetes mellitus (disorder)
diabetes,SNOMED CT,420715001,Persistent microalbuminuria due to type 2 diabetes mellitus (disorder)
diabetes,SNOMED CT,420756003,Cataract of eye due to diabetes mellitus type 2 (disorder)
diabetes,SNOMED CT,420789003,Retinopathy due to type 1 diabetes mellitus (disorder)
diabetes,SNOMED CT,420825003,Gangrene due to type 1 diabetes mellitus (disorder)
diabetes,SNOMED CT,420868002,Disorder due to type 1 diabetes mellitus (disorder)
diabetes,SNOMED CT,420918009,Mononeuropathy due to type 1 diabetes mellitus (disorder)
diabetes,SNOMED CT,420996007,Coma due to malnutrition-related diabetes mellitus (disorder)
diabetes,SNOMED CT,421075007,Ketoacidotic coma due to type 1 diabetes mellitus (disorder)
diabetes,SNOMED CT,421256007,Disorder of eye due to malnutrition related diabetes mellitus (disorder)
diabetes,SNOMED CT,421305000,Persistent microalbuminuria due to type 1 diabetes mellitus (disorder)
diabetes,SNOMED CT,421326000,Disorder of nervous system due to type 2 diabetes mellitus (disorder)
diabetes,SNOMED CT,421365002,Peripheral circulatory disorder due to type 1 diabetes mellitus (disorder)
diabetes,SNOMED CT,421437000,Hypoglycemic coma due to type 1 diabetes mellitus (disorder)
diabetes,SNOMED CT,421468001,Disorder of nervous system due to type 1 diabetes mellitus (disorder)
diabetes,SNOMED CT,421631007,Gangrene due to type 2 diabetes mellitus (disorder)
diabetes,SNOMED CT,421725003,Hypoglycemic coma due to diabetes mellitus (disorder)
diabetes,SNOMED CT,421750000,Ketoacidosis due to type 2 diabetes mellitus (disorder)
diabetes,SNOMED CT,421779007,Exudative maculopathy due to type 2 diabetes mellitus (disorder)
diabetes,SNOMED CT,421847006,Ketoacidotic coma due to type 2 diabetes mellitus (disorder)
diabetes,SNOMED CT,421893009,Renal disorder due to type 1 diabetes mellitus (disorder)
diabetes,SNOMED CT,421895002,Peripheral vascular disorder due to diabetes mellitus (disorder)
diabetes,SNOMED CT,421920002,Cataract of eye due to diabetes mellitus type 1 (disorder)
diabetes,SNOMED CT,421966007,Non-ketotic non-hyperosmolar coma due to diabetes mellitus (disorder)
diabetes,SNOMED CT,421986006,Persistent proteinuria due to type 2 diabetes mellitus (disorder)
diabetes,SNOMED CT,422014003,Disorder due to type 2 diabetes mellitus (disorder)
diabetes,SNOMED CT,422034002,Retinopathy due to type 2 diabetes mellitus (disorder)
diabetes,SNOMED CT,422088007,Disorder of nervous system due to diabetes mellitus (disorder)
diabetes,SNOMED CT,422099009,Disorder of eye due to type 2 diabetes mellitus (disorder)
diabetes,SNOMED CT,422126006,Hyperosmolar coma due to diabetes mellitus (disorder)
diabetes,SNOMED CT,422166005,Peripheral circulatory disorder due to type 2 diabetes mellitus (disorder)
diabetes,SNOMED CT,422183001,Skin ulcer due to diabetes mellitus (disorder)
diabetes,SNOMED CT,422275004,Gangrene due to diabetes mellitus (disorder)
diabetes,SNOMED CT,424736006,Peripheral neuropathy due to diabetes mellitus (disorder)
diabetes,SNOMED CT,425455002,Glomerulonephritis due to diabetes mellitus (disorder)
diabetes,SNOMED CT,426705001,Diabetes mellitus co-occurrent and due to cystic fibrosis (disorder)
diabetes,SNOMED CT,426875007,Latent autoimmune diabetes mellitus in adult (disorder)
diabetes,SNOMED CT,426907004,Small vessel disease due to type 1 diabetes mellitus (disorder)
diabetes,SNOMED CT,427027005,Lumbosacral radiculoplexus neuropathy due to type 2 diabetes mellitus (disorder)
diabetes,SNOMED CT,427089005,Diabetes mellitus due to cystic fibrosis (disorder)
diabetes,SNOMED CT,427134009,Small vessel disease due to type 2 diabetes mellitus (disorder)
diabetes,SNOMED CT,427571000,Lumbosacral radiculoplexus neuropathy due to type 1 diabetes mellitus (disorder)
diabetes,SNOMED CT,427943001,Ophthalmoplegia due to diabetes mellitus (disorder)
diabetes,SNOMED CT,428007007,Erectile dysfunction due to type 2 diabetes mellitus (disorder)
diabetes,SNOMED CT,428274007,Dietary education for type II diabetes mellitus (procedure)
diabetes,SNOMED CT,428896009,Hyperosmolality due to uncontrolled type 1 diabetes mellitus (disorder)
diabetes,SNOMED CT,429094000,Dietary education for type I diabetes mellitus (procedure)
diabetes,SNOMED CT,438367009,"Congestive heart failure, hypertension, age 75 years or older, diabetes, and previous stroke or transient ischemic attack risk score (assessment scale)"
diabetes,SNOMED CT,439051004,Dietary education for gestational diabetes (procedure)
diabetes,SNOMED CT,441656006,Hyperglycemic crisis due to diabetes mellitus (disorder)
diabetes,SNOMED CT,443694000,Type II diabetes mellitus uncontrolled (finding)
diabetes,SNOMED CT,444073006,Type I diabetes mellitus uncontrolled (finding)
diabetes,SNOMED CT,444074000,Type I diabetes mellitus well controlled (finding)
diabetes,SNOMED CT,444110003,Type II diabetes mellitus well controlled (finding)
diabetes,SNOMED CT,445170001,Macroalbuminuric nephropathy due to diabetes mellitus (disorder)
diabetes,SNOMED CT,445260006,Posttransplant diabetes mellitus (disorder)
diabetes,SNOMED CT,445353002,Brittle type II diabetes mellitus (finding)
diabetes,SNOMED CT,472699005,Gestational diabetes mellitus uncontrolled (finding)
diabetes,SNOMED CT,472969004,History of diabetes mellitus type 2 (situation)
diabetes,SNOMED CT,472970003,History of diabetes mellitus type 1 (situation)
diabetes,SNOMED CT,472972006,History of maturity onset diabetes mellitus in young (situation)
diabetes,SNOMED CT,473189005,On subcutaneous insulin for diabetes mellitus (finding)
diabetes,SNOMED CT,609561005,Maturity-onset diabetes of the young (disorder)
diabetes,SNOMED CT,609562003,"Maturity onset diabetes of the young, type 1 (disorder)"
diabetes,SNOMED CT,609565001,Permanent neonatal diabetes mellitus (disorder)
diabetes,SNOMED CT,609566000,Pregnancy and type 1 diabetes mellitus (disorder)
diabetes,SNOMED CT,609570008,"Maturity-onset diabetes of the young, type 3 (disorder)"
diabetes,SNOMED CT,609571007,"Maturity-onset diabetes of the young, type 4 (disorder)"
diabetes,SNOMED CT,609572000,"Maturity-onset diabetes of the young, type 5 (disorder)"
diabetes,SNOMED CT,609573005,"Maturity-onset diabetes of the young, type 6 (disorder)"
diabetes,SNOMED CT,609574004,"Maturity-onset diabetes of the young, type 7 (disorder)"
diabetes,SNOMED CT,609575003,"Maturity-onset diabetes of the young, type 8 (disorder)"
diabetes,SNOMED CT,609576002,"Maturity-onset diabetes of the young, type 9 (disorder)"
diabetes,SNOMED CT,609577006,"Maturity-onset diabetes of the young, type 10 (disorder)"
diabetes,SNOMED CT,609578001,"Maturity-onset diabetes of the young, type 11 (disorder)"
diabetes,SNOMED CT,698610002,Education about self management of diabetes (procedure)
diabetes,SNOMED CT,700414001,Education about diabetes and driving (procedure)
diabetes,SNOMED CT,703040004,Agreeing on diabetes care plan (procedure)
diabetes,SNOMED CT,703137001,Type I diabetes mellitus in remission (disorder)
diabetes,SNOMED CT,703138006,Type II diabetes mellitus in remission (disorder)
diabetes,SNOMED CT,706891008,Neuropathy due to unstable diabetes mellitus type 1 (disorder)
diabetes,SNOMED CT,706894000,Retinopathy due to unstable diabetes mellitus type 1 (disorder)
diabetes,SNOMED CT,707221002,Glomerulosclerosis of kidney due to diabetes mellitus (disorder)
diabetes,SNOMED CT,709147009,Gingivitis co-occurrent with diabetes mellitus (disorder)
diabetes,SNOMED CT,712882000,Autonomic neuropathy due to type 1 diabetes mellitus (disorder)
diabetes,SNOMED CT,712883005,Autonomic neuropathy due to type 2 diabetes mellitus (disorder)
diabetes,SNOMED CT,713457002,Neovascular glaucoma due to diabetes mellitus (disorder)
diabetes,SNOMED CT,713678009,"Congestive heart failure, hypertension, age 75 years or older, diabetes, previous stroke or transient ischemic attack, vascular disease, age 65-74 years, and sex category risk score (assessment scale)"
diabetes,SNOMED CT,713702000,Gastroparesis due to type 1 diabetes mellitus (disorder)
diabetes,SNOMED CT,713703005,Gastroparesis due to type 2 diabetes mellitus (disorder)
diabetes,SNOMED CT,713704004,Gastroparesis due to diabetes mellitus (disorder)
diabetes,SNOMED CT,713705003,Polyneuropathy due to type 1 diabetes mellitus (disorder)
diabetes,SNOMED CT,713706002,Polyneuropathy due to type 2 diabetes mellitus (disorder)
diabetes,SNOMED CT,714664001,At risk of ulcer of foot due to diabetes mellitus (finding)
diabetes,SNOMED CT,716200002,Nephrogenic diabetes insipidus and intracranial calcification syndrome (disorder)
diabetes,SNOMED CT,716362006,Gingival disease co-occurrent with diabetes mellitus (disorder)
diabetes,SNOMED CT,719216001,Hypoglycemic coma due to type 2 diabetes mellitus (disorder)
diabetes,SNOMED CT,719570003,Provision of diabetes identity card (procedure)
diabetes,SNOMED CT,720519003,"Atherosclerosis, deafness, diabetes, epilepsy, nephropathy syndrome (disorder)"
diabetes,SNOMED CT,720685006,Seen by diabetes specialist nurse (finding)
diabetes,SNOMED CT,720724003,Has diabetes identity card (finding)
diabetes,SNOMED CT,721088003,"Developmental delay, epilepsy, neonatal diabetes syndrome (disorder)"
diabetes,SNOMED CT,721283000,Acidosis due to type 1 diabetes mellitus (disorder)
diabetes,SNOMED CT,721284006,Acidosis due to type 2 diabetes mellitus (disorder)
diabetes,SNOMED CT,722206009,"Pancreatic hypoplasia, diabetes mellitus, congenital heart disease syndrome (disorder)"
diabetes,SNOMED CT,722454003,"Intellectual disability, craniofacial dysmorphism, hypogonadism, diabetes mellitus syndrome (disorder)"
diabetes,SNOMED CT,723074006,Renal papillary necrosis due to diabetes mellitus (disorder)
diabetes,SNOMED CT,724067006,Permanent neonatal diabetes mellitus with cerebellar agenesis syndrome (disorder)
diabetes,SNOMED CT,724094005,"Neonatal diabetes, congenital hypothyroidism, congenital glaucoma, hepatic fibrosis, polycystic kidney syndrome (disorder)"
diabetes,SNOMED CT,724136006,Mastopathy due to diabetes mellitus (disorder)
diabetes,SNOMED CT,724876003,Lesion of skin due to diabetes mellitus (disorder)
diabetes,SNOMED CT,732246009,"X-linked intellectual disability, limb spasticity, retinal dystrophy, diabetes insipidus syndrome (disorder)"
diabetes,SNOMED CT,733072002,"Alaninuria, microcephaly, dwarfism, enamel hypoplasia, diabetes mellitus syndrome (disorder)"
diabetes,SNOMED CT,734022008,Wolfram-like syndrome (disorder)
diabetes,SNOMED CT,735199000,History of diabetes related lower limb amputation (situation)
diabetes,SNOMED CT,735200002,Absence of lower limb due to diabetes mellitus (disorder)
diabetes,SNOMED CT,735537007,Hyperosmolar hyperglycemic coma due to diabetes mellitus without ketoacidosis (disorder)
diabetes,SNOMED CT,735538002,Lactic acidosis due to diabetes mellitus (disorder)
diabetes,SNOMED CT,735539005,Metabolic acidosis due to diabetes mellitus (disorder)
diabetes,SNOMED CT,737212004,Diabetes mellitus caused by chemical (disorder)
diabetes,SNOMED CT,739681000,Disorder of eye due to type 1 diabetes mellitus (disorder)
diabetes,SNOMED CT,762489000,Acute complication due to diabetes mellitus (disorder)
diabetes,SNOMED CT,763782001,Provision of patient held diabetes record declined (situation)
diabetes,SNOMED CT,763783006,Provision of patient held diabetes record (procedure)
diabetes,SNOMED CT,768792007,Cataract of right eye due to diabetes mellitus (disorder)
diabetes,SNOMED CT,768793002,Cataract of left eye due to diabetes mellitus (disorder)
diabetes,SNOMED CT,768794008,Cataract of bilateral eyes due to diabetes mellitus (disorder)
diabetes,SNOMED CT,768797001,Iritis of right eye due to diabetes mellitus (disorder)
diabetes,SNOMED CT,768798006,Iritis of left eye due to diabetes mellitus (disorder)
diabetes,SNOMED CT,768799003,Iritis of bilateral eyes due to diabetes mellitus (disorder)
diabetes,SNOMED CT,769181007,Preproliferative retinopathy of right eye due to diabetes mellitus (disorder)
diabetes,SNOMED CT,769182000,Preproliferative retinopathy of left eye due to diabetes mellitus (disorder)
diabetes,SNOMED CT,769183005,Mild nonproliferative retinopathy of right eye due to diabetes mellitus (disorder)
diabetes,SNOMED CT,769184004,Mild nonproliferative retinopathy of left eye due to diabetes mellitus (disorder)
diabetes,SNOMED CT,769185003,Moderate nonproliferative retinopathy of right eye due to diabetes mellitus (disorder)
diabetes,SNOMED CT,769186002,Moderate nonproliferative retinopathy of left eye due to diabetes mellitus (disorder)
diabetes,SNOMED CT,769187006,Severe nonproliferative retinopathy of right eye due to diabetes mellitus (disorder)
diabetes,SNOMED CT,769188001,Severe nonproliferative retinopathy of left eye due to diabetes mellitus (disorder)
diabetes,SNOMED CT,769190000,Very severe nonproliferative retinopathy of right eye due to diabetes mellitus (disorder)
diabetes,SNOMED CT,769191001,Very severe nonproliferative retinopathy of left eye due to diabetes mellitus (disorder)
diabetes,SNOMED CT,769217008,Macular edema of right eye due to diabetes mellitus (disorder)
diabetes,SNOMED CT,769218003,Macular edema of left eye due to diabetes mellitus (disorder)
diabetes,SNOMED CT,769219006,Macular edema due to type 1 diabetes mellitus (disorder)
diabetes,SNOMED CT,769220000,Macular edema due to type 2 diabetes mellitus (disorder)
diabetes,SNOMED CT,769221001,Clinically significant macular edema of right eye due to diabetes mellitus (disorder)
diabetes,SNOMED CT,769222008,Clinically significant macular edema of left eye due to diabetes mellitus (disorder)
diabetes,SNOMED CT,769244003,Disorder of right macula due to diabetes mellitus (disorder)
diabetes,SNOMED CT,769245002,Disorder of left macula due to diabetes mellitus (disorder)
diabetes,SNOMED CT,770094004,Cervical radiculoplexus neuropathy due to diabetes mellitus (disorder)
diabetes,SNOMED CT,770095003,Cranial nerve palsy due to diabetes mellitus (disorder)
diabetes,SNOMED CT,770096002,Erectile dysfunction due to diabetes mellitus (disorder)
diabetes,SNOMED CT,770097006,Clinically significant macular edema due to diabetes mellitus (disorder)
diabetes,SNOMED CT,770098001,Cranial nerve palsy due to type 1 diabetes mellitus (disorder)
diabetes,SNOMED CT,770323005,Retinal edema due to diabetes mellitus (disorder)
diabetes,SNOMED CT,770324004,Ischemia of retina due to diabetes mellitus (disorder)
diabetes,SNOMED CT,770361008,Vitreous hemorrhage of right eye due to diabetes mellitus (disorder)
diabetes,SNOMED CT,770362001,Vitreous hemorrhage of left eye due to diabetes mellitus (disorder)
diabetes,SNOMED CT,770581008,Microaneurysm of right retinal artery due to diabetes mellitus (disorder)
diabetes,SNOMED CT,770582001,Microaneurysm of left retinal artery due to diabetes mellitus (disorder)
diabetes,SNOMED CT,770599000,Venous beading of right retina due to diabetes mellitus (disorder)
diabetes,SNOMED CT,770600002,Venous beading of left retina due to diabetes mellitus (disorder)
diabetes,SNOMED CT,770752005,Seen in diabetes preconception counseling clinic (finding)
diabetes,SNOMED CT,770765001,Proliferative retinopathy of right eye due to diabetes mellitus (disorder)
diabetes,SNOMED CT,770766000,Proliferative retinopathy of left eye due to diabetes mellitus (disorder)
diabetes,SNOMED CT,770789008,Referral to community diabetes antenatal clinic (procedure)
diabetes,SNOMED CT,770811007,Referral to hospital diabetes antenatal clinic (procedure)
diabetes,SNOMED CT,782755007,"Primary microcephaly, mild intellectual disability, young-onset diabetes syndrome (disorder)"
diabetes,SNOMED CT,782825008,"Primary microcephaly, epilepsy, permanent neonatal diabetes syndrome (disorder)"
diabetes,SNOMED CT,783722008,Myopathy and diabetes mellitus (disorder)
diabetes,SNOMED CT,788878000,Cardiomyopathy due to diabetes mellitus (disorder)
diabetes,SNOMED CT,789542009,Neuropathy due to type 1 diabetes mellitus (disorder)
diabetes,SNOMED CT,789562001,Ulcer of heel due to diabetes mellitus (disorder)
diabetes,SNOMED CT,789567007,Ulcer of heel due to type 2 diabetes mellitus (disorder)
diabetes,SNOMED CT,789568002,Ulcer of midfoot due to diabetes mellitus (disorder)
diabetes,SNOMED CT,789569005,Neuropathic ulcer of heel due to type 2 diabetes mellitus (disorder)
diabetes,SNOMED CT,789570006,Neuropathic ulcer of midfoot due to type 2 diabetes mellitus (disorder)
diabetes,SNOMED CT,789571005,Ulcer of heel due to type 1 diabetes mellitus (disorder)
diabetes,SNOMED CT,789572003,Ulcer of midfoot due to type 1 diabetes mellitus (disorder)
diabetes,SNOMED CT,789585000,Sensory polyneuropathy due to diabetes mellitus (disorder)
diabetes,SNOMED CT,792926007,Armanni-Ebstein kidney due to diabetes mellitus (disorder)
diabetes,SNOMED CT,816067005,"Diabetes, hypogonadism, deafness, intellectual disability syndrome (disorder)"
diabetes,SNOMED CT,816177009,Nonproliferative retinopathy of left eye due to diabetes mellitus (disorder)
diabetes,SNOMED CT,816178004,Nonproliferative retinopathy of right eye due to diabetes mellitus (disorder)
diabetes,SNOMED CT,816961009,Stable treated proliferative retinopathy of right eye due to diabetes mellitus (disorder)
diabetes,SNOMED CT,816962002,Stable treated proliferative retinopathy of left eye due to diabetes mellitus (disorder)
diabetes,SNOMED CT,822995009,Hyperglycemia due to diabetes mellitus (disorder)
diabetes,SNOMED CT,860706000,No disorder of retina of left eye due to diabetes mellitus (situation)
diabetes,SNOMED CT,860707009,No disorder of retina of right eye due to diabetes mellitus (situation)
diabetes,SNOMED CT,860709007,No disorder of macula of left eye due to diabetes mellitus (situation)
diabetes,SNOMED CT,860710002,No disorder of macula of right eye due to diabetes mellitus (situation)
diabetes,SNOMED CT,860711003,No disorder of macula of bilateral eyes due to diabetes mellitus (situation)
diabetes,SNOMED CT,860712005,Disorder of macula of bilateral eyes due to diabetes mellitus present (situation)
diabetes,SNOMED CT,860721006,Disorder of macula of bilateral eyes due to diabetes mellitus (disorder)
diabetes,SNOMED CT,860798008,Glaucoma due to diabetes mellitus (disorder)
diabetes,SNOMED CT,860883001,Generalized autonomic neuropathy due to diabetes mellitus (disorder)
diabetes,SNOMED CT,860977000,Ulcer of right foot due to diabetes mellitus (disorder)
diabetes,SNOMED CT,860978005,Ulcer of left foot due to diabetes mellitus (disorder)
diabetes,SNOMED CT,860979002,Chronic ulcer of right foot due to diabetes mellitus (disorder)
diabetes,SNOMED CT,860980004,Chronic ulcer of left foot due to diabetes mellitus (disorder)
diabetes,SNOMED CT,863879002,At low risk of ulcer of right foot due to diabetes mellitus (finding)
diabetes,SNOMED CT,863880004,At low risk of ulcer of left foot due to diabetes mellitus (finding)
diabetes,SNOMED CT,863881000,At moderate risk of ulcer of left foot due to diabetes mellitus (finding)
diabetes,SNOMED CT,863882007,At risk of ulcer of left foot due to diabetes mellitus (finding)
diabetes,SNOMED CT,863883002,At risk of ulcer of right foot due to diabetes mellitus (finding)
diabetes,SNOMED CT,863884008,At high risk of ulcer of right foot due to diabetes mellitus (finding)
diabetes,SNOMED CT,863885009,At moderate risk of ulcer of right foot due to diabetes mellitus (finding)
diabetes,SNOMED CT,863886005,At high risk of ulcer of left foot due to diabetes mellitus (finding)
diabetes,SNOMED CT,870420005,Severe nonproliferative retinopathy with venous beading of retina due to diabetes mellitus (disorder)
diabetes,SNOMED CT,870421009,Cystoid macular edema due to diabetes mellitus (disorder)
diabetes,SNOMED CT,870422002,Assessment of self management of diabetes mellitus (procedure)
diabetes,SNOMED CT,870528001,Newly diagnosed type 1 diabetes mellitus (finding)
diabetes,SNOMED CT,870529009,Persistent macular edema due to diabetes mellitus (disorder)
diabetes,SNOMED CT,871778008,Centrally involved macular edema due to diabetes mellitus (disorder)
diabetes,SNOMED CT,871781003,Non centrally involved macular edema due to diabetes mellitus (disorder)
diabetes,SNOMED CT,874908001,No evidence of disorder of kidney due to diabetes mellitus (situation)
diabetes,SNOMED CT,878859007,Self management of diabetes (procedure)
diabetes,SNOMED CT,879782007,Telehealth monitoring for diabetes mellitus (regime/therapy)
diabetes,SNOMED CT,890171006,Ketosis-prone diabetes mellitus (disorder)
diabetes,SNOMED CT,1003605004,Glaucoma suspect due to diabetes mellitus type 2 (disorder)
diabetes,SNOMED CT,1142044000,Pre-existing malnutrition-related diabetes mellitus in pregnancy (disorder)
diabetes,SNOMED CT,1144894004,Peripheral autonomic neuropathy due to diabetes mellitus (disorder)
diabetes,SNOMED CT,1148694009,Postoperative central diabetes insipidus (disorder)
diabetes,SNOMED CT,1172389004,Disorder due to malnutrition related diabetes mellitus (disorder)
diabetes,SNOMED CT,1186863001,Central diabetes insipidus due to and following traumatic event (disorder)
diabetes,SNOMED CT,1196922005,Neovascular glaucoma due to diabetes mellitus type 2 (disorder)
diabetes,SNOMED CT,1196923000,Neovascular glaucoma due to diabetes mellitus type 1 (disorder)
diabetes,SNOMED CT,1197592001,"Intrauterine growth restriction, short stature, early adult-onset diabetes syndrome (disorder)"
diabetes,SNOMED CT,1217044000,Ketosis-resistant diabetes mellitus (disorder)
diabetes,SNOMED CT,1217068008,Fulminant type 1 diabetes mellitus (disorder)
diabetes,SNOMED CT,1217674007,Neurotrophic keratitis due to diabetes mellitus (disorder)
diabetes,SNOMED CT,1251386008,Disorder of skin due to diabetes mellitus (disorder)
diabetes,SNOMED CT,1255271005,"Juvenile-onset diabetes mellitus, central and peripheral neurodegeneration syndrome (disorder)"
diabetes,SNOMED CT,1259048007,Lesion***REMOVED***of***REMOVED***brachial***REMOVED***plexus***REMOVED***due***REMOVED***to***REMOVED***diabetes***REMOVED***mellitus***REMOVED***(disorder)
diabetes,SNOMED CT,2.01E+11,Disorder***REMOVED***due***REMOVED***to***REMOVED***well***REMOVED***controlled***REMOVED***type***REMOVED***2***REMOVED***diabetes***REMOVED***mellitus***REMOVED***(disorder)
diabetes,SNOMED CT,6.91E+11,Erectile***REMOVED***dysfunction***REMOVED***due***REMOVED***to***REMOVED***type***REMOVED***1***REMOVED***diabetes***REMOVED***mellitus***REMOVED***(disorder)
diabetes,SNOMED CT,7.01E+11,Mixed***REMOVED***hyperlipidemia***REMOVED***due***REMOVED***to***REMOVED***type***REMOVED***2***REMOVED***diabetes***REMOVED***mellitus***REMOVED***(disorder)
diabetes,SNOMED CT,7.11E+11,Chronic***REMOVED***kidney***REMOVED***disease***REMOVED***stage***REMOVED***5***REMOVED***due***REMOVED***to***REMOVED***type***REMOVED***2***REMOVED***diabetes***REMOVED***mellitus***REMOVED***(disorder)
diabetes,SNOMED CT,7.21E+11,Chronic***REMOVED***kidney***REMOVED***disease***REMOVED***stage***REMOVED***4***REMOVED***due***REMOVED***to***REMOVED***type***REMOVED***2***REMOVED***diabetes***REMOVED***mellitus***REMOVED***(disorder)
diabetes,SNOMED CT,7.31E+11,Chronic***REMOVED***kidney***REMOVED***disease***REMOVED***stage***REMOVED***3***REMOVED***due***REMOVED***to***REMOVED***type***REMOVED***2***REMOVED***diabetes***REMOVED***mellitus***REMOVED***(disorder)
diabetes,SNOMED CT,7.41E+11,Chronic***REMOVED***kidney***REMOVED***disease***REMOVED***stage***REMOVED***2***REMOVED***due***REMOVED***to***REMOVED***type***REMOVED***2***REMOVED***diabetes***REMOVED***mellitus***REMOVED***(disorder)
diabetes,SNOMED CT,7.51E+11,Chronic***REMOVED***kidney***REMOVED***disease***REMOVED***stage***REMOVED***1***REMOVED***due***REMOVED***to***REMOVED***type***REMOVED***2***REMOVED***diabetes***REMOVED***mellitus***REMOVED***(disorder)
diabetes,SNOMED CT,7.61E+11,Dyslipidemia***REMOVED***due***REMOVED***to***REMOVED***type***REMOVED***2***REMOVED***diabetes***REMOVED***mellitus***REMOVED***(disorder)
diabetes,SNOMED CT,7.71E+11,Chronic***REMOVED***kidney***REMOVED***disease***REMOVED***due***REMOVED***to***REMOVED***type***REMOVED***2***REMOVED***diabetes***REMOVED***mellitus***REMOVED***(disorder)
diabetes,SNOMED CT,7.81E+11,Neuropathic***REMOVED***arthropathy***REMOVED***due***REMOVED***to***REMOVED***type***REMOVED***2***REMOVED***diabetes***REMOVED***mellitus***REMOVED***(disorder)
diabetes,SNOMED CT,7.91E+11,Angina***REMOVED***due***REMOVED***to***REMOVED***type***REMOVED***2***REMOVED***diabetes***REMOVED***mellitus***REMOVED***(disorder)
diabetes,SNOMED CT,1.481E+12,Diabetes***REMOVED***mellitus***REMOVED***type***REMOVED***2***REMOVED***without***REMOVED***retinopathy***REMOVED***(disorder)
diabetes,SNOMED CT,1.491E+12,Vitreous***REMOVED***hemorrhage***REMOVED***due***REMOVED***to***REMOVED***type***REMOVED***2***REMOVED***diabetes***REMOVED***mellitus***REMOVED***(disorder)
diabetes,SNOMED CT,1.501E+12,Proliferative***REMOVED***retinopathy***REMOVED***due***REMOVED***to***REMOVED***type***REMOVED***2***REMOVED***diabetes***REMOVED***mellitus***REMOVED***(disorder)
diabetes,SNOMED CT,1.511E+12,Peripheral***REMOVED***neuropathy***REMOVED***due***REMOVED***to***REMOVED***type***REMOVED***2***REMOVED***diabetes***REMOVED***mellitus***REMOVED***(disorder)
diabetes,SNOMED CT,1.521E+12,Ulcer***REMOVED***of***REMOVED***foot***REMOVED***due***REMOVED***to***REMOVED***type***REMOVED***2***REMOVED***diabetes***REMOVED***mellitus***REMOVED***(disorder)
diabetes,SNOMED CT,1.531E+12,Dermopathy***REMOVED***due***REMOVED***to***REMOVED***type***REMOVED***2***REMOVED***diabetes***REMOVED***mellitus***REMOVED***(disorder)
diabetes,SNOMED CT,1.551E+12,Nonproliferative***REMOVED***retinopathy***REMOVED***due***REMOVED***to***REMOVED***type***REMOVED***2***REMOVED***diabetes***REMOVED***mellitus***REMOVED***(disorder)
diabetes,SNOMED CT,1.571E+12,Mixed***REMOVED***hyperlipidemia***REMOVED***due***REMOVED***to***REMOVED***type***REMOVED***1***REMOVED***diabetes***REMOVED***mellitus***REMOVED***(disorder)
diabetes,SNOMED CT,1.8521E+13,Microalbuminuria***REMOVED***due***REMOVED***to***REMOVED***type***REMOVED***1***REMOVED***diabetes***REMOVED***mellitus***REMOVED***(disorder)
diabetes,SNOMED CT,2.4471E+13,Type***REMOVED***2***REMOVED***diabetic***REMOVED***on***REMOVED***insulin***REMOVED***(finding)
diabetes,SNOMED CT,2.4481E+13,Type***REMOVED***2***REMOVED***diabetic***REMOVED***on***REMOVED***diet***REMOVED***only***REMOVED***(finding)
diabetes,SNOMED CT,2.8331E+13,Retinal***REMOVED***edema***REMOVED***due***REMOVED***to***REMOVED***type***REMOVED***2***REMOVED***diabetes***REMOVED***mellitus***REMOVED***(disorder)
diabetes,SNOMED CT,3.1211E+13,Peripheral***REMOVED***angiopathy***REMOVED***due***REMOVED***to***REMOVED***type***REMOVED***1***REMOVED***diabetes***REMOVED***mellitus***REMOVED***(disorder)
diabetes,SNOMED CT,3.1321E+13,Diabetes***REMOVED***mellitus***REMOVED***type***REMOVED***1***REMOVED***without***REMOVED***retinopathy***REMOVED***(disorder)
diabetes,SNOMED CT,4.1911E+13,Glaucoma***REMOVED***due***REMOVED***to***REMOVED***type***REMOVED***2***REMOVED***diabetes***REMOVED***mellitus***REMOVED***(disorder)
diabetes,SNOMED CT,5.9801E+13,History***REMOVED***of***REMOVED***small***REMOVED***vessel***REMOVED***disease***REMOVED***due***REMOVED***to***REMOVED***diabetes***REMOVED***mellitus***REMOVED***(situation)
diabetes,SNOMED CT,6.0951E+13,Blindness***REMOVED***due***REMOVED***to***REMOVED***type***REMOVED***2***REMOVED***diabetes***REMOVED***mellitus***REMOVED***(disorder)
diabetes,SNOMED CT,6.0961E+13,Nonproliferative***REMOVED***diabetic***REMOVED***retinopathy***REMOVED***due***REMOVED***to***REMOVED***type***REMOVED***1***REMOVED***diabetes***REMOVED***mellitus***REMOVED***(disorder)
diabetes,SNOMED CT,6.0971E+13,Proliferative***REMOVED***retinopathy***REMOVED***due***REMOVED***to***REMOVED***type***REMOVED***1***REMOVED***diabetes***REMOVED***mellitus***REMOVED***(disorder)
diabetes,SNOMED CT,6.0991E+13,Blindness***REMOVED***due***REMOVED***to***REMOVED***type***REMOVED***1***REMOVED***diabetes***REMOVED***mellitus***REMOVED***(disorder)
diabetes,SNOMED CT,6.8061E+13,Partial***REMOVED***diabetes***REMOVED***insipidus***REMOVED***(disorder)
diabetes,SNOMED CT,7.1421E+13,Hypertension***REMOVED***in***REMOVED***chronic***REMOVED***kidney***REMOVED***disease***REMOVED***due***REMOVED***to***REMOVED***type***REMOVED***2***REMOVED***diabetes***REMOVED***mellitus***REMOVED***(disorder)
diabetes,SNOMED CT,7.1441E+13,Nephrotic***REMOVED***syndrome***REMOVED***due***REMOVED***to***REMOVED***type***REMOVED***2***REMOVED***diabetes***REMOVED***mellitus***REMOVED***(disorder)
diabetes,SNOMED CT,7.1701E+13,Hypertension***REMOVED***in***REMOVED***chronic***REMOVED***kidney***REMOVED***disease***REMOVED***due***REMOVED***to***REMOVED***type***REMOVED***1***REMOVED***diabetes***REMOVED***mellitus***REMOVED***(disorder)
diabetes,SNOMED CT,7.1721E+13,Nephrotic***REMOVED***syndrome***REMOVED***due***REMOVED***to***REMOVED***type***REMOVED***1***REMOVED***diabetes***REMOVED***mellitus***REMOVED***(disorder)
diabetes,SNOMED CT,7.1771E+13,Neuropathic***REMOVED***arthropathy***REMOVED***due***REMOVED***to***REMOVED***type***REMOVED***1***REMOVED***diabetes***REMOVED***mellitus***REMOVED***(disorder)
diabetes,SNOMED CT,7.1791E+13,Peripheral***REMOVED***neuropathy***REMOVED***due***REMOVED***to***REMOVED***type***REMOVED***1***REMOVED***diabetes***REMOVED***mellitus***REMOVED***(disorder)
diabetes,SNOMED CT,7.2021E+13,Dermopathy***REMOVED***due***REMOVED***to***REMOVED***type***REMOVED***1***REMOVED***diabetes***REMOVED***mellitus***REMOVED***(disorder)
diabetes,SNOMED CT,7.2031E+13,Severe***REMOVED***malnutrition***REMOVED***due***REMOVED***to***REMOVED***type***REMOVED***1***REMOVED***diabetes***REMOVED***mellitus***REMOVED***(disorder)
diabetes,SNOMED CT,7.2041E+13,Osteomyelitis***REMOVED***due***REMOVED***to***REMOVED***type***REMOVED***1***REMOVED***diabetes***REMOVED***mellitus***REMOVED***(disorder)
diabetes,SNOMED CT,7.2051E+13,Severe***REMOVED***malnutrition***REMOVED***due***REMOVED***to***REMOVED***type***REMOVED***2***REMOVED***diabetes***REMOVED***mellitus***REMOVED***(disorder)
diabetes,SNOMED CT,7.2061E+13,Osteomyelitis***REMOVED***due***REMOVED***to***REMOVED***type***REMOVED***2***REMOVED***diabetes***REMOVED***mellitus***REMOVED***(disorder)
diabetes,SNOMED CT,7.2141E+13,Chronic***REMOVED***ulcer***REMOVED***of***REMOVED***skin***REMOVED***due***REMOVED***to***REMOVED***type***REMOVED***1***REMOVED***diabetes***REMOVED***mellitus***REMOVED***(disorder)
diabetes,SNOMED CT,8.2541E+13,Traction***REMOVED***detachment***REMOVED***of***REMOVED***retina***REMOVED***due***REMOVED***to***REMOVED***type***REMOVED***2***REMOVED***diabetes***REMOVED***mellitus***REMOVED***(disorder)
diabetes,SNOMED CT,8.2551E+13,Rubeosis***REMOVED***iridis***REMOVED***due***REMOVED***to***REMOVED***type***REMOVED***2***REMOVED***diabetes***REMOVED***mellitus***REMOVED***(disorder)
diabetes,SNOMED CT,8.2571E+13,Traction***REMOVED***detachment***REMOVED***of***REMOVED***retina***REMOVED***due***REMOVED***to***REMOVED***type***REMOVED***1***REMOVED***diabetes***REMOVED***mellitus***REMOVED***(disorder)
diabetes,SNOMED CT,8.2581E+13,Rubeosis***REMOVED***iridis***REMOVED***due***REMOVED***to***REMOVED***type***REMOVED***1***REMOVED***diabetes***REMOVED***mellitus***REMOVED***(disorder)
diabetes,SNOMED CT,8.4361E+13,Insulin***REMOVED***reactive***REMOVED***hypoglycemia***REMOVED***due***REMOVED***to***REMOVED***type***REMOVED***2***REMOVED***diabetes***REMOVED***mellitus***REMOVED***(disorder)
diabetes,SNOMED CT,8.4371E+13,Hypoglycemia***REMOVED***due***REMOVED***to***REMOVED***type***REMOVED***1***REMOVED***diabetes***REMOVED***mellitus***REMOVED***(disorder)
diabetes,SNOMED CT,8.7441E+13,Ulcer***REMOVED***of***REMOVED***ankle***REMOVED***due***REMOVED***to***REMOVED***type***REMOVED***2***REMOVED***diabetes***REMOVED***mellitus***REMOVED***(disorder)
diabetes,SNOMED CT,8.7461E+13,Ulcer***REMOVED***of***REMOVED***forefoot***REMOVED***due***REMOVED***to***REMOVED***type***REMOVED***2***REMOVED***diabetes***REMOVED***mellitus***REMOVED***(disorder)
diabetes,SNOMED CT,8.7471E+13,Ulcer***REMOVED***of***REMOVED***ankle***REMOVED***due***REMOVED***to***REMOVED***type***REMOVED***1***REMOVED***diabetes***REMOVED***mellitus***REMOVED***(disorder)
diabetes,SNOMED CT,8.7491E+13,Ulcer***REMOVED***of***REMOVED***forefoot***REMOVED***due***REMOVED***to***REMOVED***type***REMOVED***1***REMOVED***diabetes***REMOVED***mellitus***REMOVED***(disorder)
diabetes,SNOMED CT,8.7921E+13,Cranial***REMOVED***nerve***REMOVED***palsy***REMOVED***due***REMOVED***to***REMOVED***type***REMOVED***2***REMOVED***diabetes***REMOVED***mellitus***REMOVED***(disorder)
diabetes,SNOMED CT,9.0721E+13,Chronic***REMOVED***kidney***REMOVED***disease***REMOVED***stage***REMOVED***1***REMOVED***due***REMOVED***to***REMOVED***type***REMOVED***1***REMOVED***diabetes***REMOVED***mellitus***REMOVED***(disorder)
diabetes,SNOMED CT,9.0731E+13,Chronic***REMOVED***kidney***REMOVED***disease***REMOVED***stage***REMOVED***2***REMOVED***due***REMOVED***to***REMOVED***type***REMOVED***1***REMOVED***diabetes***REMOVED***mellitus***REMOVED***(disorder)
diabetes,SNOMED CT,9.0741E+13,Chronic***REMOVED***kidney***REMOVED***disease***REMOVED***stage***REMOVED***3***REMOVED***due***REMOVED***to***REMOVED***type***REMOVED***1***REMOVED***diabetes***REMOVED***mellitus***REMOVED***(disorder)
diabetes,SNOMED CT,9.0751E+13,Chronic***REMOVED***kidney***REMOVED***disease***REMOVED***stage***REMOVED***4***REMOVED***due***REMOVED***to***REMOVED***type***REMOVED***1***REMOVED***diabetes***REMOVED***mellitus***REMOVED***(disorder)
diabetes,SNOMED CT,9.0761E+13,Chronic***REMOVED***kidney***REMOVED***disease***REMOVED***stage***REMOVED***5***REMOVED***due***REMOVED***to***REMOVED***type***REMOVED***1***REMOVED***diabetes***REMOVED***mellitus***REMOVED***(disorder)
diabetes,SNOMED CT,9.0771E+13,End***REMOVED***stage***REMOVED***renal***REMOVED***disease***REMOVED***on***REMOVED***dialysis***REMOVED***due***REMOVED***to***REMOVED***type***REMOVED***1***REMOVED***diabetes***REMOVED***mellitus***REMOVED***(disorder)
diabetes,SNOMED CT,9.0781E+13,Microalbuminuria***REMOVED***due***REMOVED***to***REMOVED***type***REMOVED***2***REMOVED***diabetes***REMOVED***mellitus***REMOVED***(disorder)
diabetes,SNOMED CT,9.0791E+13,End***REMOVED***stage***REMOVED***renal***REMOVED***disease***REMOVED***on***REMOVED***dialysis***REMOVED***due***REMOVED***to***REMOVED***type***REMOVED***2***REMOVED***diabetes***REMOVED***mellitus***REMOVED***(disorder)
diabetes,SNOMED CT,9.6441E+13,Chronic***REMOVED***kidney***REMOVED***disease***REMOVED***due***REMOVED***to***REMOVED***type***REMOVED***1***REMOVED***diabetes***REMOVED***mellitus***REMOVED***(disorder)
diabetes,SNOMED CT,9.7331E+13,Macular***REMOVED***edema***REMOVED***and***REMOVED***retinopathy***REMOVED***due***REMOVED***to***REMOVED***type***REMOVED***2***REMOVED***diabetes***REMOVED***mellitus***REMOVED***(disorder)
diabetes,SNOMED CT,9.7341E+13,Proliferative***REMOVED***retinopathy***REMOVED***with***REMOVED***retinal***REMOVED***edema***REMOVED***due***REMOVED***to***REMOVED***type***REMOVED***2***REMOVED***diabetes***REMOVED***mellitus***REMOVED***(disorder)
diabetes,SNOMED CT,9.7621E+13,Stasis***REMOVED***ulcer***REMOVED***due***REMOVED***to***REMOVED***type***REMOVED***2***REMOVED***diabetes***REMOVED***mellitus***REMOVED***(disorder)
diabetes,SNOMED CT,1.02621E+14,Ulcer***REMOVED***of***REMOVED***skin***REMOVED***due***REMOVED***to***REMOVED***type***REMOVED***2***REMOVED***diabetes***REMOVED***mellitus***REMOVED***(disorder)
diabetes,SNOMED CT,1.02781E+14,Sensory***REMOVED***neuropathy***REMOVED***due***REMOVED***to***REMOVED***type***REMOVED***1***REMOVED***diabetes***REMOVED***mellitus***REMOVED***(disorder)
diabetes,SNOMED CT,1.03981E+14,Proliferative***REMOVED***retinopathy***REMOVED***following***REMOVED***surgery***REMOVED***due***REMOVED***to***REMOVED***diabetes***REMOVED***mellitus***REMOVED***(disorder)
diabetes,SNOMED CT,1.04941E+14,Ischemia***REMOVED***of***REMOVED***retina***REMOVED***due***REMOVED***to***REMOVED***type***REMOVED***1***REMOVED***diabetes***REMOVED***mellitus***REMOVED***(disorder)
diabetes,SNOMED CT,1.04951E+14,Vitreous***REMOVED***hemorrhage***REMOVED***due***REMOVED***to***REMOVED***type***REMOVED***1***REMOVED***diabetes***REMOVED***mellitus***REMOVED***(disorder)
diabetes,SNOMED CT,1.04961E+14,Ischemia***REMOVED***of***REMOVED***retina***REMOVED***due***REMOVED***to***REMOVED***type***REMOVED***2***REMOVED***diabetes***REMOVED***mellitus***REMOVED***(disorder)
diabetes,SNOMED CT,1.09171E+14,Retinal***REMOVED***edema***REMOVED***due***REMOVED***to***REMOVED***type***REMOVED***1***REMOVED***diabetes***REMOVED***mellitus***REMOVED***(disorder)
diabetes,SNOMED CT,1.10141E+14,Ulcer***REMOVED***of***REMOVED***lower***REMOVED***limb***REMOVED***due***REMOVED***to***REMOVED***type***REMOVED***1***REMOVED***diabetes***REMOVED***mellitus***REMOVED***(disorder)
diabetes,SNOMED CT,1.10171E+14,Ulcer***REMOVED***of***REMOVED***lower***REMOVED***limb***REMOVED***due***REMOVED***to***REMOVED***type***REMOVED***2***REMOVED***diabetes***REMOVED***mellitus***REMOVED***(disorder)
diabetes,SNOMED CT,1.10181E+14,Peripheral***REMOVED***sensory***REMOVED***neuropathy***REMOVED***due***REMOVED***to***REMOVED***type***REMOVED***2***REMOVED***diabetes***REMOVED***mellitus***REMOVED***(disorder)
diabetes,SNOMED CT,1.11231E+14,Dyslipidemia***REMOVED***with***REMOVED***high***REMOVED***density***REMOVED***lipoprotein***REMOVED***below***REMOVED***reference***REMOVED***range***REMOVED***and***REMOVED***triglyceride***REMOVED***above reference***REMOVED***range due***REMOVED***to***REMOVED***type***REMOVED***2***REMOVED***diabetes***REMOVED***mellitus***REMOVED***(disorder)
diabetes,SNOMED CT,1.12991E+14,Lipoatrophic***REMOVED***diabetes***REMOVED***mellitus***REMOVED***without***REMOVED***complication***REMOVED***(disorder)
diabetes,SNOMED CT,1.19831E+14,Hypoglycemia***REMOVED***unawareness***REMOVED***due***REMOVED***to***REMOVED***type***REMOVED***2***REMOVED***diabetes***REMOVED***mellitus***REMOVED***(disorder)
diabetes,SNOMED CT,1.20711E+14,Hypoglycemic***REMOVED***unawareness***REMOVED***due***REMOVED***to***REMOVED***type***REMOVED***1***REMOVED***diabetes***REMOVED***mellitus***REMOVED***(disorder)
diabetes,SNOMED CT,1.20731E+14,Hypoglycemia***REMOVED***due***REMOVED***to***REMOVED***type***REMOVED***2***REMOVED***diabetes***REMOVED***mellitus***REMOVED***(disorder)
diabetes,SNOMED CT,1.27991E+14,Hypertension***REMOVED***concurrent***REMOVED***and***REMOVED***due***REMOVED***to***REMOVED***end***REMOVED***stage***REMOVED***renal***REMOVED***disease***REMOVED***on***REMOVED***dialysis***REMOVED***due***REMOVED***to***REMOVED***type***REMOVED***2***REMOVED***diabetes mellitus (disorder)
diabetes,SNOMED CT,1.28001E+14,Hypertension***REMOVED***concurrent***REMOVED***and***REMOVED***due***REMOVED***to***REMOVED***end***REMOVED***stage***REMOVED***renal***REMOVED***disease***REMOVED***on***REMOVED***dialysis***REMOVED***due***REMOVED***to***REMOVED***type***REMOVED***1***REMOVED***diabetes mellitus (disorder)
diabetes,SNOMED CT,1.37931E+14,Hyperlipidemia***REMOVED***due***REMOVED***to***REMOVED***type***REMOVED***2***REMOVED***diabetes***REMOVED***mellitus***REMOVED***(disorder)
diabetes,SNOMED CT,1.37941E+14,Hyperlipidemia***REMOVED***due***REMOVED***to***REMOVED***type***REMOVED***1***REMOVED***diabetes***REMOVED***mellitus***REMOVED***(disorder)
diabetes,SNOMED CT,1.38881E+14,Mild***REMOVED***nonproliferative***REMOVED***retinopathy***REMOVED***due***REMOVED***to***REMOVED***type***REMOVED***1***REMOVED***diabetes***REMOVED***mellitus***REMOVED***(disorder)
diabetes,SNOMED CT,1.38891E+14,Moderate***REMOVED***nonproliferative***REMOVED***retinopathy***REMOVED***due***REMOVED***to***REMOVED***type***REMOVED***1***REMOVED***diabetes***REMOVED***mellitus***REMOVED***(disorder)
diabetes,SNOMED CT,1.38911E+14,Mild***REMOVED***nonproliferative***REMOVED***retinopathy***REMOVED***due***REMOVED***to***REMOVED***type***REMOVED***2***REMOVED***diabetes***REMOVED***mellitus***REMOVED***(disorder)
diabetes,SNOMED CT,1.38921E+14,Moderate***REMOVED***nonproliferative***REMOVED***retinopathy***REMOVED***due***REMOVED***to***REMOVED***type***REMOVED***2***REMOVED***diabetes***REMOVED***mellitus***REMOVED***(disorder)
diabetes,SNOMED CT,1.40101E+14,Hypertension***REMOVED***in***REMOVED***chronic***REMOVED***kidney***REMOVED***disease***REMOVED***stage***REMOVED***5***REMOVED***due***REMOVED***to***REMOVED***type***REMOVED***2***REMOVED***diabetes***REMOVED***mellitus***REMOVED***(disorder)
diabetes,SNOMED CT,1.40111E+14,Hypertension***REMOVED***in***REMOVED***chronic***REMOVED***kidney***REMOVED***disease***REMOVED***stage***REMOVED***4***REMOVED***due***REMOVED***to***REMOVED***type***REMOVED***2***REMOVED***diabetes***REMOVED***mellitus***REMOVED***(disorder)
diabetes,SNOMED CT,1.40121E+14,Hypertension***REMOVED***in***REMOVED***chronic***REMOVED***kidney***REMOVED***disease***REMOVED***stage***REMOVED***3***REMOVED***due***REMOVED***to***REMOVED***type***REMOVED***2***REMOVED***diabetes***REMOVED***mellitus***REMOVED***(disorder)
diabetes,SNOMED CT,1.40131E+14,Hypertension***REMOVED***in***REMOVED***chronic***REMOVED***kidney***REMOVED***disease***REMOVED***stage***REMOVED***2***REMOVED***due***REMOVED***to***REMOVED***type***REMOVED***2***REMOVED***diabetes***REMOVED***mellitus***REMOVED***(disorder)
diabetes,SNOMED CT,1.40381E+14,Neuropathic***REMOVED***ulcer***REMOVED***of***REMOVED***toe***REMOVED***due***REMOVED***to***REMOVED***type***REMOVED***2***REMOVED***diabetes***REMOVED***mellitus***REMOVED***(disorder)
diabetes,SNOMED CT,1.40391E+14,Ulcer***REMOVED***of***REMOVED***toe***REMOVED***due***REMOVED***to***REMOVED***type***REMOVED***2***REMOVED***diabetes***REMOVED***mellitus***REMOVED***(disorder)
diabetes,SNOMED CT,1.40521E+14,Ischemic***REMOVED***ulcer***REMOVED***of***REMOVED***foot***REMOVED***due***REMOVED***to***REMOVED***type***REMOVED***2***REMOVED***diabetes***REMOVED***mellitus***REMOVED***(disorder)
diabetes,SNOMED CT,1.40531E+14,Neuropathic***REMOVED***ulcer***REMOVED***of***REMOVED***foot***REMOVED***due***REMOVED***to***REMOVED***type***REMOVED***2***REMOVED***diabetes***REMOVED***mellitus***REMOVED***(disorder)
diabetes,SNOMED CT,1.43911E+14,Registration***REMOVED***for***REMOVED***access***REMOVED***to***REMOVED***online***REMOVED***diabetes***REMOVED***self-management***REMOVED***application***REMOVED***(procedure)
diabetes,SNOMED CT,1.43941E+14,Declined***REMOVED***to***REMOVED***register***REMOVED***for***REMOVED***access***REMOVED***to***REMOVED***online***REMOVED***diabetes***REMOVED***self-management***REMOVED***application***REMOVED***(situation)
diabetes,SNOMED CT,1.57141E+14,Proteinuria***REMOVED***due***REMOVED***to***REMOVED***type***REMOVED***2***REMOVED***diabetes***REMOVED***mellitus***REMOVED***(disorder)
diabetes,SNOMED CT,1.64881E+14,Ulcer***REMOVED***of***REMOVED***foot***REMOVED***due***REMOVED***to***REMOVED***type***REMOVED***1***REMOVED***diabetes***REMOVED***mellitus***REMOVED***(disorder)
diabetes,SNOMED CT,1.64971E+14,Type***REMOVED***2***REMOVED***diabetes***REMOVED***mellitus***REMOVED***controlled***REMOVED***by***REMOVED***diet***REMOVED***(finding)
diabetes,SNOMED CT,1.98831E+14,Referral***REMOVED***to***REMOVED***multidisciplinary***REMOVED***diabetic***REMOVED***clinic***REMOVED***(procedure)
diabetes,SNOMED CT,2.43421E+14,Proteinuria***REMOVED***due***REMOVED***to***REMOVED***type***REMOVED***1***REMOVED***diabetes***REMOVED***mellitus***REMOVED***(disorder)
diabetes,SNOMED CT,2.76651E+14,Attended***REMOVED***diabetes***REMOVED***education***REMOVED***and***REMOVED***self***REMOVED***management***REMOVED***for***REMOVED***ongoing***REMOVED***and***REMOVED***newly***REMOVED***diagnosed***REMOVED***structured programme (finding)
diabetes,SNOMED CT,2.79521E+14,Referral***REMOVED***to***REMOVED***community***REMOVED***diabetes***REMOVED***specialist***REMOVED***nurse***REMOVED***(procedure)
diabetes,SNOMED CT,3.06401E+14,Attended***REMOVED***expert***REMOVED***patient***REMOVED***education***REMOVED***versus***REMOVED***routine***REMOVED***treatment***REMOVED***diabetes***REMOVED***structured***REMOVED***education programme (finding)
diabetes,SNOMED CT,3.06441E+14,Attended***REMOVED***dose***REMOVED***adjustment***REMOVED***for***REMOVED***normal***REMOVED***eating***REMOVED***diabetes***REMOVED***structured***REMOVED***education***REMOVED***programme (finding)
diabetes,SNOMED CT,3.06471E+14,Dose***REMOVED***adjustment***REMOVED***for***REMOVED***normal***REMOVED***eating***REMOVED***diabetes***REMOVED***structured***REMOVED***education***REMOVED***programme***REMOVED***completed (situation)
diabetes,SNOMED CT,3.06501E+14,Diabetes***REMOVED***education***REMOVED***and***REMOVED***self***REMOVED***management***REMOVED***for***REMOVED***ongoing***REMOVED***and***REMOVED***newly***REMOVED***diagnosed***REMOVED***structured***REMOVED***programme completed (situation)
diabetes,SNOMED CT,3.06531E+14,Expert***REMOVED***patient***REMOVED***education***REMOVED***versus***REMOVED***routine***REMOVED***treatment***REMOVED***diabetes***REMOVED***structured***REMOVED***education***REMOVED***programme completed (situation)
diabetes,SNOMED CT,3.06701E+14,Referral***REMOVED***to***REMOVED***dose***REMOVED***adjustment***REMOVED***for***REMOVED***normal***REMOVED***eating***REMOVED***diabetes***REMOVED***structured***REMOVED***education programme (procedure)
diabetes,SNOMED CT,3.06741E+14,Referral***REMOVED***to***REMOVED***diabetes***REMOVED***education***REMOVED***and***REMOVED***self***REMOVED***management***REMOVED***for***REMOVED***ongoing***REMOVED***and***REMOVED***newly***REMOVED***diagnosed***REMOVED***diabetes***REMOVED***structured programme***REMOVED***(procedure)
diabetes,SNOMED CT,3.06771E+14,Referral***REMOVED***to***REMOVED***expert***REMOVED***patient***REMOVED***education***REMOVED***versus***REMOVED***routine***REMOVED***treatment***REMOVED***diabetes***REMOVED***structured***REMOVED***education programme***REMOVED***(procedure)
diabetes,SNOMED CT,3.06861E+14,Did***REMOVED***not***REMOVED***attend***REMOVED***diabetes***REMOVED***structured***REMOVED***education***REMOVED***programme***REMOVED***(finding)
diabetes,SNOMED CT,3.06931E+14,Did***REMOVED***not***REMOVED***complete***REMOVED***diabetes***REMOVED***structured***REMOVED***education***REMOVED***programme***REMOVED***(situation)
diabetes,SNOMED CT,3.06961E+14,Did***REMOVED***not***REMOVED***complete***REMOVED***dose***REMOVED***adjustment***REMOVED***for***REMOVED***normal***REMOVED***eating***REMOVED***diabetes***REMOVED***structured***REMOVED***education programme (situation)
diabetes,SNOMED CT,3.06991E+14,Did***REMOVED***not***REMOVED***complete***REMOVED***diabetes***REMOVED***education***REMOVED***and***REMOVED***self***REMOVED***management***REMOVED***for***REMOVED***ongoing***REMOVED***and***REMOVED***newly***REMOVED***diagnosed***REMOVED***structured programme***REMOVED***(situation)
diabetes,SNOMED CT,3.07021E+14,Did***REMOVED***not***REMOVED***complete***REMOVED***expert***REMOVED***patient***REMOVED***education***REMOVED***versus***REMOVED***routine***REMOVED***treatment***REMOVED***diabetes***REMOVED***structured***REMOVED***education programme***REMOVED***(situation)
diabetes,SNOMED CT,3.07141E+14,Did***REMOVED***not***REMOVED***attend***REMOVED***dose***REMOVED***adjustment***REMOVED***for***REMOVED***normal***REMOVED***eating***REMOVED***diabetes***REMOVED***structured***REMOVED***education programme (finding)
diabetes,SNOMED CT,3.07171E+14,Did***REMOVED***not***REMOVED***attend***REMOVED***diabetes***REMOVED***education***REMOVED***and***REMOVED***self***REMOVED***management***REMOVED***for***REMOVED***ongoing***REMOVED***and***REMOVED***newly***REMOVED***diagnosed***REMOVED***structured programme***REMOVED***(finding)
diabetes,SNOMED CT,3.07201E+14,Did***REMOVED***not***REMOVED***attend***REMOVED***expert***REMOVED***patient***REMOVED***education***REMOVED***versus***REMOVED***routine***REMOVED***treatment***REMOVED***diabetes***REMOVED***structured***REMOVED***education programme***REMOVED***(finding)
diabetes,SNOMED CT,3.08421E+14,Diabetes***REMOVED***structured***REMOVED***education***REMOVED***programme***REMOVED***(procedure)
diabetes,SNOMED CT,3.35621E+14,Maternally***REMOVED***inherited***REMOVED***diabetes***REMOVED***mellitus***REMOVED***(disorder)
diabetes,SNOMED CT,3.67211E+14,Inflammatory***REMOVED***dermatosis***REMOVED***due***REMOVED***to***REMOVED***type***REMOVED***1***REMOVED***diabetes***REMOVED***mellitus***REMOVED***(disorder)
diabetes,SNOMED CT,3.67241E+14,Hyperosmolar***REMOVED***coma***REMOVED***due***REMOVED***to***REMOVED***drug***REMOVED***induced***REMOVED***diabetes***REMOVED***mellitus***REMOVED***(disorder)
diabetes,SNOMED CT,3.67261E+14,Hyperosmolarity***REMOVED***due***REMOVED***to***REMOVED***drug***REMOVED***induced***REMOVED***diabetes***REMOVED***mellitus***REMOVED***(disorder)
diabetes,SNOMED CT,3.67991E+14,Hyperglycemia***REMOVED***due***REMOVED***to***REMOVED***type***REMOVED***1***REMOVED***diabetes***REMOVED***mellitus***REMOVED***(disorder)
diabetes,SNOMED CT,3.68051E+14,Hyperglycemia***REMOVED***due***REMOVED***to***REMOVED***type***REMOVED***2***REMOVED***diabetes***REMOVED***mellitus***REMOVED***(disorder)
diabetes,SNOMED CT,3.68141E+14,Autonomic***REMOVED***neuropathy***REMOVED***due***REMOVED***to***REMOVED***drug***REMOVED***induced***REMOVED***diabetes***REMOVED***mellitus***REMOVED***(disorder)
diabetes,SNOMED CT,3.68151E+14,Cataract***REMOVED***due***REMOVED***to***REMOVED***drug***REMOVED***induced***REMOVED***diabetes***REMOVED***mellitus***REMOVED***(disorder)
diabetes,SNOMED CT,3.68171E+14,Dermatitis***REMOVED***due***REMOVED***to***REMOVED***drug***REMOVED***induced***REMOVED***diabetes***REMOVED***mellitus***REMOVED***(disorder)
diabetes,SNOMED CT,3.68181E+14,Ulcer***REMOVED***of***REMOVED***foot***REMOVED***due***REMOVED***to***REMOVED***drug***REMOVED***induced***REMOVED***diabetes***REMOVED***mellitus***REMOVED***(disorder)
diabetes,SNOMED CT,3.68201E+14,Disorder***REMOVED***of***REMOVED***kidney***REMOVED***due***REMOVED***to***REMOVED***drug***REMOVED***induced***REMOVED***diabetes***REMOVED***mellitus***REMOVED***(disorder)
diabetes,SNOMED CT,3.68251E+14,Polyneuropathy***REMOVED***due***REMOVED***to***REMOVED***drug***REMOVED***induced***REMOVED***diabetes***REMOVED***mellitus***REMOVED***(disorder)
diabetes,SNOMED CT,3.68421E+14,Chronic***REMOVED***kidney***REMOVED***disease***REMOVED***stage***REMOVED***1***REMOVED***due***REMOVED***to***REMOVED***drug***REMOVED***induced***REMOVED***diabetes***REMOVED***mellitus***REMOVED***(disorder)
diabetes,SNOMED CT,3.68431E+14,Chronic***REMOVED***kidney***REMOVED***disease***REMOVED***stage***REMOVED***2***REMOVED***due***REMOVED***to***REMOVED***drug***REMOVED***induced***REMOVED***diabetes***REMOVED***mellitus***REMOVED***(disorder)
diabetes,SNOMED CT,3.68441E+14,Chronic***REMOVED***kidney***REMOVED***disease***REMOVED***stage***REMOVED***3***REMOVED***due***REMOVED***to***REMOVED***drug***REMOVED***induced***REMOVED***diabetes***REMOVED***mellitus***REMOVED***(disorder)
diabetes,SNOMED CT,3.68451E+14,Chronic***REMOVED***kidney***REMOVED***disease***REMOVED***stage***REMOVED***4***REMOVED***due***REMOVED***to***REMOVED***drug***REMOVED***induced***REMOVED***diabetes***REMOVED***mellitus***REMOVED***(disorder)
diabetes,SNOMED CT,3.68461E+14,Chronic***REMOVED***kidney***REMOVED***disease***REMOVED***stage***REMOVED***5***REMOVED***due***REMOVED***to***REMOVED***drug***REMOVED***induced***REMOVED***diabetes***REMOVED***mellitus***REMOVED***(disorder)
diabetes,SNOMED CT,3.68471E+14,End***REMOVED***stage***REMOVED***renal***REMOVED***disease***REMOVED***on***REMOVED***dialysis***REMOVED***due***REMOVED***to***REMOVED***drug***REMOVED***induced***REMOVED***diabetes***REMOVED***mellitus***REMOVED***(disorder)
diabetes,SNOMED CT,3.68521E+14,Disorder***REMOVED***of***REMOVED***nerve***REMOVED***co-occurrent***REMOVED***and***REMOVED***due***REMOVED***to***REMOVED***type***REMOVED***1***REMOVED***diabetes***REMOVED***mellitus***REMOVED***(disorder)
diabetes,SNOMED CT,3.68541E+14,Cheiroarthropathy***REMOVED***due***REMOVED***to***REMOVED***diabetes***REMOVED***mellitus***REMOVED***type***REMOVED***1***REMOVED***(disorder)
diabetes,SNOMED CT,3.68551E+14,Dyslipidemia***REMOVED***due***REMOVED***to***REMOVED***type***REMOVED***1***REMOVED***diabetes***REMOVED***mellitus***REMOVED***(disorder)
diabetes,SNOMED CT,3.68561E+14,Hyperosmolarity***REMOVED***due***REMOVED***to***REMOVED***type***REMOVED***1***REMOVED***diabetes***REMOVED***mellitus***REMOVED***(disorder)
diabetes,SNOMED CT,3.68581E+14,Neuropathy***REMOVED***due***REMOVED***to***REMOVED***type***REMOVED***2***REMOVED***diabetes***REMOVED***mellitus***REMOVED***(disorder)
diabetes,SNOMED CT,3.68591E+14,Cheiroarthropathy***REMOVED***due***REMOVED***to***REMOVED***diabetes***REMOVED***mellitus***REMOVED***type***REMOVED***2***REMOVED***(disorder)
diabetes,SNOMED CT,3.68601E+14,Hyperosmolar***REMOVED***coma***REMOVED***due***REMOVED***to***REMOVED***secondary***REMOVED***diabetes***REMOVED***mellitus***REMOVED***(disorder)
diabetes,SNOMED CT,3.68711E+14,Mild***REMOVED***nonproliferative***REMOVED***retinopathy***REMOVED***due***REMOVED***to***REMOVED***secondary***REMOVED***diabetes***REMOVED***mellitus***REMOVED***(disorder)
diabetes,SNOMED CT,3.68721E+14,Non-proliferative***REMOVED***retinopathy***REMOVED***due***REMOVED***to***REMOVED***secondary***REMOVED***diabetes***REMOVED***mellitus***REMOVED***(disorder)
diabetes,SNOMED CT,3.68741E+14,Moderate***REMOVED***non-proliferative***REMOVED***retinopathy***REMOVED***due***REMOVED***to***REMOVED***secondary***REMOVED***diabetes***REMOVED***mellitus***REMOVED***(disorder)
diabetes,SNOMED CT,3.68961E+14,Partial***REMOVED***nephrogenic***REMOVED***diabetes***REMOVED***insipidus***REMOVED***(disorder)
diabetes,SNOMED CT,3.85051E+14,Pre-existing***REMOVED***diabetes***REMOVED***mellitus***REMOVED***(disorder)
diabetes,SNOMED CT,4.91731E+14,Referral***REMOVED***to***REMOVED***diabetes***REMOVED***support***REMOVED***worker***REMOVED***for***REMOVED***diabetics***REMOVED***of***REMOVED***Asian***REMOVED***origin***REMOVED***(procedure)
diabetes,SNOMED CT,5.12561E+14,Unsuitable***REMOVED***for***REMOVED***diabetes***REMOVED***year***REMOVED***of***REMOVED***care***REMOVED***programme***REMOVED***(finding)
diabetes,SNOMED CT,5.12581E+14,Declined***REMOVED***consent***REMOVED***for***REMOVED***diabetes***REMOVED***year***REMOVED***of***REMOVED***care***REMOVED***programme***REMOVED***(finding)
diabetes,SNOMED CT,7.54141E+14,Diabetic***REMOVED***dietary***REMOVED***review***REMOVED***declined***REMOVED***(situation)
diabetes,SNOMED CT,7.54461E+14,Referral***REMOVED***to***REMOVED***type***REMOVED***I***REMOVED***diabetes***REMOVED***structured***REMOVED***education***REMOVED***programme***REMOVED***(procedure)
diabetes,SNOMED CT,7.62811E+14,Did***REMOVED***not***REMOVED***attend***REMOVED***diabetes***REMOVED***foot***REMOVED***screening***REMOVED***(finding)
diabetes,SNOMED CT,7.71571E+14,History***REMOVED***of***REMOVED***secondary***REMOVED***diabetes***REMOVED***mellitus***REMOVED***(situation)
diabetes,SNOMED CT,7.73001E+14,Symptomatic***REMOVED***diabetic***REMOVED***peripheral***REMOVED***neuropathy***REMOVED***(disorder)
diabetes,SNOMED CT,7.75841E+14,Diabetic***REMOVED***retinopathy***REMOVED***detected***REMOVED***by***REMOVED***national***REMOVED***screening***REMOVED***programme***REMOVED***(disorder)
diabetes,SNOMED CT,7.81161E+14,Referral***REMOVED***to***REMOVED***diabetes***REMOVED***education***REMOVED***and***REMOVED***self***REMOVED***management***REMOVED***for***REMOVED***ongoing***REMOVED***and***REMOVED***newly***REMOVED***diagnosed***REMOVED***structured programme declined***REMOVED***(situation)
diabetes,SNOMED CT,8.09391E+14,Referral***REMOVED***to***REMOVED***diabetes***REMOVED***clinic***REMOVED***(procedure)
diabetes,SNOMED CT,8.11391E+14,Referral***REMOVED***to***REMOVED***community***REMOVED***diabetes***REMOVED***service***REMOVED***(procedure)
diabetes,SNOMED CT,8.16251E+14,Management***REMOVED***of***REMOVED***diabetes***REMOVED***insipidus***REMOVED***(procedure)
diabetes,SNOMED CT,8.28901E+14,Endocrinology***REMOVED***and***REMOVED***diabetes***REMOVED***(qualifier***REMOVED***value)
diabetes,SNOMED CT,8.29521E+14,Provision***REMOVED***of***REMOVED***diabetes***REMOVED***clinical***REMOVED***summary***REMOVED***(procedure)
diabetes,SNOMED CT,8.38231E+14,Assessment***REMOVED***using***REMOVED***diabetes***REMOVED***quality***REMOVED***of***REMOVED***life***REMOVED***questionnaire***REMOVED***(procedure)
diabetes,SNOMED CT,8.38731E+14,Referral***REMOVED***to***REMOVED***community***REMOVED***diabetes***REMOVED***specialist***REMOVED***nurse***REMOVED***declined***REMOVED***(situation)
diabetes,SNOMED CT,8.41221E+14,Referral***REMOVED***to***REMOVED***community***REMOVED***diabetes***REMOVED***clinic***REMOVED***(procedure)
diabetes,SNOMED CT,8.60981E+14,Referral***REMOVED***to***REMOVED***dose***REMOVED***adjustment***REMOVED***for***REMOVED***normal***REMOVED***eating***REMOVED***diabetes***REMOVED***structured***REMOVED***education***REMOVED***programme declined***REMOVED***(situation)
diabetes,SNOMED CT,8.61491E+14,Diabetic***REMOVED***foot***REMOVED***screening***REMOVED***invitation***REMOVED***(procedure)
diabetes,SNOMED CT,8.61531E+14,Diabetic***REMOVED***foot***REMOVED***screening***REMOVED***invitation***REMOVED***first***REMOVED***letter***REMOVED***(procedure)
diabetes,SNOMED CT,8.61551E+14,Diabetic***REMOVED***foot***REMOVED***screening***REMOVED***invitation***REMOVED***second***REMOVED***letter***REMOVED***(procedure)
diabetes,SNOMED CT,8.62481E+14,Diabetic***REMOVED***foot***REMOVED***screening***REMOVED***invitation***REMOVED***third***REMOVED***letter***REMOVED***(procedure)
diabetes,SNOMED CT,8.76381E+14,Conversion***REMOVED***to***REMOVED***insulin***REMOVED***by***REMOVED***diabetes***REMOVED***specialist***REMOVED***nurse***REMOVED***(regime/therapy)
diabetes,SNOMED CT,9.23361E+14,Diabetic***REMOVED***foot***REMOVED***care***REMOVED***education***REMOVED***(procedure)
diabetes,SNOMED CT,9.59031E+14,Paediatric***REMOVED***diabetic***REMOVED***medicine***REMOVED***care***REMOVED***plan***REMOVED***(record***REMOVED***artifact)
diabetes,SNOMED CT,9.77201E+14,Recommendation***REMOVED***to***REMOVED***self-refer***REMOVED***for***REMOVED***diabetes***REMOVED***structured***REMOVED***education***REMOVED***(procedure)
diabetes,SNOMED CT,1024551000000109,Under care of hospital-based diabetes specialist nurse (finding)
diabetes,SNOMED CT,1024571000000100,Under***REMOVED***care***REMOVED***of***REMOVED***community-based***REMOVED***diabetes***REMOVED***specialist***REMOVED***nurse***REMOVED***(finding)
diabetes,SNOMED CT,1033281000000100,Expert***REMOVED***patient***REMOVED***education***REMOVED***versus***REMOVED***routine***REMOVED***treatment***REMOVED***First***REMOVED***Steps***REMOVED***diabetes***REMOVED***self-management programme***REMOVED***completed***REMOVED***(situation)
diabetes,SNOMED CT,1054211000000106,Seen in community diabetes antenatal clinic (finding)
diabetes,SNOMED CT,1054221000000100,Seen***REMOVED***in***REMOVED***hospital***REMOVED***diabetes***REMOVED***antenatal***REMOVED***clinic***REMOVED***(finding)
diabetes,SNOMED CT,1067201000000106,Eating disorder co-occurrent with diabetes mellitus type 1 (disorder)
diabetes,SNOMED CT,1078611000000103,Emergency hospital admission to paediatric diabetes service (procedure)
diabetes,SNOMED CT,1097131000000105,Remote diabetes structured education and support programme commenced (situation)
diabetes,SNOMED CT,1097141000000101,Remote diabetes structured education and support programme completed (situation)
diabetes,SNOMED CT,1108731000000100,Referral***REMOVED***to***REMOVED***online***REMOVED***diabetes***REMOVED***structured***REMOVED***education***REMOVED***programme***REMOVED***(procedure)
diabetes,SNOMED CT,1108741000000109,Referral to Healthy Living for People with Diabetes online self-management programme (procedure)
diabetes,SNOMED CT,1110921000000100,Quality***REMOVED***and***REMOVED***Outcomes***REMOVED***Framework***REMOVED***diabetes***REMOVED***mellitus***REMOVED***quality***REMOVED***indicator-related***REMOVED***care***REMOVED***invitation***REMOVED***(procedure)
diabetes,SNOMED CT,1363951000000106,Paediatric diabetes care plan (record artifact)
diabetes,SNOMED CT,1374001000000102,Assessment using diabetes management self-efficacy scale United Kingdom 15-item (procedure)
diabetes,SNOMED CT,1771691000000102,Ulcer of foot due to diabetes mellitus in remission (disorder)
diabetes,SNOMED CT,1771701000000102,Ulcer of right foot due to diabetes mellitus in remission (disorder)
diabetes,SNOMED CT,1771711000000100,Ulcer***REMOVED***of***REMOVED***left***REMOVED***foot***REMOVED***due***REMOVED***to***REMOVED***diabetes***REMOVED***mellitus***REMOVED***in***REMOVED***remission***REMOVED***(disorder)
diabetes,SNOMED CT,10656231000119100,Ulcer***REMOVED***of***REMOVED***skin***REMOVED***of***REMOVED***toe***REMOVED***due***REMOVED***to***REMOVED***type***REMOVED***1***REMOVED***diabetes***REMOVED***mellitus***REMOVED***(disorder)
diabetes,SNOMED CT,10656271000119102,Ulcer of skin of toe due to type 2 diabetes mellitus (disorder)
diabetes,SNOMED CT,10660471000119109,Ulcer of left foot due to type 2 diabetes mellitus (disorder)
diabetes,SNOMED CT,10661671000119102,Ulcer of right foot due to type 2 diabetes mellitus (disorder)
diabetes,SNOMED CT,15936501000119100,Inflammatory***REMOVED***dermatosis***REMOVED***due***REMOVED***to***REMOVED***type***REMOVED***2***REMOVED***diabetes***REMOVED***mellitus***REMOVED***(disorder)
diabetes,SNOMED CT,16697421000119103,Moderate nonproliferative retinopathy of left eye due to diabetes mellitus type 1 (disorder)
diabetes,SNOMED CT,16697471000119102,Moderate nonproliferative retinopathy of right eye due to diabetes mellitus type 1 (disorder)
diabetes,SNOMED CT,16697521000119104,Moderate nonproliferative retinopathy of bilateral eyes due to diabetes mellitus type 1 (disorder)
diabetes,SNOMED CT,16745051000119107,Nonproliferative retinopathy of right eye due to diabetes mellitus type 2 (disorder)
diabetes,SNOMED CT,16745131000119100,Nonproliferative***REMOVED***retinopathy***REMOVED***of***REMOVED***left***REMOVED***eye***REMOVED***due***REMOVED***to***REMOVED***diabetes***REMOVED***mellitus***REMOVED***type***REMOVED***2***REMOVED***(disorder)
diabetes,SNOMED CT,16745211000119100,Nonproliferative***REMOVED***retinopathy***REMOVED***of***REMOVED***left***REMOVED***eye***REMOVED***due***REMOVED***to***REMOVED***diabetes***REMOVED***mellitus***REMOVED***type***REMOVED***1***REMOVED***(disorder)
diabetes,SNOMED CT,16745411000119104,Mild nonproliferative retinopathy of bilateral eyes due to diabetes mellitus type 1 (disorder)
diabetes,SNOMED CT,16745531000119108,Mild nonproliferative retinopathy of left eye due to diabetes mellitus type 2 (disorder)
diabetes,SNOMED CT,16745611000119102,Mild nonproliferative retinopathy of right eye due to diabetes mellitus type 1 (disorder)
diabetes,SNOMED CT,16745651000119101,Mild nonproliferative retinopathy of right eye due to diabetes mellitus type 2 (disorder)
diabetes,SNOMED CT,16745891000119105,Mild nonproliferative retinopathy of left eye due to diabetes mellitus type 1 (disorder)
diabetes,SNOMED CT,16745931000119102,Mild nonproliferative retinopathy of bilateral eyes due to diabetes mellitus type 2 (disorder)
diabetes,SNOMED CT,16746131000119105,Moderate nonproliferative retinopathy of left eye due to diabetes mellitus type 2 (disorder)
diabetes,SNOMED CT,16746261000119108,Moderate nonproliferative retinopathy of right eye due to diabetes mellitus type 2 (disorder)
diabetes,SNOMED CT,16746341000119103,Moderate nonproliferative retinopathy of bilateral eyes due to diabetes mellitus type 2 (disorder)
diabetes,SNOMED CT,16746661000119106,Nonproliferative retinopathy of bilateral eyes due to diabetes mellitus type 1 (disorder)
diabetes,SNOMED CT,16746741000119102,Nonproliferative retinopathy of right eye due to diabetes mellitus type 1 (disorder)
diabetes,SNOMED CT,16746901000119101,Severe nonproliferative retinopathy of left eye due to diabetes mellitus type 2 (disorder)
diabetes,SNOMED CT,16746941000119104,Severe nonproliferative retinopathy of left eye due to diabetes mellitus type 1 (disorder)
diabetes,SNOMED CT,16747021000119109,Severe nonproliferative retinopathy of bilateral eyes due to diabetes mellitus type 2 (disorder)
diabetes,SNOMED CT,16747101000119101,Severe nonproliferative retinopathy of bilateral eyes due to diabetes mellitus type 1 (disorder)
diabetes,SNOMED CT,16747141000119104,Severe nonproliferative retinopathy of right eye due to diabetes mellitus type 2 (disorder)
diabetes,SNOMED CT,16747341000119101,Severe nonproliferative retinopathy of right eye due to diabetes mellitus type 1 (disorder)
diabetes,SNOMED CT,16747661000119109,Nonproliferative retinopathy of bilateral eyes due to diabetes mellitus type 2 (disorder)
diabetes,SNOMED CT,16747741000119100,Proliferative***REMOVED***retinopathy***REMOVED***of***REMOVED***left***REMOVED***eye***REMOVED***due***REMOVED***to***REMOVED***diabetes***REMOVED***mellitus***REMOVED***type***REMOVED***1***REMOVED***(disorder)
diabetes,SNOMED CT,16747901000119104,Proliferative retinopathy of left eye due to diabetes mellitus type 2 (disorder)
diabetes,SNOMED CT,16748141000119100,Proliferative***REMOVED***retinopathy***REMOVED***of***REMOVED***bilateral***REMOVED***eyes***REMOVED***due***REMOVED***to***REMOVED***diabetes***REMOVED***mellitus***REMOVED***type***REMOVED***2***REMOVED***(disorder)
diabetes,SNOMED CT,16748741000119101,Proliferative retinopathy of right eye due to diabetes mellitus type 1 (disorder)
diabetes,SNOMED CT,16749661000119102,Proliferative retinopathy of right eye due to diabetes mellitus type 2 (disorder)
diabetes,SNOMED CT,16749781000119101,Proliferative retinopathy of bilateral eyes due to diabetes mellitus type 1 (disorder)
diabetes,SNOMED CT,16890881000119106,History of proliferative retinopathy due to diabetes mellitus (situation)
diabetes,SNOMED CT,16890921000119104,History of nonproliferative diabetic retinopathy (situation)
diabetes,SNOMED CT,16891151000119103,Coronary artery disease due to type 2 diabetes mellitus (disorder)
diabetes,SNOMED CT,16891191000119108,Coronary artery disease due to type 1 diabetes mellitus (disorder)
diabetes,SNOMED CT,530558861000132104,Atypical diabetes mellitus (disorder)
ckd,ICD10,N00,Acute nephritic syndrome
ckd,ICD10,N000,"Acute nephritic syndrome, minor glomerular abnormality"
ckd,ICD10,N001,"Acute nephritic syndrome, focal and segmental glomerular lesions"
ckd,ICD10,N002,"Acute nephritic syndrome, diffuse membranous glomerulonephritis"
ckd,ICD10,N003,"Acute nephritic syndrome, diffuse mesangial proliferative glomerulonephritis"
ckd,ICD10,N004,"Acute nephritic syndrome, diffuse endocapillary proliferative glomerulonephritis"
ckd,ICD10,N005,"Acute nephritic syndrome, diffuse mesangiocapillary glomerulonephritis"
ckd,ICD10,N006,"Acute nephritic syndrome, dense deposit disease"
ckd,ICD10,N007,"Acute nephritic syndrome, diffuse crescentic glomerulonephritis"
ckd,ICD10,N008,"Acute nephritic syndrome, other"
ckd,ICD10,N009,"Acute nephritic syndrome, unspecified"
ckd,ICD10,N01,Rapidly progressive nephritic syndrome
ckd,ICD10,N010,"Rapidly progressive nephritic syndrome, minor glomerular abnormality"
ckd,ICD10,N011,"Rapidly progressive nephritic syndrome, focal and segmental glomerular lesions"
ckd,ICD10,N012,"Rapidly progressive nephritic syndrome, diffuse membranous glomerulonephritis"
ckd,ICD10,N013,"Rapidly progressive nephritic syndrome, diffuse mesangial proliferative glomerulonephritis"
ckd,ICD10,N014,"Rapidly progressive nephritic syndrome, diffuse endocapillary proliferative glomerulonephritis"
ckd,ICD10,N015,"Rapidly progressive nephritic syndrome, diffuse mesangiocapillary glomerulonephritis"
ckd,ICD10,N016,"Rapidly progressive nephritic syndrome, dense deposit disease"
ckd,ICD10,N017,"Rapidly progressive nephritic syndrome, diffuse crescentic glomerulonephritis"
ckd,ICD10,N018,"Rapidly progressive nephritic syndrome, other"
ckd,ICD10,N019,"Rapidly progressive nephritic syndrome, unspecified"
ckd,ICD10,N03,Chronic nephritic syndrome
ckd,ICD10,N030,"Chronic nephritic syndrome, minor glomerular abnormality"
ckd,ICD10,N031,"Chronic nephritic syndrome, focal and segmental glomerular lesions"
ckd,ICD10,N032,"Chronic nephritic syndrome, diffuse membranous glomerulonephritis"
ckd,ICD10,N033,"Chronic nephritic syndrome, diffuse mesangial proliferative glomerulonephritis"
ckd,ICD10,N034,"Chronic nephritic syndrome, diffuse endocapillary proliferative glomerulonephritis"
ckd,ICD10,N035,"Chronic nephritic syndrome, diffuse mesangiocapillary glomerulonephritis"
ckd,ICD10,N036,"Chronic nephritic syndrome, dense deposit disease"
ckd,ICD10,N037,"Chronic nephritic syndrome, diffuse crescentic glomerulonephritis"
ckd,ICD10,N038,"Chronic nephritic syndrome, other"
ckd,ICD10,N039,"Chronic nephritic syndrome, unspecified"
ckd,ICD10,N052,Unspecified nephritic syndrome ;  Diffuse membranous glomerulonephritis
ckd,ICD10,N053,Unspecified nephritic syndrome ;  Diffuse mesangial proliferative glomerulonephritis
ckd,ICD10,N054,Unspecified nephritic syndrome ;  Diffuse endocapillary proliferative glomerulonephritis
ckd,ICD10,N055,Unspecified nephritic syndrome ;  Diffuse mesangiocapillary glomerulonephritis
ckd,ICD10,N056,Unspecified nephritic syndrome ;  Dense deposit disease
ckd,ICD10,N072,"Hereditary nephropathy, not elsewhere classified ;  Diffuse membranous glomerulonephritis"
ckd,ICD10,N073,"Hereditary nephropathy, not elsewhere classified ;  Diffuse mesangial proliferative glomerulonephritis"
ckd,ICD10,N074,"Hereditary nephropathy, not elsewhere classified ;  Diffuse endocapillary proliferative glomerulonephritis"
ckd,ICD10,N10,Acute tubulo-interstitial nephritis
ckd,ICD10,N183,"Chronic kidney disease, stage 3"
ckd,ICD10,N184,"Chronic kidney disease, stage 4"
ckd,ICD10,N185,"Chronic kidney disease, stage 5"
ckd,ICD10,N189,"Chronic kidney disease, unspecified"
ckd,ICD10,N19,Unspecified kidney failure
ckd,ICD10,N25,Disorders resulting from impaired renal tubular function
ckd,ICD10,N250,Renal osteodystrophy
ckd,ICD10,N258,Other disorders resulting from impaired renal tubular function
ckd,ICD10,N259,"Disorder resulting from impaired renal tubular function, unspecified"
ckd,ICD10,T861,Kidney transplant failure and rejection
ckd,ICD10,Y841,Kidney dialysis
ckd,ICD10,Z49,Care involving dialysis
ckd,ICD10,Z490,Preparatory care for dialysis
ckd,ICD10,Z491,Extracorporeal dialysis
ckd,ICD10,Z492,Other dialysis
ckd,ICD10,Z940,Kidney transplant status
ckd,ICD10,Z992,Dependence on renal dialysis
ckd,SNOMED CT,16726004,Renal***REMOVED***osteodystrophy***REMOVED***(disorder)
ckd,SNOMED CT,46177005,End-stage***REMOVED***renal***REMOVED***disease***REMOVED***(disorder)
ckd,SNOMED CT,49708008,Anemia***REMOVED***of***REMOVED***chronic***REMOVED***renal***REMOVED***failure***REMOVED***(disorder)
ckd,SNOMED CT,90688005,Chronic***REMOVED***renal***REMOVED***failure***REMOVED***syndrome***REMOVED***(disorder)
ckd,SNOMED CT,236433006,Acute-on-chronic***REMOVED***renal***REMOVED***failure***REMOVED***(disorder)
ckd,SNOMED CT,236434000,End***REMOVED***stage***REMOVED***renal***REMOVED***failure***REMOVED***untreated***REMOVED***by***REMOVED***renal***REMOVED***replacement***REMOVED***therapy***REMOVED***(disorder)
ckd,SNOMED CT,236435004,End***REMOVED***stage***REMOVED***renal***REMOVED***failure***REMOVED***on***REMOVED***dialysis***REMOVED***(disorder)
ckd,SNOMED CT,236436003,End***REMOVED***stage***REMOVED***renal***REMOVED***failure***REMOVED***with***REMOVED***renal***REMOVED***transplant***REMOVED***(disorder)
ckd,SNOMED CT,236552002,Adynamic***REMOVED***bone***REMOVED***disease***REMOVED***(disorder)
ckd,SNOMED CT,425369003,Chronic***REMOVED***progressive***REMOVED***renal***REMOVED***failure***REMOVED***(disorder)
ckd,SNOMED CT,431857002,Chronic kidney disease stage 4 (disorder)
ckd,SNOMED CT,433144002,Chronic kidney disease stage 3 (disorder)
ckd,SNOMED CT,433146000,Chronic kidney disease stage 5 (disorder)
ckd,SNOMED CT,444271000,Erythropoietin***REMOVED***resistance***REMOVED***in***REMOVED***anemia***REMOVED***of***REMOVED***chronic***REMOVED***kidney***REMOVED***disease***REMOVED***(disorder)
ckd,SNOMED CT,472953006,History***REMOVED***of***REMOVED***chronic***REMOVED***renal***REMOVED***impairment***REMOVED***(situation)
ckd,SNOMED CT,700378005,Chronic kidney disease stage 3A (disorder)
ckd,SNOMED CT,700379002,Chronic kidney disease stage 3B (disorder)
ckd,SNOMED CT,704667004,Hypertension***REMOVED***concurrent***REMOVED***and***REMOVED***due***REMOVED***to***REMOVED***end***REMOVED***stage***REMOVED***renal***REMOVED***disease***REMOVED***on***REMOVED***dialysis***REMOVED***(disorder)
ckd,SNOMED CT,707323002,Anemia***REMOVED***co-occurrent***REMOVED***and***REMOVED***due***REMOVED***to***REMOVED***chronic***REMOVED***kidney***REMOVED***disease***REMOVED***(disorder)
ckd,SNOMED CT,707324008,Anemia***REMOVED***co-occurrent***REMOVED***and***REMOVED***due***REMOVED***to***REMOVED***end***REMOVED***stage***REMOVED***renal***REMOVED***disease***REMOVED***(disorder)
ckd,SNOMED CT,708975004,Mixed***REMOVED***renal***REMOVED***osteodystrophy***REMOVED***(disorder)
ckd,SNOMED CT,709044004,Chronic***REMOVED***kidney***REMOVED***disease***REMOVED***(disorder)
ckd,SNOMED CT,712487000,End***REMOVED***stage***REMOVED***renal***REMOVED***disease***REMOVED***due***REMOVED***to***REMOVED***benign***REMOVED***hypertension***REMOVED***(disorder)
ckd,SNOMED CT,713313000,Chronic***REMOVED***kidney***REMOVED***disease***REMOVED***mineral***REMOVED***and***REMOVED***bone***REMOVED***disorder***REMOVED***(disorder)
ckd,SNOMED CT,714152005,Chronic kidney disease stage 5 on dialysis (disorder)
ckd,SNOMED CT,714153000,Chronic***REMOVED***kidney***REMOVED***disease***REMOVED***stage***REMOVED***5***REMOVED***with***REMOVED***transplant***REMOVED***(disorder)
ckd,SNOMED CT,720510004,Education***REMOVED***about***REMOVED***chronic***REMOVED***kidney***REMOVED***disease***REMOVED***(procedure)
ckd,SNOMED CT,721183009,Low***REMOVED***alkaline***REMOVED***phosphatase***REMOVED***due***REMOVED***to***REMOVED***chronic***REMOVED***kidney***REMOVED***disease***REMOVED***(disorder)
ckd,SNOMED CT,722098007,Chronic***REMOVED***kidney***REMOVED***disease***REMOVED***following***REMOVED***donor***REMOVED***nephrectomy***REMOVED***(disorder)
ckd,SNOMED CT,722149000,Chronic***REMOVED***kidney***REMOVED***disease***REMOVED***due***REMOVED***to***REMOVED***and***REMOVED***following***REMOVED***excision***REMOVED***of***REMOVED***neoplasm***REMOVED***of***REMOVED***kidney***REMOVED***(disorder)
ckd,SNOMED CT,722150000,Chronic***REMOVED***kidney***REMOVED***disease***REMOVED***due***REMOVED***to***REMOVED***systemic***REMOVED***infection***REMOVED***(disorder)
ckd,SNOMED CT,722467000,Chronic***REMOVED***kidney***REMOVED***disease***REMOVED***due***REMOVED***to***REMOVED***traumatic***REMOVED***loss***REMOVED***of***REMOVED***kidney***REMOVED***(disorder)
ckd,SNOMED CT,723190009,Chronic***REMOVED***renal***REMOVED***insufficiency***REMOVED***(disorder)
ckd,SNOMED CT,776416004,"Hyperuricemia,***REMOVED***pulmonary***REMOVED***hypertension,***REMOVED***renal***REMOVED***failure,***REMOVED***alkalosis***REMOVED***syndrome***REMOVED***(disorder)"
ckd,SNOMED CT,897308007,Chronic***REMOVED***kidney***REMOVED***disease***REMOVED***with***REMOVED***osteoporosis***REMOVED***(disorder)
ckd,SNOMED CT,897310009,Renal***REMOVED***osteodystrophy***REMOVED***with***REMOVED***high***REMOVED***bone***REMOVED***turnover***REMOVED***(disorder)
ckd,SNOMED CT,897311008,Renal***REMOVED***osteodystrophy***REMOVED***with***REMOVED***normal***REMOVED***bone***REMOVED***turnover***REMOVED***(disorder)
ckd,SNOMED CT,897312001,Renal***REMOVED***osteodystrophy***REMOVED***with***REMOVED***low***REMOVED***bone***REMOVED***turnover***REMOVED***(disorder)
ckd,SNOMED CT,1144916002,Calcification***REMOVED***of***REMOVED***soft***REMOVED***tissue***REMOVED***due***REMOVED***to***REMOVED***chronic***REMOVED***kidney***REMOVED***disease***REMOVED***(disorder)
ckd,SNOMED CT,1148896009,Vitamin***REMOVED***D***REMOVED***deficiency***REMOVED***due***REMOVED***to***REMOVED***chronic***REMOVED***kidney***REMOVED***disease***REMOVED***(disorder)
ckd,SNOMED CT,1148920008,Inflammation***REMOVED***of***REMOVED***retina***REMOVED***due***REMOVED***to***REMOVED***chronic***REMOVED***kidney***REMOVED***disease***REMOVED***stage***REMOVED***5***REMOVED***(disorder)
ckd,SNOMED CT,1148926002,Hypophosphatemia***REMOVED***due***REMOVED***to***REMOVED***chronic***REMOVED***kidney***REMOVED***disease***REMOVED***(disorder)
ckd,SNOMED CT,1148928001,Hypocalcemia***REMOVED***due***REMOVED***to***REMOVED***chronic***REMOVED***kidney***REMOVED***disease***REMOVED***(disorder)
ckd,SNOMED CT,1148934008,Hypercalcemia***REMOVED***due***REMOVED***to***REMOVED***chronic***REMOVED***kidney***REMOVED***disease***REMOVED***(disorder)
ckd,SNOMED CT,1148936005,Hyperphosphatemia***REMOVED***due***REMOVED***to***REMOVED***chronic***REMOVED***kidney***REMOVED***disease***REMOVED***(disorder)
ckd,SNOMED CT,1208934006,Sagliker***REMOVED***syndrome***REMOVED***(disorder)
ckd,SNOMED CT,1217070004,Renal***REMOVED***osteodystrophy***REMOVED***due***REMOVED***to***REMOVED***hyperparathyroidism***REMOVED***(disorder)
ckd,SNOMED CT,7.11E+11,Chronic***REMOVED***kidney***REMOVED***disease***REMOVED***stage***REMOVED***5***REMOVED***due***REMOVED***to***REMOVED***type***REMOVED***2***REMOVED***diabetes***REMOVED***mellitus***REMOVED***(disorder)
ckd,SNOMED CT,7.21E+11,Chronic***REMOVED***kidney***REMOVED***disease***REMOVED***stage***REMOVED***4***REMOVED***due***REMOVED***to***REMOVED***type***REMOVED***2***REMOVED***diabetes***REMOVED***mellitus***REMOVED***(disorder)
ckd,SNOMED CT,7.31E+11,Chronic kidney disease stage 3 due to type 2 diabetes mellitus (disorder)
ckd,SNOMED CT,7.71E+11,Chronic***REMOVED***kidney***REMOVED***disease***REMOVED***due***REMOVED***to***REMOVED***type***REMOVED***2***REMOVED***diabetes***REMOVED***mellitus***REMOVED***(disorder)
ckd,SNOMED CT,1.801E+12,"Anemia,***REMOVED***pre-end***REMOVED***stage***REMOVED***renal***REMOVED***disease***REMOVED***on***REMOVED***erythropoietin***REMOVED***protocol***REMOVED***(disorder)"
ckd,SNOMED CT,8.501E+12,Hypertensive***REMOVED***heart***REMOVED***and***REMOVED***chronic***REMOVED***kidney***REMOVED***disease***REMOVED***(disorder)
ckd,SNOMED CT,1.5781E+13,Hypertensive***REMOVED***heart***REMOVED***AND***REMOVED***chronic***REMOVED***kidney***REMOVED***disease***REMOVED***with***REMOVED***congestive***REMOVED***heart***REMOVED***failure***REMOVED***(disorder)
ckd,SNOMED CT,7.1421E+13,Hypertension***REMOVED***in***REMOVED***chronic***REMOVED***kidney***REMOVED***disease***REMOVED***due***REMOVED***to***REMOVED***type***REMOVED***2***REMOVED***diabetes***REMOVED***mellitus***REMOVED***(disorder)
ckd,SNOMED CT,7.1701E+13,Hypertension***REMOVED***in***REMOVED***chronic***REMOVED***kidney***REMOVED***disease***REMOVED***due***REMOVED***to***REMOVED***type***REMOVED***1***REMOVED***diabetes***REMOVED***mellitus***REMOVED***(disorder)
ckd,SNOMED CT,9.0741E+13,Chronic***REMOVED***kidney***REMOVED***disease***REMOVED***stage***REMOVED***3***REMOVED***due***REMOVED***to***REMOVED***type***REMOVED***1***REMOVED***diabetes***REMOVED***mellitus***REMOVED***(disorder)
ckd,SNOMED CT,9.0751E+13,Chronic***REMOVED***kidney***REMOVED***disease***REMOVED***stage***REMOVED***4***REMOVED***due***REMOVED***to***REMOVED***type***REMOVED***1***REMOVED***diabetes***REMOVED***mellitus***REMOVED***(disorder)
ckd,SNOMED CT,9.0761E+13,Chronic***REMOVED***kidney***REMOVED***disease***REMOVED***stage***REMOVED***5***REMOVED***due***REMOVED***to***REMOVED***type***REMOVED***1***REMOVED***diabetes***REMOVED***mellitus***REMOVED***(disorder)
ckd,SNOMED CT,9.0771E+13,End***REMOVED***stage***REMOVED***renal***REMOVED***disease***REMOVED***on***REMOVED***dialysis***REMOVED***due***REMOVED***to***REMOVED***type***REMOVED***1***REMOVED***diabetes***REMOVED***mellitus***REMOVED***(disorder)
ckd,SNOMED CT,9.0791E+13,End***REMOVED***stage***REMOVED***renal***REMOVED***disease***REMOVED***on***REMOVED***dialysis***REMOVED***due***REMOVED***to***REMOVED***type***REMOVED***2***REMOVED***diabetes***REMOVED***mellitus***REMOVED***(disorder)
ckd,SNOMED CT,9.6441E+13,Chronic***REMOVED***kidney***REMOVED***disease***REMOVED***due***REMOVED***to***REMOVED***type***REMOVED***1***REMOVED***diabetes***REMOVED***mellitus***REMOVED***(disorder)
ckd,SNOMED CT,9.6701E+13,Hypertensive***REMOVED***heart***REMOVED***AND***REMOVED***chronic***REMOVED***kidney***REMOVED***disease***REMOVED***on***REMOVED***dialysis***REMOVED***(disorder)
ckd,SNOMED CT,9.6711E+13,Hypertensive***REMOVED***heart***REMOVED***AND***REMOVED***chronic***REMOVED***kidney***REMOVED***disease***REMOVED***stage***REMOVED***5***REMOVED***(disorder)
ckd,SNOMED CT,9.6721E+13,Hypertensive***REMOVED***heart***REMOVED***AND***REMOVED***chronic***REMOVED***kidney***REMOVED***disease***REMOVED***stage***REMOVED***4***REMOVED***(disorder)
ckd,SNOMED CT,9.6731E+13,Hypertensive***REMOVED***heart***REMOVED***AND***REMOVED***chronic***REMOVED***kidney***REMOVED***disease***REMOVED***stage***REMOVED***3***REMOVED***(disorder)
ckd,SNOMED CT,1.04931E+14,Chronic***REMOVED***kidney***REMOVED***disease***REMOVED***due***REMOVED***to***REMOVED***hypertension***REMOVED***(disorder)
ckd,SNOMED CT,1.11411E+14,End***REMOVED***stage***REMOVED***renal***REMOVED***disease***REMOVED***due***REMOVED***to***REMOVED***hypertension***REMOVED***(disorder)
ckd,SNOMED CT,1.18781E+14,Pre-existing***REMOVED***hypertensive***REMOVED***chronic***REMOVED***kidney***REMOVED***disease***REMOVED***in***REMOVED***mother***REMOVED***complicating***REMOVED***pregnancy***REMOVED***(disorder)
ckd,SNOMED CT,1.27991E+14,Hypertension***REMOVED***concurrent***REMOVED***and***REMOVED***due***REMOVED***to***REMOVED***end***REMOVED***stage***REMOVED***renal***REMOVED***disease***REMOVED***on***REMOVED***dialysis***REMOVED***due***REMOVED***to***REMOVED***type***REMOVED***2***REMOVED***diabetes***REMOVED***mellitus***REMOVED***(disorder)
ckd,SNOMED CT,1.28001E+14,Hypertension***REMOVED***concurrent***REMOVED***and***REMOVED***due***REMOVED***to***REMOVED***end***REMOVED***stage***REMOVED***renal***REMOVED***disease***REMOVED***on***REMOVED***dialysis***REMOVED***due***REMOVED***to***REMOVED***type***REMOVED***1***REMOVED***diabetes***REMOVED***mellitus***REMOVED***(disorder)
ckd,SNOMED CT,1.29151E+14,Chronic kidney disease stage 4 due to hypertension (disorder)
ckd,SNOMED CT,1.29161E+14,Chronic***REMOVED***kidney***REMOVED***disease***REMOVED***stage***REMOVED***5***REMOVED***due***REMOVED***to***REMOVED***hypertension***REMOVED***(disorder)
ckd,SNOMED CT,1.29171E+14,Chronic kidney disease stage 3 due to hypertension (disorder)
ckd,SNOMED CT,1.40101E+14,Hypertension***REMOVED***in***REMOVED***chronic***REMOVED***kidney***REMOVED***disease***REMOVED***stage***REMOVED***5***REMOVED***due***REMOVED***to***REMOVED***type***REMOVED***2***REMOVED***diabetes***REMOVED***mellitus***REMOVED***(disorder)
ckd,SNOMED CT,1.40111E+14,Hypertension***REMOVED***in***REMOVED***chronic***REMOVED***kidney***REMOVED***disease***REMOVED***stage***REMOVED***4***REMOVED***due***REMOVED***to***REMOVED***type***REMOVED***2***REMOVED***diabetes***REMOVED***mellitus***REMOVED***(disorder)
ckd,SNOMED CT,1.40121E+14,Hypertension***REMOVED***in***REMOVED***chronic***REMOVED***kidney***REMOVED***disease***REMOVED***stage***REMOVED***3***REMOVED***due***REMOVED***to***REMOVED***type***REMOVED***2***REMOVED***diabetes***REMOVED***mellitus***REMOVED***(disorder)
ckd,SNOMED CT,1.53851E+14,Malignant***REMOVED***hypertensive***REMOVED***chronic***REMOVED***kidney***REMOVED***disease***REMOVED***stage***REMOVED***5***REMOVED***(disorder)
ckd,SNOMED CT,1.53891E+14,End***REMOVED***stage***REMOVED***renal***REMOVED***disease***REMOVED***on***REMOVED***dialysis***REMOVED***due***REMOVED***to***REMOVED***hypertension***REMOVED***(disorder)
ckd,SNOMED CT,2.84961E+14,Chronic***REMOVED***kidney***REMOVED***disease***REMOVED***due***REMOVED***to***REMOVED***benign***REMOVED***hypertension***REMOVED***(disorder)
ckd,SNOMED CT,2.84991E+14,Chronic***REMOVED***kidney***REMOVED***disease***REMOVED***stage***REMOVED***3***REMOVED***due***REMOVED***to***REMOVED***benign***REMOVED***hypertension***REMOVED***(disorder)
ckd,SNOMED CT,2.85001E+14,Chronic***REMOVED***kidney***REMOVED***disease***REMOVED***stage***REMOVED***4***REMOVED***due***REMOVED***to***REMOVED***benign***REMOVED***hypertension***REMOVED***(disorder)
ckd,SNOMED CT,2.85011E+14,Chronic***REMOVED***kidney***REMOVED***disease***REMOVED***stage***REMOVED***5***REMOVED***due***REMOVED***to***REMOVED***benign***REMOVED***hypertension***REMOVED***(disorder)
ckd,SNOMED CT,2.85831E+14,Malignant***REMOVED***hypertensive***REMOVED***chronic***REMOVED***kidney***REMOVED***disease***REMOVED***(disorder)
ckd,SNOMED CT,2.85841E+14,Malignant***REMOVED***hypertensive***REMOVED***end***REMOVED***stage***REMOVED***renal***REMOVED***disease***REMOVED***(disorder)
ckd,SNOMED CT,2.85871E+14,Malignant***REMOVED***hypertensive***REMOVED***chronic***REMOVED***kidney***REMOVED***disease***REMOVED***stage***REMOVED***3***REMOVED***(disorder)
ckd,SNOMED CT,2.85881E+14,Malignant***REMOVED***hypertensive***REMOVED***chronic***REMOVED***kidney***REMOVED***disease***REMOVED***stage***REMOVED***4***REMOVED***(disorder)
ckd,SNOMED CT,2.86371E+14,Malignant***REMOVED***hypertensive***REMOVED***end***REMOVED***stage***REMOVED***renal***REMOVED***disease***REMOVED***on***REMOVED***dialysis***REMOVED***(disorder)
ckd,SNOMED CT,2.98141E+14,Did***REMOVED***not***REMOVED***attend***REMOVED***chronic***REMOVED***kidney***REMOVED***disease***REMOVED***monitoring***REMOVED***clinic***REMOVED***(finding)
ckd,SNOMED CT,3.24121E+14,Chronic kidney disease stage 1 with proteinuria (disorder)
ckd,SNOMED CT,3.24181E+14,Chronic kidney disease stage 2 with proteinuria (disorder)
ckd,SNOMED CT,3.24251E+14,Chronic kidney disease stage 3 with proteinuria (disorder)
ckd,SNOMED CT,3.24281E+14,Chronic kidney disease stage 3 without proteinuria (disorder)
ckd,SNOMED CT,3.24311E+14,Chronic kidney disease stage 3A with proteinuria (disorder)
ckd,SNOMED CT,3.24341E+14,Chronic kidney disease stage 3A without proteinuria (disorder)
ckd,SNOMED CT,3.24371E+14,Chronic kidney disease stage 3B with proteinuria (disorder)
ckd,SNOMED CT,3.24411E+14,Chronic kidney disease stage 3B without proteinuria (disorder)
ckd,SNOMED CT,3.24441E+14,Chronic kidney disease stage 4 with proteinuria (disorder)
ckd,SNOMED CT,3.24471E+14,Chronic kidney disease stage 4 without proteinuria (disorder)
ckd,SNOMED CT,3.24501E+14,Chronic kidney disease stage 5 with proteinuria (disorder)
ckd,SNOMED CT,3.24541E+14,Chronic kidney disease stage 5 without proteinuria (disorder)
ckd,SNOMED CT,3.68441E+14,Chronic***REMOVED***kidney***REMOVED***disease***REMOVED***stage***REMOVED***3***REMOVED***due***REMOVED***to***REMOVED***drug***REMOVED***induced***REMOVED***diabetes***REMOVED***mellitus***REMOVED***(disorder)
ckd,SNOMED CT,3.68451E+14,Chronic***REMOVED***kidney***REMOVED***disease***REMOVED***stage***REMOVED***4***REMOVED***due***REMOVED***to***REMOVED***drug***REMOVED***induced***REMOVED***diabetes***REMOVED***mellitus***REMOVED***(disorder)
ckd,SNOMED CT,3.68461E+14,Chronic***REMOVED***kidney***REMOVED***disease***REMOVED***stage***REMOVED***5***REMOVED***due***REMOVED***to***REMOVED***drug***REMOVED***induced***REMOVED***diabetes***REMOVED***mellitus***REMOVED***(disorder)
ckd,SNOMED CT,3.68471E+14,End***REMOVED***stage***REMOVED***renal***REMOVED***disease***REMOVED***on***REMOVED***dialysis***REMOVED***due***REMOVED***to***REMOVED***drug***REMOVED***induced***REMOVED***diabetes***REMOVED***mellitus***REMOVED***(disorder)
ckd,SNOMED CT,9.49421E+14,Chronic kidney disease with glomerular filtration rate category G1 and albuminuria category A2 (disorder)
ckd,SNOMED CT,9.49481E+14,Chronic kidney disease with glomerular filtration rate category G1 and albuminuria category A3 (disorder)
ckd,SNOMED CT,9.49561E+14,Chronic kidney disease with glomerular filtration rate category G2 and albuminuria category A2 (disorder)
ckd,SNOMED CT,9.49621E+14,Chronic kidney disease with glomerular filtration rate category G2 and albuminuria category A3 (disorder)
ckd,SNOMED CT,9.49881E+14,Chronic kidney disease with glomerular filtration rate category G3a and albuminuria category A1 (disorder)
ckd,SNOMED CT,9.49901E+14,Chronic kidney disease with glomerular filtration rate category G3a and albuminuria category A2 (disorder)
ckd,SNOMED CT,9.49921E+14,Chronic kidney disease with glomerular filtration rate category G3a and albuminuria category A3 (disorder)
ckd,SNOMED CT,9.50061E+14,Chronic kidney disease with glomerular filtration rate category G3b and albuminuria category A1 (disorder)
ckd,SNOMED CT,9.50081E+14,Chronic kidney disease with glomerular filtration rate category G3b and albuminuria category A2 (disorder)
ckd,SNOMED CT,9.50101E+14,Chronic kidney disease with glomerular filtration rate category G3b and albuminuria category A3 (disorder)
ckd,SNOMED CT,9.50181E+14,Chronic kidney disease with glomerular filtration rate category G4 and albuminuria category A1 (disorder)
ckd,SNOMED CT,9.50211E+14,Chronic kidney disease with glomerular filtration rate category G4 and albuminuria category A2 (disorder)
ckd,SNOMED CT,9.50231E+14,Chronic kidney disease with glomerular filtration rate category G4 and albuminuria category A3 (disorder)
ckd,SNOMED CT,9.50251E+14,Chronic kidney disease with glomerular filtration rate category G5 and albuminuria category A1 (disorder)
ckd,SNOMED CT,9.50291E+14,Chronic kidney disease with glomerular filtration rate category G5 and albuminuria category A2 (disorder)
ckd,SNOMED CT,9.50311E+14,Chronic kidney disease with glomerular filtration rate category G5 and albuminuria category A3 (disorder)
cancer,ICD10,C00,Malignant neoplasm of lip
cancer,ICD10,C000,Malignant neoplasm of external upper lip
cancer,ICD10,C001,Malignant neoplasm of external lower lip
cancer,ICD10,C002,"Malignant neoplasm of external lip, unspecified"
cancer,ICD10,C003,"Malignant neoplasm of upper lip, inner aspect"
cancer,ICD10,C004,"Malignant neoplasm of lower lip, inner aspect"
cancer,ICD10,C005,"Malignant neoplasm of lip, unspecified, inner aspect"
cancer,ICD10,C006,Malignant neoplasm of commissure of lip
cancer,ICD10,C008,Malignant neoplasm of overlapping lesion of lip
cancer,ICD10,C009,"Malignant neoplasm of lip, unspecified"
cancer,ICD10,C01,Malignant neoplasm of base of tongue
cancer,ICD10,C02,Malignant neoplasm of other and unspecified parts of tongue
cancer,ICD10,C020,Malignant neoplasm of dorsal surface of tongue
cancer,ICD10,C021,Malignant neoplasm of border of tongue
cancer,ICD10,C022,Malignant neoplasm of ventral surface of tongue
cancer,ICD10,C023,"Malignant neoplasm of anterior two-thirds of tongue, part unspecified"
cancer,ICD10,C024,Malignant neoplasm of lingual tonsil
cancer,ICD10,C028,Malignant neoplasm of overlapping lesion of tongue
cancer,ICD10,C029,"Malignant neoplasm of tongue, unspecified"
cancer,ICD10,C03,Malignant neoplasm of gum
cancer,ICD10,C030,Malignant neoplasm of upper gum
cancer,ICD10,C031,Malignant neoplasm of lower gum
cancer,ICD10,C039,"Malignant neoplasm of gum, unspecified"
cancer,ICD10,C04,Malignant neoplasm of floor of mouth
cancer,ICD10,C040,Malignant neoplasm of floor of anterior floor of mouth
cancer,ICD10,C041,Malignant neoplasm of floor of lateral floor of mouth
cancer,ICD10,C048,Malignant neoplasm of floor of overlapping lesion of floor of mouth
cancer,ICD10,C049,"Malignant neoplasm of floor of floor of mouth, unspecified"
cancer,ICD10,C05,Malignant neoplasm of palate
cancer,ICD10,C050,Malignant neoplasm of hard palate
cancer,ICD10,C051,Malignant neoplasm of soft palate
cancer,ICD10,C052,Malignant neoplasm of uvula
cancer,ICD10,C058,Malignant neoplasm of overlapping lesion of palate
cancer,ICD10,C059,"Malignant neoplasm of palate, unspecified"
cancer,ICD10,C06,Malignant neoplasm of other and unspecified parts of mouth
cancer,ICD10,C060,Malignant neoplasm of cheek mucosa
cancer,ICD10,C061,Malignant neoplasm of vestibule of mouth
cancer,ICD10,C062,Malignant neoplasm of retromolar area
cancer,ICD10,C068,Overlapping lesion of other and unspecified parts of mouth
cancer,ICD10,C069,"Malignant neoplasm of mouth, unspecified"
cancer,ICD10,C07,Malignant neoplasm of parotid gland
cancer,ICD10,C08,Malignant neoplasm of other and unspecified major salivary glands
cancer,ICD10,C080,Malignant neoplasm of submandibular gland
cancer,ICD10,C081,Malignant neoplasm of sublingual gland
cancer,ICD10,C088,Malignant neoplasm of overlapping lesion of major salivary glands
cancer,ICD10,C089,"Malignant neoplasm of major salivary gland, unspecified"
cancer,ICD10,C09,Malignant neoplasm of tonsil
cancer,ICD10,C090,Malignant neoplasm of tonsillar fossa
cancer,ICD10,C091,Malignant neoplasm of tonsillar pillar (anterior)(posterior)
cancer,ICD10,C098,Malignant neoplasm of overlapping lesion of tonsil
cancer,ICD10,C099,"Malignant neoplasm of tonsil, unspecified"
cancer,ICD10,C10,Malignant neoplasm of oropharynx
cancer,ICD10,C100,Malignant neoplasm of vallecula
cancer,ICD10,C101,Malignant neoplasm of anterior surface of epiglottis
cancer,ICD10,C102,Malignant neoplasm of lateral wall of oropharynx
cancer,ICD10,C103,Malignant neoplasm of posterior wall of oropharynx
cancer,ICD10,C104,Malignant neoplasm of branchial cleft
cancer,ICD10,C108,Malignant neoplasm of overlapping lesion of oropharynx
cancer,ICD10,C109,"Malignant neoplasm of oropharynx, unspecified"
cancer,ICD10,C11,Malignant neoplasm of nasopharynx
cancer,ICD10,C110,Malignant neoplasm of superior wall of nasopharynx
cancer,ICD10,C111,Malignant neoplasm of posterior wall of nasopharynx
cancer,ICD10,C112,Malignant neoplasm of lateral wall of nasopharynx
cancer,ICD10,C113,Malignant neoplasm of anterior wall of nasopharynx
cancer,ICD10,C118,Malignant neoplasm of overlapping lesion of nasopharynx
cancer,ICD10,C119,"Malignant neoplasm of nasopharynx, unspecified"
cancer,ICD10,C12,Malignant neoplasm of pyriform sinus
cancer,ICD10,C13,Malignant neoplasm of hypopharynx
cancer,ICD10,C130,Malignant neoplasm of postcricoid region
cancer,ICD10,C131,"Malignant neoplasm of aryepiglottic fold, hypopharyngeal aspect"
cancer,ICD10,C132,Malignant neoplasm of posterior wall of hypopharynx
cancer,ICD10,C138,Malignant neoplasm of overlapping lesion of hypopharynx
cancer,ICD10,C139,"Malignant neoplasm of hypopharynx, unspecified"
cancer,ICD10,C14,"Malignant neoplasm of other and ill-defined sites in the lip, oral cavity and pharynx"
cancer,ICD10,C140,"Malignant neoplasm of pharynx, unspecified"
cancer,ICD10,C142,Malignant neoplasm of waldeyer ring
cancer,ICD10,C148,"Overlapping lesion of lip, oral cavity and pharynx"
cancer,ICD10,C15,Malignant neoplasm of oesophagus
cancer,ICD10,C150,Malignant neoplasm of cervical part of oesophagus
cancer,ICD10,C151,Malignant neoplasm of thoracic part of oesophagus
cancer,ICD10,C152,Malignant neoplasm of abdominal part of oesophagus
cancer,ICD10,C153,Malignant neoplasm of upper third of oesophagus
cancer,ICD10,C154,Malignant neoplasm of middle third of oesophagus
cancer,ICD10,C155,Malignant neoplasm of lower third of oesophagus
cancer,ICD10,C158,Overlapping lesion of oesophagus
cancer,ICD10,C159,"Malignant neoplasm of oesophagus, unspecified"
cancer,ICD10,C16,Malignant neoplasm of stomach
cancer,ICD10,C160,Malignant neoplasm of cardia
cancer,ICD10,C161,Malignant neoplasm of fundus of stomach
cancer,ICD10,C162,Malignant neoplasm of body of stomach
cancer,ICD10,C163,Malignant neoplasm of pyloric antrum
cancer,ICD10,C164,Malignant neoplasm of pylorus
cancer,ICD10,C165,"Malignant neoplasm of lesser curvature of stomach, unspecified"
cancer,ICD10,C166,"Malignant neoplasm of greater curvature of stomach, unspecified"
cancer,ICD10,C168,Overlapping lesion of stomach
cancer,ICD10,C169,"Malignant neoplasm of stomach, unspecified"
cancer,ICD10,C17,Malignant neoplasm of small intestine
cancer,ICD10,C170,Malignant neoplasm of duodenum
cancer,ICD10,C171,Malignant neoplasm of jejunum
cancer,ICD10,C172,Malignant neoplasm of ileum
cancer,ICD10,C173,Malignant neoplasm of meckel diverticulum
cancer,ICD10,C178,Overlapping lesion of small intestine
cancer,ICD10,C179,"Malignant neoplasm of small intestine, unspecified"
cancer,ICD10,C18,Malignant neoplasm of colon
cancer,ICD10,C180,Malignant neoplasm of caecum
cancer,ICD10,C181,Malignant neoplasm of appendix
cancer,ICD10,C182,Malignant neoplasm of ascending colon
cancer,ICD10,C183,Malignant neoplasm of hepatic flexure
cancer,ICD10,C184,Malignant neoplasm of transverse colon
cancer,ICD10,C185,Malignant neoplasm of splenic flexure
cancer,ICD10,C186,Malignant neoplasm of descending colon
cancer,ICD10,C187,Malignant neoplasm of sigmoid colon
cancer,ICD10,C188,Overlapping lesion of colon
cancer,ICD10,C189,"Malignant neoplasm of colon, unspecified"
cancer,ICD10,C19,Malignant neoplasm of rectosigmoid junction
cancer,ICD10,C20,Malignant neoplasm of rectum
cancer,ICD10,C21,Malignant neoplasm of anus and anal canal
cancer,ICD10,C210,"Malignant neoplasm of anus, unspecified"
cancer,ICD10,C211,Malignant neoplasm of anal canal
cancer,ICD10,C212,Malignant neoplasm of cloacogenic zone
cancer,ICD10,C218,"Overlapping lesion of rectum, anus and anal canal"
cancer,ICD10,C22,Malignant neoplasm of liver and intrahepatic bile ducts
cancer,ICD10,C220,Liver cell carcinoma
cancer,ICD10,C221,Intrahepatic bile duct carcinoma
cancer,ICD10,C222,Hepatoblastoma
cancer,ICD10,C223,Angiosarcoma of liver
cancer,ICD10,C224,Other sarcomas of liver
cancer,ICD10,C227,Other specified carcinomas of liver
cancer,ICD10,C229,"Malignant neoplasm of liver, unspecified"
cancer,ICD10,C23,Malignant neoplasm of gallbladder
cancer,ICD10,C24,Malignant neoplasm of other and unspecified parts of biliary tract
cancer,ICD10,C240,Malignant***REMOVED***neoplasm***REMOVED***of***REMOVED***extrahepatic***REMOVED***bile***REMOVED***duct
cancer,ICD10,C241,Malignant***REMOVED***neoplasm***REMOVED***of***REMOVED***ampulla***REMOVED***of***REMOVED***Vater
cancer,ICD10,C248,Malignant***REMOVED***neoplasm***REMOVED***of***REMOVED***overlapping***REMOVED***sites***REMOVED***of***REMOVED***biliary***REMOVED***tract
cancer,ICD10,C249,"Malignant***REMOVED***neoplasm***REMOVED***of***REMOVED***biliary***REMOVED***tract,***REMOVED***unspecified"
cancer,ICD10,C25,Malignant neoplasm of pancreas
cancer,ICD10,C250,Malignant***REMOVED***neoplasm***REMOVED***of***REMOVED***head***REMOVED***of***REMOVED***pancreas
cancer,ICD10,C251,Malignant***REMOVED***neoplasm***REMOVED***of***REMOVED***body***REMOVED***of***REMOVED***pancreas
cancer,ICD10,C252,Malignant***REMOVED***neoplasm***REMOVED***of***REMOVED***tail***REMOVED***of***REMOVED***pancreas
cancer,ICD10,C253,Malignant***REMOVED***neoplasm***REMOVED***of***REMOVED***pancreatic***REMOVED***duct
cancer,ICD10,C254,Malignant***REMOVED***neoplasm***REMOVED***of***REMOVED***endocrine***REMOVED***pancreas
cancer,ICD10,C257,Malignant***REMOVED***neoplasm***REMOVED***of***REMOVED***other***REMOVED***parts***REMOVED***of***REMOVED***pancreas
cancer,ICD10,C258,Malignant***REMOVED***neoplasm***REMOVED***of***REMOVED***overlapping***REMOVED***sites***REMOVED***of***REMOVED***pancreas
cancer,ICD10,C259,"Malignant***REMOVED***neoplasm***REMOVED***of***REMOVED***pancreas,***REMOVED***unspecified"
cancer,ICD10,C26,Malignant neoplasm of other and ill-defined digestive organs
cancer,ICD10,C260,"Malignant neoplasm of intestinal tract, part unspecified"
cancer,ICD10,C261,Malignant neoplasm of spleen
cancer,ICD10,C268,Malignant neoplasm of overlapping lesion of digestive system
cancer,ICD10,C269,Malignant neoplasm of ill-defined sites within the digestive system
cancer,ICD10,C30,Malignant neoplasm of nasal cavity and middle ear
cancer,ICD10,C300,Malignant neoplasm of nasal cavity
cancer,ICD10,C301,Malignant neoplasm of middle ear
cancer,ICD10,C31,Malignant neoplasm of accessory sinuses
cancer,ICD10,C310,Malignant***REMOVED***neoplasm***REMOVED***of***REMOVED***maxillary***REMOVED***sinus
cancer,ICD10,C311,Malignant***REMOVED***neoplasm***REMOVED***of***REMOVED***ethmoidal***REMOVED***sinus
cancer,ICD10,C312,Malignant***REMOVED***neoplasm***REMOVED***of***REMOVED***frontal***REMOVED***sinus
cancer,ICD10,C313,Malignant***REMOVED***neoplasm***REMOVED***of***REMOVED***sphenoid***REMOVED***sinus
cancer,ICD10,C318,Malignant***REMOVED***neoplasm***REMOVED***of***REMOVED***overlapping***REMOVED***sites***REMOVED***of***REMOVED***accessory***REMOVED***sinuses
cancer,ICD10,C319,"Malignant***REMOVED***neoplasm***REMOVED***of***REMOVED***accessory***REMOVED***sinus,***REMOVED***unspecified"
cancer,ICD10,C32,Malignant neoplasm of larynx
cancer,ICD10,C320,Malignant***REMOVED***neoplasm***REMOVED***of***REMOVED***glottis
cancer,ICD10,C321,Malignant***REMOVED***neoplasm***REMOVED***of***REMOVED***supraglottis
cancer,ICD10,C322,Malignant***REMOVED***neoplasm***REMOVED***of***REMOVED***subglottis
cancer,ICD10,C323,Malignant***REMOVED***neoplasm***REMOVED***of***REMOVED***laryngeal***REMOVED***cartilage
cancer,ICD10,C328,Malignant***REMOVED***neoplasm***REMOVED***of***REMOVED***overlapping***REMOVED***sites***REMOVED***of***REMOVED***larynx
cancer,ICD10,C329,"Malignant***REMOVED***neoplasm***REMOVED***of***REMOVED***larynx,***REMOVED***unspecified"
cancer,ICD10,C33,Malignant neoplasm of trachea
cancer,ICD10,C34,Malignant neoplasm of bronchus and lung
cancer,ICD10,C340,Malignant neoplasm of main bronchus
cancer,ICD10,C341,"Malignant neoplasm of upper lobe, bronchus or lung"
cancer,ICD10,C342,"Malignant neoplasm of middle lobe, bronchus or lung"
cancer,ICD10,C343,"Malignant neoplasm of lower lobe, bronchus or lung"
cancer,ICD10,C348,Malignant neoplasm of overlapping lesion of bronchus and lung
cancer,ICD10,C349,"Malignant neoplasm of bronchus or lung, unspecified"
cancer,ICD10,C37,Malignant neoplasm of thymus
cancer,ICD10,C38,"Malignant neoplasm of heart, mediastinum and pleura"
cancer,ICD10,C380,Malignant neoplasm of heart
cancer,ICD10,C381,Malignant neoplasm of anterior mediastinum
cancer,ICD10,C382,Malignant neoplasm of posterior mediastinum
cancer,ICD10,C383,"Malignant neoplasm of mediastinum, part unspecified"
cancer,ICD10,C384,Malignant neoplasm of pleura
cancer,ICD10,C388,"Overlapping lesion of heart, mediastinum and pleura"
cancer,ICD10,C39,Malignant neoplasm of other and ill-defined sites in the respiratory system and intrathoracic organs
cancer,ICD10,C390,"Malignant neoplasm of upper respiratory tract, part unspecified"
cancer,ICD10,C398,Overlapping lesion of respiratory and intrathoracic organs
cancer,ICD10,C399,Malignant neoplasm of ill-defined sites within the respiratory system
cancer,ICD10,C40,Malignant neoplasm of bone and articular cartilage of limbs
cancer,ICD10,C400,Malignant neoplasm of scapula and long bones of upper limb
cancer,ICD10,C401,Malignant neoplasm of short bones of upper limb
cancer,ICD10,C402,Malignant neoplasm of long bones of lower limb
cancer,ICD10,C403,Malignant neoplasm of short bones of lower limb
cancer,ICD10,C408,Overlapping lesion of bone and articular cartilage of limbs
cancer,ICD10,C409,"Malignant neoplasm of bone and articular cartilage of limb, unspecified"
cancer,ICD10,C41,Malignant neoplasm of bone and articular cartilage of other and unspecified sites
cancer,ICD10,C410,Malignant neoplasm of bones of skull and face
cancer,ICD10,C411,Malignant neoplasm of mandible
cancer,ICD10,C412,Malignant neoplasm of vertebral column
cancer,ICD10,C413,"Malignant neoplasm of ribs, sternum and clavicle"
cancer,ICD10,C414,"Malignant neoplasm of pelvic bones, sacrum and coccyx"
cancer,ICD10,C418,Overlapping lesion of bone and articular cartilage
cancer,ICD10,C419,"Malignant neoplasm of bone and articular cartilage, unspecified"
cancer,ICD10,C43,Malignant melanoma of skin
cancer,ICD10,C430,Malignant melanoma of lip
cancer,ICD10,C431,"Malignant melanoma of eyelid, including canthus"
cancer,ICD10,C432,Malignant melanoma of ear and external auricular canal
cancer,ICD10,C433,Malignant melanoma of other and unspecified parts of face
cancer,ICD10,C434,Malignant melanoma of scalp and neck
cancer,ICD10,C435,Malignant melanoma of trunk
cancer,ICD10,C436,"Malignant melanoma of upper limb, including shoulder"
cancer,ICD10,C437,"Malignant melanoma of lower limb, including hip"
cancer,ICD10,C438,Overlapping malignant melanoma of skin
cancer,ICD10,C439,"Malignant melanoma of skin, unspecified"
cancer,ICD10,C44,Other malignant neoplasms of skin
cancer,ICD10,C440,Malignant neoplasm of skin of lip
cancer,ICD10,C441,"Malignant neoplasm of skin of eyelid, including canthus"
cancer,ICD10,C442,Malignant neoplasm of skin of ear and external auricular canal
cancer,ICD10,C443,Malignant neoplasm of skin of other and unspecified parts of face
cancer,ICD10,C444,Malignant neoplasm of skin of scalp and neck
cancer,ICD10,C445,Malignant neoplasm of skin of trunk
cancer,ICD10,C446,"Malignant neoplasm of skin of upper limb, including shoulder"
cancer,ICD10,C447,"Malignant neoplasm of skin of lower limb, including hip"
cancer,ICD10,C448,Overlapping lesion of skin
cancer,ICD10,C449,"Malignant neoplasm of skin, unspecified"
cancer,ICD10,C45,Mesothelioma
cancer,ICD10,C450,Mesothelioma of pleura
cancer,ICD10,C451,Mesothelioma of peritoneum
cancer,ICD10,C452,Mesothelioma of pericardium
cancer,ICD10,C457,Mesothelioma of other sites
cancer,ICD10,C459,"Mesothelioma, unspecified"
cancer,ICD10,C46,Kaposi's sarcoma
cancer,ICD10,C460,Kaposi sarcoma of skin
cancer,ICD10,C461,Kaposi sarcoma of soft tissue
cancer,ICD10,C462,Kaposi sarcoma of palate
cancer,ICD10,C463,Kaposi sarcoma of lymph nodes
cancer,ICD10,C467,Kaposi sarcoma of other sites
cancer,ICD10,C468,Kaposi sarcoma of multiple organs
cancer,ICD10,C469,"Kaposi sarcoma, unspecified"
cancer,ICD10,C47,Malignant neoplasm of peripheral nerves and autonomic nervous system
cancer,ICD10,C470,"Malignant neoplasm of peripheral nerves of head, face and neck"
cancer,ICD10,C471,"Malignant neoplasm of peripheral nerves of upper limb, including shoulder"
cancer,ICD10,C472,"Malignant neoplasm of peripheral nerves of lower limb, including hip"
cancer,ICD10,C473,Malignant neoplasm of peripheral nerves of thorax
cancer,ICD10,C474,Malignant neoplasm of peripheral nerves of abdomen
cancer,ICD10,C475,Malignant neoplasm of peripheral nerves of pelvis
cancer,ICD10,C476,"Malignant neoplasm of peripheral nerves of trunk, unspecified"
cancer,ICD10,C478,Overlapping lesion of peripheral nerves and autonomic nervous system
cancer,ICD10,C479,"Malignant neoplasm of peripheral nerves and autonomic nervous system, unspecified"
cancer,ICD10,C48,Malignant neoplasm of retroperitoneum and peritoneum
cancer,ICD10,C480,Malignant neoplasm of retroperitoneum
cancer,ICD10,C481,Malignant neoplasm of specified parts of peritoneum
cancer,ICD10,C482,"Malignant neoplasm of peritoneum, unspecified"
cancer,ICD10,C488,Overlapping lesion of retroperitoneum and peritoneum
cancer,ICD10,C49,Malignant neoplasm of other connective and soft tissue
cancer,ICD10,C490,"Malignant neoplasm of connective and soft tissue of head, face and neck"
cancer,ICD10,C491,"Malignant neoplasm of connective and soft tissue of upper limb, including shoulder"
cancer,ICD10,C492,"Malignant neoplasm of connective and soft tissue of lower limb, including hip"
cancer,ICD10,C493,Malignant neoplasm of connective and soft tissue of thorax
cancer,ICD10,C494,Malignant neoplasm of connective and soft tissue of abdomen
cancer,ICD10,C495,Malignant neoplasm of connective and soft tissue of pelvis
cancer,ICD10,C496,"Malignant neoplasm of connective and soft tissue of trunk, unspecified"
cancer,ICD10,C498,Overlapping lesion of connective and soft tissue
cancer,ICD10,C499,"Malignant neoplasm of connective and soft tissue, unspecified"
cancer,ICD10,C50,Malignant neoplasm of breast
cancer,ICD10,C500,Malignant neoplasm of nipple and areola
cancer,ICD10,C501,Malignant neoplasm of central portion of breast
cancer,ICD10,C502,Malignant neoplasm of upper-inner quadrant of breast
cancer,ICD10,C503,Malignant neoplasm of lower-inner quadrant of breast
cancer,ICD10,C504,Malignant neoplasm of upper-outer quadrant of breast
cancer,ICD10,C505,Malignant neoplasm of lower-outer quadrant of breast
cancer,ICD10,C506,Malignant neoplasm of axillary tail of breast
cancer,ICD10,C508,Overlapping lesion of breast
cancer,ICD10,C509,"Malignant neoplasm of breast, unspecified"
cancer,ICD10,C51,Malignant neoplasm of vulva
cancer,ICD10,C510,Malignant neoplasm of labium majus
cancer,ICD10,C511,Malignant neoplasm of labium minus
cancer,ICD10,C512,Malignant neoplasm of clitoris
cancer,ICD10,C518,Overlapping lesion of vulva
cancer,ICD10,C519,"Overlapping lesion of vulva, unspecified"
cancer,ICD10,C52,Malignant neoplasm of vagina
cancer,ICD10,C53,Malignant neoplasm of cervix uteri
cancer,ICD10,C530,Malignant neoplasm of endocervix
cancer,ICD10,C531,Malignant neoplasm of exocervix
cancer,ICD10,C538,Overlapping lesion of cervix uteri
cancer,ICD10,C539,"Malignant neoplasm of cervix uteri, unspecified"
cancer,ICD10,C54,Malignant neoplasm of corpus uteri
cancer,ICD10,C540,Malignant neoplasm of isthmus uteri
cancer,ICD10,C541,Malignant neoplasm of endometrium
cancer,ICD10,C542,Malignant neoplasm of myometrium
cancer,ICD10,C543,Malignant neoplasm of fundus uteri
cancer,ICD10,C548,Overlapping lesion of corpus uteri
cancer,ICD10,C549,"Malignant neoplasm of corpus uteri, unspecified"
cancer,ICD10,C55,"Malignant neoplasm of uterus, part unspecified"
cancer,ICD10,C56,Malignant neoplasm of ovary
cancer,ICD10,C57,Malignant neoplasm of other and unspecified female genital organs
cancer,ICD10,C570,Malignant neoplasm of fallopian tube
cancer,ICD10,C571,Malignant neoplasm of broad ligament
cancer,ICD10,C572,Malignant neoplasm of round ligament
cancer,ICD10,C573,Malignant neoplasm of parametrium
cancer,ICD10,C574,"Malignant neoplasm of uterine adnexa, unspecified"
cancer,ICD10,C577,Malignant neoplasm of other specified female genital organs
cancer,ICD10,C578,Overlapping lesion of female genital organs
cancer,ICD10,C579,"Malignant neoplasm of female genital organ, unspecified"
cancer,ICD10,C58,Malignant neoplasm of placenta
cancer,ICD10,C60,Malignant neoplasm of penis
cancer,ICD10,C600,Malignant neoplasm of prepuce
cancer,ICD10,C601,Malignant neoplasm of glans penis
cancer,ICD10,C602,Malignant neoplasm of body of penis
cancer,ICD10,C608,Overlapping lesion of penis
cancer,ICD10,C609,"Malignant neoplasm of penis, unspecified"
cancer,ICD10,C61,Malignant neoplasm of prostate
cancer,ICD10,C62,Malignant neoplasm of testis
cancer,ICD10,C620,Malignant neoplasm of undescended testis
cancer,ICD10,C621,Malignant neoplasm of descended testis
cancer,ICD10,C629,"Malignant neoplasm of testis, unspecified"
cancer,ICD10,C63,Malignant neoplasm of other and unspecified male genital organs
cancer,ICD10,C630,Malignant neoplasm of epididymis
cancer,ICD10,C631,Malignant neoplasm of spermatic cord
cancer,ICD10,C632,Malignant neoplasm of scrotum
cancer,ICD10,C637,Malignant neoplasm of other specified male genital organs
cancer,ICD10,C638,Overlapping lesion of male genital organs
cancer,ICD10,C639,"Malignant neoplasm of male genital organ, unspecified"
cancer,ICD10,C64,"Malignant neoplasm of kidney, except renal pelvis"
cancer,ICD10,C65,Malignant neoplasm of renal pelvis
cancer,ICD10,C66,Malignant neoplasm of ureter
cancer,ICD10,C67,Malignant neoplasm of bladder
cancer,ICD10,C670,Malignant neoplasm of trigone of bladder
cancer,ICD10,C671,Malignant neoplasm of dome of bladder
cancer,ICD10,C672,Malignant neoplasm of lateral wall of bladder
cancer,ICD10,C673,Malignant neoplasm of anterior wall of bladder
cancer,ICD10,C674,Malignant neoplasm of posterior wall of bladder
cancer,ICD10,C675,Malignant neoplasm of bladder neck
cancer,ICD10,C676,Malignant neoplasm of ureteric orifice
cancer,ICD10,C677,Malignant neoplasm of urachus
cancer,ICD10,C678,Overlapping lesion of bladder
cancer,ICD10,C679,"Malignant neoplasm of bladder, unspecified"
cancer,ICD10,C68,Malignant neoplasm of other and unspecified urinary organs
cancer,ICD10,C680,Malignant neoplasm of urethra
cancer,ICD10,C681,Malignant neoplasm of paraurethral gland
cancer,ICD10,C688,Overlapping lesion of urinary organs
cancer,ICD10,C689,"Malignant neoplasm of urinary organ, unspecified"
cancer,ICD10,C69,Malignant neoplasm of eye and adnexa
cancer,ICD10,C690,Malignant neoplasm of conjunctiva
cancer,ICD10,C691,Malignant neoplasm of cornea
cancer,ICD10,C692,Malignant neoplasm of retina
cancer,ICD10,C693,Malignant neoplasm of choroid
cancer,ICD10,C694,Malignant neoplasm of ciliary body
cancer,ICD10,C695,Malignant neoplasm of lacrimal gland and duct
cancer,ICD10,C696,Malignant neoplasm of orbit
cancer,ICD10,C698,Overlapping lesion of eye and adnexa
cancer,ICD10,C699,"Malignant neoplasm of eye, unspecified"
cancer,ICD10,C70,Malignant neoplasm of meninges
cancer,ICD10,C700,Malignant neoplasm of cerebral meninges
cancer,ICD10,C701,Malignant neoplasm of spinal meninges
cancer,ICD10,C709,"Malignant neoplasm of meninges, unspecified"
cancer,ICD10,C71,Malignant neoplasm of brain
cancer,ICD10,C710,"Malignant neoplasm of cerebrum, except lobes and ventricles"
cancer,ICD10,C711,Malignant neoplasm of frontal lobe
cancer,ICD10,C712,Malignant neoplasm of temporal lobe
cancer,ICD10,C713,Malignant neoplasm of parietal lobe
cancer,ICD10,C714,Malignant neoplasm of occipital lobe
cancer,ICD10,C715,Malignant neoplasm of cerebral ventricle
cancer,ICD10,C716,Malignant neoplasm of cerebellum
cancer,ICD10,C717,Malignant neoplasm of brain stem
cancer,ICD10,C718,Overlapping lesion of brain
cancer,ICD10,C719,"Malignant neoplasm of brain, unspecified"
cancer,ICD10,C72,"Malignant neoplasm of spinal cord, cranial nerves and other parts of central nervous system"
cancer,ICD10,C720,Malignant neoplasm of spinal cord
cancer,ICD10,C721,Malignant neoplasm of cauda equina
cancer,ICD10,C722,Malignant neoplasm of olfactory nerve
cancer,ICD10,C723,Malignant neoplasm of optic nerve
cancer,ICD10,C724,Malignant neoplasm of acoustic nerve
cancer,ICD10,C725,Malignant neoplasm of other and unspecified cranial nerves
cancer,ICD10,C728,Overlapping lesion of brain and other parts of central nervous system
cancer,ICD10,C729,"Malignant neoplasm of central nervous system, unspecified"
cancer,ICD10,C73,Malignant neoplasm of thyroid gland
cancer,ICD10,C74,Malignant neoplasm of adrenal gland
cancer,ICD10,C740,Malignant neoplasm of cortex of adrenal gland
cancer,ICD10,C741,Malignant neoplasm of medulla of adrenal gland
cancer,ICD10,C749,"Malignant neoplasm of adrenal gland, unspecified"
cancer,ICD10,C75,Malignant neoplasm of other endocrine glands and related structures
cancer,ICD10,C750,Malignant neoplasm of parathyroid gland
cancer,ICD10,C751,Malignant neoplasm of pituitary gland
cancer,ICD10,C752,Malignant neoplasm of craniopharyngeal duct
cancer,ICD10,C753,Malignant neoplasm of pineal gland
cancer,ICD10,C754,Malignant neoplasm of carotid body
cancer,ICD10,C755,Malignant neoplasm of aortic body and other paraganglia
cancer,ICD10,C758,"Malignant neoplasm of pluriglandular involvement, unspecified"
cancer,ICD10,C759,"Malignant neoplasm of endocrine gland, unspecified"
cancer,ICD10,C76,Malignant neoplasm of other and ill-defined sites
cancer,ICD10,C760,"Malignant neoplasm of head, face and neck"
cancer,ICD10,C761,Malignant neoplasm of thorax
cancer,ICD10,C762,Malignant neoplasm of abdomen
cancer,ICD10,C763,Malignant neoplasm of pelvis
cancer,ICD10,C764,Malignant neoplasm of upper limb
cancer,ICD10,C765,Malignant neoplasm of lower limb
cancer,ICD10,C767,Malignant neoplasm of other ill-defined sites
cancer,ICD10,C768,Overlapping lesion of other and ill-defined sites
cancer,ICD10,C77,Secondary and unspecified malignant neoplasm of lymph nodes
cancer,ICD10,C770,"Malignant neoplasm of lymph nodes of head, face and neck"
cancer,ICD10,C771,Malignant neoplasm of intrathoracic lymph nodes
cancer,ICD10,C772,Malignant neoplasm of intra-abdominal lymph nodes
cancer,ICD10,C773,Malignant neoplasm of axillary and upper limb lymph nodes
cancer,ICD10,C774,Malignant neoplasm of inguinal and lower limb lymph nodes
cancer,ICD10,C775,Malignant neoplasm of intrapelvic lymph nodes
cancer,ICD10,C778,Malignant neoplasm of lymph nodes of multiple regions
cancer,ICD10,C779,"Malignant neoplasm of lymph node, unspecified"
cancer,ICD10,C78,Secondary malignant neoplasm of respiratory and digestive organs
cancer,ICD10,C780,Secondary malignant neoplasm of lung
cancer,ICD10,C781,Secondary malignant neoplasm of mediastinum
cancer,ICD10,C782,Secondary malignant neoplasm of pleura
cancer,ICD10,C783,Secondary malignant neoplasm of other and unspecified respiratory organs
cancer,ICD10,C784,Secondary malignant neoplasm of small intestine
cancer,ICD10,C785,Secondary malignant neoplasm of large intestine and rectum
cancer,ICD10,C786,Secondary malignant neoplasm of retroperitoneum and peritoneum
cancer,ICD10,C787,Secondary malignant neoplasm of liver and intrahepatic bile duct
cancer,ICD10,C788,Secondary malignant neoplasm of other and unspecified digestive organs
cancer,ICD10,C79,Secondary malignant neoplasm of other and unspecified sites
cancer,ICD10,C790,Secondary malignant neoplasm of kidney and renal pelvis
cancer,ICD10,C791,Secondary malignant neoplasm of bladder and other and unspecified urinary organs
cancer,ICD10,C792,Secondary malignant neoplasm of skin
cancer,ICD10,C793,Secondary malignant neoplasm of brain and cerebral meninges
cancer,ICD10,C794,Secondary malignant neoplasm of other and unspecified parts of nervous system
cancer,ICD10,C795,Secondary malignant neoplasm of bone and bone marrow
cancer,ICD10,C796,Secondary malignant neoplasm of ovary
cancer,ICD10,C797,Secondary malignant neoplasm of adrenal gland
cancer,ICD10,C798,Secondary malignant neoplasm of other specified sites
cancer,ICD10,C799,"Secondary malignant neoplasm, unspecified site"
cancer,ICD10,C80,"Malignant neoplasm, without specification of site"
cancer,ICD10,C800,"Malignant neoplasm, primary site unknown, so stated"
cancer,ICD10,C809,"Malignant neoplasm, primary site unspecified"
cancer,ICD10,C81,Hodgkin lymphoma
cancer,ICD10,C810,Nodular lymphocyte predominant Hodgkin lymphoma
cancer,ICD10,C811,Nodular sclerosis (classical) Hodgkin lymphoma
cancer,ICD10,C812,Mixed cellularity (classical) Hodgkin lymphoma
cancer,ICD10,C813,Lymphocyte depleted (classical) Hodgkin lymphoma
cancer,ICD10,C814,Lymphocyte-rich (classical) Hodgkin lymphoma
cancer,ICD10,C817,Other (classical) Hodgkin lymphoma
cancer,ICD10,C819,"Hodgkin lymphoma, unspecified"
cancer,ICD10,C82,Follicular lymphoma
cancer,ICD10,C820,Follicular lymphoma grade I
cancer,ICD10,C821,Follicular lymphoma grade II
cancer,ICD10,C822,"Follicular lymphoma grade III, unspecified"
cancer,ICD10,C823,Follicular lymphoma grade IIIa
cancer,ICD10,C824,Follicular lymphoma grade IIIb
cancer,ICD10,C825,Diffuse follicle centre lymphoma
cancer,ICD10,C826,Cutaneous follicle centre lymphoma
cancer,ICD10,C827,Other types of follicular lymphoma
cancer,ICD10,C829,"Follicular lymphoma, unspecified"
cancer,ICD10,C83,Non-follicular lymphoma
cancer,ICD10,C830,Small cell B-cell lymphoma
cancer,ICD10,C831,Mantle cell lymphoma
cancer,ICD10,C832,"Diffuse non-Hodgkin's lymphoma, mixed small and large cell (diffuse)"
cancer,ICD10,C833,Diffuse large B-cell lymphoma
cancer,ICD10,C835,Lymphoblastic (diffuse) lymphoma
cancer,ICD10,C836,"Diffuse non-Hodgkin's lymphoma, undifferentiated (diffuse)"
cancer,ICD10,C837,Burkitt lymphoma
cancer,ICD10,C838,Other non-follicular lymphoma
cancer,ICD10,C839,"Non-follicular (diffuse) lymphoma, unspecified"
cancer,ICD10,C84,Mature T/NK-cell lymphomas
cancer,ICD10,C840,Mycosis fungoides
cancer,ICD10,C841,Sézary disease
cancer,ICD10,C842,T-zone lymphoma
cancer,ICD10,C844,"Peripheral T-cell lymphoma, not elsewhere classified"
cancer,ICD10,C845,Other mature T/NK-cell lymphomas
cancer,ICD10,C846,"Anaplastic large cell lymphoma, ALK-positive"
cancer,ICD10,C847,"Anaplastic large cell lymphoma, ALK-negative"
cancer,ICD10,C848,"Cutaneous T-cell lymphoma, unspecified"
cancer,ICD10,C849,"Mature T/NK-cell lymphoma, unspecified"
cancer,ICD10,C85,Other and unspecified types of non-Hodgkin lymphoma
cancer,ICD10,C850,Lymphosarcoma
cancer,ICD10,C851,"B-cell lymphoma, unspecified"
cancer,ICD10,C852,Mediastinal (thymic) large B-cell lymphoma
cancer,ICD10,C857,Other specified types of non-Hodgkin lymphoma
cancer,ICD10,C859,"Non-Hodgkin lymphoma, unspecified"
cancer,ICD10,C86,Other specified types of T/NK-cell lymphoma
cancer,ICD10,C860,"Extranodal NK/T-cell lymphoma, nasal type"
cancer,ICD10,C861,Hepatosplenic T-cell lymphoma
cancer,ICD10,C862,Enteropathy-type (intestinal) T-cell lymphoma
cancer,ICD10,C863,Subcutaneous panniculitis-like T-cell lymphoma
cancer,ICD10,C864,Blastic NK-cell lymphoma
cancer,ICD10,C865,Angioimmunoblastic T-cell lymphoma
cancer,ICD10,C866,Primary cutaneous CD30-positive T-cell proliferations
cancer,ICD10,C88,Malignant immunoproliferative diseases
cancer,ICD10,C880,Waldenström macroglobulinaemia
cancer,ICD10,C881,Alpha heavy chain disease
cancer,ICD10,C882,Other heavy chain disease
cancer,ICD10,C883,Immunoproliferative small intestinal disease
cancer,ICD10,C884,Extranodal marginal zone B-cell lymphoma of mucosa-associated lymphoid tissue [MALT-lyphoma]
cancer,ICD10,C887,Other malignant immunoproliferative diseases
cancer,ICD10,C889,"Malignant immunoproliferative disease, unspecified"
cancer,ICD10,C90,Multiple myeloma and malignant plasma cell neoplasms
cancer,ICD10,C900,Multiple myeloma
cancer,ICD10,C901,Plasma cell leukaemia
cancer,ICD10,C902,Extramedullary plasmacytoma
cancer,ICD10,C903,Solitary plasmacytoma
cancer,ICD10,C91,Lymphoid leukaemia
cancer,ICD10,C910,Acute lymphoblastic leukaemia [ALL]
cancer,ICD10,C911,Chronic lymphocytic leukaemia of B-cell type
cancer,ICD10,C913,Prolymphocytic leukaemia of B-cell type
cancer,ICD10,C914,Hairy-cell leukaemia
cancer,ICD10,C915,Adult T-cell lymphoma/leukaemia [HTLV-1-associated]
cancer,ICD10,C916,Prolymphocytic leukaemia of T-cell type
cancer,ICD10,C917,Other lymphoid leukaemia
cancer,ICD10,C918,Mature B-cell leukaemia Burkitt-type
cancer,ICD10,C919,"Lymphoid leukaemia, unspecified"
cancer,ICD10,C92,Myeloid leukaemia
cancer,ICD10,C920,Acute myeloblastic leukaemia [AML]
cancer,ICD10,C921,"Chronic myeloid leukaemia [CML], BCR/ABL-positive"
cancer,ICD10,C922,"Atypical chronic myeloid leukaemia, BCR/ABL- negative"
cancer,ICD10,C923,Myeloid sarcoma
cancer,ICD10,C924,Acute promyelocytic leukaemia [PML]
cancer,ICD10,C925,Acute myelomonocytic leukaemia
cancer,ICD10,C926,Acute myeloid leukaemia with 11q23-abnormality
cancer,ICD10,C927,Other myeloid leukaemia
cancer,ICD10,C928,Acute myeloid leukaemia with multilineage dysplasia
cancer,ICD10,C929,"Myeloid leukaemia, unspecified"
cancer,ICD10,C93,Monocytic leukaemia
cancer,ICD10,C930,Acute monoblastic/monocytic leukaemia
cancer,ICD10,C931,Chronic myelomonocytic leukaemia
cancer,ICD10,C933,Juvenile myelomonocytic leukaemia
cancer,ICD10,C937,Other monocytic leukaemia
cancer,ICD10,C939,"Monocytic leukaemia, unspecified"
cancer,ICD10,C94,Other leukaemias of specified cell type
cancer,ICD10,C941,Chronic leukaemia of unspecified cell type
cancer,ICD10,C940,Acute erythroid leukaemia
cancer,ICD10,C942,Acute megakaryoblastic leukaemia
cancer,ICD10,C943,Mast cell leukaemia
cancer,ICD10,C944,Acute panmyelosis with myelofibrosis
cancer,ICD10,C945,Acute myelofibrosis
cancer,ICD10,C946,"Myelodysplastic and myeloproliferative disease, not elsewhere classified"
cancer,ICD10,C947,Other specified leukaemias
cancer,ICD10,C95,Leukaemia of unspecified cell type
cancer,ICD10,C950,Acute leukaemia of unspecified cell type
cancer,ICD10,C951,Chronic leukaemia of unspecified cell type
cancer,ICD10,C957,Other leukaemia of unspecified cell type
cancer,ICD10,C959,"Leukaemia, unspecified"
cancer,ICD10,C96,"Other and unspecified malignant neoplasms of lymphoid, haematopoietic and related tissue"
cancer,ICD10,C960,Multifocal and multisystemic (disseminated) Langerhans-cell histiocytosis [Letterer-Siwe disease]
cancer,ICD10,C961,Malignant histiocytosis
cancer,ICD10,C962,Malignant mast cell tumour
cancer,ICD10,C964,Sarcoma of dendritic cells (accessory cells)
cancer,ICD10,C965,Multifocal and unisystemic Langerhans-cell histiocytosis
cancer,ICD10,C966,Unifocal Langerhans-cell histiocytosis
cancer,ICD10,C967,"Other specified malignant neoplasms of lymphoid, haematopoietic and related tissue"
cancer,ICD10,C968,Histiocytic sarcoma
cancer,ICD10,C969,"Malignant neoplasm of lymphoid, haematopoietic and related tissue, unspecified"
cancer,ICD10,C97,Malignant neoplasms of independent (primary) multiple sites
cancer,SNOMED CT,9893005,Immunodeficiency with thymoma (disorder)
cancer,SNOMED CT,16341002,Parapsoriasis lichenoides (disorder)
cancer,SNOMED CT,23833000,Poisoning caused by antineoplastic AND/OR immunosuppressive drug (disorder)
cancer,SNOMED CT,30664006,"Multiple endocrine neoplasia, type 1 (disorder)"
cancer,SNOMED CT,31047003,Lymphomatoid papulosis (disorder)
cancer,SNOMED CT,32278006,Myeloma kidney
cancer,SNOMED CT,35868009,Carcinoid syndrome (disorder)
cancer,SNOMED CT,38216008,Infusion chemotherapy for malignant neoplasm
cancer,SNOMED CT,39795003,Hand-Schuller-Christian disease (disorder)
cancer,SNOMED CT,53523003,Poisoning caused by cactinomycin (disorder)
cancer,SNOMED CT,58961005,Lethal midline granuloma (disorder)
cancer,SNOMED CT,62497000,Stewart-Treves syndrome (disorder)
cancer,SNOMED CT,65399007,Langerhans cell histiocytosis (disorder)
cancer,SNOMED CT,68979007,Heavy chain disease (disorder)
cancer,SNOMED CT,69408002,Gorlin syndrome (disorder)
cancer,SNOMED CT,71985006,Carcinomatous myopathic syndrome (disorder)
cancer,SNOMED CT,79268002,"Polyneuropathy, organomegaly, endocrinopathy, monoclonal gammopathy, and<br>skin changes syndrome (disorder)"
cancer,SNOMED CT,80914001,Anaplasia of cervix (disorder)
cancer,SNOMED CT,83270006,Neoplastic pleural effusion (disorder)
cancer,SNOMED CT,87776000,Intra-arterial infusion of antineoplastic agent (procedure)
cancer,SNOMED CT,91855006,Acute leukemia
cancer,SNOMED CT,91857003,Acute lymphoid leukemia
cancer,SNOMED CT,91861009,Acute myeloid leukemia
cancer,SNOMED CT,92754004,Carcinoma in situ of spleen (disorder)
cancer,SNOMED CT,92767001,Carcinoma in situ of thyroid gland (disorder)
cancer,SNOMED CT,92812005,Chronic leukemia
cancer,SNOMED CT,92814006,Chronic lymphoid leukemia
cancer,SNOMED CT,92818009,Chronic myeloid leukemia
cancer,SNOMED CT,93133006,Letterer-Siwe disease of intra-abdominal lymph nodes (disorder)
cancer,SNOMED CT,93135004,Letterer-Siwe disease of intrathoracic lymph nodes
cancer,SNOMED CT,93137007,"Letterer-Siwe disease of lymph nodes of head, face AND/OR neck (disorder)"
cancer,SNOMED CT,93138002,Letterer-Siwe disease of lymph nodes of inguinal region AND/OR lower limb (disorder)
cancer,SNOMED CT,93139005,Letterer-Siwe disease of lymph nodes of multiple sites
cancer,SNOMED CT,93140007,Letterer-Siwe disease of spleen (disorder)
cancer,SNOMED CT,93143009,Leukaemia
cancer,SNOMED CT,93146001,Leukemic reticuloendotheliosis of intrathoracic lymph nodes
cancer,SNOMED CT,93182006,Malignant histiocytosis of intra-abdominal lymph nodes
cancer,SNOMED CT,93183001,Malignant histiocytosis of intrapelvic lymph nodes (disorder)
cancer,SNOMED CT,93184007,Malignant histiocytosis of intrathoracic lymph nodes (disorder)
cancer,SNOMED CT,93188005,Malignant histiocytosis of lymph nodes of multiple sites (disorder)
cancer,SNOMED CT,93189002,Malignant histiocytosis of spleen (disorder)
cancer,SNOMED CT,93191005,Malignant lymphoma of intra-abdominal lymph nodes
cancer,SNOMED CT,93192003,Malignant lymphoma of intrapelvic lymph nodes
cancer,SNOMED CT,93193008,Malignant lymphoma of intrathoracic lymph nodes
cancer,SNOMED CT,93194002,Malignant lymphoma of lymph nodes of axilla AND/OR upper limb
cancer,SNOMED CT,93195001,"Malignant lymphoma of lymph nodes of head, face AND/OR neck"
cancer,SNOMED CT,93196000,Malignant lymphoma of lymph nodes of inguinal region AND/OR lower limb
cancer,SNOMED CT,93197009,Malignant lymphoma of lymph nodes of multiple sites
cancer,SNOMED CT,93198004,Malignant lymphoma of spleen
cancer,SNOMED CT,93209006,Malignant melanoma of perianal skin (disorder)
cancer,SNOMED CT,93210001,Malignant melanoma of skin of abdomen (disorder)
cancer,SNOMED CT,93217003,Malignant melanoma of skin of cheek
cancer,SNOMED CT,93223008,Malignant melanoma of skin of eyebrow
cancer,SNOMED CT,93225001,Malignant melanoma of skin of face
cancer,SNOMED CT,93230002,Malignant melanoma of skin of groin (disorder)
cancer,SNOMED CT,93451002,Erythroleukaemia
cancer,SNOMED CT,93493001,"Hodgkin's disease, lymphocytic-histiocytic predominance of intra-abdominal lymph nodes"
cancer,SNOMED CT,93494007,"Hodgkin's disease, lymphocytic-histiocytic predominance of intrapelvic lymph nodes"
cancer,SNOMED CT,93495008,"Hodgkin's disease, lymphocytic-histiocytic predominance of intrathoracic lymph nodes"
cancer,SNOMED CT,93518009,"Hodgkin's disease, nodular sclerosis of spleen (disorder)"
cancer,SNOMED CT,93520007,Hodgkin's disease of intra-abdominal lymph nodes (disorder)
cancer,SNOMED CT,93521006,Hodgkin's disease of intrapelvic lymph nodes (disorder)
cancer,SNOMED CT,93522004,Hodgkin's disease of intrathoracic lymph nodes
cancer,SNOMED CT,93523009,Hodgkin's disease of lymph nodes of axilla AND/OR upper limb
cancer,SNOMED CT,93524003,"Hodgkin's disease of lymph nodes of head, face AND/OR neck"
cancer,SNOMED CT,93525002,Hodgkin's disease of lymph nodes of inguinal region AND/OR lower limb
cancer,SNOMED CT,93526001,Hodgkin's disease of lymph nodes of multiple sites
cancer,SNOMED CT,93527005,Hodgkin's disease of spleen
cancer,SNOMED CT,93531004,Hodgkin's granuloma of intrathoracic lymph nodes (disorder)
cancer,SNOMED CT,93536009,Hodgkin's granuloma of spleen (disorder)
cancer,SNOMED CT,93541001,Hodgkin's paragranuloma of lymph nodes of axilla AND/OR upper limb (disorder)
cancer,SNOMED CT,93542008,"Hodgkin's paragranuloma of lymph nodes of head, face AND/OR neck"
cancer,SNOMED CT,93545005,Hodgkin's paragranuloma of spleen (disorder)
cancer,SNOMED CT,93547002,Hodgkin's sarcoma of intra-abdominal lymph nodes (disorder)
cancer,SNOMED CT,93549004,Hodgkin's sarcoma of intrathoracic lymph nodes (disorder)
cancer,SNOMED CT,93643005,Malignant melanoma of skin of nose
cancer,SNOMED CT,93647006,Malignant melanoma of skin of shoulder (disorder)
cancer,SNOMED CT,93651008,Malignant melanoma of skin of trunk
cancer,SNOMED CT,93655004,Malignant melanoma of skin
cancer,SNOMED CT,93661001,Primary malignant neoplasm of acromion (disorder)
cancer,SNOMED CT,93665005,Primary malignant neoplasm of adrenal gland (disorder)
cancer,SNOMED CT,93669004,Primary malignant neoplasm of anal canal (disorder)
cancer,SNOMED CT,93676009,Primary malignant neoplasm of anus (disorder)
cancer,SNOMED CT,93677000,Malignant neoplasm of aortic body
cancer,SNOMED CT,93679002,Primary malignant neoplasm of appendix (disorder)
cancer,SNOMED CT,93680004,Malignant neoplasm of areola of female breast
cancer,SNOMED CT,93681000,Malignant neoplasm of areola of male breast
cancer,SNOMED CT,93683002,Primary malignant neoplasm of ascending colon (disorder)
cancer,SNOMED CT,93687001,Primary malignant neoplasm of base of tongue (disorder)
cancer,SNOMED CT,93689003,Primary malignant neoplasm of bladder (disorder)
cancer,SNOMED CT,93725000,Malignant neoplasm of bone
cancer,SNOMED CT,93727008,Primary malignant neoplasm of brain (disorder)
cancer,SNOMED CT,93728003,Malignant neoplasm of broad ligament
cancer,SNOMED CT,93734005,Primary malignant neoplasm of bronchus (disorder)
cancer,SNOMED CT,93745008,Primary malignant neoplasm of central portion of female breast (disorder)
cancer,SNOMED CT,93746009,Malignant neoplasm of cerebellum
cancer,SNOMED CT,93753000,Primary malignant neoplasm of cheek (disorder)
cancer,SNOMED CT,93757004,Malignant neoplasm of clavicle
cancer,SNOMED CT,93759001,Malignant neoplasm of coccygeal body
cancer,SNOMED CT,93761005,Primary malignant neoplasm of colon (disorder)
cancer,SNOMED CT,93763008,Malignant neoplasm of common bile duct
cancer,SNOMED CT,93769007,Primary malignant neoplasm of cuboid (disorder)
cancer,SNOMED CT,93770008,Malignant neoplasm of cystic duct
cancer,SNOMED CT,93771007,Primary malignant neoplasm of descending colon (disorder)
cancer,SNOMED CT,93772000,Malignant neoplasm of diaphragm
cancer,SNOMED CT,93775003,Primary malignant neoplasm of duodenum (disorder)
cancer,SNOMED CT,93779009,Malignant neoplasm of endocervix
cancer,SNOMED CT,93781006,Primary malignant neoplasm of endometrium (disorder)
cancer,SNOMED CT,93782004,Primary malignant neoplasm of epicardium (disorder)
cancer,SNOMED CT,93784003,Primary malignant neoplasm of epiglottis (disorder)
cancer,SNOMED CT,93786001,Malignant neoplasm of ethmoid bone
cancer,SNOMED CT,93789008,Malignant neoplasm of exocervix
cancer,SNOMED CT,93796005,Primary malignant neoplasm of female breast (disorder)
cancer,SNOMED CT,93798006,Malignant neoplasm of femur
cancer,SNOMED CT,93799003,Malignant neoplasm of fibula
cancer,SNOMED CT,93806005,Malignant neoplasm of frontal bone
cancer,SNOMED CT,93814004,Malignant neoplasm of glomus jugulare
cancer,SNOMED CT,93817006,Malignant neoplasm of great vessels
cancer,SNOMED CT,93827000,Malignant neoplasm of hilus of lung
cancer,SNOMED CT,93833009,Malignant neoplasm of ilium
cancer,SNOMED CT,93841009,Malignant neoplasm of intrathoracic organs
cancer,SNOMED CT,93842002,Malignant neoplasm of ischium
cancer,SNOMED CT,93849006,Primary malignant neoplasm of kidney (disorder)
cancer,SNOMED CT,93870000,Malignant neoplasm of liver
cancer,SNOMED CT,93880001,Malignant neoplasm of lung
cancer,SNOMED CT,93884005,Malignant neoplasm of male breast
cancer,SNOMED CT,93888008,Malignant neoplasm of maxilla
cancer,SNOMED CT,93889000,Primary malignant neoplasm of maxillary sinus (disorder)
cancer,SNOMED CT,93916003,Malignant neoplasm of nasal bone
cancer,SNOMED CT,93924008,Malignant neoplasm of nipple of female breast
cancer,SNOMED CT,93925009,Malignant neoplasm of nipple of male breast
cancer,SNOMED CT,93927001,Malignant neoplasm of occipital bone
cancer,SNOMED CT,93933005,Primary malignant neoplasm of oropharynx (disorder)
cancer,SNOMED CT,93934004,Primary malignant neoplasm of ovary (disorder)
cancer,SNOMED CT,93941005,Malignant neoplasm of paraganglion
cancer,SNOMED CT,93945001,Malignant neoplasm of parietal bone
cancer,SNOMED CT,93947009,Malignant neoplasm of parietal peritoneum
cancer,SNOMED CT,93950007,Primary malignant neoplasm of patella (disorder)
cancer,SNOMED CT,93952004,Malignant neoplasm of pelvic peritoneum
cancer,SNOMED CT,93955002,Primary malignant neoplasm of periadrenal tissue (disorder)
cancer,SNOMED CT,93956001,Primary malignant neoplasm of perianal skin (disorder)
cancer,SNOMED CT,93957005,Malignant neoplasm of pericardium
cancer,SNOMED CT,93961004,Primary malignant neoplasm of pharynx (disorder)
cancer,SNOMED CT,93973004,Malignant neoplasm of presacral region
cancer,SNOMED CT,93974005,Primary malignant neoplasm of prostate (disorder)
cancer,SNOMED CT,93975006,Malignant neoplasm of pubis
cancer,SNOMED CT,93979000,Malignant neoplasm of radius
cancer,SNOMED CT,93980002,Primary malignant neoplasm of rectosigmoid junction (disorder)
cancer,SNOMED CT,93984006,Primary malignant neoplasm of rectum (disorder)
cancer,SNOMED CT,93985007,Primary malignant neoplasm of renal pelvis (disorder)
cancer,SNOMED CT,93986008,Malignant neoplasm of respiratory tract
cancer,SNOMED CT,93990005,Malignant neoplasm of rib
cancer,SNOMED CT,93995000,Primary malignant neoplasm of sacrococcygeal region (disorder)
cancer,SNOMED CT,93997008,Malignant neoplasm of scapula
cancer,SNOMED CT,94000008,Primary malignant neoplasm of sebaceous gland (disorder)
cancer,SNOMED CT,94006002,Primary malignant neoplasm of sigmoid colon (disorder)
cancer,SNOMED CT,94066004,Malignant neoplasm of sphenoid bone
cancer,SNOMED CT,94073009,Malignant neoplasm of sternum
cancer,SNOMED CT,94081005,Primary malignant neoplasm of sweat gland (disorder)
cancer,SNOMED CT,94083008,Malignant neoplasm of talus
cancer,SNOMED CT,94085001,Malignant neoplasm of temporal bone
cancer,SNOMED CT,94087009,Primary malignant neoplasm of testis (disorder)
cancer,SNOMED CT,94096009,Primary malignant neoplasm of thymus (disorder)
cancer,SNOMED CT,94098005,Primary malignant neoplasm of thyroid gland (disorder)
cancer,SNOMED CT,94099002,Malignant neoplasm of tibia
cancer,SNOMED CT,94101009,Primary malignant neoplasm of tongue (disorder)
cancer,SNOMED CT,94102002,Primary malignant neoplasm of tonsillar fossa (disorder)
cancer,SNOMED CT,94105000,Primary malignant neoplasm of transverse colon (disorder)
cancer,SNOMED CT,94112009,Malignant neoplasm of ulna
cancer,SNOMED CT,94125001,Primary malignant neoplasm of urinary system (disorder)
cancer,SNOMED CT,94134006,Malignant neoplasm of ventral surface of tongue
cancer,SNOMED CT,94142007,Malignant neoplasm of vomer
cancer,SNOMED CT,94143002,Primary malignant neoplasm of vulva (disorder)
cancer,SNOMED CT,94145009,Malignant neoplasm of zygomatic bone
cancer,SNOMED CT,94161006,Secondary malignant neoplasm of adrenal gland
cancer,SNOMED CT,94180008,Secondary malignant neoplasm of axilla (disorder)
cancer,SNOMED CT,94181007,Secondary malignant neoplasm of axillary lymph nodes
cancer,SNOMED CT,94186002,Secondary malignant neoplasm of bladder
cancer,SNOMED CT,94217008,Secondary malignant neoplasm of bone marrow (disorder)
cancer,SNOMED CT,94220000,Secondary malignant neoplasm of bone of skull (disorder)
cancer,SNOMED CT,94222008,Secondary malignant neoplasm of bone
cancer,SNOMED CT,94225005,Secondary malignant neoplasm of brain
cancer,SNOMED CT,94227002,Secondary malignant neoplasm of bronchopulmonary lymph nodes
cancer,SNOMED CT,94230009,Secondary malignant neoplasm of bronchus of right lower lobe (disorder)
cancer,SNOMED CT,94233006,Secondary malignant neoplasm of bronchus (disorder)
cancer,SNOMED CT,94235004,Secondary malignant neoplasm of cecum (disorder)
cancer,SNOMED CT,94243009,Secondary malignant neoplasm of central nervous system (disorder)
cancer,SNOMED CT,94246001,Secondary malignant neoplasm of cerebral meninges (disorder)
cancer,SNOMED CT,94248000,Secondary malignant neoplasm of cerebrum
cancer,SNOMED CT,94253005,Secondary malignant neoplasm of chest wall (disorder)
cancer,SNOMED CT,94254004,Secondary malignant neoplasm of choroid (disorder)
cancer,SNOMED CT,94260004,Secondary malignant neoplasm of colon
cancer,SNOMED CT,94264008,Secondary malignant neoplasm of soft tissues (disorder)
cancer,SNOMED CT,94274006,Secondary malignant neoplasm of thoracic vertebral column (disorder)
cancer,SNOMED CT,94275007,Secondary malignant neoplasm of duodenum
cancer,SNOMED CT,94280003,Secondary malignant neoplasm of endocrine gland (disorder)
cancer,SNOMED CT,94281004,Secondary malignant neoplasm of endometrium (disorder)
cancer,SNOMED CT,94286009,Secondary malignant neoplasm of esophagus (disorder)
cancer,SNOMED CT,94292003,Secondary malignant neoplasm of eye (disorder)
cancer,SNOMED CT,94297009,Secondary malignant neoplasm of female breast
cancer,SNOMED CT,94298004,Secondary malignant neoplasm of female genital organ (disorder)
cancer,SNOMED CT,94300004,Secondary malignant neoplasm of femur (disorder)
cancer,SNOMED CT,94312000,Secondary malignant neoplasm of gallbladder (disorder)
cancer,SNOMED CT,94313005,Secondary malignant neoplasm of gastrointestinal tract
cancer,SNOMED CT,94326009,Secondary malignant neoplasm of head (disorder)
cancer,SNOMED CT,94327000,Secondary malignant neoplasm of heart (disorder)
cancer,SNOMED CT,94335002,Secondary malignant neoplasm of ileum
cancer,SNOMED CT,94336001,Secondary malignant neoplasm of iliac lymph nodes
cancer,SNOMED CT,94338000,Secondary malignant neoplasm of infraclavicular lymph nodes
cancer,SNOMED CT,94344001,Secondary malignant neoplasm of intercostal lymph nodes (disorder)
cancer,SNOMED CT,94347008,Secondary malignant neoplasm of intra-abdominal lymph nodes
cancer,SNOMED CT,94350006,Secondary malignant neoplasm of intrapelvic lymph nodes
cancer,SNOMED CT,94351005,Secondary malignant neoplasm of intrathoracic lymph nodes
cancer,SNOMED CT,94357009,Secondary malignant neoplasm of jejunum (disorder)
cancer,SNOMED CT,94360002,Secondary malignant neoplasm of kidney
cancer,SNOMED CT,94365007,Secondary malignant neoplasm of large intestine
cancer,SNOMED CT,94376006,Secondary malignant neoplasm of left upper lobe of lung (disorder)
cancer,SNOMED CT,94381002,Secondary malignant neoplasm of liver
cancer,SNOMED CT,94389000,Secondary malignant neoplasm of lumbar vertebral column (disorder)
cancer,SNOMED CT,94391008,Secondary malignant neoplasm of lung
cancer,SNOMED CT,94392001,Secondary malignant neoplasm of lymph node
cancer,SNOMED CT,94393006,Secondary malignant neoplasm of lymph nodes of face
cancer,SNOMED CT,94395004,Secondary malignant neoplasm of lymph nodes of lower limb
cancer,SNOMED CT,94396003,Secondary malignant neoplasm of lymph nodes of multiple sites
cancer,SNOMED CT,94397007,Secondary malignant neoplasm of lymph nodes of neck (disorder)
cancer,SNOMED CT,94398002,Secondary malignant neoplasm of lymph nodes of upper limb
cancer,SNOMED CT,94402006,Secondary malignant neoplasm of male genital organ (disorder)
cancer,SNOMED CT,94408005,Secondary malignant neoplasm of mediastinal lymph nodes
cancer,SNOMED CT,94409002,Secondary malignant neoplasm of mediastinum
cancer,SNOMED CT,94410007,Secondary malignant neoplasm of mesenteric lymph nodes
cancer,SNOMED CT,94416001,Secondary malignant neoplasm of mouth (disorder)
cancer,SNOMED CT,94418000,Secondary malignant neoplasm of muscle of abdomen (disorder)
cancer,SNOMED CT,94432003,Secondary malignant neoplasm of muscle (disorder)
cancer,SNOMED CT,94442001,Secondary malignant neoplasm of nervous system
cancer,SNOMED CT,94446003,Secondary malignant neoplasm of obturator lymph nodes (disorder)
cancer,SNOMED CT,94449005,Secondary malignant neoplasm of occipital lymph nodes
cancer,SNOMED CT,94453007,Secondary malignant neoplasm of orbit proper (disorder)
cancer,SNOMED CT,94454001,Secondary malignant neoplasm of oropharynx (disorder)
cancer,SNOMED CT,94455000,Secondary malignant neoplasm of ovary
cancer,SNOMED CT,94459006,Secondary malignant neoplasm of pancreas (disorder)
cancer,SNOMED CT,94460001,Secondary malignant neoplasm of pancreatic duct (disorder)
cancer,SNOMED CT,94475009,Secondary malignant neoplasm of parotid lymph nodes
cancer,SNOMED CT,94477001,Secondary malignant neoplasm of pectoral axillary lymph nodes
cancer,SNOMED CT,94478006,Secondary malignant neoplasm of pelvic bone (disorder)
cancer,SNOMED CT,94480000,Secondary malignant neoplasm of pelvis (disorder)
cancer,SNOMED CT,94481001,Secondary malignant neoplasm of penis
cancer,SNOMED CT,94491007,Secondary malignant neoplasm of pituitary gland (disorder)
cancer,SNOMED CT,94493005,Secondary malignant neoplasm of pleura
cancer,SNOMED CT,94494004,Secondary malignant neoplasm of popliteal lymph nodes (disorder)
cancer,SNOMED CT,94503003,Secondary malignant neoplasm of prostate
cancer,SNOMED CT,94513006,Secondary malignant neoplasm of rectum
cancer,SNOMED CT,94514000,Secondary malignant neoplasm of renal pelvis (disorder)
cancer,SNOMED CT,94515004,Secondary malignant neoplasm of respiratory tract
cancer,SNOMED CT,94521000,Secondary malignant neoplasm of rib (disorder)
cancer,SNOMED CT,94527001,Secondary malignant neoplasm of sacrum (disorder)
cancer,SNOMED CT,94531007,Secondary malignant neoplasm of scrotum (disorder)
cancer,SNOMED CT,94537006,Secondary malignant neoplasm of shoulder (disorder)
cancer,SNOMED CT,94538001,Secondary malignant neoplasm of sigmoid colon (disorder)
cancer,SNOMED CT,94544002,Secondary malignant neoplasm of skin of breast
cancer,SNOMED CT,94554003,Secondary malignant neoplasm of skin of face
cancer,SNOMED CT,94566009,Secondary malignant neoplasm of skin of neck
cancer,SNOMED CT,94575006,Secondary malignant neoplasm of skin of trunk
cancer,SNOMED CT,94579000,Secondary malignant neoplasm of skin
cancer,SNOMED CT,94580002,Secondary malignant neoplasm of small intestine
cancer,SNOMED CT,94582005,Secondary malignant neoplasm of soft tissues of abdomen (disorder)
cancer,SNOMED CT,94597008,Secondary malignant neoplasm of spermatic cord (disorder)
cancer,SNOMED CT,94600009,Secondary malignant neoplasm of spinal cord
cancer,SNOMED CT,94602001,Secondary malignant neoplasm of vertebral column
cancer,SNOMED CT,94603006,Secondary malignant neoplasm of spleen (disorder)
cancer,SNOMED CT,94604000,Secondary malignant neoplasm of splenic flexure of colon (disorder)
cancer,SNOMED CT,94606003,Secondary malignant neoplasm of stomach (disorder)
cancer,SNOMED CT,94609005,Secondary malignant neoplasm of submandibular lymph nodes
cancer,SNOMED CT,94611001,Secondary malignant neoplasm of submental lymph nodes
cancer,SNOMED CT,94612008,Secondary malignant neoplasm of superficial inguinal lymph nodes
cancer,SNOMED CT,94623007,Secondary malignant neoplasm of testis
cancer,SNOMED CT,94626004,Secondary malignant neoplasm of omentum (disorder)
cancer,SNOMED CT,94627008,Secondary malignant neoplasm of the peritoneum
cancer,SNOMED CT,94628003,Secondary malignant neoplasm of the retroperitoneum
cancer,SNOMED CT,94632009,Secondary malignant neoplasm of thymus (disorder)
cancer,SNOMED CT,94634005,Secondary malignant neoplasm of thyroid gland (disorder)
cancer,SNOMED CT,94638008,Secondary malignant neoplasm of tongue
cancer,SNOMED CT,94641004,Secondary malignant neoplasm of trachea (disorder)
cancer,SNOMED CT,94642006,Secondary malignant neoplasm of tracheobronchial lymph nodes
cancer,SNOMED CT,94659001,Secondary malignant neoplasm of ureter
cancer,SNOMED CT,94661005,Secondary malignant neoplasm of urethra
cancer,SNOMED CT,94663008,Secondary malignant neoplasm of urinary system
cancer,SNOMED CT,94665001,Secondary malignant neoplasm of uterus
cancer,SNOMED CT,94668004,Secondary malignant neoplasm of vagina
cancer,SNOMED CT,94681006,Secondary malignant neoplasm of vulva
cancer,SNOMED CT,94709001,Mycosis fungoides of intrathoracic lymph nodes (disorder)
cancer,SNOMED CT,94710006,Mycosis fungoides of lymph nodes of axilla AND/OR upper limb
cancer,SNOMED CT,94711005,"Mycosis fungoides of lymph nodes of head, face AND/OR neck (disorder)"
cancer,SNOMED CT,94712003,Mycosis fungoides of lymph nodes of inguinal region AND/OR lower limb
cancer,SNOMED CT,94719007,Myeloid sarcoma
cancer,SNOMED CT,95111006,Neoplasm of uncertain behavior of spleen (disorder)
cancer,SNOMED CT,95186006,Nodular lymphoma of intra-abdominal lymph nodes
cancer,SNOMED CT,95188007,Nodular lymphoma of intrathoracic lymph nodes (disorder)
cancer,SNOMED CT,95192000,Nodular lymphoma of lymph nodes of multiple sites
cancer,SNOMED CT,95193005,Nodular lymphoma of spleen (disorder)
cancer,SNOMED CT,95210003,Plasma cell leukemia
cancer,SNOMED CT,95214007,Primary malignant neoplasm of liver
cancer,SNOMED CT,95224004,Reticulosarcoma of intra-abdominal lymph nodes
cancer,SNOMED CT,95231000,Reticulosarcoma of spleen
cancer,SNOMED CT,95263006,Sezary's disease of spleen (disorder)
cancer,SNOMED CT,109264009,Overlapping malignant neoplasm of skin
cancer,SNOMED CT,109267002,Overlapping malignant melanoma of skin
cancer,SNOMED CT,109347009,Overlapping malignant neoplasm of bone and articular cartilage
cancer,SNOMED CT,109348004,Overlapping malignant neoplasm of bone and articular cartilage of limbs (disorder)
cancer,SNOMED CT,109358000,Overlapping malignant neoplasm of ill-defined site
cancer,SNOMED CT,109367000,Overlapping malignant neoplasm of nasopharynx
cancer,SNOMED CT,109368005,Overlapping malignant neoplasm of hypopharynx (disorder)
cancer,SNOMED CT,109369002,Overlapping malignant neoplasm of larynx
cancer,SNOMED CT,109371002,Overlapping malignant neoplasm of bronchus and lung
cancer,SNOMED CT,109378008,Mesothelioma (malignant)(clinical)
cancer,SNOMED CT,109383000,Mesothelioma of pericardium
cancer,SNOMED CT,109384006,"Overlapping malignant neoplasm of heart, mediastinum and pleura"
cancer,SNOMED CT,109385007,Kaposi's sarcoma (clinical)
cancer,SNOMED CT,109386008,Kaposi's sarcoma of skin (disorder)
cancer,SNOMED CT,109388009,Kaposi's sarcoma of palate
cancer,SNOMED CT,109391009,Kaposi's sarcoma of lymph nodes
cancer,SNOMED CT,109392002,Kaposi's sarcoma of multiple organs
cancer,SNOMED CT,109823006,Overlapping malignant neoplasm of tongue
cancer,SNOMED CT,109824000,Overlapping malignant neoplasm of major salivary gland (disorder)
cancer,SNOMED CT,109830000,Overlapping malignant neoplasm of floor of mouth
cancer,SNOMED CT,109835005,Overlapping malignant neoplasm of esophagus
cancer,SNOMED CT,109836006,Overlapping malignant neoplasm of stomach
cancer,SNOMED CT,109837002,Overlapping malignant neoplasm of small intestine
cancer,SNOMED CT,109841003,Liver cell carcinoma (clinical)
cancer,SNOMED CT,109842005,Intrahepatic bile duct carcinoma (disorder)
cancer,SNOMED CT,109843000,Hepatoblastoma (clinical)
cancer,SNOMED CT,109844006,Angiosarcoma of liver
cancer,SNOMED CT,109847004,Overlapping malignant neoplasm of biliary tract
cancer,SNOMED CT,109848009,Overlapping malignant neoplasm of pancreas
cancer,SNOMED CT,109853004,Mesothelioma of peritoneum
cancer,SNOMED CT,109874003,Overlapping malignant neoplasm of male genital organs
cancer,SNOMED CT,109875002,Overlapping malignant neoplasm of penis
cancer,SNOMED CT,109876001,Malignant neoplasm of descended testis
cancer,SNOMED CT,109878000,Overlapping malignant neoplasm of female genital organs
cancer,SNOMED CT,109885001,Overlapping malignant neoplasm of vulva
cancer,SNOMED CT,109911004,Overlapping malignant neoplasm of brain and other parts of the central nervous system
cancer,SNOMED CT,109912006,Overlapping malignant neoplasm of brain
cancer,SNOMED CT,109919002,Overlapping malignant neoplasm of peripheral nerves and autonomic nervous system
cancer,SNOMED CT,109948008,Overlapping malignant neoplasm of eye and adnexa (primary)
cancer,SNOMED CT,109962001,Diffuse non-Hodgkin's lymphoma
cancer,SNOMED CT,109965004,"Diffuse non-Hodgkin's lymphoma, lymphoblastic (clinical)"
cancer,SNOMED CT,109966003,"Diffuse non-Hodgkin's lymphoma, immunoblastic (clinical)"
cancer,SNOMED CT,109969005,"Diffuse non-Hodgkin's lymphoma, large cell (clinical)"
cancer,SNOMED CT,109975001,T-zone lymphoma (clinical)
cancer,SNOMED CT,109976000,Lymphoepithelioid lymphoma (clinical)
cancer,SNOMED CT,109977009,Peripheral T-cell lymphoma (clinical)
cancer,SNOMED CT,109978004,T-cell lymphoma (clinical)
cancer,SNOMED CT,109979007,B-cell lymphoma (clinical)
cancer,SNOMED CT,109980005,Malignant immunoproliferative disease (clinical)
cancer,SNOMED CT,109982002,Alpha heavy chain disease (disorder)
cancer,SNOMED CT,109984001,Gamma heavy chain disease (disorder)
cancer,SNOMED CT,109988003,True histiocytic lymphoma (clinical)
cancer,SNOMED CT,109989006,Multiple myeloma (clinical)
cancer,SNOMED CT,109991003,Acute myelofibrosis (clinical)
cancer,SNOMED CT,109992005,Vaquez's disease
cancer,SNOMED CT,109994006,Essential thrombocythemia (disorder)
cancer,SNOMED CT,109996008,"Myelodysplastic syndrome: Refractory anemia, without ringed sideroblasts, without excess blasts (disorder)"
cancer,SNOMED CT,109998009,Refractory anemia with ringed sideroblasts (disorder)
cancer,SNOMED CT,110000005,Refractory anemia with excess blasts in transformation (disorder)
cancer,SNOMED CT,110002002,Mast cell leukemia (clinical)
cancer,SNOMED CT,110004001,Acute promyelocytic leukaemia (clinical)
cancer,SNOMED CT,110005000,Acute myelomonocytic leukaemia (clinical)
cancer,SNOMED CT,110006004,Prolymphocytic leukemia (clinical)
cancer,SNOMED CT,110007008,Adult T-cell leukemia/lymphoma (disorder)
cancer,SNOMED CT,110013004,Overlapping malignant neoplasm of tonsil
cancer,SNOMED CT,118599009,Hodgkin's disease (clinical)
cancer,SNOMED CT,118600007,Lymphoma (clinical)
cancer,SNOMED CT,118601006,Non-Hodgkin's lymphoma (clinical)
cancer,SNOMED CT,118602004,Hodgkin's granuloma (clinical)
cancer,SNOMED CT,118605002,Hodgkin's paragranuloma (clinical)
cancer,SNOMED CT,118606001,Hodgkin's sarcoma (clinical)
cancer,SNOMED CT,118607005,"Hodgkin's disease, lymphocytic-histiocytic predominance (clinical)"
cancer,SNOMED CT,118608000,"Hodgkin's disease, nodular sclerosis (clinical)"
cancer,SNOMED CT,118609008,"Hodgkin's disease, mixed cellularity (clinical)"
cancer,SNOMED CT,118610003,"Hodgkin's disease, lymphocytic depletion (clinical)"
cancer,SNOMED CT,118611004,Sezary's disease (clinical)
cancer,SNOMED CT,118612006,Malignant histiocytosis (clinical)
cancer,SNOMED CT,118613001,Leukemic reticuloendotheliosis (clinical) [obs]
cancer,SNOMED CT,118614007,Letterer-Siwe disease (clinical)
cancer,SNOMED CT,118615008,Malignant mast cell tumor (clinical)
cancer,SNOMED CT,118617000,Burkitt's lymphoma (clinical)
cancer,SNOMED CT,118618005,Mycosis fungoides (clinical)
cancer,SNOMED CT,123845008,Adenocarcinoma of endometrium (disorder)
cancer,SNOMED CT,127225006,Chronic myelomonocytic leukemia
cancer,SNOMED CT,127230005,Neoplasm of spleen (disorder)
cancer,SNOMED CT,128462008,Metastatic neoplasm (disease)
cancer,SNOMED CT,128875000,Primary cutaneous CD30 antigen positive large T-cell lymphoma (disorder)
cancer,SNOMED CT,129000002,"Langerhans cell histiocytosis, unifocal (disorder)"
cancer,SNOMED CT,134421000,Pathological fracture due to metastatic bone disease
cancer,SNOMED CT,161436008,H/O: * leukemia
cancer,SNOMED CT,169396008,Radiomimetic chemotherapy (procedure)
cancer,SNOMED CT,169397004,Radiochemotherapy: local infiltration (procedure)
cancer,SNOMED CT,169398009,Radiochemotherapy: to stop spread (procedure)
cancer,SNOMED CT,169399001,Radiochemotherapy: oral route (procedure)
cancer,SNOMED CT,169400008,Radiochemotherapy via intravenous route (procedure)
cancer,SNOMED CT,169401007,Radiochemotherapy: for immunosuppression (procedure)
cancer,SNOMED CT,169402000,Radiochemotherapy: local artery (procedure)
cancer,SNOMED CT,169403005,Radiochemotherapy: into cavity (procedure)
cancer,SNOMED CT,187601000,"Malignant neoplasm of upper lip, lipstick area"
cancer,SNOMED CT,187604008,"Malignant neoplasm of lower lip, external"
cancer,SNOMED CT,187606005,Malignant tumour of oral aspect of upper lip
cancer,SNOMED CT,187613005,"Malignant neoplasm of lower lip, buccal aspect"
cancer,SNOMED CT,187614004,Malignant tumor of frenum of lower lip
cancer,SNOMED CT,187622006,Malignant tumor of labial mucosa
cancer,SNOMED CT,187624007,Malignant neoplasm of overlapping lesion of lip
cancer,SNOMED CT,187631006,Malignant neoplasm of base of tongue dorsal surface
cancer,SNOMED CT,187633009,Malignant neoplasm of dorsal surface of tongue
cancer,SNOMED CT,187634003,Malignant tumor of anterior two-thirds of tongue - dorsal surface (disorder)
cancer,SNOMED CT,187635002,Malignant neoplasm of midline of tongue (disorder)
cancer,SNOMED CT,187637005,"Malignant neoplasm of tongue, tip and lateral border"
cancer,SNOMED CT,187640005,Malignant neoplasm of anterior 2/3 of tongue ventral surface
cancer,SNOMED CT,187641009,Malignant tumor of frenum linguae
cancer,SNOMED CT,187644001,Malignant tumour of junctional zone of tongue
cancer,SNOMED CT,187652003,Malignant tumour of anterior floor of mouth
cancer,SNOMED CT,187653008,Malignant neoplasm of lateral portion of floor of mouth
cancer,SNOMED CT,187658004,Malignant tumour of vestibule of mouth
cancer,SNOMED CT,187659007,Malignant neoplasm of upper buccal sulcus
cancer,SNOMED CT,187660002,Malignant tumor of lower buccal sulcus
cancer,SNOMED CT,187662005,Malignant tumor of lower labial sulcus (disorder)
cancer,SNOMED CT,187666008,Malignant neoplasm of junction of hard and soft palate
cancer,SNOMED CT,187675005,Malignant tumour of palatopharyngeal arch
cancer,SNOMED CT,187681002,Malignant neoplasm of anterior epiglottis
cancer,SNOMED CT,187682009,"Malignant neoplasm of epiglottis, free border"
cancer,SNOMED CT,187683004,Malignant neoplasm of glossoepiglottic fold
cancer,SNOMED CT,187685006,Malignant neoplasm of junctional region of epiglottis
cancer,SNOMED CT,187688008,Malignant tumour of posterior wall of oropharynx
cancer,SNOMED CT,187692001,Malignant tumor of epipharynx
cancer,SNOMED CT,187693006,Malignant tumour of posterior wall of nasopharynx
cancer,SNOMED CT,187694000,Malignant tumor of adenoid
cancer,SNOMED CT,187697007,Malignant tumour of fossa of Rosenmuller
cancer,SNOMED CT,187698002,Malignant tumor of opening of auditory tube (disorder)
cancer,SNOMED CT,187700006,Malignant tumor of anterior wall of nasopharynx
cancer,SNOMED CT,187701005,Malignant neoplasm of floor of nasopharynx (disorder)
cancer,SNOMED CT,187702003,Malignant tumor of nasopharyngeal soft palate surface (disorder)
cancer,SNOMED CT,187708004,Malignant tumor aryepiglottic fold - hypopharyngeal aspect
cancer,SNOMED CT,187709007,Malignant neoplasm of posterior pharynx
cancer,SNOMED CT,187716008,Malignant tumour of Waldeyer's ring
cancer,SNOMED CT,187722004,Malignant tumour of cervical part of oesophagus
cancer,SNOMED CT,187723009,Malignant neoplasm of thoracic esophagus
cancer,SNOMED CT,187724003,Malignant tumour of abdominal part of oesophagus
cancer,SNOMED CT,187725002,Malignant neoplasm of upper third of esophagus
cancer,SNOMED CT,187726001,Malignant tumor of middle third of esophagus
cancer,SNOMED CT,187727005,Malignant neoplasm of lower third of oesophagus
cancer,SNOMED CT,187732006,Malignant neoplasm of cardia of stomach
cancer,SNOMED CT,187733001,Malignant neoplasm of cardiac orifice of stomach
cancer,SNOMED CT,187734007,Malignant neoplasm of cardio-esophageal junction of stomach
cancer,SNOMED CT,187736009,Malignant tumor of pylorus
cancer,SNOMED CT,187738005,Malignant neoplasm of pyloric canal of stomach
cancer,SNOMED CT,187740000,Malignant tumor of pyloric antrum
cancer,SNOMED CT,187741001,Malignant tumour of fundus of stomach
cancer,SNOMED CT,187742008,Malignant tumor of body of stomach
cancer,SNOMED CT,187752007,Malignant tumor of Meckel's diverticulum
cancer,SNOMED CT,187757001,"Malignant neoplasm, overlapping lesion of colon"
cancer,SNOMED CT,187760008,"Malignant neoplasm of rectum, rectosigmoid junction and anus"
cancer,SNOMED CT,187767006,Malignant neoplasm of liver and intrahepatic bile ducts
cancer,SNOMED CT,187769009,Primary carcinoma of liver
cancer,SNOMED CT,187773007,Malignant neoplasm of interlobular bile ducts
cancer,SNOMED CT,187776004,Malignant neoplasm of intrahepatic canaliculi (disorder)
cancer,SNOMED CT,187777008,Malignant neoplasm of intrahepatic gall duct
cancer,SNOMED CT,187784000,Malignant neoplasm of hepatic duct
cancer,SNOMED CT,187786003,Malignant neoplasm of sphincter of Oddi (disorder)
cancer,SNOMED CT,187791002,Malignant tumor of body of pancreas
cancer,SNOMED CT,187792009,Malignant tumour of tail of pancreas
cancer,SNOMED CT,187793004,Malignant tumor of pancreatic duct
cancer,SNOMED CT,187794005,Malignant tumour of Islets of Langerhans
cancer,SNOMED CT,187798008,Malignant neoplasm of ectopic pancreatic tissue
cancer,SNOMED CT,187801002,Malignant tumour of peritoneum and retroperitoneum
cancer,SNOMED CT,187803004,Malignant neoplasm of perinephric tissue
cancer,SNOMED CT,187804005,Malignant neoplasm of retrocaecal tissue
cancer,SNOMED CT,187807003,Overlapping malignant lesion of retroperitoneum and peritoneum
cancer,SNOMED CT,187808008,Malignant neoplasm of specified parts of peritoneum
cancer,SNOMED CT,187809000,Malignant neoplasm of mesocolon (disorder)
cancer,SNOMED CT,187811009,Malignant neoplasm of mesorectum
cancer,SNOMED CT,187814001,Malignant neoplasm of the pouch of Douglas
cancer,SNOMED CT,187821001,Angiosarcoma of spleen (disorder)
cancer,SNOMED CT,187822008,Fibrosarcoma of spleen
cancer,SNOMED CT,187824009,"Malignant neoplasm, overlapping lesion of digestive system"
cancer,SNOMED CT,187828007,"Malignant neoplasm of nasal cavities, middle ear and accessory sinuses"
cancer,SNOMED CT,187829004,Malignant neoplasm of cartilage of nose
cancer,SNOMED CT,187830009,Malignant neoplasm of nasal conchae
cancer,SNOMED CT,187831008,Malignant tumour of nasal vestibule
cancer,SNOMED CT,187833006,"Malignant neoplasm of auditory tube, middle ear and mastoid air cells"
cancer,SNOMED CT,187834000,Malignant tumor of Eustachian tube (disorder)
cancer,SNOMED CT,187835004,Malignant tumour of tympanic cavity
cancer,SNOMED CT,187836003,Malignant tumor of tympanic antrum
cancer,SNOMED CT,187838002,"Malignant neoplasm, overlapping lesion of accessory sinuses"
cancer,SNOMED CT,187841006,Malignant tumor of glottis
cancer,SNOMED CT,187842004,Malignant tumour of supraglottis
cancer,SNOMED CT,187843009,Malignant neoplasm of arytenoid cartilage
cancer,SNOMED CT,187844003,Malignant neoplasm of cricoid cartilage
cancer,SNOMED CT,187845002,Malignant neoplasm of cuneiform cartilage (disorder)
cancer,SNOMED CT,187846001,Malignant neoplasm of thyroid cartilage
cancer,SNOMED CT,187853005,Malignant neoplasm of cartilage of trachea (disorder)
cancer,SNOMED CT,187854004,Malignant neoplasm of mucosa of trachea
cancer,SNOMED CT,187857006,Malignant neoplasm of carina of bronchus
cancer,SNOMED CT,187861000,Malignant neoplasm of upper lobe bronchus
cancer,SNOMED CT,187862007,Malignant neoplasm of upper lobe of lung
cancer,SNOMED CT,187864008,"Malignant neoplasm of middle lobe, bronchus or lung"
cancer,SNOMED CT,187865009,Malignant neoplasm of middle lobe bronchus
cancer,SNOMED CT,187866005,Malignant neoplasm of middle lobe of lung
cancer,SNOMED CT,187868006,"Malignant neoplasm of lower lobe, bronchus or lung"
cancer,SNOMED CT,187869003,Malignant neoplasm of lower lobe bronchus
cancer,SNOMED CT,187870002,Malignant neoplasm of lower lobe of lung
cancer,SNOMED CT,187881004,"Malignant neoplasm of thymus, heart and mediastinum"
cancer,SNOMED CT,187900002,Malignant neoplasm of bones of skull and face
cancer,SNOMED CT,187903000,Malignant neoplasm of malar bone
cancer,SNOMED CT,187906008,Malignant neoplasm of orbital bone
cancer,SNOMED CT,187916000,Malignant neoplasm of cervical vertebra
cancer,SNOMED CT,187917009,Malignant neoplasm of thoracic vertebra
cancer,SNOMED CT,187918004,Malignant neoplasm of lumbar vertebra
cancer,SNOMED CT,187920001,"Malignant neoplasm of ribs, sternum and clavicle"
cancer,SNOMED CT,187925006,Malignant neoplasm of costal cartilage
cancer,SNOMED CT,187926007,Malignant neoplasm of costovertebral joint
cancer,SNOMED CT,187927003,Malignant neoplasm of xiphoid process
cancer,SNOMED CT,187929000,Malignant neoplasm of scapula and long bones of upper arm
cancer,SNOMED CT,187932002,Malignant neoplasm of humerus
cancer,SNOMED CT,187937008,Malignant neoplasm of carpal bone - scaphoid
cancer,SNOMED CT,187938003,Malignant neoplasm of carpal bone - lunate
cancer,SNOMED CT,187940008,Malignant neoplasm of carpal bone - pisiform (disorder)
cancer,SNOMED CT,187941007,Malignant neoplasm of carpal bone - trapezium (disorder)
cancer,SNOMED CT,187944004,Malignant neoplasm of carpal bone - hamate (disorder)
cancer,SNOMED CT,187945003,Malignant neoplasm of first metacarpal bone (disorder)
cancer,SNOMED CT,187946002,Malignant neoplasm of second metacarpal bone (disorder)
cancer,SNOMED CT,187947006,Malignant neoplasm of third metacarpal bone (disorder)
cancer,SNOMED CT,187948001,Malignant neoplasm of fourth metacarpal bone (disorder)
cancer,SNOMED CT,187949009,Malignant neoplasm of fifth metacarpal bone
cancer,SNOMED CT,187950009,Malignant neoplasm of phalanges of hand
cancer,SNOMED CT,187952001,"Malignant neoplasm of pelvic bones, sacrum and coccyx"
cancer,SNOMED CT,187956003,Malignant neoplasm of sacral vertebra
cancer,SNOMED CT,187957007,Malignant neoplasm of coccygeal vertebra
cancer,SNOMED CT,187967002,Malignant neoplasm of calcaneum
cancer,SNOMED CT,187968007,Malignant neoplasm of medial cuneiform
cancer,SNOMED CT,187973001,Malignant neoplasm of first metatarsal bone
cancer,SNOMED CT,187975008,Malignant neoplasm of third metatarsal bone (disorder)
cancer,SNOMED CT,187976009,Malignant neoplasm of fourth metatarsal bone
cancer,SNOMED CT,187977000,Malignant neoplasm of fifth metatarsal bone (disorder)
cancer,SNOMED CT,187978005,Malignant neoplasm of phalanges of foot
cancer,SNOMED CT,187987001,Malignant neoplasm of cartilage of ear
cancer,SNOMED CT,187988006,Malignant neoplasm of tarsus of eyelid
cancer,SNOMED CT,187989003,Malignant neoplasm soft tissues of cervical spine (disorder)
cancer,SNOMED CT,187991006,Malignant neoplasm of connective and soft tissue of upper limb and shoulder
cancer,SNOMED CT,187992004,Malignant neoplasm of connective and soft tissue of shoulder
cancer,SNOMED CT,187993009,"Malignant neoplasm of connective and soft tissue, upper arm"
cancer,SNOMED CT,187994003,Malignant neoplasm of connective and soft tissue of fore-arm
cancer,SNOMED CT,187995002,Malignant neoplasm of connective and soft tissue of hand
cancer,SNOMED CT,187996001,Malignant neoplasm of connective and soft tissue of finger
cancer,SNOMED CT,187997005,Malignant neoplasm of connective and soft tissue of thumb
cancer,SNOMED CT,187999008,Malignant neoplasm of connective and soft tissue of hip and lower limb
cancer,SNOMED CT,188000002,Malignant neoplasm of connective and soft tissue of hip
cancer,SNOMED CT,188001003,Malignant neoplasm of connective and soft tissue of thigh and upper leg
cancer,SNOMED CT,188002005,Malignant neoplasm of connective and soft tissue of popliteal space
cancer,SNOMED CT,188003000,Malignant neoplasm of connective and soft tissue of lower leg
cancer,SNOMED CT,188004006,Malignant neoplasm of connective and soft tissue of foot
cancer,SNOMED CT,188005007,Malignant neoplasm of connective and soft tissue of toe
cancer,SNOMED CT,188006008,Malignant neoplasm of connective and soft tissue of great toe (disorder)
cancer,SNOMED CT,188009001,Malignant neoplasm of connective and soft tissue of thorax
cancer,SNOMED CT,188010006,Malignant neoplasm of connective and soft tissue of axilla
cancer,SNOMED CT,188013008,Malignant neoplasm of connective and soft tissues of thoracic spine
cancer,SNOMED CT,188015001,Malignant neoplasm of connective and soft tissue of abdomen
cancer,SNOMED CT,188016000,Malignant neoplasm of connective and soft tissue of abdominal wall
cancer,SNOMED CT,188017009,Malignant neoplasm of connective and soft tissues of lumbar spine
cancer,SNOMED CT,188019007,Malignant neoplasm of connective and soft tissue of pelvis
cancer,SNOMED CT,188020001,Malignant neoplasm of connective and soft tissue of buttock
cancer,SNOMED CT,188021002,Malignant neoplasm of connective and soft tissue of inguinal region
cancer,SNOMED CT,188022009,Malignant neoplasm of connective and soft tissue of perineum
cancer,SNOMED CT,188023004,Malignant neoplasm of connective and soft tissue of sacrum or coccyx (disorder)
cancer,SNOMED CT,188029000,Kaposi's sarcoma of soft tissue
cancer,SNOMED CT,188030005,Malignant melanoma of lip
cancer,SNOMED CT,188032002,Malignant melanoma of ear and external auricular canal
cancer,SNOMED CT,188033007,Malignant melanoma of auricle (ear)
cancer,SNOMED CT,188034001,Malignant melanoma of external auditory meatus
cancer,SNOMED CT,188038003,Malignant melanoma of chin
cancer,SNOMED CT,188040008,Malignant melanoma of forehead
cancer,SNOMED CT,188042000,Malignant melanoma of temple
cancer,SNOMED CT,188044004,Malignant melanoma of scalp and neck
cancer,SNOMED CT,188045003,Malignant melanoma of scalp
cancer,SNOMED CT,188046002,Malignant melanoma of neck
cancer,SNOMED CT,188049009,Malignant melanoma of axilla
cancer,SNOMED CT,188050009,Malignant melanoma of breast
cancer,SNOMED CT,188051008,Malignant melanoma of buttock
cancer,SNOMED CT,188052001,Malignant melanoma of groin
cancer,SNOMED CT,188054000,Malignant melanoma of perineum
cancer,SNOMED CT,188055004,Malignant melanoma of umbilicus
cancer,SNOMED CT,188060000,Malignant melanoma of shoulder
cancer,SNOMED CT,188061001,Malignant melanoma of upper arm
cancer,SNOMED CT,188062008,Malignant melanoma of fore-arm
cancer,SNOMED CT,188063003,Malignant melanoma of hand
cancer,SNOMED CT,188064009,Malignant melanoma of finger
cancer,SNOMED CT,188065005,Malignant melanoma of thumb
cancer,SNOMED CT,188067002,Malignant melanoma of lower limb and hip
cancer,SNOMED CT,188068007,Malignant melanoma of hip
cancer,SNOMED CT,188069004,Malignant melanoma of thigh
cancer,SNOMED CT,188070003,Malignant melanoma of knee
cancer,SNOMED CT,188071004,Malignant melanoma of popliteal fossa area
cancer,SNOMED CT,188072006,Malignant melanoma of lower leg
cancer,SNOMED CT,188073001,Malignant melanoma of ankle
cancer,SNOMED CT,188074007,Malignant melanoma of heel
cancer,SNOMED CT,188075008,Malignant melanoma of foot
cancer,SNOMED CT,188076009,Malignant melanoma of toe
cancer,SNOMED CT,188077000,Malignant melanoma of great toe
cancer,SNOMED CT,188102008,Malignant neoplasm of scalp AND/OR skin of neck (disorder)
cancer,SNOMED CT,188147009,Malignant neoplasm of nipple and areola of female breast
cancer,SNOMED CT,188151006,Malignant neoplasm of central part of female breast
cancer,SNOMED CT,188152004,Malignant neoplasm of upper-inner quadrant of female breast
cancer,SNOMED CT,188153009,Malignant neoplasm of lower-inner quadrant of female breast
cancer,SNOMED CT,188154003,Malignant neoplasm of upper-outer quadrant of female breast
cancer,SNOMED CT,188155002,Malignant neoplasm of lower-outer quadrant of female breast
cancer,SNOMED CT,188156001,Malignant neoplasm of axillary tail of female breast
cancer,SNOMED CT,188157005,"Malignant neoplasm, overlapping lesion of breast"
cancer,SNOMED CT,188159008,Malignant neoplasm of ectopic site of female breast
cancer,SNOMED CT,188163001,Malignant neoplasm of nipple and areola of male breast
cancer,SNOMED CT,188168005,Malignant neoplasm of ectopic site of male breast
cancer,SNOMED CT,188176007,Malignant neoplasm of endocervical canal
cancer,SNOMED CT,188177003,Malignant neoplasm of endocervical gland
cancer,SNOMED CT,188180002,"Malignant neoplasm, overlapping lesion of cervix uteri"
cancer,SNOMED CT,188183000,Malignant neoplasm of cervical stump
cancer,SNOMED CT,188184006,Malignant neoplasm of squamocolumnar junction of cervix
cancer,SNOMED CT,188188009,Choriocarcinoma
cancer,SNOMED CT,188189001,"Malignant neoplasm of corpus uteri, excluding isthmus"
cancer,SNOMED CT,188190005,Malignant neoplasm of cornu of corpus uteri
cancer,SNOMED CT,188191009,Malignant neoplasm of fundus of corpus uteri
cancer,SNOMED CT,188192002,Malignant neoplasm of endometrium of corpus uteri
cancer,SNOMED CT,188193007,Malignant neoplasm of myometrium of corpus uteri
cancer,SNOMED CT,188195000,Malignant neoplasm of isthmus of uterine body
cancer,SNOMED CT,188198003,Malignant neoplasm of overlapping lesion of corpus uteri
cancer,SNOMED CT,188204000,Malignant neoplasm of round ligament (disorder)
cancer,SNOMED CT,188208002,Malignant neoplasm of Gartner's duct (disorder)
cancer,SNOMED CT,188209005,Malignant neoplasm of vaginal vault
cancer,SNOMED CT,188211001,Malignant neoplasm of greater vestibular (Bartholin's) gland
cancer,SNOMED CT,188219004,Malignant tumour of undescended testis
cancer,SNOMED CT,188220005,Malignant tumor of ectopic testis (disorder)
cancer,SNOMED CT,188230001,Malignant tumour of shaft of penis
cancer,SNOMED CT,188234005,Malignant neoplasm of seminal vesicle
cancer,SNOMED CT,188235006,Malignant tumor of tunica vaginalis
cancer,SNOMED CT,188239000,Malignant tumor of trigone of urinary bladder
cancer,SNOMED CT,188240003,Malignant tumour of vault of bladder
cancer,SNOMED CT,188241004,Malignant neoplasm of lateral wall of urinary bladder
cancer,SNOMED CT,188242006,Malignant neoplasm of anterior wall of urinary bladder
cancer,SNOMED CT,188243001,Malignant neoplasm of posterior wall of urinary bladder
cancer,SNOMED CT,188244007,Malignant tumour of bladder neck
cancer,SNOMED CT,188245008,Malignant neoplasm of ureteric orifice
cancer,SNOMED CT,188247000,"Malignant neoplasm, overlapping lesion of bladder"
cancer,SNOMED CT,188250002,Malignant neoplasm of kidney parenchyma
cancer,SNOMED CT,188252005,Malignant neoplasm of renal calyx
cancer,SNOMED CT,188253000,Malignant tumour of pelviureteric junction
cancer,SNOMED CT,188256008,Malignant neoplasm of overlapping lesion of urinary organs
cancer,SNOMED CT,188261005,"Malignant neoplasm of eyeball excluding conjunctiva, cornea, retina and choroid"
cancer,SNOMED CT,188263008,Malignant neoplasm of ciliary body
cancer,SNOMED CT,188264002,Malignant neoplasm of iris
cancer,SNOMED CT,188265001,Malignant neoplasm of crystalline lens (disorder)
cancer,SNOMED CT,188266000,Malignant neoplasm of sclera (disorder)
cancer,SNOMED CT,188268004,Malignant neoplasm of connective tissue of orbit
cancer,SNOMED CT,188269007,Malignant neoplasm of extraocular muscle of orbit (disorder)
cancer,SNOMED CT,188272000,Malignant neoplasm of lacrimal gland
cancer,SNOMED CT,188273005,Malignant neoplasm of lacrimal sac
cancer,SNOMED CT,188274004,Malignant neoplasm of nasolacrimal duct
cancer,SNOMED CT,188280007,Malignant neoplasm of cerebrum (excluding lobes and ventricles)
cancer,SNOMED CT,188281006,Malignant neoplasm of basal ganglia
cancer,SNOMED CT,188282004,Malignant neoplasm of cerebral cortex
cancer,SNOMED CT,188285002,Malignant neoplasm of globus pallidus
cancer,SNOMED CT,188286001,Malignant tumor of hypothalamus
cancer,SNOMED CT,188287005,Malignant neoplasm of thalamus
cancer,SNOMED CT,188289008,Malignant neoplasm of hippocampus
cancer,SNOMED CT,188292007,Malignant tumour of choroid plexus
cancer,SNOMED CT,188293002,Malignant neoplasm of floor of cerebral ventricle (disorder)
cancer,SNOMED CT,188295009,Malignant neoplasm of cerebral peduncle
cancer,SNOMED CT,188296005,Malignant neoplasm of medulla oblongata
cancer,SNOMED CT,188297001,Malignant neoplasm of midbrain
cancer,SNOMED CT,188298006,Malignant neoplasm of pons
cancer,SNOMED CT,188301005,Malignant neoplasm of corpus callosum
cancer,SNOMED CT,188302003,Malignant neoplasm of tapetum (disorder)
cancer,SNOMED CT,188307009,Malignant tumour of cranial nerve
cancer,SNOMED CT,188308004,Malignant neoplasm of olfactory bulb
cancer,SNOMED CT,188312005,Malignant neoplasm of cerebral dura mater (disorder)
cancer,SNOMED CT,188313000,Malignant neoplasm of cerebral arachnoid mater (disorder)
cancer,SNOMED CT,188315007,Malignant neoplasm of cerebral pia mater (disorder)
cancer,SNOMED CT,188317004,Malignant neoplasm of spinal dura mater (disorder)
cancer,SNOMED CT,188318009,Malignant neoplasm of spinal arachnoid mater (disorder)
cancer,SNOMED CT,188319001,Malignant neoplasm of spinal pia mater (disorder)
cancer,SNOMED CT,188321006,Malignant neoplasm of peripheral nerves and autonomic nervous system
cancer,SNOMED CT,188322004,"Malignant neoplasm of peripheral nerves of head, face and neck"
cancer,SNOMED CT,188323009,"Malignant neoplasm of peripheral nerves of upper limb, including shoulder"
cancer,SNOMED CT,188324003,"Malignant neoplasm of peripheral nerves of lower limb, including hip"
cancer,SNOMED CT,188325002,Malignant neoplasm of peripheral nerve of thorax
cancer,SNOMED CT,188326001,Malignant neoplasm of peripheral nerve of abdomen
cancer,SNOMED CT,188327005,Malignant neoplasm of peripheral nerve of pelvis
cancer,SNOMED CT,188339002,Malignant neoplasm of pituitary gland and craniopharyngeal duct
cancer,SNOMED CT,188340000,Malignant tumor of craniopharyngeal duct
cancer,SNOMED CT,188353002,"Malignant neoplasm of head, neck and face"
cancer,SNOMED CT,188361007,Malignant neoplasm of thorax
cancer,SNOMED CT,188366002,Malignant tumor of abdomen
cancer,SNOMED CT,188445006,Secondary malignant neoplasm of retroperitoneum and peritoneum
cancer,SNOMED CT,188454009,Secondary malignant neoplasm of skin of head
cancer,SNOMED CT,188458007,Secondary malignant neoplasm of skin of shoulder and arm
cancer,SNOMED CT,188459004,Secondary malignant neoplasm of skin of hip and leg
cancer,SNOMED CT,188462001,Secondary malignant neoplasm of brain and spinal cord
cancer,SNOMED CT,188469005,Secondary malignant neoplasm of cervix uteri
cancer,SNOMED CT,188478004,Malignant neoplasms of independent (primary) multiple sites
cancer,SNOMED CT,188487008,Lymphosarcoma and reticulosarcoma
cancer,SNOMED CT,188489006,"Reticulosarcoma of lymph nodes of head, face and neck"
cancer,SNOMED CT,188492005,Reticulosarcoma of lymph nodes of axilla and upper limb (disorder)
cancer,SNOMED CT,188493000,Reticulosarcoma of lymph nodes of inguinal region and lower limb (disorder)
cancer,SNOMED CT,188498009,Lymphosarcoma
cancer,SNOMED CT,188500005,"Lymphosarcoma of lymph nodes of head, face and neck"
cancer,SNOMED CT,188501009,Lymphosarcoma of intrathoracic lymph nodes
cancer,SNOMED CT,188502002,Lymphosarcoma of intra-abdominal lymph nodes
cancer,SNOMED CT,188503007,Lymphosarcoma of lymph nodes of axilla and upper limb (disorder)
cancer,SNOMED CT,188504001,Lymphosarcoma of lymph nodes of inguinal region and lower limb
cancer,SNOMED CT,188506004,Lymphosarcoma of spleen
cancer,SNOMED CT,188507008,Lymphosarcoma of lymph nodes of multiple sites (disorder)
cancer,SNOMED CT,188510001,"Burkitt's lymphoma of lymph nodes of head, face and neck"
cancer,SNOMED CT,188511002,Burkitt's lymphoma of intrathoracic lymph nodes
cancer,SNOMED CT,188512009,Burkitt's lymphoma of intra-abdominal lymph nodes
cancer,SNOMED CT,188513004,Burkitt's lymphoma of lymph nodes of axilla and upper limb (disorder)
cancer,SNOMED CT,188514005,Burkitt's lymphoma of lymph nodes of inguinal region and lower limb
cancer,SNOMED CT,188515006,Burkitt's lymphoma of intrapelvic lymph nodes (disorder)
cancer,SNOMED CT,188516007,Burkitt's lymphoma of spleen (disorder)
cancer,SNOMED CT,188517003,Burkitt's lymphoma of lymph nodes of multiple sites (disorder)
cancer,SNOMED CT,188524002,Hodgkin's paragranuloma of intrathoracic lymph nodes (disorder)
cancer,SNOMED CT,188531003,Hodgkin's paragranuloma of lymph nodes of multiple sites (disorder)
cancer,SNOMED CT,188534006,"Hodgkin's granuloma of lymph nodes of head, face and neck"
cancer,SNOMED CT,188536008,Hodgkin's granuloma of intra-abdominal lymph nodes (disorder)
cancer,SNOMED CT,188537004,Hodgkin's granuloma of lymph nodes of axilla and upper limb (disorder)
cancer,SNOMED CT,188538009,Hodgkin's granuloma of lymph nodes of inguinal region and lower limb (disorder)
cancer,SNOMED CT,188541000,Hodgkin's granuloma of lymph nodes of multiple sites (disorder)
cancer,SNOMED CT,188544008,"Hodgkin's sarcoma of lymph nodes of head, face and neck (disorder)"
cancer,SNOMED CT,188547001,Hodgkin's sarcoma of lymph nodes of axilla and upper limb
cancer,SNOMED CT,188548006,Hodgkin's sarcoma of lymph nodes of inguinal region and lower limb (disorder)
cancer,SNOMED CT,188551004,Hodgkin's sarcoma of lymph nodes of multiple sites (disorder)
cancer,SNOMED CT,188554007,"Hodgkin's disease, lymphocytic-histiocytic predominance of lymph nodes of head, face and neck"
cancer,SNOMED CT,188558005,"Hodgkin's disease, lymphocytic-histiocytic predominance of lymph nodes of axilla and upper limb (disorder)"
cancer,SNOMED CT,188559002,"Hodgkin's disease, lymphocytic-histiocytic predominance of lymph nodes of inguinal region and lower limb"
cancer,SNOMED CT,188562004,"Hodgkin's disease, lymphocytic-histiocytic predominance of lymph nodes of multiple sites (disorder)"
cancer,SNOMED CT,188565002,"Hodgkin's disease, nodular sclerosis of lymph nodes of head, face and neck"
cancer,SNOMED CT,188566001,"Hodgkin's disease, nodular sclerosis of intrathoracic lymph nodes"
cancer,SNOMED CT,188567005,"Hodgkin's disease, nodular sclerosis of intra-abdominal lymph nodes"
cancer,SNOMED CT,188568000,"Hodgkin's disease, nodular sclerosis of lymph nodes of axilla and upper limb"
cancer,SNOMED CT,188569008,"Hodgkin's disease, nodular sclerosis of lymph nodes of inguinal region and lower limb (disorder)"
cancer,SNOMED CT,188570009,"Hodgkin's disease, nodular sclerosis of intrapelvic lymph nodes (disorder)"
cancer,SNOMED CT,188572001,"Hodgkin's disease, nodular sclerosis of lymph nodes of multiple sites"
cancer,SNOMED CT,188575004,"Hodgkin's disease, mixed cellularity of lymph nodes of head, face and neck"
cancer,SNOMED CT,188576003,"Hodgkin's disease, mixed cellularity of intrathoracic lymph nodes"
cancer,SNOMED CT,188577007,"Hodgkin's disease, mixed cellularity of intra-abdominal lymph nodes (disorder)"
cancer,SNOMED CT,188578002,"Hodgkin's disease, mixed cellularity of lymph nodes of axilla and upper limb (disorder)"
cancer,SNOMED CT,188579005,"Hodgkin's disease, mixed cellularity of lymph nodes of inguinal region and lower limb (disorder)"
cancer,SNOMED CT,188580008,"Hodgkin's disease, mixed cellularity of intrapelvic lymph nodes (disorder)"
cancer,SNOMED CT,188582000,"Hodgkin's disease, mixed cellularity of lymph nodes of multiple sites (disorder)"
cancer,SNOMED CT,188585003,"Hodgkin's disease, lymphocytic depletion of lymph nodes of head, face and neck (disorder)"
cancer,SNOMED CT,188586002,"Hodgkin's disease, lymphocytic depletion of intrathoracic lymph nodes (disorder)"
cancer,SNOMED CT,188587006,"Hodgkin's disease, lymphocytic depletion of intra-abdominal lymph nodes (disorder)"
cancer,SNOMED CT,188589009,"Hodgkin's disease, lymphocytic depletion of lymph nodes of axilla and upper limb"
cancer,SNOMED CT,188590000,"Hodgkin's disease, lymphocytic depletion of lymph nodes of inguinal region and lower limb (disorder)"
cancer,SNOMED CT,188592008,"Hodgkin's disease, lymphocytic depletion of spleen"
cancer,SNOMED CT,188593003,"Hodgkin's disease, lymphocytic depletion of lymph nodes of multiple sites (disorder)"
cancer,SNOMED CT,188609000,"Nodular lymphoma of lymph nodes of head, face and neck"
cancer,SNOMED CT,188612002,Nodular lymphoma of lymph nodes of axilla and upper limb (disorder)
cancer,SNOMED CT,188613007,Nodular lymphoma of lymph nodes of inguinal region and lower limb
cancer,SNOMED CT,188627002,Mycosis fungoides of lymph nodes of multiple sites
cancer,SNOMED CT,188633006,Sezary's disease of lymph nodes of axilla and upper limb (disorder)
cancer,SNOMED CT,188637007,Sezary's disease of lymph nodes of multiple sites (disorder)
cancer,SNOMED CT,188640007,"Malignant histiocytosis of lymph nodes of head, face and neck"
cancer,SNOMED CT,188641006,Malignant histiocytosis of lymph nodes of axilla and upper limb (disorder)
cancer,SNOMED CT,188642004,Malignant histiocytosis of lymph nodes of inguinal region and lower limb (disorder)
cancer,SNOMED CT,188645002,"Leukaemic reticuloendotheliosis of lymph nodes of head, face and neck"
cancer,SNOMED CT,188660004,Malignant mast cell tumours
cancer,SNOMED CT,188662007,"Mast cell malignancy of lymph nodes of head, face and neck (disorder)"
cancer,SNOMED CT,188664008,Mast cell malignancy of intra-abdominal lymph nodes (disorder)
cancer,SNOMED CT,188665009,Mast cell malignancy of lymph nodes of axilla and upper limb (disorder)
cancer,SNOMED CT,188666005,Mast cell malignancy of lymph nodes of inguinal region and lower limb
cancer,SNOMED CT,188668006,Mast cell malignancy of spleen (disorder)
cancer,SNOMED CT,188669003,Mast cell malignancy of lymph nodes of multiple sites
cancer,SNOMED CT,188672005,Follicular non-Hodgkin's mixed small cleaved and large cell lymphoma
cancer,SNOMED CT,188674006,Diffuse malignant lymphoma - small non-cleaved cell
cancer,SNOMED CT,188675007,Malignant lymphoma - small cleaved cell (disorder)
cancer,SNOMED CT,188676008,Malignant lymphoma - mixed small and large cell
cancer,SNOMED CT,188679001,Diffuse non-Hodgkin's lymphoma undifferentiated (diffuse)
cancer,SNOMED CT,188691005,Malignant immunoproliferative small intestinal disease
cancer,SNOMED CT,188718006,Extramedullary plasmacytoma (clinical)
cancer,SNOMED CT,188725004,Lymphatic leukaemia
cancer,SNOMED CT,188726003,Subacute lymphoid leukemia
cancer,SNOMED CT,188728002,Aleukemic lymphoid leukemia (disorder)
cancer,SNOMED CT,188729005,Adult T-cell leukaemia
cancer,SNOMED CT,188732008,Myeloid leukemia
cancer,SNOMED CT,188733003,Chronic eosinophilic leukaemia
cancer,SNOMED CT,188734009,Chronic neutrophilic leukemia
cancer,SNOMED CT,188736006,Subacute myeloid leukaemia
cancer,SNOMED CT,188737002,Chloroma
cancer,SNOMED CT,188738007,Granulocytic sarcoma
cancer,SNOMED CT,188741003,Aleukemic myeloid leukemia (disorder)
cancer,SNOMED CT,188744006,Histiocytic leukemia
cancer,SNOMED CT,188745007,Chronic monocytic leukemia
cancer,SNOMED CT,188746008,Subacute monocytic leukaemia
cancer,SNOMED CT,188754005,Thrombocytic leukemia
cancer,SNOMED CT,188768003,Myelomonocytic leukaemia
cancer,SNOMED CT,188770007,Subacute myelomonocytic leukaemia
cancer,SNOMED CT,189509003,"Refractory anemia without sideroblasts, so stated (disorder)"
cancer,SNOMED CT,190030009,Compound leukemias (disorder)
cancer,SNOMED CT,190818004,Waldenstrom's macroglobulinemia (disorder)
cancer,SNOMED CT,190955000,Histiocytosis X syndrome (disorder)
cancer,SNOMED CT,230156002,Malignant meningitis (disorder)
cancer,SNOMED CT,230257000,Paraneoplastic motor neurone disease
cancer,SNOMED CT,230586003,Neuropathy due to multiple myeloma
cancer,SNOMED CT,230685009,Myasthenia gravis associated with thymoma (disorder)
cancer,SNOMED CT,231829006,Malignant neoplasm of eyelid (disorder)
cancer,SNOMED CT,231831002,Squamous cell carcinoma of eyelid (disorder)
cancer,SNOMED CT,231833004,Sebaceous adenocarcinoma of eyelid (disorder)
cancer,SNOMED CT,231834005,Malignant melanoma of eyelid
cancer,SNOMED CT,231835006,Kaposi's sarcoma of eyelid (disorder)
cancer,SNOMED CT,232075002,Lymphoma of retina (disorder)
cancer,SNOMED CT,233940007,Pulmonary tumor embolism (disorder)
cancer,SNOMED CT,235966007,Cystadenocarcinoma of pancreas (disorder)
cancer,SNOMED CT,236005001,Malignant ascites
cancer,SNOMED CT,236513009,Lymphoma of kidney (disorder)
cancer,SNOMED CT,237252008,Placental site trophoblastic tumor (disorder)
cancer,SNOMED CT,237833006,Carcinoid crisis (disorder)
cancer,SNOMED CT,239297008,Lymphomatoid granulomatosis of the lung (disorder)
cancer,SNOMED CT,239898008,Polymyositis with malignant disease
cancer,SNOMED CT,239901009,Dermatopolymyositis in neoplastic disease
cancer,SNOMED CT,240531002,African Burkitt's lymphoma (disorder)
cancer,SNOMED CT,240794006,Splenic schistosomal giant cell lymphoma (disorder)
cancer,SNOMED CT,253000007,Neuroendocrine carcinoma (disorder)
cancer,SNOMED CT,253001006,Merkel cell carcinoma (disorder)
cancer,SNOMED CT,253003009,Carcinoid bronchial adenoma (disorder)
cancer,SNOMED CT,253006001,Somatostatinoma (disorder)
cancer,SNOMED CT,253017000,Klatskin's tumor (disorder)
cancer,SNOMED CT,253018005,Fibrolamellar hepatocellular carcinoma (disorder)
cancer,SNOMED CT,253042009,Myxoid dermatofibrosarcoma protuberans (disorder)
cancer,SNOMED CT,253096008,Peripheral neuroectodermal tumor (disorder)
cancer,SNOMED CT,254389005,Carcinoma of vermilion border of upper lip (disorder)
cancer,SNOMED CT,254412006,Malignant tumor of tip of tongue (disorder)
cancer,SNOMED CT,254423005,Carcinoma of lingual tonsil (disorder)
cancer,SNOMED CT,254424004,Carcinoma of upper gum (disorder)
cancer,SNOMED CT,254425003,Carcinoma of lower gum (disorder)
cancer,SNOMED CT,254427006,Carcinoma of anterior part of floor of mouth (disorder)
cancer,SNOMED CT,254431000,Carcinoma of lateral part of floor of mouth (disorder)
cancer,SNOMED CT,254434008,Carcinoma of hard palate (disorder)
cancer,SNOMED CT,254435009,Carcinoma of soft palate (disorder)
cancer,SNOMED CT,254436005,Carcinoma of uvula (disorder)
cancer,SNOMED CT,254437001,Squamous cell carcinoma of buccal mucosa (disorder)
cancer,SNOMED CT,254441002,Carcinoma of upper buccal sulcus (disorder)
cancer,SNOMED CT,254445006,Carcinoma of lower buccal sulcus (disorder)
cancer,SNOMED CT,254454009,Carcinoma of lower labial sulcus (disorder)
cancer,SNOMED CT,254457002,Carcinoma of retromolar area (disorder)
cancer,SNOMED CT,254459004,Malignant tumour of anterior pillar of fauces
cancer,SNOMED CT,254462001,Carcinoma of parotid gland (disorder)
cancer,SNOMED CT,254465004,Carcinoma of submandibular gland (disorder)
cancer,SNOMED CT,254466003,Carcinoma of sublingual gland (disorder)
cancer,SNOMED CT,254474002,Malignant tumor of nasal skeleton (disorder)
cancer,SNOMED CT,254478004,Malignant tumor of inferior turbinate (disorder)
cancer,SNOMED CT,254484001,Malignant tumor of posterior margin of nasal septum and choanae
cancer,SNOMED CT,254503007,Malignant tumor of inferior surface of soft palate (disorder)
cancer,SNOMED CT,254509006,Malignant tumor of anterior commissure (disorder)
cancer,SNOMED CT,254517003,Malignant tumor of suprahyoid epiglottis (disorder)
cancer,SNOMED CT,254520006,Malignant tumor of infrahyoid epiglottis (disorder)
cancer,SNOMED CT,254526000,Malignant tumor of laryngeal ventricle (disorder)
cancer,SNOMED CT,254530002,Malignant tumor of parapharyngeal space (disorder)
cancer,SNOMED CT,254535007,Carcinoma of cervical part of esophagus (disorder)
cancer,SNOMED CT,254539001,Carcinoma of thoracic part of esophagus (disorder)
cancer,SNOMED CT,254543002,Carcinoma of abdominal part of esophagus (disorder)
cancer,SNOMED CT,254547001,Carcinoma of upper third of esophagus (disorder)
cancer,SNOMED CT,254549003,Carcinoma of middle third of esophagus (disorder)
cancer,SNOMED CT,254551004,Carcinoma of lower third of esophagus (disorder)
cancer,SNOMED CT,254553001,Carcinoma of cardia (disorder)
cancer,SNOMED CT,254555008,Carcinoma of fundus of stomach (disorder)
cancer,SNOMED CT,254557000,Carcinoma of body of stomach (disorder)
cancer,SNOMED CT,254559002,Carcinoma of pyloric antrum (disorder)
cancer,SNOMED CT,254561006,Carcinoma of pylorus (disorder)
cancer,SNOMED CT,254563009,Carcinoma of lesser curve of stomach (disorder)
cancer,SNOMED CT,254567005,Carcinoma of greater curve of stomach (disorder)
cancer,SNOMED CT,254570009,Carcinoma of duodenum (disorder)
cancer,SNOMED CT,254582000,Carcinoma of rectum
cancer,SNOMED CT,254586002,Malignant tumor of anorectal junction (disorder)
cancer,SNOMED CT,254601002,Sarcoma of liver (disorder)
cancer,SNOMED CT,254609000,Carcinoma of ampulla of Vater (disorder)
cancer,SNOMED CT,254611009,Malignant tumor of endocrine pancreas (disorder)
cancer,SNOMED CT,254612002,Carcinoma of endocrine pancreas (disorder)
cancer,SNOMED CT,254619006,Adenoid cystic carcinoma of trachea (disorder)
cancer,SNOMED CT,254620000,Squamous cell carcinoma of trachea (disorder)
cancer,SNOMED CT,254622008,Squamous cell carcinoma of bronchus (disorder)
cancer,SNOMED CT,254625005,Malignant tumor of lung parenchyma (disorder)
cancer,SNOMED CT,254626006,Adenocarcinoma of lung (disorder)
cancer,SNOMED CT,254627002,Carcinoid tumor of lung (disorder)
cancer,SNOMED CT,254628007,Carcinoma of lung parenchyma (disorder)
cancer,SNOMED CT,254629004,Large cell carcinoma of lung (disorder)
cancer,SNOMED CT,254631008,Giant cell carcinoma of lung (disorder)
cancer,SNOMED CT,254632001,Small cell carcinoma of lung (disorder)
cancer,SNOMED CT,254633006,Oat cell carcinoma of lung (disorder)
cancer,SNOMED CT,254634000,Squamous cell carcinoma of lung (disorder)
cancer,SNOMED CT,254635004,Epithelioid hemangioendothelioma of lung (disorder)
cancer,SNOMED CT,254637007,Non-small cell lung cancer (disorder)
cancer,SNOMED CT,254638002,Pancoast tumor (disorder)
cancer,SNOMED CT,254645002,Malignant mesothelioma of pleura
cancer,SNOMED CT,254653005,Spindle cell squamous carcinoma of skin (disorder)
cancer,SNOMED CT,254707006,Malignant skin tumor with eccrine differentiation (disorder)
cancer,SNOMED CT,254708001,Eccrine porocarcinoma of skin (disorder)
cancer,SNOMED CT,254709009,Digital papillary eccrine carcinoma of skin (disorder)
cancer,SNOMED CT,254711000,Adenoid cystic eccrine carcinoma of skin (disorder)
cancer,SNOMED CT,254712007,Microcystic adnexal carcinoma of skin (disorder)
cancer,SNOMED CT,254713002,Mucoepidermoid carcinoma of skin (disorder)
cancer,SNOMED CT,254714008,Mucinous eccrine carcinoma of skin (disorder)
cancer,SNOMED CT,254726003,Malignant skin tumor with apocrine differentiation (disorder)
cancer,SNOMED CT,254730000,Superficial spreading malignant melanoma of skin (disorder)
cancer,SNOMED CT,254731001,Nodular malignant melanoma of skin (disorder)
cancer,SNOMED CT,254732008,Acral lentiginous malignant melanoma of skin (disorder)
cancer,SNOMED CT,254733003,Malignant melanoma arising in intradermal nevus (disorder)
cancer,SNOMED CT,254734009,Malignant melanoma arising in congenital nevus (disorder)
cancer,SNOMED CT,254748009,Cutaneous fibrosarcoma (disorder)
cancer,SNOMED CT,254764001,Peripheral neuroepithelioma (disorder)
cancer,SNOMED CT,254771006,Cutaneous leiomyosarcoma (disorder)
cancer,SNOMED CT,254792006,Proliferating angioendotheliomatosis
cancer,SNOMED CT,254794007,Angiosarcoma of skin (disorder)
cancer,SNOMED CT,254797000,Malignant hemangiopericytoma of skin (disorder)
cancer,SNOMED CT,254800003,Epithelioid cell sarcoma of skin (disorder)
cancer,SNOMED CT,254824006,Malignant tumor of mesothelial tissue (disorder)
cancer,SNOMED CT,254828009,Malignant lipomatous tumor (disorder)
cancer,SNOMED CT,254829001,Liposarcoma (disorder)
cancer,SNOMED CT,254837009,Malignant tumor of breast
cancer,SNOMED CT,254838004,Carcinoma of breast (disorder)
cancer,SNOMED CT,254839007,Scirrhous carcinoma of breast (disorder)
cancer,SNOMED CT,254840009,Inflammatory carcinoma of breast (disorder)
cancer,SNOMED CT,254841008,Cancer en cuirasse (disorder)
cancer,SNOMED CT,254843006,Familial cancer of breast (disorder)
cancer,SNOMED CT,254844000,Malignant phyllodes tumor of breast (disorder)
cancer,SNOMED CT,254849005,Malignant epithelial tumor of ovary (disorder)
cancer,SNOMED CT,254850005,Serous papillary cystadenocarcinoma ovary (disorder)
cancer,SNOMED CT,254851009,Mucinous cystadenocarcinoma of ovary (disorder)
cancer,SNOMED CT,254852002,Endometrioid carcinoma ovary (disorder)
cancer,SNOMED CT,254855000,Mixed epithelial tumor of ovary (disorder)
cancer,SNOMED CT,254856004,Undifferentiated carcinoma of ovary (disorder)
cancer,SNOMED CT,254860001,Malignant sex cord tumor of ovary (disorder)
cancer,SNOMED CT,254861002,Malignant granulosa cell tumor of ovary (disorder)
cancer,SNOMED CT,254863004,Granulosa cell tumor of ovary (disorder)
cancer,SNOMED CT,254869000,Malignant germ cell tumor of ovary (disorder)
cancer,SNOMED CT,254870004,Choriocarcinoma of ovary (disorder)
cancer,SNOMED CT,254871000,Immature teratoma of ovary (disorder)
cancer,SNOMED CT,254872007,Embryonal carcinoma of ovary (disorder)
cancer,SNOMED CT,254874008,Dysgerminoma of ovary (disorder)
cancer,SNOMED CT,254876005,Endodermal sinus tumor of ovary (disorder)
cancer,SNOMED CT,254877001,Sarcoma of uterus (disorder)
cancer,SNOMED CT,254878006,Endometrial carcinoma (disorder)
cancer,SNOMED CT,254886006,Squamous cell carcinoma of cervix (disorder)
cancer,SNOMED CT,254887002,Adenocarcinoma of cervix (disorder)
cancer,SNOMED CT,254888007,Adenosquamous carcinoma of cervix (disorder)
cancer,SNOMED CT,254889004,Carcinoma of cervix stage 0 (disorder)
cancer,SNOMED CT,254893005,Carcinoma of vagina (disorder)
cancer,SNOMED CT,254895003,Squamous cell carcinoma of vulva (disorder)
cancer,SNOMED CT,254896002,Malignant melanoma of vulva (disorder)
cancer,SNOMED CT,254897006,Sarcoma of vulva (disorder)
cancer,SNOMED CT,254900004,Carcinoma of prostate (disorder)
cancer,SNOMED CT,254904008,Carcinoma of glans penis (disorder)
cancer,SNOMED CT,254912000,Regressed malignant testicular tumor (disorder)
cancer,SNOMED CT,254915003,Clear cell carcinoma of kidney (disorder)
cancer,SNOMED CT,254917006,Papillary cystadenocarcinoma of kidney (disorder)
cancer,SNOMED CT,254918001,Sarcoma of kidney (disorder)
cancer,SNOMED CT,254934003,Malignant tumor of urethral stump (disorder)
cancer,SNOMED CT,254938000,Astrocytoma of brain (disorder)
cancer,SNOMED CT,254940005,Oligodendroglioma of brain (disorder)
cancer,SNOMED CT,254948003,Astrocytoma of spinal cord (disorder)
cancer,SNOMED CT,254950006,Oligodendroglioma of spinal cord (disorder)
cancer,SNOMED CT,254955001,Pituitary carcinoma (disorder)
cancer,SNOMED CT,254969001,Malignant tumor of olfactory tract (disorder)
cancer,SNOMED CT,254972008,Malignant tumor of optic nerve and sheath (disorder)
cancer,SNOMED CT,254973003,Malignant astrocytoma of optic nerve (disorder)
cancer,SNOMED CT,254974009,Malignant tumor of optic nerve sheath (disorder)
cancer,SNOMED CT,254975005,Malignant meningioma of optic nerve sheath (disorder)
cancer,SNOMED CT,254980001,Malignant tumor of acoustic vestibular nerve
cancer,SNOMED CT,254983004,Malignant tumor of spinal nerve and sheath (disorder)
cancer,SNOMED CT,254986007,Malignant tumour of peripheral nerve
cancer,SNOMED CT,254987003,Adenoid cystic carcinoma of lacrimal gland (disorder)
cancer,SNOMED CT,254988008,Adenocarcinoma of lacrimal gland (disorder)
cancer,SNOMED CT,254989000,Carcinoma ex pleomorphic adenoma of lacrimal gland (disorder)
cancer,SNOMED CT,254990009,Mucoepidermoid tumor of lacrimal gland (disorder)
cancer,SNOMED CT,254993006,Liposarcoma of orbit (disorder)
cancer,SNOMED CT,254994000,Rhabdomyosarcoma of orbit (disorder)
cancer,SNOMED CT,254995004,Malignant hemangiopericytoma of orbit (disorder)
cancer,SNOMED CT,254996003,Malignant fibrous histiocytoma of orbit (disorder)
cancer,SNOMED CT,255003007,Squamous cell carcinoma of conjunctiva (disorder)
cancer,SNOMED CT,255004001,Malignant melanoma of conjunctiva (disorder)
cancer,SNOMED CT,255008003,Squamous cell carcinoma of cornea (disorder)
cancer,SNOMED CT,255012009,Malignant melanoma of iris (disorder)
cancer,SNOMED CT,255015006,Malignant melanoma of ciliary body (disorder)
cancer,SNOMED CT,255016007,Adenocarcinoma of pigmented epithelium of ciliary body (disorder)
cancer,SNOMED CT,255017003,Adenocarcinoma of non-pigmented epithelium of ciliary body (disorder)
cancer,SNOMED CT,255021005,Malignant melanoma of choroid (disorder)
cancer,SNOMED CT,255028004,Follicular thyroid carcinoma (disorder)
cancer,SNOMED CT,255029007,Papillary thyroid carcinoma (disorder)
cancer,SNOMED CT,255030002,Mixed follicular and papillary thyroid carcinoma (disorder)
cancer,SNOMED CT,255031003,Anaplastic thyroid carcinoma (disorder)
cancer,SNOMED CT,255032005,Medullary thyroid carcinoma (disorder)
cancer,SNOMED CT,255035007,Adrenal carcinoma (disorder)
cancer,SNOMED CT,255037004,Parathyroid carcinoma (disorder)
cancer,SNOMED CT,255044008,Malignant pinealoma (disorder)
cancer,SNOMED CT,255052006,Malignant tumor of unknown origin
cancer,SNOMED CT,255056009,Malignant tumor of head and neck
cancer,SNOMED CT,255066001,Carcinoma of genitourinary organ
cancer,SNOMED CT,255067005,Sarcoma of bone and connective tissue
cancer,SNOMED CT,255068000,"Carcinoma of bone, connective tissue, skin and breast"
cancer,SNOMED CT,255069008,"Carcinoma of lip, oral cavity and pharynx"
cancer,SNOMED CT,255071008,Squamous cell carcinoma of lip (disorder)
cancer,SNOMED CT,255072001,Malignant tumor of salivary gland (disorder)
cancer,SNOMED CT,255073006,"Malignant tumor of ear, nose and throat"
cancer,SNOMED CT,255074000,Malignant tumor of nasal cavity and nasopharynx (disorder)
cancer,SNOMED CT,255075004,Malignant tumor of lateral nasal wall (disorder)
cancer,SNOMED CT,255077007,Malignant tumour of digestive organ
cancer,SNOMED CT,255078002,"Malignant tumor of esophagus, stomach and duodenum (disorder)"
cancer,SNOMED CT,255081007,Carcinoma of cecum
cancer,SNOMED CT,255083005,Malignant tumor of anus and anal canal
cancer,SNOMED CT,255084004,Squamous cell carcinoma of anal margin
cancer,SNOMED CT,255086002,Carcinoma common bile duct
cancer,SNOMED CT,255087006,Malignant polyp of biliary tract (disorder)
cancer,SNOMED CT,255088001,Malignant tumor of exocrine pancreas (disorder)
cancer,SNOMED CT,255090000,Malignant neoplasm of carpal bones
cancer,SNOMED CT,255091001,Malignant neoplasm of metacarpal bones
cancer,SNOMED CT,255093003,Malignant skin tumor with adnexal differentiation (disorder)
cancer,SNOMED CT,255096006,Malignant tumor of dermis (disorder)
cancer,SNOMED CT,255101006,Sezary disease of skin (disorder)
cancer,SNOMED CT,255102004,Angioendotheliomatosis (disorder)
cancer,SNOMED CT,255107005,Seminoma of testis
cancer,SNOMED CT,255108000,Carcinoma of bladder (disorder)
cancer,SNOMED CT,255109008,Transitional cell carcinoma of bladder (disorder)
cancer,SNOMED CT,255110003,Adenocarcinoma of bladder (disorder)
cancer,SNOMED CT,255111004,Squamous cell carcinoma of bladder (disorder)
cancer,SNOMED CT,255114007,Kaposi's sarcoma of conjunctiva (disorder)
cancer,SNOMED CT,255118005,Secondary lymphangitic carcinoma (disorder)
cancer,SNOMED CT,255119002,Lymphangitis carcinomatosa (disorder)
cancer,SNOMED CT,255121007,Carcinomatosis of peritoneal cavity (disorder)
cancer,SNOMED CT,255123005,Metastasis to nervous system and eye (disorder)
cancer,SNOMED CT,255124004,Metastasis to peripheral nerve (disorder)
cancer,SNOMED CT,255127006,Local tumor spread (disorder)
cancer,SNOMED CT,255128001,Malignant infiltration of peripheral nerve (disorder)
cancer,SNOMED CT,255129009,Malignant infiltration of peripheral nerve plexus (disorder)
cancer,SNOMED CT,265760000,Intravenous chemotherapy (procedure)
cancer,SNOMED CT,265761001,Intramuscular chemotherapy (procedure)
cancer,SNOMED CT,265762008,Subcutaneous chemotherapy (procedure)
cancer,SNOMED CT,266719004,Oral chemotherapy (procedure)
cancer,SNOMED CT,267540007,Neutropenia caused by irradiation (disorder)
cancer,SNOMED CT,268500004,Prophylactic chemotherapy (procedure)
cancer,SNOMED CT,269459004,Malignant tumour of lesser curve of stomach
cancer,SNOMED CT,269460009,Malignant tumor of greater curve of stomach
cancer,SNOMED CT,269463006,Malignant tumor of middle ear and mastoid
cancer,SNOMED CT,269464000,"Malignant neoplasm of upper lobe, bronchus or lung"
cancer,SNOMED CT,269467007,Malignant neoplasm of hand bones
cancer,SNOMED CT,269469005,Malignant neoplasm of soft tissue
cancer,SNOMED CT,269473008,Secondary malignant neoplasm of respiratory and digestive systems
cancer,SNOMED CT,269475001,Malignant neoplasm of lymphatic and haemopoietic tissue
cancer,SNOMED CT,269476000,Nodular lymphoma
cancer,SNOMED CT,269515006,Carcinoma of lip
cancer,SNOMED CT,269516007,Tongue carcinoma (disorder)
cancer,SNOMED CT,269533000,Carcinoma of colon (disorder)
cancer,SNOMED CT,269544008,Carcinoma of the rectosigmoid junction (disorder)
cancer,SNOMED CT,269578002,Malignant melanoma of head and neck
cancer,SNOMED CT,269579005,Malignant melanoma of trunk
cancer,SNOMED CT,269580008,Malignant melanoma of upper limb
cancer,SNOMED CT,269581007,Malignant melanoma of lower limb (disorder)
cancer,SNOMED CT,269616004,Secondary nodes - axilla/arm (disorder)
cancer,SNOMED CT,269617008,Secondary nodes - inguinal/leg (disorder)
cancer,SNOMED CT,271323007,"Malignant neoplasm of lip, oral cavity and pharynx"
cancer,SNOMED CT,271467005,"Malignant neoplasm of bone, connective tissue, skin and breast"
cancer,SNOMED CT,271468000,Malignant neoplasm of genitourinary organ
cancer,SNOMED CT,271568003,"Malig neoplasm of lower lip, oral aspect"
cancer,SNOMED CT,271943005,Carcinoma of base of tongue (disorder)
cancer,SNOMED CT,274084007,Palate carcinoma (disorder)
cancer,SNOMED CT,274085008,Tonsil carcinoma (disorder)
cancer,SNOMED CT,274087000,Malignant melanoma of eye (disorder)
cancer,SNOMED CT,274088005,Secondary malignant neoplasm of unknown site
cancer,SNOMED CT,274902006,Combined hepatocellular carcinoma and cholangiocarcinoma (disorder)
cancer,SNOMED CT,274905008,"Malignant lymphoma - lymphocytic, intermediate differentiation"
cancer,SNOMED CT,275266006,Metastasis to digestive organs (disorder)
cancer,SNOMED CT,275394001,Carcinoma ventral surface of tongue (disorder)
cancer,SNOMED CT,275395000,Carcinoma anterior 2/3 tongue ventrum (disorder)
cancer,SNOMED CT,275396004,Carcinoma of anterior two-thirds of tongue - dorsal surface (disorder)
cancer,SNOMED CT,275399006,Malignant tumour of lipstick area of lip
cancer,SNOMED CT,275419009,Primary vulval cancer
cancer,SNOMED CT,275490009,Carcinoma of tongue base - dorsal surface (disorder)
cancer,SNOMED CT,275524009,Immunoproliferative neoplasm
cancer,SNOMED CT,276420005,Malignant tumor of corpus cavernosum (disorder)
cancer,SNOMED CT,276738009,Primary signet ring carcinoma of skin (disorder)
cancer,SNOMED CT,276750003,Malignant tumor of skin with pilar differentiation (disorder)
cancer,SNOMED CT,276751004,Amelanotic malignant melanoma of skin (disorder)
cancer,SNOMED CT,276797002,Malignant tumor of fibrous tissue (disorder)
cancer,SNOMED CT,276799004,Dermatofibrosarcoma protuberans (disorder)
cancer,SNOMED CT,276803003,Adenocarcinoma of esophagus (disorder)
cancer,SNOMED CT,276804009,Squamous cell carcinoma of esophagus (disorder)
cancer,SNOMED CT,276808007,Carcinoid tumor of stomach (disorder)
cancer,SNOMED CT,276809004,Early gastric cancer (disorder)
cancer,SNOMED CT,276810009,Late gastric cancer (disorder)
cancer,SNOMED CT,276811008,Gastric lymphoma (disorder)
cancer,SNOMED CT,276815004,Lymphoma of intestine (disorder)
cancer,SNOMED CT,276821000,Malignant melanoma of anus (disorder)
cancer,SNOMED CT,276822007,Malignant melanoma of rectum (disorder)
cancer,SNOMED CT,276826005,Malignant glioma of brain (disorder)
cancer,SNOMED CT,276827001,Malignant glioma of spinal cord (disorder)
cancer,SNOMED CT,276828006,Glioblastoma multiforme of brain (disorder)
cancer,SNOMED CT,276829003,Glioblastoma multiforme of spinal cord (disorder)
cancer,SNOMED CT,276836002,Primary cerebral lymphoma (disorder)
cancer,SNOMED CT,276870001,Carcinoma of fallopian tube (disorder)
cancer,SNOMED CT,276876007,Carcinoma of Bartholin's gland (disorder)
cancer,SNOMED CT,276952000,Squamous cell carcinoma of tongue (disorder)
cancer,SNOMED CT,276953005,Squamous cell carcinoma of gum (disorder)
cancer,SNOMED CT,276954004,Squamous cell carcinoma of floor of mouth (disorder)
cancer,SNOMED CT,276962007,Squamous cell carcinoma of palate (disorder)
cancer,SNOMED CT,276975007,Carcinoma of larynx (disorder)
cancer,SNOMED CT,277156006,Malignant tumor of external ear (disorder)
cancer,SNOMED CT,277461004,Anaplastic astrocytoma of brain (disorder)
cancer,SNOMED CT,277466009,Lymphoproliferative disorder (disorder)
cancer,SNOMED CT,277473004,B-CLL - B-cell chronic lymphocytic leukemia
cancer,SNOMED CT,277474005,B-cell chronic lymphocytic leukaemia variant
cancer,SNOMED CT,277505007,Medulloblastoma of cerebellum (disorder)
cancer,SNOMED CT,277530005,Malignant melanoma of meninges (disorder)
cancer,SNOMED CT,277543005,Malignant white blood cell disorder (disorder)
cancer,SNOMED CT,277545003,T-cell chronic lymphocytic leukaemia
cancer,SNOMED CT,277549009,Chronic lymphocytic prolymphocytic leukemia syndrome
cancer,SNOMED CT,277550009,Richter's syndrome
cancer,SNOMED CT,277551008,Splenic lymphoma with villous lymphocytes
cancer,SNOMED CT,277567002,T-cell prolymphocytic leukemia
cancer,SNOMED CT,277568007,Hairy cell leukaemia variant
cancer,SNOMED CT,277569004,Large granular lymphocytic leukemia
cancer,SNOMED CT,277570003,Lymphoma with spill
cancer,SNOMED CT,277571004,B-cell acute lymphoblastic leukemia
cancer,SNOMED CT,277572006,Pre B-cell acute lymphoblastic leukemia (disorder)
cancer,SNOMED CT,277573001,Common acute lymphoblastic leukemia (disorder)
cancer,SNOMED CT,277574007,Null cell acute lymphoblastic leukemia (disorder)
cancer,SNOMED CT,277575008,T-cell acute lymphoblastic leukemia (disorder)
cancer,SNOMED CT,277579002,Light chain myeloma (disorder)
cancer,SNOMED CT,277580004,Non-secretory myeloma (disorder)
cancer,SNOMED CT,277587001,Juvenile chronic myeloid leukemia (disorder)
cancer,SNOMED CT,277589003,Atypical chronic myeloid leukemia (disorder)
cancer,SNOMED CT,277597005,Myelodysplastic syndrome with isolated del(5q) (disorder)
cancer,SNOMED CT,277601005,Acute monoblastic leukemia (disorder)
cancer,SNOMED CT,277602003,Acute megakaryoblastic leukemia (disorder)
cancer,SNOMED CT,277604002,Acute eosinophilic leukemia (disorder)
cancer,SNOMED CT,277605001,Tumor lysis syndrome (disorder)
cancer,SNOMED CT,277609007,"Hodgkin's disease, lymphocytic predominance - diffuse (disorder)"
cancer,SNOMED CT,277610002,"Hodgkin's disease, nodular sclerosis - lymphocytic predominance (disorder)"
cancer,SNOMED CT,277612005,"Hodgkin's disease, nodular sclerosis - lymphocytic depletion (disorder)"
cancer,SNOMED CT,277613000,Cutaneous/peripheral T-cell lymphoma
cancer,SNOMED CT,277615007,Low grade B-cell lymphoma
cancer,SNOMED CT,277616008,Diffuse low grade B-cell lymphoma (disorder)
cancer,SNOMED CT,277617004,High grade B-cell lymphoma (disorder)
cancer,SNOMED CT,277618009,Follicular low grade B-cell lymphoma (disorder)
cancer,SNOMED CT,277619001,B-cell prolymphocytic leukaemia
cancer,SNOMED CT,277622004,Mucosa-associated lymphoma
cancer,SNOMED CT,277623009,Monocytoid B-cell lymphoma (disorder)
cancer,SNOMED CT,277624003,Follicular malignant lymphoma - mixed cell type (disorder)
cancer,SNOMED CT,277625002,Follicular non-Hodgkin's small cleaved cell lymphoma
cancer,SNOMED CT,277626001,Diffuse high grade B-cell lymphoma (disorder)
cancer,SNOMED CT,277627005,Nodular high grade B-cell lymphoma (disorder)
cancer,SNOMED CT,277628000,Diffuse malignant lymphoma - large cleaved cell (disorder)
cancer,SNOMED CT,277629008,Diffuse malignant lymphoma - large non-cleaved cell (disorder)
cancer,SNOMED CT,277637000,Large cell anaplastic lymphoma (disorder)
cancer,SNOMED CT,277641001,"Malignant lymphoma - histiocytic, nodular"
cancer,SNOMED CT,277642008,Low grade T-cell lymphoma (disorder)
cancer,SNOMED CT,277643003,High grade T-cell lymphoma (disorder)
cancer,SNOMED CT,277651000,Peripheral T-cell lymphoma - pleomorphic small cell (disorder)
cancer,SNOMED CT,277653002,Peripheral T-cell lymphoma - pleomorphic medium and large cell (disorder)
cancer,SNOMED CT,277654008,Enteropathy-associated T-cell lymphoma (disorder)
cancer,SNOMED CT,277664004,Malignant lymphoma of testis (disorder)
cancer,SNOMED CT,277782009,Malignant peritoneal local recurrence (disorder)
cancer,SNOMED CT,278024000,Rhabdomyosarcoma of bladder (disorder)
cancer,SNOMED CT,278042005,Malignant teratoma of mediastinum (disorder)
cancer,SNOMED CT,278043000,Malignant seminoma of mediastinum (disorder)
cancer,SNOMED CT,278044006,Malignant neuroma of mediastinum (disorder)
cancer,SNOMED CT,278046008,Sarcoma of bladder (disorder)
cancer,SNOMED CT,278050001,Sarcoma of breast (disorder)
cancer,SNOMED CT,278051002,Malignant lymphoma of thyroid gland (disorder)
cancer,SNOMED CT,278052009,Malignant lymphoma of breast (disorder)
cancer,SNOMED CT,278053004,Intraductal carcinoma of breast (disorder)
cancer,SNOMED CT,278054005,Lobular carcinoma of breast (disorder)
cancer,SNOMED CT,278055006,Malignant Leydig cell tumor of testis (disorder)
cancer,SNOMED CT,278057003,Sertoli cell tumor of testis (disorder)
cancer,SNOMED CT,278060005,Endometrioid carcinoma of prostate (disorder)
cancer,SNOMED CT,278065000,Superior pulmonary sulcus syndrome
cancer,SNOMED CT,278433008,Malignant infiltration of soft tissue (disorder)
cancer,SNOMED CT,278453007,Acute biphenotypic leukemia (disorder)
cancer,SNOMED CT,278491007,Mixed seminoma teratoma of testis (disorder)
cancer,SNOMED CT,280959007,Malignant tumor of lacrimal drainage structure (disorder)
cancer,SNOMED CT,281560004,Neuroblastoma of brain
cancer,SNOMED CT,281562007,Adrenal neuroblastoma
cancer,SNOMED CT,281563002,Thoracic neuroblastoma
cancer,SNOMED CT,281564008,Pelvic neuroblastoma
cancer,SNOMED CT,281565009,Paraspinal neuroblastoma
cancer,SNOMED CT,281566005,Abdominothoracic neuroblastoma
cancer,SNOMED CT,281702006,Tibial adamantinoma (disorder)
cancer,SNOMED CT,285310000,Carcinoma of anal canal (disorder)
cancer,SNOMED CT,285312008,Carcinoma of sigmoid colon (disorder)
cancer,SNOMED CT,285420006,Immunoglobulin A myeloma (disorder)
cancer,SNOMED CT,285421005,Immunoglobulin G myeloma (disorder)
cancer,SNOMED CT,285422003,Immunoglobulin D myeloma (disorder)
cancer,SNOMED CT,285432005,Carcinoma of cervix
cancer,SNOMED CT,285603002,Metastasis to bronchus of unknown primary (disorder)
cancer,SNOMED CT,285604008,Metastasis to lung of unknown primary (disorder)
cancer,SNOMED CT,285605009,Metastasis to pleura of unknown primary (disorder)
cancer,SNOMED CT,285607001,Metastasis to mediastinum of unknown primary (disorder)
cancer,SNOMED CT,285609003,Metastasis to small intestine of unknown primary (disorder)
cancer,SNOMED CT,285610008,Metastasis to large intestine of unknown primary (disorder)
cancer,SNOMED CT,285611007,Metastasis to colon of unknown primary (disorder)
cancer,SNOMED CT,285612000,Metastasis to rectum of unknown primary (disorder)
cancer,SNOMED CT,285613005,Metastasis to liver of unknown primary (disorder)
cancer,SNOMED CT,285614004,Metastasis to pancreas of unknown primary (disorder)
cancer,SNOMED CT,285615003,Metastasis to spleen of unknown primary (disorder)
cancer,SNOMED CT,285616002,Metastasis to peritoneum of unknown primary (disorder)
cancer,SNOMED CT,285617006,Metastasis to retroperitoneum of unknown primary (disorder)
cancer,SNOMED CT,285618001,Metastasis to bone of unknown primary (disorder)
cancer,SNOMED CT,285619009,Metastasis to vertebral column of unknown primary (disorder)
cancer,SNOMED CT,285631006,Metastasis to skin of unknown primary (disorder)
cancer,SNOMED CT,285633009,Metastasis to soft tissue of unknown primary (disorder)
cancer,SNOMED CT,285634003,Metastasis to breast of unknown primary (disorder)
cancer,SNOMED CT,285635002,Metastasis to uterus of unknown primary (disorder)
cancer,SNOMED CT,285637005,Metastasis to ovary of unknown primary (disorder)
cancer,SNOMED CT,285639008,Metastasis to kidney of unknown primary (disorder)
cancer,SNOMED CT,285640005,Metastasis to bladder of unknown primary (disorder)
cancer,SNOMED CT,285641009,Metastasis to brain of unknown primary (disorder)
cancer,SNOMED CT,285643007,Metastasis to adrenal gland of unknown primary (disorder)
cancer,SNOMED CT,285644001,Metastasis to lymph node of unknown primary (disorder)
cancer,SNOMED CT,285645000,Disseminated malignancy of unknown primary (disorder)
cancer,SNOMED CT,285769009,Acute promyelocytic leukemia - hypogranular variant (disorder)
cancer,SNOMED CT,285776004,Intermediate grade B-cell lymphoma (disorder)
cancer,SNOMED CT,285839005,Acute myelomonocytic leukemia - eosinophilic variant (disorder)
cancer,SNOMED CT,286887005,Carcinoma liver and/or biliary system (disorder)
cancer,SNOMED CT,286889008,Carcinoma of upper limb bones/scapula (disorder)
cancer,SNOMED CT,286890004,Carcinoma of lower limb bones (disorder)
cancer,SNOMED CT,286893002,"Carcinoma of breast - upper, inner quadrant (disorder)"
cancer,SNOMED CT,286894008,"Carcinoma of breast - lower, inner quadrant (disorder)"
cancer,SNOMED CT,286895009,"Carcinoma of breast - upper, outer quadrant (disorder)"
cancer,SNOMED CT,286896005,"Carcinoma breast - lower, outer quadrant (disorder)"
cancer,SNOMED CT,286897001,Carcinoma of breast - axillary tail (disorder)
cancer,SNOMED CT,286899003,Carcinoma of genital organ (disorder)
cancer,SNOMED CT,286900008,Carcinoma of epididymis/spermatic cord (disorder)
cancer,SNOMED CT,286902000,Secondary carcinoma of gastrointestinal tract (disorder)
cancer,SNOMED CT,300988009,Transitional cell carcinoma of ureter (disorder)
cancer,SNOMED CT,301756000,Adenocarcinoma of sigmoid colon (disorder)
cancer,SNOMED CT,302816009,"Malignant tumour of soft tissue of head, face and neck"
cancer,SNOMED CT,302817000,Malignant tumor of unknown origin or ill-defined site
cancer,SNOMED CT,302835009,Phaeochromocytoma
cancer,SNOMED CT,302837001,Lentigo maligna melanoma (disorder)
cancer,SNOMED CT,302841002,Malignant lymphoma - small lymphocytic (disorder)
cancer,SNOMED CT,302842009,Diffuse malignant lymphoma - centroblastic
cancer,SNOMED CT,302845006,"Nodular malignant lymphoma, lymphocytic - well differentiated (disorder)"
cancer,SNOMED CT,302847003,Rhabdomyosarcoma (disorder)
cancer,SNOMED CT,302849000,Nephroblastoma (disorder)
cancer,SNOMED CT,302851001,Synovial sarcoma (disorder)
cancer,SNOMED CT,302855005,Subacute leukemia
cancer,SNOMED CT,303012000,Malignant tumor of posterior wall of hypopharynx (disorder)
cancer,SNOMED CT,303017006,"Malignant lymphoma, convoluted cell type (disorder)"
cancer,SNOMED CT,303055001,"Malignant lymphoma, follicular center cell (disorder)"
cancer,SNOMED CT,303057009,"Malignant lymphoma, follicular center cell, non-cleaved (disorder)"
cancer,SNOMED CT,303194003,Metastasis to head and neck lymph node
cancer,SNOMED CT,303201005,Metastasis to multiple lymph nodes
cancer,SNOMED CT,304545002,Adenocarcinoma of ileum (disorder)
cancer,SNOMED CT,307216009,Perforated carcinoma of esophagus (disorder)
cancer,SNOMED CT,307219002,Retroperitoneal sarcoma (disorder)
cancer,SNOMED CT,307226002,Metastatic adenocarcinoma of unknown origin (disorder)
cancer,SNOMED CT,307341004,Atypical hairy cell leukemia
cancer,SNOMED CT,307502000,Squamous cell carcinoma of mouth (disorder)
cancer,SNOMED CT,307576001,Osteosarcoma of bone
cancer,SNOMED CT,307593001,Disseminated carcinomatosis
cancer,SNOMED CT,307599002,Sebaceous adenocarcinoma (disorder)
cancer,SNOMED CT,307601000,Pseudomyxoma peritonei (disorder)
cancer,SNOMED CT,307603002,Malignant blue nevus of skin (disorder)
cancer,SNOMED CT,307608006,Ewing's sarcoma of bone (disorder)
cancer,SNOMED CT,307609003,Adamantinoma of long bone (disorder)
cancer,SNOMED CT,307610008,Pilomatrix carcinoma of skin (disorder)
cancer,SNOMED CT,307617006,Neutrophilic leukemia (disorder)
cancer,SNOMED CT,307623001,Malignant lymphoma - lymphoplasmacytic (disorder)
cancer,SNOMED CT,307635002,"Hodgkin's disease, nodular sclerosis - cellular phase (disorder)"
cancer,SNOMED CT,307636001,"Malignant lymphoma, mixed lymphocytic-histiocytic, nodular (disorder)"
cancer,SNOMED CT,307637005,"Malignant lymphoma, centroblastic-centrocytic, follicular (disorder)"
cancer,SNOMED CT,307646004,"Malignant lymphoma, lymphocytic, poorly differentiated, nodular (disorder)"
cancer,SNOMED CT,307647008,"Malignant lymphoma, centroblastic type, follicular (disorder)"
cancer,SNOMED CT,307649006,Microglioma (disorder)
cancer,SNOMED CT,307651005,Myelosclerosis with myeloid metaplasia
cancer,SNOMED CT,308121000,Follicular non-Hodgkin's lymphoma
cancer,SNOMED CT,309245001,Adenocarcinoma of uterus (disorder)
cancer,SNOMED CT,310498001,Malignant melanoma of back
cancer,SNOMED CT,310504009,Primary malignant neoplasm of unknown site
cancer,SNOMED CT,310526005,Malignant tumor of soft tissue of back (disorder)
cancer,SNOMED CT,310599006,Malignant neoplasm of canthus (disorder)
cancer,SNOMED CT,312104005,Cholangiocarcinoma of biliary tract (disorder)
cancer,SNOMED CT,312111009,Carcinoma of ascending colon (disorder)
cancer,SNOMED CT,312112002,Carcinoma of transverse colon (disorder)
cancer,SNOMED CT,312113007,Carcinoma of descending colon (disorder)
cancer,SNOMED CT,312114001,Carcinoma of hepatic flexure (disorder)
cancer,SNOMED CT,312115000,Carcinoma of splenic flexure (disorder)
cancer,SNOMED CT,312949007,Retinal pigment epithelial adenocarcinoma (disorder)
cancer,SNOMED CT,313248004,Malignant melanoma of chest wall
cancer,SNOMED CT,313249007,Malignant neoplasm of upper eyelid (disorder)
cancer,SNOMED CT,313250007,Malignant neoplasm of lower eyelid (disorder)
cancer,SNOMED CT,313353007,Squamous cell carcinoma of bronchus in left lower lobe (disorder)
cancer,SNOMED CT,313354001,Squamous cell carcinoma of bronchus in left upper lobe (disorder)
cancer,SNOMED CT,313355000,Squamous cell carcinoma of bronchus in right lower lobe (disorder)
cancer,SNOMED CT,313356004,Squamous cell carcinoma of bronchus in right middle lobe (disorder)
cancer,SNOMED CT,313357008,Squamous cell carcinoma of bronchus in right upper lobe (disorder)
cancer,SNOMED CT,313427003,Lambda light chain myeloma
cancer,SNOMED CT,313428008,Seminoma of undescended testis
cancer,SNOMED CT,313429000,Seminoma of descended testis
cancer,SNOMED CT,314191009,Cystadenocarcinoma of ovary (disorder)
cancer,SNOMED CT,314418005,Leukemic infiltrate of retina (disorder)
cancer,SNOMED CT,314951005,Local recurrence of malignant tumor of tongue (disorder)
cancer,SNOMED CT,314952003,Local recurrence of malignant tumor of buccal cavity (disorder)
cancer,SNOMED CT,314953008,Local recurrence of malignant tumor of thyroid gland (disorder)
cancer,SNOMED CT,314954002,Local recurrence of malignant tumor of lung (disorder)
cancer,SNOMED CT,314955001,Local recurrence of malignant tumor of breast (disorder)
cancer,SNOMED CT,314960002,Local recurrence of malignant tumor of esophagus (disorder)
cancer,SNOMED CT,314961003,Local recurrence of malignant tumor of stomach (disorder)
cancer,SNOMED CT,314962005,Local recurrence of malignant tumor of gallbladder (disorder)
cancer,SNOMED CT,314963000,Local recurrence of malignant tumor of liver (disorder)
cancer,SNOMED CT,314964006,Local recurrence of malignant tumor of pancreas (disorder)
cancer,SNOMED CT,314965007,Local recurrence of malignant tumor of colon (disorder)
cancer,SNOMED CT,314966008,Local recurrence of malignant tumor of rectum (disorder)
cancer,SNOMED CT,314967004,Local recurrence of malignant tumor of kidney (disorder)
cancer,SNOMED CT,314968009,Local recurrence of malignant tumor of urinary bladder (disorder)
cancer,SNOMED CT,314969001,Local recurrence of malignant tumor of prostate (disorder)
cancer,SNOMED CT,314970000,Local recurrence of malignant tumor of cervix (disorder)
cancer,SNOMED CT,314973003,Local recurrence of malignant tumor of bone (disorder)
cancer,SNOMED CT,314974009,Local recurrence of malignant tumor of soft tissue (disorder)
cancer,SNOMED CT,314976006,Local recurrence of malignant melanoma of skin (disorder)
cancer,SNOMED CT,314987003,Metastasis from malignant melanoma of skin (disorder)
cancer,SNOMED CT,314988008,Metastasis from malignant tumor of skin (disorder)
cancer,SNOMED CT,314989000,Metastasis from malignant tumor of soft tissues (disorder)
cancer,SNOMED CT,314990009,Metastasis from malignant tumor of bone (disorder)
cancer,SNOMED CT,314991008,Metastasis from malignant tumor of adrenal gland (disorder)
cancer,SNOMED CT,314992001,Metastasis from malignant tumor of cervix (disorder)
cancer,SNOMED CT,314993006,Metastasis from malignant tumor of uterus (disorder)
cancer,SNOMED CT,314994000,Metastasis from malignant tumor of prostate (disorder)
cancer,SNOMED CT,314995004,Metastasis from malignant tumor of bladder (disorder)
cancer,SNOMED CT,314996003,Metastasis from malignant tumor of kidney (disorder)
cancer,SNOMED CT,314997007,Metastasis from malignant tumor of rectum (disorder)
cancer,SNOMED CT,314998002,Metastasis from malignant tumor of colon (disorder)
cancer,SNOMED CT,314999005,Metastasis from malignant tumor of pancreas (disorder)
cancer,SNOMED CT,315000005,Metastasis from malignant tumor of liver (disorder)
cancer,SNOMED CT,315001009,Metastasis from malignant tumor of gallbladder (disorder)
cancer,SNOMED CT,315002002,Metastasis from malignant tumor of stomach (disorder)
cancer,SNOMED CT,315003007,Metastasis from malignant tumor of esophagus (disorder)
cancer,SNOMED CT,315004001,Metastasis from malignant tumor of breast (disorder)
cancer,SNOMED CT,315005000,Metastasis from malignant tumor of bronchus (disorder)
cancer,SNOMED CT,315006004,Metastasis from malignant tumor of lung (disorder)
cancer,SNOMED CT,315007008,Metastasis from malignant tumor of thyroid (disorder)
cancer,SNOMED CT,315008003,Metastasis from malignant tumor of buccal cavity (disorder)
cancer,SNOMED CT,315009006,Metastasis from malignant tumor of tongue (disorder)
cancer,SNOMED CT,315058005,Hereditary nonpolyposis colon cancer
cancer,SNOMED CT,315601005,Ambulatory chemotherapy (procedure)
cancer,SNOMED CT,326072005,Carcinoma of head of pancreas (disorder)
cancer,SNOMED CT,359631009,"Acute myeloid leukemia, minimal differentiation, FAB M0 (disorder)"
cancer,SNOMED CT,359785002,Metastatic malignant neoplasm to dome of urinary bladder (disorder)
cancer,SNOMED CT,359987004,Krukenberg tumor (disorder)
cancer,SNOMED CT,363346000,Malignant tumour
cancer,SNOMED CT,363348004,Malignant tumour of lip
cancer,SNOMED CT,363349007,Malignant tumor of stomach
cancer,SNOMED CT,363350007,Malignant tumour of caecum
cancer,SNOMED CT,363351006,Malignant tumor of rectum
cancer,SNOMED CT,363352004,Malignant tumour of anal canal
cancer,SNOMED CT,363353009,Malignant tumor of gallbladder
cancer,SNOMED CT,363354003,Malignant tumour of cervix
cancer,SNOMED CT,363355002,Malignant tumor of adrenal gland
cancer,SNOMED CT,363357005,Malignant tumor of ill-defined site (disorder)
cancer,SNOMED CT,363358000,Malignant tumor of lung
cancer,SNOMED CT,363359008,Malignant tumor of middle ear (disorder)
cancer,SNOMED CT,363360003,Malignant tumor of anterior two-thirds of tongue
cancer,SNOMED CT,363363001,Malignant tumor of soft tissue of shoulder (disorder)
cancer,SNOMED CT,363364007,Malignant tumor of soft tissue of hip (disorder)
cancer,SNOMED CT,363365008,Malignant tumor of soft tissue of thorax
cancer,SNOMED CT,363366009,Malignant tumour of soft tissue of pelvis
cancer,SNOMED CT,363367000,Malignant tumor of vulva
cancer,SNOMED CT,363368005,Carcinoma of body of pancreas (disorder)
cancer,SNOMED CT,363369002,Carcinoma of tail of pancreas (disorder)
cancer,SNOMED CT,363370001,Malignant neoplasm of mesentery
cancer,SNOMED CT,363372009,Malignant tumor of vermilion border of upper lip
cancer,SNOMED CT,363373004,Malignant tumour of vermilion border of lower lip
cancer,SNOMED CT,363374005,Malignant tumor of commissure of lip
cancer,SNOMED CT,363375006,Malignant tumour of tongue
cancer,SNOMED CT,363376007,Malignant tumor of base of tongue
cancer,SNOMED CT,363377003,Malignant tumour of lingual tonsil
cancer,SNOMED CT,363378008,Malignant tumor of major salivary gland
cancer,SNOMED CT,363379000,Malignant tumour of parotid gland
cancer,SNOMED CT,363380002,Malignant tumor of submandibular gland
cancer,SNOMED CT,363381003,Malignant tumour of sublingual gland
cancer,SNOMED CT,363382005,Malignant tumor of gum
cancer,SNOMED CT,363383000,Malignant tumour of upper gingiva
cancer,SNOMED CT,363384006,Malignant tumour of lower gingiva
cancer,SNOMED CT,363385007,Malignant tumor of floor of mouth
cancer,SNOMED CT,363386008,Malignant tumour of buccal mucosa
cancer,SNOMED CT,363387004,Malignant tumor of hard palate
cancer,SNOMED CT,363388009,Malignant tumour of soft palate
cancer,SNOMED CT,363389001,Malignant tumor of uvula
cancer,SNOMED CT,363390005,Malignant tumour of palate
cancer,SNOMED CT,363391009,Malignant tumor of retromolar area
cancer,SNOMED CT,363392002,Malignant tumour of oropharynx
cancer,SNOMED CT,363393007,Malignant tumor of tonsil
cancer,SNOMED CT,363394001,Malignant tumour of tonsillar fossa
cancer,SNOMED CT,363395000,Malignant tumor of vallecula
cancer,SNOMED CT,363396004,Malignant tumor of branchial cleft (disorder)
cancer,SNOMED CT,363397008,Malignant tumor of roof of nasopharynx
cancer,SNOMED CT,363398003,Malignant tumour of lateral wall of nasopharynx
cancer,SNOMED CT,363399006,Malignant tumor of hypopharynx
cancer,SNOMED CT,363400004,Malignant tumour of postcricoid region
cancer,SNOMED CT,363401000,Malignant tumor of pyriform fossa
cancer,SNOMED CT,363402007,Malignant tumour of oesophagus
cancer,SNOMED CT,363403002,Malignant tumor of duodenum
cancer,SNOMED CT,363404008,Malignant tumour of jejunum
cancer,SNOMED CT,363405009,Malignant tumor of ileum
cancer,SNOMED CT,363406005,Malignant tumour of colon
cancer,SNOMED CT,363407001,Malignant tumor of hepatic flexure
cancer,SNOMED CT,363408006,Malignant tumour of transverse colon
cancer,SNOMED CT,363409003,Malignant tumor of descending colon
cancer,SNOMED CT,363410008,Malignant tumour of sigmoid colon
cancer,SNOMED CT,363411007,Malignant tumor of appendix
cancer,SNOMED CT,363412000,Malignant tumour of ascending colon
cancer,SNOMED CT,363413005,Malignant tumor of splenic flexure
cancer,SNOMED CT,363414004,Malignant tumour of rectosigmoid junction
cancer,SNOMED CT,363415003,Malignant tumor of biliary tract
cancer,SNOMED CT,363416002,Malignant tumour of extrahepatic bile duct
cancer,SNOMED CT,363417006,Malignant tumor of ampulla of Vater
cancer,SNOMED CT,363418001,Malignant tumour of pancreas
cancer,SNOMED CT,363419009,Malignant tumor of head of pancreas
cancer,SNOMED CT,363420003,Malignant retroperitoneal tumour
cancer,SNOMED CT,363421004,Malignant neoplasm of omentum
cancer,SNOMED CT,363422006,Malignant tumor of nasal cavity
cancer,SNOMED CT,363423001,Malignant tumour of nasal septum
cancer,SNOMED CT,363424007,Malignant tumor of mastoid air cells
cancer,SNOMED CT,363425008,Malignant tumour of maxillary sinus
cancer,SNOMED CT,363426009,Malignant tumor of ethmoid sinus
cancer,SNOMED CT,363427000,Malignant tumour of frontal sinus
cancer,SNOMED CT,363428005,Malignant tumor of sphenoid sinus
cancer,SNOMED CT,363429002,Malignant tumour of larynx
cancer,SNOMED CT,363430007,Malignant tumor of subglottis
cancer,SNOMED CT,363431006,Malignant tumour of laryngeal cartilage
cancer,SNOMED CT,363432004,Malignant tumor of trachea
cancer,SNOMED CT,363433009,Malignant tumour of pleura
cancer,SNOMED CT,363434003,Malignant tumor of thymus
cancer,SNOMED CT,363435002,Malignant tumour of heart
cancer,SNOMED CT,363436001,Malignant tumor of endocardium
cancer,SNOMED CT,363438000,Malignant tumor of vertebral column
cancer,SNOMED CT,363439008,Malignant tumour of soft tissue of head
cancer,SNOMED CT,363440005,Malignant tumor of soft tissue of face
cancer,SNOMED CT,363441009,Malignant tumour of soft tissue of neck
cancer,SNOMED CT,363443007,Malignant tumour of ovary
cancer,SNOMED CT,363444001,Malignant tumor of fallopian tube
cancer,SNOMED CT,363445000,Malignant tumour of vagina
cancer,SNOMED CT,363446004,Malignant neoplasm of labia majora
cancer,SNOMED CT,363447008,Malignant neoplasm of labia minora
cancer,SNOMED CT,363449006,Malignant tumour of testis
cancer,SNOMED CT,363451005,Malignant tumour of glans penis
cancer,SNOMED CT,363452003,Malignant tumor of epididymis
cancer,SNOMED CT,363453008,Malignant tumour of spermatic cord
cancer,SNOMED CT,363454002,Malignant tumor of scrotum
cancer,SNOMED CT,363456000,Malignant tumor of urachus
cancer,SNOMED CT,363457009,Malignant tumour of renal pelvis
cancer,SNOMED CT,363458004,Malignant tumor of ureter
cancer,SNOMED CT,363459007,Malignant tumour of urethra
cancer,SNOMED CT,363460002,Malignant tumor of paraurethral gland
cancer,SNOMED CT,363461003,Malignant tumour of eye
cancer,SNOMED CT,363462005,Malignant tumor of orbit
cancer,SNOMED CT,363463000,Malignant tumour of conjunctiva
cancer,SNOMED CT,363464006,Malignant tumor of cornea
cancer,SNOMED CT,363465007,Malignant tumour of retina
cancer,SNOMED CT,363466008,Malignant tumor of choroid
cancer,SNOMED CT,363467004,Malignant neoplasm of frontal lobe
cancer,SNOMED CT,363468009,Malignant neoplasm of temporal lobe
cancer,SNOMED CT,363469001,Malignant neoplasm of parietal lobe
cancer,SNOMED CT,363470000,Malignant neoplasm of occipital lobe
cancer,SNOMED CT,363471001,Malignant neoplasm of cerebral ventricles
cancer,SNOMED CT,363473003,Malignant neoplasm of brainstem
cancer,SNOMED CT,363474009,Malignant neoplasm of cerebral meninges
cancer,SNOMED CT,363475005,Malignant tumour of spinal cord
cancer,SNOMED CT,363476006,Malignant neoplasm of spinal meninges
cancer,SNOMED CT,363477002,Malignant neoplasm of cauda equina
cancer,SNOMED CT,363478007,Malignant tumor of thyroid gland
cancer,SNOMED CT,363481002,Malignant tumour of parathyroid gland
cancer,SNOMED CT,363482009,Malignant tumor of pituitary gland
cancer,SNOMED CT,363483004,Malignant tumour of pineal gland
cancer,SNOMED CT,363484005,Malignant tumor of pelvis
cancer,SNOMED CT,363485006,Malignant tumor of minor salivary gland (disorder)
cancer,SNOMED CT,363486007,Malignant tumor of vocal cord (disorder)
cancer,SNOMED CT,363487003,Malignant tumor of aryepiglottic fold - laryngeal aspect (disorder)
cancer,SNOMED CT,363488008,Malignant tumor of false cord (disorder)
cancer,SNOMED CT,363489000,Malignant tumour of neck
cancer,SNOMED CT,363490009,Malignant tumor of anus
cancer,SNOMED CT,363491008,Malignant tumour of cloacogenic zone
cancer,SNOMED CT,363492001,Malignant tumor of peritoneum
cancer,SNOMED CT,363493006,Malignant tumor of bronchus (disorder)
cancer,SNOMED CT,363494000,Malignant tumor of mediastinum
cancer,SNOMED CT,363495004,Malignant tumor of muscle (disorder)
cancer,SNOMED CT,363496003,Malignant tumor of soft tissue of abdomen (disorder)
cancer,SNOMED CT,363497007,Malignant tumour of meninges
cancer,SNOMED CT,363498002,Malignant tumor of optic nerve
cancer,SNOMED CT,363499005,Malignant tumour of spleen
cancer,SNOMED CT,363500001,Multiple malignancy (disorder)
cancer,SNOMED CT,363501002,Malignant tumor of face
cancer,SNOMED CT,363502009,Malignant tumour of axilla
cancer,SNOMED CT,363503004,Malignant tumor of upper limb
cancer,SNOMED CT,363504005,Malignant tumour of lower limb
cancer,SNOMED CT,363505006,Malignant tumor of oral cavity
cancer,SNOMED CT,363506007,Malignant tumour of nasal sinuses
cancer,SNOMED CT,363507003,Malignant tumor of pharynx
cancer,SNOMED CT,363508008,Malignant tumour of intestine
cancer,SNOMED CT,363509000,Malignant tumor of small intestine
cancer,SNOMED CT,363510005,Malignant tumor of large intestine (disorder)
cancer,SNOMED CT,363514001,Malignant tumour of female genital organ
cancer,SNOMED CT,363515000,Malignant tumor of male genital organ
cancer,SNOMED CT,363516004,Malignant tumour of penis
cancer,SNOMED CT,363517008,Malignant tumor of urinary tract proper (disorder)
cancer,SNOMED CT,363518003,Malignant tumour of kidney
cancer,SNOMED CT,367336001,Chemotherapy (procedure)
cancer,SNOMED CT,370967009,Retinoblastoma (disorder)
cancer,SNOMED CT,371964008,Malignant neoplasm of adrenal cortex (disorder)
cancer,SNOMED CT,371965009,Malignant neoplasm of adrenal medulla (disorder)
cancer,SNOMED CT,371967001,Primary malignant neoplasm of ampulla of Vater (disorder)
cancer,SNOMED CT,371972005,Malignant neoplasm of body of uterus (disorder)
cancer,SNOMED CT,371973000,Malignant neoplasm of uterus (disorder)
cancer,SNOMED CT,371974006,Malignant neoplasm of border of tongue (disorder)
cancer,SNOMED CT,371977004,Primary malignant neoplasm of cecum (disorder)
cancer,SNOMED CT,371979001,Malignant neoplasm of clitoris (disorder)
cancer,SNOMED CT,371982006,Malignant neoplasm of endocrine gland (disorder)
cancer,SNOMED CT,371984007,Primary malignant neoplasm of esophagus (disorder)
cancer,SNOMED CT,372001002,Primary malignant neoplasm of oral cavity (disorder)
cancer,SNOMED CT,372003004,Primary malignant neoplasm of pancreas (disorder)
cancer,SNOMED CT,372004005,Primary malignant neoplasm of parotid gland (disorder)
cancer,SNOMED CT,372005006,Primary malignant neoplasm of penis (disorder)
cancer,SNOMED CT,372011009,Malignant tumor of soft tissue of upper limb (disorder)
cancer,SNOMED CT,372014001,Primary malignant neoplasm of stomach (disorder)
cancer,SNOMED CT,372016004,Primary malignant neoplasm of the peritoneum (disorder)
cancer,SNOMED CT,372020000,Primary malignant neoplasm of tonsil (disorder)
cancer,SNOMED CT,372023003,Primary malignant neoplasm of upper third of esophagus (disorder)
cancer,SNOMED CT,372030009,Primary malignant neoplasm of vocal cord (disorder)
cancer,SNOMED CT,372062007,Malignant neoplasm of central nervous system (disorder)
cancer,SNOMED CT,372063002,Malignant neoplasm of nervous system (disorder)
cancer,SNOMED CT,372064008,Malignant neoplasm of female breast (disorder)
cancer,SNOMED CT,372065009,Malignant neoplasm of main bronchus (disorder)
cancer,SNOMED CT,372087000,Primary malignant neoplasm (disorder)
cancer,SNOMED CT,372094002,Malignant neoplasm of axillary tail of breast (disorder)
cancer,SNOMED CT,372095001,Malignant neoplasm of male breast (disorder)
cancer,SNOMED CT,372096000,Carcinoma of male breast (disorder)
cancer,SNOMED CT,372097009,Malignant neoplasm of endocervix (disorder)
cancer,SNOMED CT,372099007,Malignant neoplasm of exocervix (disorder)
cancer,SNOMED CT,372100004,Carcinoma of exocervix (disorder)
cancer,SNOMED CT,372101000,Carcinoma of extrahepatic bile duct (disorder)
cancer,SNOMED CT,372106005,Carcinoma of penis (disorder)
cancer,SNOMED CT,372108006,Malignant neoplasm of bone of lower limb (disorder)
cancer,SNOMED CT,372111007,"Carcinoma of lower lobe, bronchus or lung (disorder)"
cancer,SNOMED CT,372113005,"Carcinoma of middle lobe, bronchus or lung (disorder)"
cancer,SNOMED CT,372119009,Primary malignant neoplasm of head of pancreas (disorder)
cancer,SNOMED CT,372131006,Malignant neoplasm of upper limb bones and scapula (disorder)
cancer,SNOMED CT,372136001,"Carcinoma of upper lobe, bronchus or lung (disorder)"
cancer,SNOMED CT,372137005,Primary malignant neoplasm of breast (disorder)
cancer,SNOMED CT,372138000,Carcinoma of esophagus (disorder)
cancer,SNOMED CT,372139008,Primary malignant neoplasm of gallbladder (disorder)
cancer,SNOMED CT,372140005,Carcinoma of gallbladder (disorder)
cancer,SNOMED CT,372141009,Carcinoma of vocal cord (disorder)
cancer,SNOMED CT,372142002,Carcinoma of pancreas (disorder)
cancer,SNOMED CT,372143007,Carcinoma of stomach (disorder)
cancer,SNOMED CT,372244006,Malignant melanoma (disorder)
cancer,SNOMED CT,373080008,Malignant neoplasm of breast lower inner quadrant (disorder)
cancer,SNOMED CT,373082000,Malignant neoplasm of breast upper inner quadrant (disorder)
cancer,SNOMED CT,373083005,Malignant neoplasm of breast upper outer quadrant (disorder)
cancer,SNOMED CT,373168002,Reticulosarcoma (disorder)
cancer,SNOMED CT,393563007,Glioblastoma multiforme (disorder)
cancer,SNOMED CT,394894008,Pre-operative chemotherapy (procedure)
cancer,SNOMED CT,394895009,Postoperative chemotherapy (procedure)
cancer,SNOMED CT,397009000,Mast cell malignancy (disorder)
cancer,SNOMED CT,398271008,Predominantly T-cell defect (finding)
cancer,SNOMED CT,398623004,Refractory anemia with excess blasts (disorder)
cancer,SNOMED CT,398670003,Pigmented dermatofibrosarcoma protuberans of skin (disorder)
cancer,SNOMED CT,399042005,Chemotherapy cycle (procedure)
cancer,SNOMED CT,399068003,Malignant tumor of prostate (disorder)
cancer,SNOMED CT,399326009,Malignant tumor of urinary bladder (disorder)
cancer,SNOMED CT,399490008,Adenocarcinoma of prostate (disorder)
cancer,SNOMED CT,399660006,Ring melanoma of ciliary body (disorder)
cancer,SNOMED CT,400001003,Primary cutaneous lymphoma (disorder)
cancer,SNOMED CT,400122007,Primary cutaneous T-cell lymphoma (disorder)
cancer,SNOMED CT,402537005,Metastatic basal cell carcinoma (disorder)
cancer,SNOMED CT,402558004,Malignant melanoma (vertical growth phase) (disorder)
cancer,SNOMED CT,402561003,Malignant melanoma of soft tissues (disorder)
cancer,SNOMED CT,402815007,Squamous cell carcinoma (disorder)
cancer,SNOMED CT,403900000,Spindle cell squamous cell carcinoma (disorder)
cancer,SNOMED CT,403906006,Metastatic squamous cell carcinoma (disorder)
cancer,SNOMED CT,403923002,Spindle cell malignant melanoma (disorder)
cancer,SNOMED CT,403924008,Desmoplastic malignant melanoma (disorder)
cancer,SNOMED CT,403927001,Malignant melanoma of nail apparatus (disorder)
cancer,SNOMED CT,403977003,Angiosarcoma (disorder)
cancer,SNOMED CT,404037002,Malignant peripheral nerve sheath tumor (disorder)
cancer,SNOMED CT,404051002,Embryonal rhabdomyosarcoma (disorder)
cancer,SNOMED CT,404071006,Pleomorphic liposarcoma (disorder)
cancer,SNOMED CT,404133000,Subcutaneous panniculitic cutaneous T-cell lymphoma (disorder)
cancer,SNOMED CT,404149003,"Lymphoplasmacytic B-cell lymphoma, nodal/systemic with skin involvement (disorder)"
cancer,SNOMED CT,405546008,Malignant pericardial effusion (disorder)
cancer,SNOMED CT,405843009,Widespread metastatic malignant neoplastic disease (disorder)
cancer,SNOMED CT,405945003,Malignant neoplasm of metatarsal bone of foot (disorder)
cancer,SNOMED CT,408642003,Transitional cell carcinoma of kidney (disorder)
cancer,SNOMED CT,408643008,Infiltrating duct carcinoma of breast (disorder)
cancer,SNOMED CT,408645001,Adenocarcinoma of large intestine (disorder)
cancer,SNOMED CT,408646000,Adenocarcinoma of liver (disorder)
cancer,SNOMED CT,408647009,Adenocarcinoma of stomach (disorder)
cancer,SNOMED CT,413441006,"Acute monocytic leukemia, FAB M5b (disorder)"
cancer,SNOMED CT,413445002,Adenocarcinoma of appendix (disorder)
cancer,SNOMED CT,413446001,Adenocarcinoma of cecum (disorder)
cancer,SNOMED CT,413537009,Angioimmunoblastic T-cell lymphoma (disorder)
cancer,SNOMED CT,413587002,Smoldering myeloma (disorder)
cancer,SNOMED CT,413738001,Cancer monitoring first letter (procedure)
cancer,SNOMED CT,413739009,Cancer monitoring invitation (procedure)
cancer,SNOMED CT,413740006,Cancer monitoring second letter (procedure)
cancer,SNOMED CT,413741005,Cancer monitoring third letter (procedure)
cancer,SNOMED CT,413842007,Chronic myeloid leukemia in lymphoid blast crisis (disorder)
cancer,SNOMED CT,413843002,Chronic myeloid leukemia in myeloid blast crisis (disorder)
cancer,SNOMED CT,413847001,Chronic phase chronic myeloid leukemia (disorder)
cancer,SNOMED CT,414166008,"Extranodal natural killer/T-cell lymphoma, nasal type (disorder)"
cancer,SNOMED CT,414553000,Kappa light chain myeloma (disorder)
cancer,SNOMED CT,414785000,Multiple solitary plasmacytomas (disorder)
cancer,SNOMED CT,415082004,Personal history of primary malignant neoplasm of lung (context-dependent category)
cancer,SNOMED CT,415110002,Plasma cell myeloma/plasmacytoma (disorder)
cancer,SNOMED CT,415112005,Plasmacytoma (disorder)
cancer,SNOMED CT,416402001,Gestational trophoblastic disease (disorder)
cancer,SNOMED CT,416669000,Invasive hydatidiform mole (disorder)
cancer,SNOMED CT,416712009,Clear cell (mesonephric) neoplasm of ovary (disorder)
cancer,SNOMED CT,416769008,Malignant teratoma of testis (disorder)
cancer,SNOMED CT,416842003,Malignant sacral teratoma (disorder)
cancer,SNOMED CT,416901002,Malignant medulloepithelioma of ciliary body (disorder)
cancer,SNOMED CT,417036008,Liquid based cervical cytology screening (procedure)
cancer,SNOMED CT,417084004,Cancer monitoring verbal invitation (procedure)
cancer,SNOMED CT,417417007,Malignant teratoma of undescended testis (disorder)
cancer,SNOMED CT,417554000,Malignant teratoma of descended testis (disorder)
cancer,SNOMED CT,417570003,Gestational choriocarcinoma (disorder)
cancer,SNOMED CT,419052002,Malignant tumor of urinary system (disorder)
cancer,SNOMED CT,420788006,Intraocular non-Hodgkin malignant lymphoma (disorder)
cancer,SNOMED CT,421249001,Malignant tumor of vermilion border of lip (disorder)
cancer,SNOMED CT,422599000,Squamous cell carcinoma of back (disorder)
cancer,SNOMED CT,422691006,Squamous cell carcinoma of nasopharynx (disorder)
cancer,SNOMED CT,423158009,Hurthle cell carcinoma of thyroid (disorder)
cancer,SNOMED CT,423464009,Squamous cell carcinoma of oropharynx (disorder)
cancer,SNOMED CT,423746001,Adenocarcinoma of pelvis (disorder)
cancer,SNOMED CT,423973006,"Carcinoma of uterine cervix, invasive (disorder)"
cancer,SNOMED CT,424151006,Anaplastic glioma of brain (disorder)
cancer,SNOMED CT,424413001,Sarcoma (disorder)
cancer,SNOMED CT,424952003,Sarcoma of soft tissue (disorder)
cancer,SNOMED CT,425066001,"Carcinoma of urinary bladder, invasive (disorder)"
cancer,SNOMED CT,425178004,Adenocarcinoma of rectosigmoid junction (disorder)
cancer,SNOMED CT,425231005,"Carcinoma of urinary bladder, superficial (disorder)"
cancer,SNOMED CT,426071002,Hodgkin's disease in remission (disorder)
cancer,SNOMED CT,426202004,Immune reconstitution syndrome (disorder)
cancer,SNOMED CT,426336007,Solitary osseous myeloma (disorder)
cancer,SNOMED CT,426964009,"Non-small cell lung cancer, positive for epidermal growth factor receptor expression (disorder)"
cancer,SNOMED CT,427141003,Malignant lymphoma in remission (disorder)
cancer,SNOMED CT,427492003,Hormone refractory prostate cancer (disorder)
cancer,SNOMED CT,427685000,Human epidermal growth factor 2 positive carcinoma of breast (disorder)
cancer,SNOMED CT,428061005,Malignant neoplasm of brain (disorder)
cancer,SNOMED CT,428100006,Malignant neoplasm of thoracic cavity structure (disorder)
cancer,SNOMED CT,428281000,Malignant neoplasm of bone (disorder)
cancer,SNOMED CT,428322007,Malignant neoplasm of uterine adnexa (disorder)
cancer,SNOMED CT,428905002,Malignant neoplasm of gastrointestinal tract (disorder)
cancer,SNOMED CT,429014004,History of malignant lymphoma (situation)
cancer,SNOMED CT,429033009,Malignant neoplasm of cerebrum (disorder)
cancer,SNOMED CT,430556008,Malignant neoplasm of genital structure (disorder)
cancer,SNOMED CT,430621000,Malignant neoplasm of lower respiratory tract (disorder)
cancer,SNOMED CT,431396003,Human epidermal growth factor 2 negative carcinoma of breast (disorder)
cancer,SNOMED CT,440422002,Asymptomatic multiple myeloma (disorder)
cancer,SNOMED CT,441313008,Indolent multiple myeloma (disorder)
cancer,SNOMED CT,443144000,Metastatic sarcoma (disorder)
cancer,SNOMED CT,443487006,Mantle cell lymphoma (disorder)
cancer,SNOMED CT,443488001,Malignant neoplasm of anorectum (disorder)
cancer,SNOMED CT,443493003,Metastatic malignant melanoma (disorder)
cancer,SNOMED CT,443520009,Chondrosarcoma (disorder)
cancer,SNOMED CT,443675005,Seminoma (disorder)
cancer,SNOMED CT,443679004,Malignant neoplasm of skeletal system (disorder)
cancer,SNOMED CT,443719001,Leiomyosarcoma (disorder)
cancer,SNOMED CT,443961001,Malignant adenomatous neoplasm (disorder)
cancer,SNOMED CT,444604002,Carcinoma of breast with ductal and lobular features (disorder)
cancer,SNOMED CT,444910004,Primary mediastinal (thymic) large B-cell lymphoma (disorder)
cancer,SNOMED CT,445105005,Blastic plasmacytoid dendritic cell neoplasm (disorder)
cancer,SNOMED CT,445227008,Juvenile myelomonocytic leukemia (disorder)
cancer,SNOMED CT,445238008,Malignant carcinoid tumor (disorder)
cancer,SNOMED CT,445269007,Extranodal marginal zone B-cell lymphoma of mucosa-associated lymphoid<br>tissue (disorder)
cancer,SNOMED CT,445406001,Hepatosplenic T-cell lymphoma (disorder)
cancer,SNOMED CT,445448008,Acute myeloid leukemia with myelodysplasia-related changes (disorder)
cancer,SNOMED CT,445738007,Myelodysplastic/myeloproliferative disease (disorder)
cancer,SNOMED CT,446022000,Malignant epithelial neoplasm of uterus (disorder)
cancer,SNOMED CT,446643000,Sarcoma of dendritic cells (accessory cells) (disorder)
cancer,SNOMED CT,447706001,Leiomyosarcoma of scalp (disorder)
cancer,SNOMED CT,447882007,Malignant epithelial neoplasm of vulva (disorder)
cancer,SNOMED CT,447883002,Malignant neoplasm of carotid body (disorder)
cancer,SNOMED CT,447949005,Malignant epithelial neoplasm of cheek (disorder)
cancer,SNOMED CT,448212009,Anaplastic lymphoma kinase negative anaplastic large cell lymphoma (disorder)
cancer,SNOMED CT,448216007,Malignant epithelial neoplasm of thyroid (disorder)
cancer,SNOMED CT,448233000,Malignant neoplasm of urinary organ (disorder)
cancer,SNOMED CT,448668007,Malignant neoplasm of mandible (disorder)
cancer,SNOMED CT,448670003,Malignant neoplasm of posterior mediastinum (disorder)
cancer,SNOMED CT,448674007,Malignant neoplasm of parametrium (disorder)
cancer,SNOMED CT,448868009,Malignant neoplasm of lateral wall of oropharynx (disorder)
cancer,SNOMED CT,448882009,Malignant neoplasm of intraabdominal organ (disorder)
cancer,SNOMED CT,448930008,Squamous cell carcinoma of nose (disorder)
cancer,SNOMED CT,448931007,Squamous cell carcinoma of shoulder (disorder)
cancer,SNOMED CT,448952004,Infiltrating duct carcinoma of female breast (disorder)
cancer,SNOMED CT,448992002,Malignant epithelial neoplasm of appendix (disorder)
cancer,SNOMED CT,448993007,Malignant epithelial neoplasm of lung (disorder)
cancer,SNOMED CT,448994001,Malignant epithelial neoplasm of upper rectum (disorder)
cancer,SNOMED CT,449066004,Malignant neoplasm of upper respiratory tract (disorder)
cancer,SNOMED CT,449067008,Malignant neoplasm of parietal pleura (disorder)
cancer,SNOMED CT,449077005,Malignant epithelial neoplasm of maxilla (disorder)
cancer,SNOMED CT,449096009,Malignant neoplasm of respiratory system (disorder)
cancer,SNOMED CT,449101009,Sarcoma of sternum (disorder)
cancer,SNOMED CT,449108003,Philadelphia chromosome positive chronic myelogenous leukemia (disorder)
cancer,SNOMED CT,449153001,Adenocarcinoma of lower esophagus (disorder)
cancer,SNOMED CT,449220000,Diffuse follicle center lymphoma (disorder)
cancer,SNOMED CT,449224009,Malignant neoplasm of anterior mediastinum (disorder)
cancer,SNOMED CT,449248000,Nasopharyngeal carcinoma (disorder)
cancer,SNOMED CT,449308006,Malignant neoplasm of visceral pleura (disorder)
cancer,SNOMED CT,449377002,Malignant neoplasm of pelvic peritoneum (disorder)
cancer,SNOMED CT,449386007,Philadelphia chromosome negative chronic myelogenous leukemia (disorder)
cancer,SNOMED CT,449420002,Malignant neoplasm of cerebellum (disorder)
cancer,SNOMED CT,449472007,Malignant epithelial neoplasm of alveolus dentalis (disorder)
cancer,SNOMED CT,449578008,Malignant neoplasm of alveolus of mandible (disorder)
cancer,SNOMED CT,449627008,Malignant neoplasm of long bone of lower limb (disorder)
cancer,SNOMED CT,449635006,Primary malignant neoplasm of lower leg (disorder)
cancer,SNOMED CT,698040004,Malignant melanoma of nasal cavity (disorder)
cancer,SNOMED CT,699005005,History of malignant hematologic neoplasm
cancer,SNOMED CT,699357004,Low grade endometrial stromal sarcoma (disorder)
cancer,SNOMED CT,699818003,T-cell large granular lymphocytic leukemia (disorder)
cancer,SNOMED CT,700423003,Adenocarcinoma of pancreas (disorder)
cancer,SNOMED CT,702369008,Carcinosarcoma of uterus (disorder)
cancer,SNOMED CT,702391001,Renal cell carcinoma
cancer,SNOMED CT,702392008,Metastatic renal cell carcinoma (disorder)
cancer,SNOMED CT,703423002,Combined chemotherapy and radiation therapy (procedure)
cancer,SNOMED CT,706970001,Triple negative malignant neoplasm of breast (disorder)
cancer,SNOMED CT,707357005,Primary squamous cell carcinoma of laryngeal cartilage (disorder)
cancer,SNOMED CT,707358000,Primary squamous cell carcinoma of larynx (disorder)
cancer,SNOMED CT,707422006,Primary spindle cell squamous cell carcinoma of larynx (disorder)
cancer,SNOMED CT,707452003,Primary mucinous adenocarcinoma of lung (disorder)
cancer,SNOMED CT,707456000,Primary undifferentiated carcinoma of lung (disorder)
cancer,SNOMED CT,707492001,Primary squamous cell carcinoma of hypopharynx (disorder)
cancer,SNOMED CT,707538002,Primary squamous cell carcinoma of vallecula (disorder)
cancer,SNOMED CT,707582006,Primary spindle cell squamous cell carcinoma of oropharynx (disorder)
cancer,SNOMED CT,707664003,Primary squamous cell carcinoma of glottis (disorder)
cancer,SNOMED CT,708921005,Carcinoma of central portion of breast (disorder)
cancer,SNOMED CT,709830006,Malignant carcinoid tumor of stomach (disorder)
cancer,SNOMED CT,711414003,Primary clear cell adenocarcinoma of lung (disorder)
cancer,SNOMED CT,712525007,Malignant neoplasm of short bone of lower limb
cancer,SNOMED CT,712750007,Malignant neoplasm of chest wall
cancer,SNOMED CT,712849003,Primary malignant neoplasm of prostate metastatic to bone (disorder)
cancer,SNOMED CT,713609000,Invasive carcinoma of breast (disorder)
cancer,SNOMED CT,716649003,Extraovarian primary peritoneal carcinoma (disorder)
cancer,SNOMED CT,716659002,Squamous cell carcinoma of head and neck (disorder)
cancer,SNOMED CT,716872004,Antineoplastic chemotherapy regimen (regime/therapy)
cancer,SNOMED CT,717735006,Renal cell carcinoma of kidney except renal pelvis (disorder)
cancer,SNOMED CT,719052006,Recurrent squamous cell carcinoma (disorder)
cancer,SNOMED CT,720006006,Cancer care review (procedure)
cancer,SNOMED CT,721304007,Refractory thrombocytopenia (disorder)
cancer,SNOMED CT,721567004,Primary malignant neoplasm of placenta (disorder)
cancer,SNOMED CT,721575005,Primary angiosarcoma of heart (disorder)
cancer,SNOMED CT,721618006,Primary squamous cell carcinoma of upper third of esophagus (disorder)
cancer,SNOMED CT,721619003,Primary squamous cell carcinoma of middle third of esophagus (disorder)
cancer,SNOMED CT,721628002,Primary adenocarcinoma of esophagogastric junction (disorder)
cancer,SNOMED CT,721629005,Linitis plastica of stomach (disorder)
cancer,SNOMED CT,721636006,Primary malignant neuroendocrine neoplasm of body of stomach (disorder)
cancer,SNOMED CT,721638007,Primary neuroendocrine carcinoma of stomach (disorder)
cancer,SNOMED CT,721696009,Primary adenocarcinoma of transverse colon (disorder)
cancer,SNOMED CT,721716004,Primary cholangiocarcinoma of intrahepatic biliary tract (disorder)
cancer,SNOMED CT,722103009,Hormone sensitive prostate cancer (disorder)
cancer,SNOMED CT,722482005,"Doxorubicin, bleomycin, vinblastine and dacarbazine chemotherapy regimen (regime/therapy)"
cancer,SNOMED CT,722524005,Primary invasive pleomorphic lobular carcinoma of breast (disorder)
cancer,SNOMED CT,722528008,Primary malignant neuroendocrine neoplasm of lung (disorder)
cancer,SNOMED CT,722542000,Primary squamous cell carcinoma of anal canal (disorder)
cancer,SNOMED CT,722672002,Primary squamous cell carcinoma of base of tongue (disorder)
cancer,SNOMED CT,722682001,Primary small cell carcinoma of endometrium (disorder)
cancer,SNOMED CT,722685004,Primary high grade serous adenocarcinoma of ovary (disorder)
cancer,SNOMED CT,723265000,Primary squamous cell carcinoma of anus (disorder)
cancer,SNOMED CT,723301009,Squamous non-small cell lung cancer (disorder)
cancer,SNOMED CT,724059003,Malignant neoplasm of lower lobe of left lung (disorder)
cancer,SNOMED CT,724060008,Malignant neoplasm of right upper lobe of lung (disorder)
cancer,SNOMED CT,724649000,Langerhans cell sarcoma (disorder)
cancer,SNOMED CT,726654006,Malignant carcinoid tumor of colon (disorder)
cancer,SNOMED CT,733343005,Primary squamous cell carcinoma of oral cavity (disorder)
cancer,SNOMED CT,733361001,Primary mucinous adenocarcinoma of ovary (disorder)
cancer,SNOMED CT,733608000,Papillary renal cell carcinoma (disorder)
cancer,SNOMED CT,735735001,Primary malignant neuroendocrine neoplasm of pancreas (disorder)
cancer,SNOMED CT,736322001,Pediatric follicular lymphoma (disorder)
cancer,SNOMED CT,737310005,Primary squamous cell carcinoma of submandibular gland (disorder)
cancer,SNOMED CT,738770003,Anaplastic lymphoma kinase positive anaplastic large cell lymphoma (disorder)
cancer,SNOMED CT,739301006,Osteoporosis co-occurrent and due to multiple myeloma
cancer,SNOMED CT,762458004,Primary endometrioid carcinoma of endometrium of body of uterus (disorder)
cancer,SNOMED CT,762690000,Classical Hodgkin lymphoma (disorder)
cancer,SNOMED CT,763477007,Primary lymphoma of conjunctiva (disorder)
cancer,SNOMED CT,763666008,Splenic marginal zone B-cell lymphoma (disorder)
cancer,SNOMED CT,764694005,MiT family translocation renal cell carcinoma (disorder)
cancer,SNOMED CT,766979005,Squamous cell carcinoma of rectum (disorder)
cancer,SNOMED CT,1.691E+12,Metastasis to liver from adenocarcinoma (disorder)
cancer,SNOMED CT,1.701E+12,Primary adenocarcinoma of colon (disorder)
cancer,SNOMED CT,9.541E+12,Primary adenocarcinoma of gallbladder (disorder)
cancer,SNOMED CT,1.8121E+13,Primary squamous cell carcinoma of palatine tonsil (disorder)
cancer,SNOMED CT,4.5221E+13,Primary invasive malignant neoplasm of female breast (disorder)
cancer,SNOMED CT,6.7821E+13,"Primary small cell malignant neoplasm of lung, TNM stage 2 (disorder)"
cancer,SNOMED CT,7.1111E+13,Recurrent primary malignant neoplasm of vulva (disorder)
cancer,SNOMED CT,9.1151E+13,Primary squamous cell carcinoma of chest wall (disorder)
cancer,SNOMED CT,9.1281E+13,Secondary adenocarcinoma of bone (disorder)
cancer,SNOMED CT,9.4291E+13,Mucinous adenocarcinoma of gastrointestinal tract (disorder)
cancer,SNOMED CT,9.4361E+13,Breast cancer detected by national screening programme (disorder)
cancer,SNOMED CT,1.05121E+14,Squamous cell carcinoma of vagina (disorder)
cancer,SNOMED CT,1.07691E+14,Non-seminomatous germ cell neoplasm of testis (disorder)
cancer,SNOMED CT,1.07771E+14,Primary malignant clear cell neoplasm of endometrium (disorder)
cancer,SNOMED CT,1.16381E+14,Ganglioneuroblastoma (disorder)
cancer,SNOMED CT,1.28041E+14,Primary adenocarcinoma of distal third of esophagus (disorder)
cancer,SNOMED CT,1.84881E+14,Primary adenocarcinoma of rectosigmoid junction (disorder)
cancer,SNOMED CT,2.32681E+14,Chemotherapy delivery (procedure)
cancer,SNOMED CT,2.35331E+14,Delivery of oral chemotherapy for neoplasm (regime/therapy)
cancer,SNOMED CT,2.35391E+14,Delivery of chemotherapy for neoplasm (procedure)
cancer,SNOMED CT,2.38831E+14,Delivery of exclusively oral chemotherapy for neoplasm (regime/therapy)
cancer,SNOMED CT,2.38841E+14,Delivery of complex chemotherapy for neoplasm including prolonged infusional treatment<br>at first attendance (procedure)
cancer,SNOMED CT,2.38851E+14,Delivery of complex parenteral chemotherapy for neoplasm at first attendance (procedure)
cancer,SNOMED CT,2.38861E+14,Delivery of simple parenteral chemotherapy for neoplasm at first attendance (procedure)
cancer,SNOMED CT,2.39071E+14,Delivery of subsequent element of cycle of chemotherapy for neoplasm (procedure)
cancer,SNOMED CT,2.48331E+14,Cancer monitoring telephone invitation (procedure)
cancer,SNOMED CT,2.94301E+14,Bowel cancer detected by national screening programme (disorder)
cancer,SNOMED CT,3.42511E+14,Siewert type II adenocarcinoma (disorder)
cancer,SNOMED CT,3.42561E+14,Siewert type III adenocarcinoma (disorder)
cancer,SNOMED CT,3.42571E+14,Siewert type I adenocarcinoma (disorder)
cancer,SNOMED CT,3.54351E+14,Primary malignant neoplasm of left kidney (disorder)
cancer,SNOMED CT,3.54361E+14,Primary malignant neoplasm of right kidney (disorder)
cancer,SNOMED CT,3.96181E+14,[X]Melanoma and other malignant neoplasms of skin (disorder)
cancer,SNOMED CT,4.09231E+14,[X]Malignant neoplasm of mesothelial and soft tissue (disorder)
cancer,SNOMED CT,4.25111E+14,[X]Additional neoplasm classification terms (disorder)
cancer,SNOMED CT,4.62401E+14,"[X]Malignant neoplasms of lymphoid, haematopoietic and related tissue (disorder)"
cancer,SNOMED CT,4.62461E+14,[X]Malignant neoplasm of female genital organs (disorder)
cancer,SNOMED CT,6.81601E+14,Primary adenocarcinoma of ascending colon (disorder)
cancer,SNOMED CT,6.83991E+14,Extensive stage primary small cell carcinoma of lung (disorder)
cancer,SNOMED CT,6.84911E+14,Primary glioblastoma multiforme of frontal lobe (disorder)
cancer,SNOMED CT,8.13671E+14,Secondary malignant neoplasm of liver and intrahepatic bile duct (disorder)
cancer,SNOMED CT,8.15361E+14,Acute myeloid leukaemia with 11q23 abnormality (disorder)
cancer,SNOMED CT,8.20601E+14,Refractory anaemia with multilineage dysplasia (disorder)
cancer,SNOMED CT,8.29591E+14,Neoadjuvant chemotherapy (procedure)
cancer,SNOMED CT,8.43671E+14,Electrochemotherapy (procedure)
cancer,SNOMED CT,8.47481E+14,Follicular lymphoma grade 1 (disorder)
cancer,SNOMED CT,8.47631E+14,Follicular lymphoma grade 2 (disorder)
cancer,SNOMED CT,8.47651E+14,Follicular lymphoma grade 3 (disorder)
cancer,SNOMED CT,8.47691E+14,Follicular lymphoma grade 3a (disorder)
cancer,SNOMED CT,8.47701E+14,Follicular lymphoma grade 3b (disorder)
cancer,SNOMED CT,8.47741E+14,Diffuse large B-cell lymphoma (disorder)
cancer,SNOMED CT,8.63741E+14,Clinical stage A chronic lymphocytic leukaemia (disorder)
cancer,SNOMED CT,8.63761E+14,Clinical stage B chronic lymphocytic leukaemia (disorder)
cancer,SNOMED CT,8.63781E+14,Clinical stage C chronic lymphocytic leukaemia (disorder)
cancer,SNOMED CT,8.84601E+14,Bowel scope (flexible sigmoidoscopy) screen: cancer detected (finding)
cancer,SNOMED CT,9.56331E+14,Malignant melanoma stage IA (finding)
cancer,SNOMED CT,9.56351E+14,Malignant melanoma stage IB (finding)
cancer,SNOMED CT,9.56371E+14,Malignant melanoma stage IIA (finding)
cancer,SNOMED CT,9.56391E+14,Malignant melanoma stage IIB (finding)
cancer,SNOMED CT,9.56411E+14,Malignant melanoma stage IIC (finding)
cancer,SNOMED CT,9.56431E+14,Malignant melanoma stage IIIA (finding)
cancer,SNOMED CT,9.56451E+14,Malignant melanoma stage IIIB (finding)
cancer,SNOMED CT,9.56471E+14,Malignant melanoma stage IIIC (finding)
cancer,SNOMED CT,9.56511E+14,Malignant melanoma stage IV M1a (finding)
cancer,SNOMED CT,9.56531E+14,Malignant melanoma stage IV M1b (finding)
cancer,SNOMED CT,9.56551E+14,Malignant melanoma stage IV M1c (finding)
cancer,SNOMED CT,1078881000119102,Primary adenocarcinoma of lower lobe of left lung (disorder)
cancer,SNOMED CT,1078901000119100,Primary adenocarcinoma of upper lobe of left lung (disorder)
cancer,SNOMED CT,1078961000119104,Primary adenocarcinoma of upper lobe of right lung (disorder)
cancer,SNOMED CT,1080941000119109,Malignant melanoma of left choroid (disorder)
cancer,SNOMED CT,1081551000119106,Recurrent primary malignant neoplasm of left female breast (disorder)
cancer,SNOMED CT,1081561000119108,Recurrent primary malignant neoplasm of right female breast (disorder)
cancer,SNOMED CT,1081781000119105,Primary seminoma of left testis (disorder)
cancer,SNOMED CT,1082301000119109,Transitional cell carcinoma of right renal pelvis (disorder)
cancer,SNOMED CT,1082311000119107,Transitional cell carcinoma of right ureter (disorder)
cancer,SNOMED CT,1090081000000106,Secondary malignant neoplasm of paratracheal lymph nodes (disorder)
cancer,SNOMED CT,1090091000000108,Secondary malignant neoplasm of internal mammary lymph nodes (disorder)
cancer,SNOMED CT,1090101000000100,Secondary malignant neoplasm of supratrochlear lymph nodes (disorder)
cancer,SNOMED CT,1090121000000109,Secondary malignant neoplasm of deep cervical lymph nodes (disorder)
cancer,SNOMED CT,1090131000000106,Secondary malignant neoplasm of anterior cervical lymph nodes (disorder)
cancer,SNOMED CT,1090141000000102,Secondary malignant neoplasm of superficial cervical lymph nodes (disorder)
cancer,SNOMED CT,1090151000000104,Secondary malignant neoplasm of mastoid lymph nodes (disorder)
cancer,SNOMED CT,1090161000000101,Secondary malignant neoplasm of diaphragmatic lymph nodes (disorder)
cancer,SNOMED CT,1090171000000108,Secondary malignant neoplasm of sacral lymph nodes (disorder)
cancer,SNOMED CT,1090181000000105,Secondary malignant neoplasm of inferior epigastric lymph nodes (disorder)
cancer,SNOMED CT,1090191000000107,Secondary malignant neoplasm of coeliac lymph nodes (disorder)
cancer,SNOMED CT,1090201000000109,Secondary malignant neoplasm of deep inguinal lymph nodes (disorder)
cancer,SNOMED CT,1090221000000100,Secondary malignant neoplasm of internal iliac lymph nodes (disorder)
cancer,SNOMED CT,1090241000000107,Angioimmunoblastic T-cell lymphoma with dysproteinaemia (disorder)
cancer,SNOMED CT,1090251000000105,Malignant neoplasm of nose (disorder)
cancer,SNOMED CT,1090261000000108,Malignant neoplasm of descended testis (disorder)
cancer,SNOMED CT,1090271000000101,Malignant neoplasm of ventral surface of tongue (disorder)
cancer,SNOMED CT,1090281000000104,Malignant neoplasm of genital labia (disorder)
cancer,SNOMED CT,1090291000000102,Malignant neoplasm of prepylorus of stomach (disorder)
cancer,SNOMED CT,1090301000000103,Malignant neoplasm of flank (disorder)
cancer,SNOMED CT,1090821000000101,Malignant neoplasm of bone and articular cartilage (disorder)
cancer,SNOMED CT,1090871000000102,Malignant neoplasm of bone and articular cartilage of limb (disorder)
cancer,SNOMED CT,1090881000000100,Malignant neoplasm of bronchus or lung (disorder)
cancer,SNOMED CT,1090891000000103,Malignant neoplasm of connective and soft tissues of trunk (disorder)
cancer,SNOMED CT,1090901000000102,Malignant neoplasm of peripheral nerves of trunk (disorder)
cancer,SNOMED CT,1090921000000106,Malignant neoplasm of jaw (disorder)
cancer,SNOMED CT,1090931000000108,Malignant neoplasm of multiple endocrine glands (disorder)
cancer,SNOMED CT,1090941000000104,Malignant neoplasm of inguinal region (disorder)
cancer,SNOMED CT,1090951000000101,Malignant neoplasm of supraclavicular fossa (disorder)
cancer,SNOMED CT,1090961000000103,Malignant neoplasm of soft tissues of lower limb (disorder)
cancer,SNOMED CT,1090971000000105,Malignant neoplasm of posterior wall of stomach (disorder)
cancer,SNOMED CT,1090981000000107,Malignant neoplasm of anterior wall of stomach (disorder)
cancer,SNOMED CT,1091861000000100,"Follicular lymphoma, cutaneous follicle centre (disorder)"
cancer,SNOMED CT,1091921000000103,B-cell non-Hodgkin's lymphoma (disorder)
cancer,SNOMED CT,1092831000000100,Overlapping malignant neoplasm of mouth (disorder)
cancer,SNOMED CT,1098961000119105,History of cancer metastatic to lung
cancer,SNOMED CT,1098981000119101,Recurrent malignant neoplasm of prostate (disorder)
cancer,SNOMED CT,1110871000000109,Quality and Outcomes Framework cancer quality indicator-related care invitation (procedure)
cancer,SNOMED CT,11010461000119101,Small cell carcinoma (disorder)
cancer,SNOMED CT,12240951000119107,Squamous cell carcinoma of left lung (disorder)
cancer,SNOMED CT,12240991000119102,Squamous cell carcinoma of right lung (disorder)
cancer,SNOMED CT,15635721000119108,Primary malignant neoplasm of both ovaries (disorder)
cancer,SNOMED CT,15956341000119105,Adenocarcinoma of left lung (disorder)
cancer,SNOMED CT,15956381000119100,Adenocarcinoma of right lung (disorder)
cancer,SNOMED CT,16260631000119101,Secondary malignant neoplasm of lymph node from neoplasm of female breast (disorder)
dementia,ICD10,A81,Atypical virus infections of central nervous system
dementia,ICD10,A810,Creutzfeldt-Jakob disease
dementia,ICD10,A811,Subacute sclerosing panencephalitis
dementia,ICD10,A812,Progressive multifocal leukoencephalopathy
dementia,ICD10,A818,Other atypical virus infections of central nervous system
dementia,ICD10,A819,"Atypical virus infection of central nervous system, unspecified"
dementia,ICD10,F00,Dementia in Alzheimer\'s disease
dementia,ICD10,F000,Dementia in Alzheimer disease with early onset
dementia,ICD10,F001,Dementia in Alzheimer disease with late onset
dementia,ICD10,F002,"Dementia in Alzheimer disease, atypical or mixed type"
dementia,ICD10,F009,"Dementia in Alzheimer disease, unspecified"
dementia,ICD10,F01,Vascular dementia
dementia,ICD10,F010,Vascular dementia of acute onset
dementia,ICD10,F011,Multi-infarct dementia
dementia,ICD10,F012,Subcortical vascular dementia
dementia,ICD10,F013,Mixed cortical and subcortical vascular dementia
dementia,ICD10,F018,Other vascular dementia
dementia,ICD10,F019,"Vascular dementia, unspecified"
dementia,ICD10,F02,Dementia in other diseases classified elsewhere
dementia,ICD10,F020,Dementia in Pick disease
dementia,ICD10,F021,Dementia in Creutzfeldt-Jakob disease
dementia,ICD10,F022,Dementia in Huntington disease
dementia,ICD10,F023,Dementia in Parkinson disease
dementia,ICD10,F024,Dementia in human immunodeficiency virus [HIV] disease
dementia,ICD10,F028,Dementia in other specified diseases classified elsewhere
dementia,ICD10,F03,Unspecified dementia
dementia,ICD10,F051,Delirium superimposed on dementia
dementia,ICD10,G10,Huntington disease
dementia,ICD10,G20,Parkinson disease
dementia,ICD10,G30,Alzheimer\'s disease
dementia,ICD10,G300,Alzheimer disease with early onset
dementia,ICD10,G301,Alzheimer disease with late onset
dementia,ICD10,G308,Other Alzheimer disease
dementia,ICD10,G309,"Alzheimer disease, unspecified"
dementia,ICD10,G31,"Other degenerative diseases of nervous system, not elsewhere classified"
dementia,ICD10,G310,Circumscribed brain atrophy
dementia,ICD10,G311,"Senile degeneration of brain, not elsewhere classified"
dementia,ICD10,G312,Degeneration of nervous system due to alcohol
dementia,ICD10,G318,Other specified degenerative diseases of nervous system
dementia,ICD10,G319,"Degenerative disease of nervous system, unspecified"
dementia,SNOMED CT,281004,Dementia associated with alcoholism
dementia,SNOMED CT,792004,Jakob-Creutzfeldt disease
dementia,SNOMED CT,9345005,Dialysis dementia (disorder)
dementia,SNOMED CT,10349009,Multi-infarct dementia with delirium (disorder)
dementia,SNOMED CT,12348006,Presenile dementia
dementia,SNOMED CT,13092008,Pick\'s disease
dementia,SNOMED CT,15662003,Senile dementia
dementia,SNOMED CT,20484008,Prion disease
dementia,SNOMED CT,26929004,Alzheimer\'s disease
dementia,SNOMED CT,45864009,Senile degeneration of brain (disorder)
dementia,SNOMED CT,52448006,Dementia
dementia,SNOMED CT,56267009,Multi-infarct dementia
dementia,SNOMED CT,62239001,Parkinson-dementia complex of Guam (disorder)
dementia,SNOMED CT,66108005,"Primary degenerative dementia of the Alzheimer type, senile onset, uncomplicated"
dementia,SNOMED CT,67155006,Gerstmann-Straussler-Scheinker syndrome
dementia,SNOMED CT,80098002,Diffuse Lewy body disease
dementia,SNOMED CT,191452002,Presenile dementia with delirium
dementia,SNOMED CT,191454001,Presenile dementia with paranoia
dementia,SNOMED CT,191455000,Presenile dementia with depression
dementia,SNOMED CT,191457008,Senile dementia with depressive or paranoid features
dementia,SNOMED CT,191458003,Senile dementia with paranoia
dementia,SNOMED CT,191459006,Senile dementia with depression
dementia,SNOMED CT,191461002,Senile dementia with delirium
dementia,SNOMED CT,191463004,Uncomplicated arteriosclerotic dementia
dementia,SNOMED CT,191464005,Arteriosclerotic dementia with delirium
dementia,SNOMED CT,191465006,Arteriosclerotic dementia with paranoia
dementia,SNOMED CT,191466007,Arteriosclerotic dementia with depression
dementia,SNOMED CT,191493005,Drug-induced dementia (disorder)
dementia,SNOMED CT,191519005,Dementia in conditions EC
dementia,SNOMED CT,230265002,Familial Alzheimer\'s disease of early onset
dementia,SNOMED CT,230266001,Non-familial Alzheimer\'s disease of early onset
dementia,SNOMED CT,230267005,Familial Alzheimer\'s disease of late onset
dementia,SNOMED CT,230268000,Non-familial Alzheimer\'s disease of late onset
dementia,SNOMED CT,230269008,Focal Alzheimer\'s disease
dementia,SNOMED CT,230270009,Frontotemporal dementia (disorder)
dementia,SNOMED CT,230271008,Pick\'s disease with Pick bodies (disorder)
dementia,SNOMED CT,230273006,Frontotemporal degeneration (disorder)
dementia,SNOMED CT,230274000,Frontal lobe degeneration with motor neurone disease (disorder)
dementia,SNOMED CT,230280008,Progressive aphasia in Alzheimer\'s disease
dementia,SNOMED CT,230282000,Post-traumatic dementia (disorder)
dementia,SNOMED CT,230283005,Punch drunk syndrome (disorder)
dementia,SNOMED CT,230284004,Spongiform encephalopathy
dementia,SNOMED CT,230285003,Vascular dementia of acute onset
dementia,SNOMED CT,230286002,Subcortical vascular dementia
dementia,SNOMED CT,230287006,Mixed cortical and subcortical vascular dementia
dementia,SNOMED CT,230288001,Semantic dementia (disorder)
dementia,SNOMED CT,230289009,Patchy dementia (disorder)
dementia,SNOMED CT,278855005,Frontal lobe degeneration (disorder)
dementia,SNOMED CT,278857002,Dementia of frontal lobe type (disorder)
dementia,SNOMED CT,279982005,Cerebral degeneration presenting primarily with dementia
dementia,SNOMED CT,304603007,New variant of Creutzfeldt-Jakob disease
dementia,SNOMED CT,312991009,Senile dementia of the Lewy body type
dementia,SNOMED CT,358926001,Medicinal***REMOVED***product***REMOVED***acting***REMOVED***as***REMOVED***antidementia***REMOVED***agent***REMOVED***(product)
dementia,SNOMED CT,371024007,Senile***REMOVED***dementia***REMOVED***with***REMOVED***delusion***REMOVED***(disorder)
dementia,SNOMED CT,371026009,Senile***REMOVED***dementia***REMOVED***with***REMOVED***psychosis***REMOVED***(disorder)
dementia,SNOMED CT,407630006,Global***REMOVED***Deterioration***REMOVED***Scale***REMOVED***level***REMOVED***2***REMOVED***-***REMOVED***very***REMOVED***mild***REMOVED***cognitive***REMOVED***decline***REMOVED***(finding)
dementia,SNOMED CT,407631005,Global***REMOVED***Deterioration***REMOVED***Scale***REMOVED***level***REMOVED***3***REMOVED***-***REMOVED***mild***REMOVED***cognitive***REMOVED***decline***REMOVED***(finding)
dementia,SNOMED CT,407632003,Global***REMOVED***Deterioration***REMOVED***Scale***REMOVED***level***REMOVED***4***REMOVED***-***REMOVED***moderate***REMOVED***cognitive***REMOVED***decline***REMOVED***(finding)
dementia,SNOMED CT,407633008,Global***REMOVED***Deterioration***REMOVED***Scale***REMOVED***level***REMOVED***5***REMOVED***-***REMOVED***moderately***REMOVED***severe***REMOVED***cognitive***REMOVED***decline***REMOVED***(finding)
dementia,SNOMED CT,407634002,Global***REMOVED***Deterioration***REMOVED***Scale***REMOVED***level***REMOVED***6***REMOVED***-***REMOVED***severe***REMOVED***cognitive***REMOVED***decline***REMOVED***(finding)
dementia,SNOMED CT,407635001,Global***REMOVED***Deterioration***REMOVED***Scale***REMOVED***level***REMOVED***7***REMOVED***-***REMOVED***very***REMOVED***severe***REMOVED***cognitive***REMOVED***decline***REMOVED***(finding)
dementia,SNOMED CT,416780008,"Primary degenerative dementia of the Alzheimer type, presenile onset (disorder)"
dementia,SNOMED CT,416975007,"Primary degenerative dementia of the Alzheimer type, senile onset (disorder)"
dementia,SNOMED CT,420614009,Organic***REMOVED***dementia***REMOVED***with***REMOVED***acquired***REMOVED***immunodeficiency***REMOVED***syndrome***REMOVED***(disorder)
dementia,SNOMED CT,421023003,Presenile***REMOVED***dementia***REMOVED***with***REMOVED***acquired***REMOVED***immunodeficiency***REMOVED***syndrome***REMOVED***(disorder)
dementia,SNOMED CT,421529006,Dementia***REMOVED***with***REMOVED***acquired***REMOVED***immunodeficiency***REMOVED***syndrome***REMOVED***(disorder)
dementia,SNOMED CT,425390006,Dementia associated with Parkinson\'s Disease (disorder)
dementia,SNOMED CT,429458009,Dementia due to Creutzfeldt Jakob disease (disorder)
dementia,SNOMED CT,429998004,Vascular dementia (disorder)
dementia,SNOMED CT,442344002,Dementia***REMOVED***due***REMOVED***to***REMOVED***Huntington***REMOVED***chorea***REMOVED***(disorder)
dementia,SNOMED CT,698624003,Dementia***REMOVED***associated***REMOVED***with***REMOVED***cerebral***REMOVED***lipidosis***REMOVED***(disorder)
dementia,SNOMED CT,698625002,Dementia***REMOVED***associated***REMOVED***with***REMOVED***normal***REMOVED***pressure***REMOVED***hydrocephalus***REMOVED***(disorder)
dementia,SNOMED CT,698626001,Dementia associated with multiple sclerosis (disorder)
dementia,SNOMED CT,698687007,Post-traumatic***REMOVED***dementia***REMOVED***with***REMOVED***behavioral***REMOVED***change***REMOVED***(disorder)
dementia,SNOMED CT,698725008,Dementia***REMOVED***associated***REMOVED***with***REMOVED***neurosyphilis***REMOVED***(disorder)
dementia,SNOMED CT,698726009,Dementia***REMOVED***associated***REMOVED***with***REMOVED***viral***REMOVED***encephalitis***REMOVED***(disorder)
dementia,SNOMED CT,698781002,Dementia***REMOVED***associated***REMOVED***with***REMOVED***cerebral***REMOVED***anoxia***REMOVED***(disorder)
dementia,SNOMED CT,698948009,Vascular***REMOVED***dementia***REMOVED***in***REMOVED***remission***REMOVED***(disorder)
dementia,SNOMED CT,698949001,Dementia***REMOVED***in***REMOVED***remission***REMOVED***(disorder)
dementia,SNOMED CT,698954005,"Primary***REMOVED***degenerative***REMOVED***dementia***REMOVED***of***REMOVED***the***REMOVED***Alzheimer***REMOVED***type,***REMOVED***senile***REMOVED***onset***REMOVED***in***REMOVED***remission***REMOVED***(disorder)"
dementia,SNOMED CT,698955006,"Primary***REMOVED***degenerative***REMOVED***dementia***REMOVED***of***REMOVED***the***REMOVED***Alzheimer***REMOVED***type,***REMOVED***presenile***REMOVED***onset***REMOVED***in***REMOVED***remission***REMOVED***(disorder)"
dementia,SNOMED CT,700214004,Antipsychotic***REMOVED***drug***REMOVED***therapy***REMOVED***for***REMOVED***dementia***REMOVED***(procedure)
dementia,SNOMED CT,702347001,Polycystic***REMOVED***lipomembranous***REMOVED***osteodysplasia***REMOVED***with***REMOVED***sclerosing***REMOVED***leukoencephalopathy***REMOVED***(disorder)
dementia,SNOMED CT,702393003,Frontotemporal***REMOVED***dementia***REMOVED***with***REMOVED***gene***REMOVED***located***REMOVED***on***REMOVED***3p11***REMOVED***(disorder)
dementia,SNOMED CT,702421006,Familial***REMOVED***encephalopathy***REMOVED***with***REMOVED***neuroserpin***REMOVED***inclusion***REMOVED***bodies***REMOVED***(disorder)
dementia,SNOMED CT,702426001,GRN-related***REMOVED***frontotemporal***REMOVED***dementia***REMOVED***(disorder)
dementia,SNOMED CT,702429008,Frontotemporal***REMOVED***dementia***REMOVED***with***REMOVED***parkinsonism-17***REMOVED***(disorder)
dementia,SNOMED CT,703544004,Inclusion***REMOVED***body***REMOVED***myopathy***REMOVED***with***REMOVED***early-onset***REMOVED***Paget***REMOVED***disease***REMOVED***and***REMOVED***frontotemporal***REMOVED***dementia***REMOVED***(disorder)
dementia,SNOMED CT,713060000,Sporadic Creutzfeldt-Jakob disease (disorder)
dementia,SNOMED CT,713488003,Presenile***REMOVED***dementia***REMOVED***co-occurrent***REMOVED***with***REMOVED***human***REMOVED***immunodeficiency***REMOVED***virus***REMOVED***infection***REMOVED***(disorder)
dementia,SNOMED CT,713844000,Dementia***REMOVED***co-occurrent***REMOVED***with***REMOVED***human***REMOVED***immunodeficiency***REMOVED***virus***REMOVED***infection***REMOVED***(disorder)
dementia,SNOMED CT,715662009,Iatrogenic***REMOVED***Jakob-Creutzfeldt***REMOVED***disease***REMOVED***(disorder)
dementia,SNOMED CT,715737004,Parkinsonism***REMOVED***co-occurrent***REMOVED***with***REMOVED***dementia***REMOVED***of***REMOVED***Guadeloupe***REMOVED***(disorder)
dementia,SNOMED CT,715807002,Familial***REMOVED***Creutzfeldt-Jakob***REMOVED***(disorder)
dementia,SNOMED CT,716667005,Right***REMOVED***temporal***REMOVED***atrophy***REMOVED***variant***REMOVED***frontotemporal***REMOVED***dementia***REMOVED***(disorder)
dementia,SNOMED CT,716994006,Behavioral***REMOVED***variant***REMOVED***of***REMOVED***frontotemporal***REMOVED***dementia***REMOVED***(disorder)
dementia,SNOMED CT,719787003,Shared***REMOVED***care***REMOVED***prescribing***REMOVED***of***REMOVED***drug***REMOVED***for***REMOVED***dementia***REMOVED***(finding)
dementia,SNOMED CT,719818007,X-linked***REMOVED***spinocerebellar***REMOVED***ataxia***REMOVED***type***REMOVED***4***REMOVED***(disorder)
dementia,SNOMED CT,722600006,Non-amnestic***REMOVED***Alzheimer***REMOVED***disease***REMOVED***(disorder)
dementia,SNOMED CT,722977005,Dementia***REMOVED***co-occurrent***REMOVED***and***REMOVED***due***REMOVED***to***REMOVED***neurocysticercosis***REMOVED***(disorder)
dementia,SNOMED CT,722978000,Dementia***REMOVED***caused***REMOVED***by***REMOVED***toxin***REMOVED***(disorder)
dementia,SNOMED CT,722979008,Dementia***REMOVED***due***REMOVED***to***REMOVED***metabolic***REMOVED***abnormality***REMOVED***(disorder)
dementia,SNOMED CT,722980006,Dementia***REMOVED***due***REMOVED***to***REMOVED***chromosomal***REMOVED***anomaly***REMOVED***(disorder)
dementia,SNOMED CT,723123001,Ischemic vascular dementia (disorder)
dementia,SNOMED CT,723390000,Rapidly progressive dementia (disorder)
dementia,SNOMED CT,724776007,Dementia***REMOVED***due***REMOVED***to***REMOVED***disorder***REMOVED***of***REMOVED***central***REMOVED***nervous***REMOVED***system***REMOVED***(disorder)
dementia,SNOMED CT,724777003,Dementia***REMOVED***due***REMOVED***to***REMOVED***infectious***REMOVED***disease***REMOVED***(disorder)
dementia,SNOMED CT,724992007,Epilepsy***REMOVED***co-occurrent***REMOVED***and***REMOVED***due***REMOVED***to***REMOVED***dementia***REMOVED***(disorder)
dementia,SNOMED CT,725898002,Delirium***REMOVED***co-occurrent***REMOVED***with***REMOVED***dementia***REMOVED***(disorder)
dementia,SNOMED CT,733184002,Dementia***REMOVED***caused***REMOVED***by***REMOVED***heavy***REMOVED***metal***REMOVED***exposure***REMOVED***(disorder)
dementia,SNOMED CT,733185001,Dementia***REMOVED***following***REMOVED***injury***REMOVED***caused***REMOVED***by***REMOVED***exposure***REMOVED***to***REMOVED***ionizing***REMOVED***radiation***REMOVED***(disorder)
dementia,SNOMED CT,733190003,Dementia***REMOVED***due***REMOVED***to***REMOVED***primary***REMOVED***malignant***REMOVED***neoplasm***REMOVED***of***REMOVED***brain***REMOVED***(disorder)
dementia,SNOMED CT,733191004,Dementia***REMOVED***due***REMOVED***to***REMOVED***chronic***REMOVED***subdural***REMOVED***hematoma***REMOVED***(disorder)
dementia,SNOMED CT,733192006,Dementia***REMOVED***due***REMOVED***to***REMOVED***herpes***REMOVED***encephalitis***REMOVED***(disorder)
dementia,SNOMED CT,733193001,Dementia***REMOVED***co-occurrent***REMOVED***and***REMOVED***due***REMOVED***to***REMOVED***progressive***REMOVED***multifocal***REMOVED***leukoencephalopathy***REMOVED***(disorder)
dementia,SNOMED CT,733194007,Dementia***REMOVED***co-occurrent***REMOVED***and***REMOVED***due***REMOVED***to***REMOVED***Down***REMOVED***syndrome***REMOVED***(disorder)
dementia,SNOMED CT,735141001,On***REMOVED***anti-dementia***REMOVED***drug***REMOVED***therapy***REMOVED***(finding)
dementia,SNOMED CT,762350007,Dementia***REMOVED***due***REMOVED***to***REMOVED***prion***REMOVED***disease***REMOVED***(disorder)
dementia,SNOMED CT,762351006,Dementia***REMOVED***due***REMOVED***to***REMOVED***and***REMOVED***following***REMOVED***injury***REMOVED***of***REMOVED***head***REMOVED***(disorder)
dementia,SNOMED CT,762707000,Subcortical***REMOVED***dementia***REMOVED***(disorder)
dementia,SNOMED CT,774069007,Protein***REMOVED***kinase***REMOVED***cAMP-dependent***REMOVED***type***REMOVED***I***REMOVED***regulatory***REMOVED***subunit***REMOVED***beta-related neurodegenerative dementia***REMOVED***with***REMOVED***intermediate***REMOVED***filaments***REMOVED***(disorder)
dementia,SNOMED CT,783161005,Familial***REMOVED***dementia***REMOVED***British***REMOVED***type***REMOVED***(disorder)
dementia,SNOMED CT,783258000,Familial***REMOVED***dementia***REMOVED***Danish***REMOVED***type***REMOVED***(disorder)
dementia,SNOMED CT,788861009,Aggression***REMOVED***due***REMOVED***to***REMOVED***dementia***REMOVED***(finding)
dementia,SNOMED CT,788862002,Agitation***REMOVED***due***REMOVED***to***REMOVED***dementia***REMOVED***(finding)
dementia,SNOMED CT,788866004,Anxiety***REMOVED***due***REMOVED***to***REMOVED***dementia***REMOVED***(finding)
dementia,SNOMED CT,788867008,Apathetic***REMOVED***behavior***REMOVED***due***REMOVED***to***REMOVED***dementia***REMOVED***(finding)
dementia,SNOMED CT,788898005,Dementia***REMOVED***caused***REMOVED***by***REMOVED***volatile***REMOVED***inhalant***REMOVED***(disorder)
dementia,SNOMED CT,788899002,Dementia***REMOVED***due***REMOVED***to***REMOVED***pellagra***REMOVED***(disorder)
dementia,SNOMED CT,789011007,Psychological***REMOVED***symptom***REMOVED***due***REMOVED***to***REMOVED***dementia***REMOVED***(finding)
dementia,SNOMED CT,789062005,Wandering***REMOVED***due***REMOVED***to***REMOVED***dementia***REMOVED***(finding)
dementia,SNOMED CT,789170003,Disinhibited***REMOVED***behavior***REMOVED***due***REMOVED***to***REMOVED***dementia***REMOVED***(disorder)
dementia,SNOMED CT,833326008,Cortical***REMOVED***vascular***REMOVED***dementia***REMOVED***(disorder)
dementia,SNOMED CT,838276009,"Amyotrophic***REMOVED***lateral***REMOVED***sclerosis,***REMOVED***parkinsonism,***REMOVED***dementia***REMOVED***complex***REMOVED***(disorder)"
dementia,SNOMED CT,840452004,Classical***REMOVED***sporadic***REMOVED***Creutzfeldt-Jakob***REMOVED***disease***REMOVED***(disorder)
dementia,SNOMED CT,840464007,Dementia***REMOVED***due***REMOVED***to***REMOVED***carbon***REMOVED***monoxide***REMOVED***poisoning***REMOVED***(disorder)
dementia,SNOMED CT,840465008,Dementia***REMOVED***due***REMOVED***to***REMOVED***iron***REMOVED***deficiency***REMOVED***(disorder)
dementia,SNOMED CT,860826006,Creutzfeldt-Jakob***REMOVED***Disease***REMOVED***caused***REMOVED***by***REMOVED***human***REMOVED***growth***REMOVED***hormone***REMOVED***(disorder)
dementia,SNOMED CT,1148924004,Dementia***REMOVED***due***REMOVED***to***REMOVED***deficiency***REMOVED***of***REMOVED***folic***REMOVED***acid***REMOVED***(disorder)
dementia,SNOMED CT,1156789004,Autosomal***REMOVED***dominant***REMOVED***Alzheimer***REMOVED***disease***REMOVED***due***REMOVED***to***REMOVED***mutation***REMOVED***of***REMOVED***amyloid***REMOVED***precursor***REMOVED***protein***REMOVED***(disorder)
dementia,SNOMED CT,1156798001,Autosomal***REMOVED***dominant***REMOVED***Alzheimer***REMOVED***disease***REMOVED***due***REMOVED***to***REMOVED***mutation***REMOVED***of***REMOVED***presenilin***REMOVED***2***REMOVED***(disorder)
dementia,SNOMED CT,1156800008,Autosomal***REMOVED***dominant***REMOVED***Alzheimer***REMOVED***disease***REMOVED***due***REMOVED***to***REMOVED***mutation***REMOVED***of***REMOVED***presenilin***REMOVED***1***REMOVED***(disorder)
dementia,SNOMED CT,1163119007,Creutzfeldt***REMOVED***Jakob***REMOVED***disease***REMOVED***following***REMOVED***graft***REMOVED***of***REMOVED***dura***REMOVED***(disorder)
dementia,SNOMED CT,1186724002,HtrA***REMOVED***serine***REMOVED***peptidase***REMOVED***1-related***REMOVED***autosomal***REMOVED***dominant***REMOVED***cerebral***REMOVED***small***REMOVED***vessel***REMOVED***disease***REMOVED***(disorder)
dementia,SNOMED CT,1186877003,Dementia***REMOVED***due***REMOVED***to***REMOVED***vitamin***REMOVED***E***REMOVED***deficiency***REMOVED***(disorder)
dementia,SNOMED CT,1186879000,Dementia***REMOVED***due***REMOVED***to***REMOVED***thiamine***REMOVED***deficiency***REMOVED***(disorder)
dementia,SNOMED CT,1186880002,Dementia***REMOVED***due***REMOVED***to***REMOVED***cobalamin***REMOVED***deficiency***REMOVED***(disorder)
dementia,SNOMED CT,1186881003,Dementia***REMOVED***due***REMOVED***to***REMOVED***niacin***REMOVED***deficiency***REMOVED***(disorder)
dementia,SNOMED CT,1186883000,Dementia***REMOVED***due***REMOVED***to***REMOVED***nutritional***REMOVED***deficiency***REMOVED***disorder***REMOVED***(disorder)
dementia,SNOMED CT,1186887004,Dementia***REMOVED***caused***REMOVED***by***REMOVED***manganese***REMOVED***and/or***REMOVED***manganese***REMOVED***compound***REMOVED***(disorder)
dementia,SNOMED CT,1187004001,Chronic***REMOVED***traumatic***REMOVED***encephalopathy***REMOVED***(disorder)
dementia,SNOMED CT,1187126002,Integral***REMOVED***membrane***REMOVED***protein***REMOVED***2B***REMOVED***related***REMOVED***amyloidosis***REMOVED***(disorder)
dementia,SNOMED CT,1259066002,Disorder***REMOVED***of***REMOVED***autonomic***REMOVED***nervous***REMOVED***system***REMOVED***due***REMOVED***to***REMOVED***senile***REMOVED***dementia***REMOVED***of***REMOVED***Lewy***REMOVED***body***REMOVED***type***REMOVED***(disorder)
dementia,SNOMED CT,1259121008,"Amyotrophic***REMOVED***lateral***REMOVED***sclerosis,***REMOVED***parkinsonism,***REMOVED***dementia***REMOVED***complex***REMOVED***of***REMOVED***West***REMOVED***New***REMOVED***Guinea***REMOVED***(disorder)"
dementia,SNOMED CT,1259123006,"Amyotrophic***REMOVED***lateral***REMOVED***sclerosis,***REMOVED***parkinsonism,***REMOVED***dementia***REMOVED***complex***REMOVED***of***REMOVED***Kii***REMOVED***Peninsula***REMOVED***(disorder)"
dementia,SNOMED CT,1259124000,Amyotrophic***REMOVED***lateral***REMOVED***sclerosis***REMOVED***with***REMOVED***frontotemporal***REMOVED***dementia***REMOVED***(disorder)
dementia,SNOMED CT,1259128002,Alzheimer***REMOVED***disease***REMOVED***with***REMOVED***psychosis***REMOVED***(disorder)
dementia,SNOMED CT,1259465009,Dementia***REMOVED***due***REMOVED***to***REMOVED***hepatic***REMOVED***failure***REMOVED***(disorder)
dementia,SNOMED CT,1259467001,Dementia***REMOVED***due***REMOVED***to***REMOVED***hypercalcemia***REMOVED***(disorder)
dementia,SNOMED CT,1259469003,Dementia***REMOVED***due***REMOVED***to***REMOVED***Gerstmann***REMOVED***Straussler***REMOVED***Scheinker***REMOVED***syndrome***REMOVED***(disorder)
dementia,SNOMED CT,1259471003,Dementia***REMOVED***due***REMOVED***to***REMOVED***Hashimoto***REMOVED***encephalopathy***REMOVED***(disorder)
dementia,SNOMED CT,1259473000,Dementia***REMOVED***due***REMOVED***to***REMOVED***fragile***REMOVED***X***REMOVED***syndrome***REMOVED***(disorder)
dementia,SNOMED CT,1259476008,Dementia***REMOVED***due***REMOVED***to***REMOVED***genetic***REMOVED***disease***REMOVED***(disorder)
dementia,SNOMED CT,1259478009,Dementia***REMOVED***due***REMOVED***to***REMOVED***familial***REMOVED***Creutzfeldt-Jakob***REMOVED***disease***REMOVED***(disorder)
dementia,SNOMED CT,1259480003,Dementia***REMOVED***due***REMOVED***to***REMOVED***fatal***REMOVED***familial***REMOVED***insomnia***REMOVED***(disorder)
dementia,SNOMED CT,1259485008,Dementia***REMOVED***due***REMOVED***to***REMOVED***cerebral***REMOVED***vasculitis***REMOVED***(disorder)
dementia,SNOMED CT,1259488005,Dementia***REMOVED***due***REMOVED***to***REMOVED***cerebral***REMOVED***amyloid***REMOVED***angiopathy***REMOVED***(disorder)
dementia,SNOMED CT,1259492003,Dementia***REMOVED***due***REMOVED***to***REMOVED***metastatic***REMOVED***malignant***REMOVED***neoplasm***REMOVED***to***REMOVED***brain***REMOVED***(disorder)
dementia,SNOMED CT,1259494002,Dementia***REMOVED***due***REMOVED***to***REMOVED***leukodystrophy***REMOVED***(disorder)
dementia,SNOMED CT,1259496000,Dementia***REMOVED***due***REMOVED***to***REMOVED***Lyme***REMOVED***disease***REMOVED***(disorder)
dementia,SNOMED CT,1259499007,Dementia***REMOVED***due***REMOVED***to***REMOVED***hemorrhagic***REMOVED***cerebral***REMOVED***infarction***REMOVED***due***REMOVED***to***REMOVED***hypertension***REMOVED***(disorder)
dementia,SNOMED CT,1259501004,Dementia***REMOVED***due***REMOVED***to***REMOVED***kuru***REMOVED***(disorder)
dementia,SNOMED CT,1259503001,Dementia***REMOVED***due***REMOVED***to***REMOVED***iatrogenic***REMOVED***Creutzfeldt-Jakob***REMOVED***disease***REMOVED***(disorder)
dementia,SNOMED CT,1259511006,Dementia***REMOVED***due***REMOVED***to***REMOVED***Wilson***REMOVED***disease***REMOVED***(disorder)
dementia,SNOMED CT,1259513009,Dementia***REMOVED***due***REMOVED***to***REMOVED***Whipple***REMOVED***disease***REMOVED***(disorder)
dementia,SNOMED CT,1259517005,Dementia***REMOVED***due***REMOVED***to***REMOVED***systemic***REMOVED***lupus***REMOVED***erythematosus***REMOVED***(disorder)
dementia,SNOMED CT,1259519008,Dementia***REMOVED***due***REMOVED***to***REMOVED***subacute***REMOVED***sclerosing***REMOVED***panencephalitis***REMOVED***(disorder)
dementia,SNOMED CT,1259522005,Dementia***REMOVED***due***REMOVED***to***REMOVED***variant***REMOVED***Creutzfeldt-Jakob***REMOVED***disease***REMOVED***(disorder)
dementia,SNOMED CT,1259524006,Dementia***REMOVED***due***REMOVED***to***REMOVED***trypanosomiasis***REMOVED***(disorder)
dementia,SNOMED CT,1259529001,Dementia***REMOVED***due***REMOVED***to***REMOVED***sporadic***REMOVED***Creutzfeldt-Jakob***REMOVED***disease***REMOVED***(disorder)
dementia,SNOMED CT,1259531005,Dementia***REMOVED***due***REMOVED***to***REMOVED***hypertensive***REMOVED***encephalopathy***REMOVED***(disorder)
dementia,SNOMED CT,1259579003,Dementia***REMOVED***due***REMOVED***to***REMOVED***Behcet***REMOVED***syndrome***REMOVED***(disorder)
dementia,SNOMED CT,1259581001,Dementia***REMOVED***due***REMOVED***to***REMOVED***celiac***REMOVED***disease***REMOVED***(disorder)
dementia,SNOMED CT,1259584009,Dementia***REMOVED***due***REMOVED***to***REMOVED***and***REMOVED***following***REMOVED***dialysis***REMOVED***(disorder)
dementia,SNOMED CT,1259586006,Dementia***REMOVED***due***REMOVED***to***REMOVED***autoimmune***REMOVED***encephalitis***REMOVED***(disorder)
dementia,SNOMED CT,1259591007,Dementia***REMOVED***due***REMOVED***to***REMOVED***acquired***REMOVED***hypothyroidism***REMOVED***(disorder)
dementia,SNOMED CT,1259656006,Dementia***REMOVED***due***REMOVED***to***REMOVED***renal***REMOVED***failure***REMOVED***(disorder)
dementia,SNOMED CT,1259661008,Dementia***REMOVED***due***REMOVED***to***REMOVED***inflammatory***REMOVED***disorder***REMOVED***of***REMOVED***musculoskeletal***REMOVED***system***REMOVED***(disorder)
dementia,SNOMED CT,1259663006,Dementia***REMOVED***due***REMOVED***to***REMOVED***polyarteritis***REMOVED***nodosa***REMOVED***(disorder)
dementia,SNOMED CT,1259665004,Dementia***REMOVED***due***REMOVED***to***REMOVED***progressive***REMOVED***subcortical***REMOVED***gliosis***REMOVED***(disorder)
dementia,SNOMED CT,1259667007,Dementia***REMOVED***due***REMOVED***to***REMOVED***paraneoplastic***REMOVED***encephalitis***REMOVED***(disorder)
dementia,SNOMED CT,1259673008,Dementia***REMOVED***due***REMOVED***to***REMOVED***neurofilament***REMOVED***inclusion***REMOVED***body***REMOVED***disease***REMOVED***(disorder)
dementia,SNOMED CT,1259675001,Dementia***REMOVED***due***REMOVED***to***REMOVED***obstructive***REMOVED***hydrocephalus***REMOVED***(disorder)
dementia,SNOMED CT,1259677009,Dementia***REMOVED***due***REMOVED***to***REMOVED***multiple***REMOVED***system***REMOVED***atrophy***REMOVED***(disorder)
dementia,SNOMED CT,1259679007,Dementia***REMOVED***due***REMOVED***to***REMOVED***atypical***REMOVED***pantothenate***REMOVED***kinase***REMOVED***associated***REMOVED***neurodegeneration***REMOVED***(disorder)
dementia,SNOMED CT,1259990004,Dementia***REMOVED***due***REMOVED***to***REMOVED***classical***REMOVED***pantothenate***REMOVED***kinase***REMOVED***associated***REMOVED***neurodegeneration***REMOVED***(disorder)
dementia,SNOMED CT,1.581E+12,Dementia***REMOVED***of***REMOVED***the***REMOVED***Alzheimer***REMOVED***type***REMOVED***with***REMOVED***behavioral***REMOVED***disturbance***REMOVED***(disorder)
dementia,SNOMED CT,1.591E+12,Dementia***REMOVED***with***REMOVED***behavioral***REMOVED***disturbance***REMOVED***(disorder)
dementia,SNOMED CT,2.421E+12,Hallucinations***REMOVED***co-occurrent***REMOVED***and***REMOVED***due***REMOVED***to***REMOVED***late***REMOVED***onset***REMOVED***dementia***REMOVED***(disorder)
dementia,SNOMED CT,1.0171E+13,Behavioral***REMOVED***and***REMOVED***psychological***REMOVED***symptoms***REMOVED***of***REMOVED***dementia***REMOVED***(finding)
dementia,SNOMED CT,2.1921E+13,Dementia due to Pick\'s disease
dementia,SNOMED CT,2.1921E+13,Dementia***REMOVED***co-occurrent***REMOVED***and***REMOVED***due***REMOVED***to***REMOVED***Pick\'s***REMOVED***disease***REMOVED***(disorder)
dementia,SNOMED CT,2.2381E+13,Primary degenerative dementia
dementia,SNOMED CT,2.2381E+13,Primary***REMOVED***degenerative***REMOVED***dementia***REMOVED***(disorder)
dementia,SNOMED CT,3.1081E+13,Presenile***REMOVED***dementia***REMOVED***with***REMOVED***delusions***REMOVED***(disorder)
dementia,SNOMED CT,7.9341E+13,Mixed dementia (disorder)
dementia,SNOMED CT,8.2351E+13,Altered***REMOVED***behavior***REMOVED***due***REMOVED***to***REMOVED***Pick\'s***REMOVED***disease***REMOVED***(disorder)
dementia,SNOMED CT,8.2361E+13,Altered***REMOVED***behavior***REMOVED***in***REMOVED***dementia***REMOVED***due***REMOVED***to***REMOVED***Huntington***REMOVED***chorea***REMOVED***(disorder)
dementia,SNOMED CT,8.2371E+13,Dementia***REMOVED***due***REMOVED***to***REMOVED***multiple***REMOVED***sclerosis***REMOVED***with***REMOVED***altered***REMOVED***behavior***REMOVED***(disorder)
dementia,SNOMED CT,8.2381E+13,Epileptic***REMOVED***dementia***REMOVED***with***REMOVED***behavioral***REMOVED***disturbance***REMOVED***(disorder)
dementia,SNOMED CT,9.2001E+13,Anti-dementia***REMOVED***drug***REMOVED***therapy***REMOVED***(procedure)
dementia,SNOMED CT,9.7751E+13,Altered***REMOVED***behavior***REMOVED***in***REMOVED***Alzheimer\'s***REMOVED***disease***REMOVED***(disorder)
dementia,SNOMED CT,1.01421E+14,Dementia due to Parkinson\'s disease (disorder)
dementia,SNOMED CT,1.05421E+14,Early***REMOVED***onset***REMOVED***Alzheimer\'s***REMOVED***disease***REMOVED***with***REMOVED***behavioral***REMOVED***disturbance***REMOVED***(disorder)
dementia,SNOMED CT,1.06021E+14,Multi-infarct***REMOVED***dementia***REMOVED***due***REMOVED***to***REMOVED***atherosclerosis***REMOVED***(disorder)
dementia,SNOMED CT,1.30121E+14,Dementia***REMOVED***due***REMOVED***to***REMOVED***Rett\'s***REMOVED***syndrome***REMOVED***(disorder)
dementia,SNOMED CT,1.35811E+14,Lewy body dementia with behavioral disturbance (disorder)
dementia,SNOMED CT,1.41991E+14,Delusions***REMOVED***in***REMOVED***Alzheimer\'s***REMOVED***disease***REMOVED***(disorder)
dementia,SNOMED CT,1.42001E+14,Depressed mood in Alzheimer\'s disease (disorder)
dementia,SNOMED CT,1.42011E+14,Alzheimer\'s***REMOVED***disease***REMOVED***co-occurrent***REMOVED***with***REMOVED***delirium***REMOVED***(disorder)
dementia,SNOMED CT,2.88631E+14,Vascular dementia with behavioral disturbance (disorder)
dementia,SNOMED CT,2.93671E+14,Behavioral***REMOVED***disturbance***REMOVED***due***REMOVED***to***REMOVED***multi-infarct***REMOVED***dementia***REMOVED***(disorder)
dementia,SNOMED CT,4.19261E+14,"[X]Dementia in Alzheimer\'s dis, atypical or mixed type (disorder)"
dementia,SNOMED CT,7.11441E+14,Dementia monitoring invitation (procedure)
dementia,SNOMED CT,7.15821E+14,Dementia monitoring first letter (procedure)
dementia,SNOMED CT,7.16221E+14,Dementia monitoring verbal invitation (procedure)
dementia,SNOMED CT,7.16671E+14,Dementia monitoring third letter (procedure)
dementia,SNOMED CT,7.16991E+14,Dementia monitoring telephone invitation (procedure)
dementia,SNOMED CT,7.17471E+14,Dementia monitoring second letter (procedure)
dementia,SNOMED CT,7.20891E+14,People***REMOVED***with***REMOVED***dementia***REMOVED***(qualifier***REMOVED***value)
dementia,SNOMED CT,7.98381E+14,Referral***REMOVED***to***REMOVED***dementia***REMOVED***care***REMOVED***advisor***REMOVED***(procedure)
dementia,SNOMED CT,8.43991E+14,Participates***REMOVED***in***REMOVED***Butterfly***REMOVED***Scheme***REMOVED***for***REMOVED***dementia***REMOVED***(finding)
dementia,SNOMED CT,8.44001E+14,Butterfly***REMOVED***Scheme***REMOVED***for***REMOVED***dementia***REMOVED***declined***REMOVED***(situation)
dementia,SNOMED CT,8.50261E+14,Education***REMOVED***about***REMOVED***dementia***REMOVED***(procedure)
dementia,SNOMED CT,8.58501E+14,Referral***REMOVED***to***REMOVED***dementia***REMOVED***service***REMOVED***(procedure)
dementia,SNOMED CT,9.25441E+14,Referral***REMOVED***to***REMOVED***dementia***REMOVED***support***REMOVED***organisation***REMOVED***declined***REMOVED***(situation)
dementia,SNOMED CT,9.25461E+14,Referral***REMOVED***to***REMOVED***dementia***REMOVED***support***REMOVED***organisation***REMOVED***(procedure)
dementia,SNOMED CT,9.38551E+14,Dementia medication review (procedure)
dementia,SNOMED CT,9.56841E+14,Dementia care plan agreed (finding)
dementia,SNOMED CT,9.56861E+14,Dementia care plan reviewed (situation)
dementia,SNOMED CT,9.56881E+14,Dementia care plan declined (situation)
dementia,SNOMED CT,9.56901E+14,Dementia care plan review declined (situation)
dementia,SNOMED CT,9.59461E+14,Dementia advance care plan review declined (situation)
dementia,SNOMED CT,1083391000000101,Signposting***REMOVED***to***REMOVED***dementia***REMOVED***support***REMOVED***service***REMOVED***(procedure)
dementia,SNOMED CT,1089501000000102,Presenile***REMOVED***dementia***REMOVED***with***REMOVED***psychosis***REMOVED***(disorder)
dementia,SNOMED CT,1089521000000106,Predominantly cortical dementia (disorder)
dementia,SNOMED CT,1089531000000108,Predominantly***REMOVED***cortical***REMOVED***vascular***REMOVED***dementia***REMOVED***(disorder)
dementia,SNOMED CT,1095101000000106,Offer of dementia advance care planning review declined (situation)
dementia,SNOMED CT,1095111000000108,Review of dementia advance care plan (procedure)
dementia,SNOMED CT,1095121000000102,Dementia advance care plan agreed (finding)
dementia,SNOMED CT,1110901000000109,Quality and Outcomes Framework dementia quality indicator-related care invitation (procedure)
dementia,SNOMED CT,1148161000000104,Review***REMOVED***of***REMOVED***dementia***REMOVED***care***REMOVED***plan***REMOVED***(procedure)
dementia,SNOMED CT,16219201000119101,Behavioral***REMOVED***disturbance***REMOVED***co-occurrent***REMOVED***and***REMOVED***due***REMOVED***to***REMOVED***late***REMOVED***onset***REMOVED***Alzheimer***REMOVED***dementia***REMOVED***(disorder)
dementia,SNOMED CT,16276361000119109,Vascular dementia without behavioral disturbance (disorder)
depression,ICD10,F32,Depressive episode
depression,ICD10,F320,Mild depressive episode
depression,ICD10,F321,Moderate depressive episode
depression,ICD10,F322,Severe depressive episode without psychotic symptoms
depression,ICD10,F323,Severe depressive episode with psychotic symptoms
depression,ICD10,F328,Other depressive episodes
depression,ICD10,F329,"Depressive episode, unspecified"
depression,ICD10,F33,Recurrent depressive disorder
depression,ICD10,F330,"Recurrent depressive disorder, current episode mild"
depression,ICD10,F331,"Recurrent depressive disorder, current episode moderate"
depression,ICD10,F332,"Recurrent depressive disorder, current episode severe without psychotic symptoms"
depression,ICD10,F333,"Recurrent depressive disorder, current episode severe with psychotic symptoms"
depression,ICD10,F334,"Recurrent depressive disorder, currently in remission"
depression,ICD10,F338,Other recurrent depressive disorders
depression,ICD10,F339,"Recurrent depressive disorder, unspecified"
depression,SNOMED CT,832007,Moderate major depression (disorder)
depression,SNOMED CT,1196001,"Chronic bipolar II disorder, most recent episode major depressive (disorder)"
depression,SNOMED CT,2618002,Chronic recurrent major depressive disorder (disorder)
depression,SNOMED CT,10532003,"Primary degenerative dementia of the Alzheimer type, presenile onset, with depression (disorder)"
depression,SNOMED CT,12969000,"Severe bipolar II disorder, most recent episode major depressive, in full remission (disorder)"
depression,SNOMED CT,14070001,Multi-infarct dementia with depression (disorder)
depression,SNOMED CT,14183003,"Chronic major depressive disorder, single episode (disorder)"
depression,SNOMED CT,15193003,"Severe recurrent major depression with psychotic features, mood-incongruent (disorder)"
depression,SNOMED CT,15639000,"Moderate major depression, single episode (disorder)"
depression,SNOMED CT,16295005,"Bipolar II disorder, most recent episode major depressive (disorder)"
depression,SNOMED CT,18818009,Moderate recurrent major depression (disorder)
depression,SNOMED CT,19300006,"Severe bipolar II disorder, most recent episode major depressive with psychotic features, mood-congruent (disorder)"
depression,SNOMED CT,19527009,Single episode of major depression in full remission (disorder)
depression,SNOMED CT,20250007,"Severe major depression, single episode, with psychotic features, mood-incongruent (disorder)"
depression,SNOMED CT,20960007,"Severe bipolar II disorder, most recent episode major depressive with psychotic features, mood-incongruent (disorder)"
depression,SNOMED CT,21900002,"Bipolar I disorder, most recent episode depressed with catatonic features (disorder)"
depression,SNOMED CT,22407005,"Bipolar II disorder, most recent episode major depressive with catatonic features (disorder)"
depression,SNOMED CT,25922000,"Major depressive disorder, single episode with postpartum onset (disorder)"
depression,SNOMED CT,26852004,"Primary degenerative dementia of the Alzheimer type, senile onset, with depression (disorder)"
depression,SNOMED CT,28475009,Severe recurrent major depression with psychotic features (disorder)
depression,SNOMED CT,29929003,"Bipolar I disorder, most recent episode depressed with atypical features (disorder)"
depression,SNOMED CT,30520009,"Severe bipolar II disorder, most recent episode major depressive with psychotic features (disorder)"
depression,SNOMED CT,30605009,Major depression in partial remission (disorder)
depression,SNOMED CT,30687003,"Bipolar II disorder, most recent episode major depressive with postpartum onset (disorder)"
depression,SNOMED CT,33078009,"Severe recurrent major depression with psychotic features, mood-congruent (disorder)"
depression,SNOMED CT,33135002,Recurrent major depression in partial remission (disorder)
depression,SNOMED CT,33736005,"Severe major depression with psychotic features, mood-congruent (disorder)"
depression,SNOMED CT,34315001,"Bipolar II disorder, most recent episode major depressive with melancholic features (disorder)"
depression,SNOMED CT,35489007,Depressive disorder (disorder)
depression,SNOMED CT,35722002,"Severe bipolar II disorder, most recent episode major depressive, in remission (disorder)"
depression,SNOMED CT,35846004,"Moderate bipolar II disorder, most recent episode major depressive (disorder)"
depression,SNOMED CT,36474008,Severe recurrent major depression without psychotic features (disorder)
depression,SNOMED CT,36923009,"Major depression, single episode (disorder)"
depression,SNOMED CT,38694004,Recurrent major depressive disorder with atypical features (disorder)
depression,SNOMED CT,39809009,Recurrent major depressive disorder with catatonic features (disorder)
depression,SNOMED CT,40379007,Mild recurrent major depression (disorder)
depression,SNOMED CT,40568001,Recurrent brief depressive disorder (disorder)
depression,SNOMED CT,42810003,Major depression in remission (disorder)
depression,SNOMED CT,42925002,"Major depressive disorder, single episode with atypical features (disorder)"
depression,SNOMED CT,43568002,"Bipolar II disorder, most recent episode major depressive with atypical features (disorder)"
depression,SNOMED CT,46244001,Recurrent major depression in full remission (disorder)
depression,SNOMED CT,51637008,"Chronic bipolar I disorder, most recent episode depressed (disorder)"
depression,SNOMED CT,58703003,Postpartum depression (disorder)
depression,SNOMED CT,60099002,"Severe major depression with psychotic features, mood-incongruent (disorder)"
depression,SNOMED CT,63412003,Major depression in full remission (disorder)
depression,SNOMED CT,63778009,"Major depressive disorder, single episode with melancholic features (disorder)"
depression,SNOMED CT,66344007,Recurrent major depression (disorder)
depression,SNOMED CT,67002003,"Severe bipolar II disorder, most recent episode major depressive, in partial remission (disorder)"
depression,SNOMED CT,68019004,Recurrent major depression in remission (disorder)
depression,SNOMED CT,69392006,"Major depressive disorder, single episode with catatonic features (disorder)"
depression,SNOMED CT,70747007,"Major depression single episode, in partial remission (disorder)"
depression,SNOMED CT,71294008,"Mild bipolar II disorder, most recent episode major depressive (disorder)"
depression,SNOMED CT,71336009,Recurrent major depressive disorder with postpartum onset (disorder)
depression,SNOMED CT,73867007,Severe major depression with psychotic features (disorder)
depression,SNOMED CT,75084000,Severe major depression without psychotic features (disorder)
depression,SNOMED CT,75752004,"Bipolar I disorder, most recent episode depressed with melancholic features (disorder)"
depression,SNOMED CT,76441001,"Severe major depression, single episode, without psychotic features (disorder)"
depression,SNOMED CT,77911002,"Severe major depression, single episode, with psychotic features, mood-congruent (disorder)"
depression,SNOMED CT,79298009,"Mild major depression, single episode (disorder)"
depression,SNOMED CT,79842004,Stuporous depression (disorder)
depression,SNOMED CT,81319007,"Severe bipolar II disorder, most recent episode major depressive without psychotic features (disorder)"
depression,SNOMED CT,82218004,Postoperative depression (disorder)
depression,SNOMED CT,83458005,Agitated depression (disorder)
depression,SNOMED CT,84760002,"Schizoaffective disorder, depressive type (disorder)"
depression,SNOMED CT,84788008,Menopausal depression (disorder)
depression,SNOMED CT,87203005,"Bipolar I disorder, most recent episode depressed with postpartum onset (disorder)"
depression,SNOMED CT,87414006,Reactive depression (situational) (disorder)
depression,SNOMED CT,87512008,Mild major depression (disorder)
depression,SNOMED CT,161104007,Manic-depression association member (finding)
depression,SNOMED CT,161469008,History of depression (situation)
depression,SNOMED CT,191455000,Presenile dementia with depression (disorder)
depression,SNOMED CT,191459006,Senile dementia with depression (disorder)
depression,SNOMED CT,191466007,Arteriosclerotic dementia with depression (disorder)
depression,SNOMED CT,191495003,Depressive disorder caused by drug (disorder)
depression,SNOMED CT,191601008,"Single major depressive episode, mild (disorder)"
depression,SNOMED CT,191604000,"Single major depressive episode, severe, with psychosis (disorder)"
depression,SNOMED CT,191610000,"Recurrent major depressive episodes, mild (disorder)"
depression,SNOMED CT,191611001,"Recurrent major depressive episodes, moderate (disorder)"
depression,SNOMED CT,191613003,"Recurrent major depressive episodes, severe, with psychosis (disorder)"
depression,SNOMED CT,191616006,Recurrent depression (disorder)
depression,SNOMED CT,191627008,"Bipolar affective disorder, current episode depression (disorder)"
depression,SNOMED CT,191629006,"Bipolar affective disorder, currently depressed, mild (disorder)"
depression,SNOMED CT,191630001,"Bipolar affective disorder, currently depressed, moderate (disorder)"
depression,SNOMED CT,191634005,"Bipolar affective disorder, currently depressed, in full remission (disorder)"
depression,SNOMED CT,191659001,Atypical depressive disorder (disorder)
depression,SNOMED CT,191676002,Reactive depressive psychosis (disorder)
depression,SNOMED CT,192049004,Prolonged depressive adjustment reaction (disorder)
depression,SNOMED CT,192079006,Postviral depression (disorder)
depression,SNOMED CT,192080009,Chronic depression (disorder)
depression,SNOMED CT,231485007,Post-schizophrenic depression (disorder)
depression,SNOMED CT,231499006,Endogenous depression first episode (disorder)
depression,SNOMED CT,231500002,Masked depression (disorder)
depression,SNOMED CT,231504006,Mixed anxiety and depressive disorder (disorder)
depression,SNOMED CT,237349002,Mild postnatal depression (disorder)
depression,SNOMED CT,237350002,Severe postnatal depression (disorder)
depression,SNOMED CT,237739002,Pseudo-Cushing \'s syndrome of depression (disorder)
depression,SNOMED CT,250833002,Finding of single stimulus depression (finding)
depression,SNOMED CT,268621008,Recurrent major depressive episodes (disorder)
depression,SNOMED CT,274948002,Endogenous depression - recurrent (disorder)
depression,SNOMED CT,300706003,Endogenous depression (disorder)
depression,SNOMED CT,304718000,"Child depression scale, second research edition (assessment scale)"
depression,SNOMED CT,310495003,Mild depression (disorder)
depression,SNOMED CT,310496002,Moderate depression (disorder)
depression,SNOMED CT,310497006,Severe depression (disorder)
depression,SNOMED CT,319768000,Recurrent major depressive disorder with melancholic features (disorder)
depression,SNOMED CT,320751009,"Major depression, melancholic type (disorder)"
depression,SNOMED CT,321717001,Involutional depression (disorder)
depression,SNOMED CT,370143000,Major depressive disorder (disorder)
depression,SNOMED CT,395072006,Counseling for postnatal depression (procedure)
depression,SNOMED CT,400941009,Superior oblique overaction (disorder)
depression,SNOMED CT,405071002,Self-control behavior: depression (observable entity)
depression,SNOMED CT,413169006,On depression register (finding)
depression,SNOMED CT,413170007,Removed from depression register (finding)
depression,SNOMED CT,415044007,Patient given advice about management of depression (situation)
depression,SNOMED CT,430852001,"Severe major depression, single episode, with psychotic features (disorder)"
depression,SNOMED CT,445043005,Marks and Mathews fear questionnaire total associated anxiety and depression score (observable entity)
depression,SNOMED CT,448717002,Decline in Edinburgh postnatal depression scale score (finding)
depression,SNOMED CT,449413009,Decline in Edinburgh postnatal depression scale score at 8 months (finding)
depression,SNOMED CT,450714000,Severe major depression (disorder)
depression,SNOMED CT,698957003,Depressive disorder in remission (disorder)
depression,SNOMED CT,712823008,Acute depression (disorder)
depression,SNOMED CT,719592004,Moderately severe major depression (disorder)
depression,SNOMED CT,719593009,Moderately severe depression (disorder)
depression,SNOMED CT,720451004,Minimal recurrent major depression (disorder)
depression,SNOMED CT,720452006,Moderately severe recurrent major depression (disorder)
depression,SNOMED CT,720453001,Moderately severe major depression single episode (disorder)
depression,SNOMED CT,720454007,Minimal major depression single episode (disorder)
depression,SNOMED CT,720455008,Minimal major depression (disorder)
depression,SNOMED CT,726772006,Major depression with psychotic features (disorder)
depression,SNOMED CT,765176007,Psychosis and severe depression co-occurrent and due to bipolar affective disorder (disorder)
depression,SNOMED CT,767631007,"Bipolar disorder, most recent episode depression (disorder)"
depression,SNOMED CT,767636002,"Bipolar I disorder, most recent episode depression (disorder)"
depression,SNOMED CT,788120007,Antenatal depression (disorder)
depression,SNOMED CT,870191006,Follow up for depression (procedure)
depression,SNOMED CT,871840004,Episode of depression (finding)
depression,SNOMED CT,1153570009,Treatment resistant depression (disorder)
depression,SNOMED CT,1234782002,Mood disorder with depressive symptoms caused by ethanol (disorder)
depression,SNOMED CT,1260298008,Depression following menopause (disorder)
depression,SNOMED CT,2.51E+11,"Severe major depression, single episode (disorder)"
depression,SNOMED CT,2.81E+11,Severe recurrent major depression (disorder)
depression,SNOMED CT,1.0211E+13,Perinatal depression (disorder)
depression,SNOMED CT,1.04851E+14,Postpartum major depression in remission (disorder)
depression,SNOMED CT,1.12001E+14,Positive screening for depression on Patient Health Questionnaire 9 (finding)
depression,SNOMED CT,1.49631E+14,Digital cognitive behavioural therapy for depression (regime/therapy)
depression,SNOMED CT,1.99111E+14,Referral for guided self-help for depression (procedure)
depression,SNOMED CT,2.88751E+14,"Reactive depressive psychosis, single episode (disorder)"
depression,SNOMED CT,3.11611E+14,History of postnatal depression (situation)
depression,SNOMED CT,3.61761E+14,On full dose long term treatment for depression (finding)
depression,SNOMED CT,3.97701E+14,[X]Severe depressive episode without psychotic symptoms (disorder)
depression,SNOMED CT,3.97711E+14,[X]Severe depressive episode with psychotic symptoms (disorder)
depression,SNOMED CT,4.30421E+14,[X]Mild depressive episode (disorder)
depression,SNOMED CT,4.65441E+14,[X]Moderate depressive episode (disorder)
depression,SNOMED CT,7.55321E+14,"Single major depressive episode, severe, with psychosis, psychosis in remission (disorder)"
depression,SNOMED CT,7.55331E+14,"Recurrent major depressive episodes, severe, with psychosis, psychosis in remission (disorder)"
depression,SNOMED CT,7.64611E+14,"Recurrent major depressive episodes, severe (disorder)"
depression,SNOMED CT,7.64691E+14,"Recurrent major depressive episodes, in partial remission (disorder)"
depression,SNOMED CT,7.64701E+14,"Recurrent major depressive episodes, in remission (disorder)"
depression,SNOMED CT,7.64711E+14,"Single major depressive episode, in remission (disorder)"
depression,SNOMED CT,8.14191E+14,Referral to postnatal depression group (procedure)
depression,SNOMED CT,8.83491E+14,Did not attend depression review (finding)
depression,SNOMED CT,9.23921E+14,Referral for depression self-help video (procedure)
depression,SNOMED CT,1038261000000100,Maternal postnatal depression (situation)
depression,SNOMED CT,1057351000000106,Signposting to depression self-help group (procedure)
depression,SNOMED CT,10811121000119102,Major depressive disorder in mother complicating childbirth (disorder)
depression,SNOMED CT,10811161000119107,Major depressive disorder in mother complicating pregnancy (disorder)
depression,SNOMED CT,1086471000000103,"Recurrent reactive depressive episodes, severe, with psychosis (disorder)"
depression,SNOMED CT,1086661000000108,"Reactive depression, prolonged single episode (disorder)"
depression,SNOMED CT,1086671000000101,"Reactive depression, single episode (disorder)"
depression,SNOMED CT,1086681000000104,"Reactive depression, recurrent (disorder)"
depression,SNOMED CT,1086691000000102,"Reactive depression, first episode (disorder)"
depression,SNOMED CT,1089511000000100,Recurrent depression with current severe episode and psychotic features (disorder)
depression,SNOMED CT,1089631000000109,Recurrent depression with current severe episode without psychotic features (disorder)
depression,SNOMED CT,1089641000000100,Recurrent depression with current moderate episode (disorder)
depression,SNOMED CT,1129471000000105,Couple therapy for depression (regime/therapy)
depression,SNOMED CT,16264621000119109,Recurrent mild major depressive disorder co-occurrent with anxiety (disorder)
depression,SNOMED CT,16264821000119108,Recurrent severe major depressive disorder co-occurrent with anxiety (disorder)
depression,SNOMED CT,16264901000119109,Recurrent moderate major depressive disorder co-occurrent with anxiety (disorder)
depression,SNOMED CT,16265061000119105,Recurrent major depressive disorder co-occurrent with anxiety in full remission (disorder)
depression,SNOMED CT,16265301000119106,Recurrent major depressive disorder in partial remission co-occurrent with anxiety (disorder)
depression,SNOMED CT,16265951000119109,Mild major depressive disorder co-occurrent with anxiety single episode (disorder)
depression,SNOMED CT,16266831000119100,Moderate major depressive disorder co-occurrent with anxiety single episode (disorder)
depression,SNOMED CT,16266991000119108,Severe major depressive disorder co-occurrent with anxiety single episode (disorder)
obesity,ICD10,E66,Obesity
obesity,ICD10,E660,Obesity due to excess calories
obesity,ICD10,E661,Drug-induced obesity
obesity,ICD10,E662,Extreme obesity with alveolar hypoventilation
obesity,ICD10,E668,Other obesity
obesity,ICD10,E669,"Obesity, unspecified"
obesity,SNOMED CT,22910008,Impaired glucose tolerance in obese (disorder)
obesity,SNOMED CT,81531005,Diabetes mellitus type 2 in obese (disorder)
obesity,SNOMED CT,162864005,Body mass index 30+ - obesity (finding)
obesity,SNOMED CT,276792008,Pulmonary hypertension with extreme obesity (disorder)
obesity,SNOMED CT,408512008,Body mass index 40+ - severely obese (finding)
obesity,SNOMED CT,1186852004,Benign intracranial hypertension due to obesity (disorder)
obesity,SNOMED CT,914721000000105,Obese class I (body mass index 30.0 - 34.9) (finding)
obesity,SNOMED CT,914731000000107,Obese class II (body mass index 35.0 - 39.9) (finding)
obesity,SNOMED CT,914741000000103,Obese class III (body mass index equal to or greater than 40.0) (finding)
obesity,SNOMED CT,921031000000102,Child body mass index 98.1st-99.6th centile (finding)
obesity,SNOMED CT,921051000000109,Child body mass index greater than 99.6th centile (finding)
osteoarthritis,ICD10,M15,Polyarthrosis
osteoarthritis,ICD10,M150,Primary generalized (osteo)arthrosis
osteoarthritis,ICD10,M151,Heberden nodes (with arthropathy)
osteoarthritis,ICD10,M152,Bouchard nodes (with arthropathy)
osteoarthritis,ICD10,M153,Secondary multiple arthrosis
osteoarthritis,ICD10,M154,Erosive (osteo)arthrosis
osteoarthritis,ICD10,M158,Other polyarthrosis
osteoarthritis,ICD10,M159,"Polyarthrosis, unspecified"
osteoarthritis,ICD10,M16,Coxarthrosis [arthrosis of hip]
osteoarthritis,ICD10,M160,"Primary coxarthrosis, bilateral"
osteoarthritis,ICD10,M161,Other primary coxarthrosis
osteoarthritis,ICD10,M162,"Coxarthrosis resulting from dysplasia, bilateral"
osteoarthritis,ICD10,M163,Other dysplastic coxarthrosis
osteoarthritis,ICD10,M166,"Other secondary coxarthrosis, bilateral"
osteoarthritis,ICD10,M167,Other secondary coxarthrosis
osteoarthritis,ICD10,M169,"Coxarthrosis, unspecified"
osteoarthritis,ICD10,M17,Gonarthrosis [arthrosis of knee]
osteoarthritis,ICD10,M170,"Primary gonarthrosis, bilateral"
osteoarthritis,ICD10,M171,Other primary gonarthrosis
osteoarthritis,ICD10,M172,"Post-traumatic gonarthrosis, bilateral"
osteoarthritis,ICD10,M173,Other post-traumatic gonarthrosis
osteoarthritis,ICD10,M174,"Other secondary gonarthrosis, bilateral"
osteoarthritis,ICD10,M175,Other secondary gonarthrosis
osteoarthritis,ICD10,M179,"Gonarthrosis, unspecified"
osteoarthritis,ICD10,M18,Arthrosis of first carpometacarpal joint
osteoarthritis,ICD10,M180,"Primary arthrosis of first carpometacarpal joints, bilateral"
osteoarthritis,ICD10,M181,Other primary arthrosis of first carpometacarpal joint
osteoarthritis,ICD10,M182,"Post-traumatic arthrosis of first carpometacarpal joints, bilateral"
osteoarthritis,ICD10,M183,Other post-traumatic arthrosis of first carpometacarpal joint
osteoarthritis,ICD10,M184,"Other secondary arthrosis of first carpometacarpal joints, bilateral"
osteoarthritis,ICD10,M185,Other secondary arthrosis of first carpometacarpal joint
osteoarthritis,ICD10,M189,"Arthrosis of first carpometacarpal joint, unspecified"
osteoarthritis,ICD10,M19,Other arthrosis
osteoarthritis,ICD10,M190,Primary arthrosis of other joints
osteoarthritis,ICD10,M191,Post-traumatic arthrosis of other joints
osteoarthritis,ICD10,M192,Other secondary arthrosis
osteoarthritis,ICD10,M198,Other specified arthrosis
osteoarthritis,ICD10,M199,"Arthrosis, unspecified"
osteoarthritis,SNOMED CT,7126001,Secondary localized osteoarthrosis of multiple sites (disorder)
osteoarthritis,SNOMED CT,10948005,Thoracic spondylosis with myelopathy (disorder)
osteoarthritis,SNOMED CT,15470004,Toxic diffuse goiter with acropachy (disorder)
osteoarthritis,SNOMED CT,25343008,Secondary localized osteoarthrosis of pelvic region (disorder)
osteoarthritis,SNOMED CT,26151008,Graves' disease with acropachy AND with thyrotoxic crisis (disorder)
osteoarthritis,SNOMED CT,28736004,Primary localized osteoarthrosis of multiple sites (disorder)
osteoarthritis,SNOMED CT,33952002,Localized osteoarthrosis (disorder)
osteoarthritis,SNOMED CT,43829003,Chronic osteoarthritis (disorder)
osteoarthritis,SNOMED CT,48210000,Lumbosacral spondylosis without myelopathy (disorder)
osteoarthritis,SNOMED CT,55166000,Familial osteoarthropathy of the fingers (disorder)
osteoarthritis,SNOMED CT,68859000,Spondylosis without myelopathy (disorder)
osteoarthritis,SNOMED CT,72275000,Relapsing polychondritis (disorder)
osteoarthritis,SNOMED CT,73877009,Chronic tophaceous gout (disorder)
osteoarthritis,SNOMED CT,74885006,Interphalangeal osteoarthritis (disorder)
osteoarthritis,SNOMED CT,77994009,Primary localized osteoarthrosis of pelvic region (disorder)
osteoarthritis,SNOMED CT,88220006,Pachydermoperiostosis syndrome (disorder)
osteoarthritis,SNOMED CT,90860001,Localized osteoarthrosis uncertain if primary OR secondary (disorder)
osteoarthritis,SNOMED CT,91240008,Degeneration of thoracolumbar intervertebral disc (disorder)
osteoarthritis,SNOMED CT,161568003,History of osteoarthritis (situation)
osteoarthritis,SNOMED CT,201819000,Generalized osteoarthritis (disorder)
osteoarthritis,SNOMED CT,201826000,Erosive osteoarthrosis (disorder)
osteoarthritis,SNOMED CT,201829007,"Localized, primary osteoarthritis (disorder)"
osteoarthritis,SNOMED CT,201831003,"Localized, primary osteoarthritis of the shoulder region (disorder)"
osteoarthritis,SNOMED CT,201834006,"Localized, primary osteoarthritis of the hand (disorder)"
osteoarthritis,SNOMED CT,201835007,"Localized, primary osteoarthritis of the pelvic region and thigh (disorder)"
osteoarthritis,SNOMED CT,201837004,"Localized, primary osteoarthritis of the ankle and/or foot (disorder)"
osteoarthritis,SNOMED CT,201847001,"Localized, secondary osteoarthritis (disorder)"
osteoarthritis,SNOMED CT,201849003,"Localized, secondary osteoarthritis of the shoulder region (disorder)"
osteoarthritis,SNOMED CT,201852006,"Localized, secondary osteoarthritis of the hand (disorder)"
osteoarthritis,SNOMED CT,201855008,"Localized, secondary osteoarthritis of the ankle and/or foot (disorder)"
osteoarthritis,SNOMED CT,201857000,"Post-traumatic coxarthrosis, bilateral (disorder)"
osteoarthritis,SNOMED CT,201858005,"Post-traumatic gonarthrosis, bilateral (disorder)"
osteoarthritis,SNOMED CT,201921009,Kashin-Beck disease of the shoulder region (disorder)
osteoarthritis,SNOMED CT,201924001,Kashin-Beck disease of the hand (disorder)
osteoarthritis,SNOMED CT,201925000,Kashin-Beck disease of the pelvic region and thigh (disorder)
osteoarthritis,SNOMED CT,201927008,Kashin-Beck disease of the ankle and/or foot (disorder)
osteoarthritis,SNOMED CT,201929006,Kashin-Beck disease of multiple sites (disorder)
osteoarthritis,SNOMED CT,202657000,Single-level cervical spondylosis without myelopathy (disorder)
osteoarthritis,SNOMED CT,202658005,Two-level cervical spondylosis without myelopathy (disorder)
osteoarthritis,SNOMED CT,202659002,Multiple-level cervical spondylosis without myelopathy (disorder)
osteoarthritis,SNOMED CT,202670009,Single-level thoracic spondylosis with myelopathy (disorder)
osteoarthritis,SNOMED CT,202671008,Two-level thoracic spondylosis with myelopathy (disorder)
osteoarthritis,SNOMED CT,202672001,Multiple-level thoracic spondylosis with myelopathy (disorder)
osteoarthritis,SNOMED CT,202674000,Single-level lumbosacral spondylosis without myelopathy (disorder)
osteoarthritis,SNOMED CT,202675004,Two-level lumbosacral spondylosis without myelopathy (disorder)
osteoarthritis,SNOMED CT,202676003,Multiple-level lumbosacral spondylosis without myelopathy (disorder)
osteoarthritis,SNOMED CT,202687006,Cervical spondylosis with vascular compression (disorder)
osteoarthritis,SNOMED CT,202688001,Thoracic spondylosis with radiculopathy (disorder)
osteoarthritis,SNOMED CT,202689009,Single-level thoracic spondylosis with radiculopathy (disorder)
osteoarthritis,SNOMED CT,202690000,Two-level thoracic spondylosis with radiculopathy (disorder)
osteoarthritis,SNOMED CT,202692008,Multiple-level thoracic spondylosis with radiculopathy (disorder)
osteoarthritis,SNOMED CT,202747007,Calcification of cervical disc (disorder)
osteoarthritis,SNOMED CT,202751009,Calcification of thoracic disc (disorder)
osteoarthritis,SNOMED CT,203357004,Hypertrophic osteoarthropathy (disorder)
osteoarthritis,SNOMED CT,232439007,Relapsing polychondritis of larynx (disorder)
osteoarthritis,SNOMED CT,237826006,Thyroid acropachy (disorder)
osteoarthritis,SNOMED CT,239862000,Idiopathic osteoarthritis (disorder)
osteoarthritis,SNOMED CT,239869009,Osteoarthritis of distal interphalangeal joint (disorder)
osteoarthritis,SNOMED CT,239870005,Osteoarthritis of proximal interphalangeal joint (disorder)
osteoarthritis,SNOMED CT,239883006,Endemic osteoarthritis (disorder)
osteoarthritis,SNOMED CT,239884000,Malemud disease (disorder)
osteoarthritis,SNOMED CT,267889007,Generalized osteoarthritis of the hand (disorder)
osteoarthritis,SNOMED CT,267890003,"Localized, secondary osteoarthritis of the pelvic region and thigh (disorder)"
osteoarthritis,SNOMED CT,267970006,Cervical spondylosis without myelopathy (disorder)
osteoarthritis,SNOMED CT,270505009,Kashin-Beck disease (disorder)
osteoarthritis,SNOMED CT,313257005,"Localized, primary osteoarthritis of the wrist (disorder)"
osteoarthritis,SNOMED CT,313258000,"Localized, primary osteoarthritis of toe (disorder)"
osteoarthritis,SNOMED CT,313259008,"Localized, primary osteoarthritis of elbow (disorder)"
osteoarthritis,SNOMED CT,387800004,Cervical spondylosis (disorder)
osteoarthritis,SNOMED CT,387802007,Thoracic spondylosis (disorder)
osteoarthritis,SNOMED CT,394991004,Exacerbation of osteoarthritis (disorder)
osteoarthritis,SNOMED CT,396159001,Referral to rheumatology service for osteoarthritis (procedure)
osteoarthritis,SNOMED CT,428857003,Kashin-Beck disease of spine (disorder)
osteoarthritis,SNOMED CT,432733005,Acute degenerative joint disease of shoulder region (disorder)
osteoarthritis,SNOMED CT,443524000,Secondary osteoarthritis (disorder)
osteoarthritis,SNOMED CT,445957009,Hip disability and osteoarthritis outcome score (assessment scale)
osteoarthritis,SNOMED CT,450521003,Osteoarthritis of patellofemoral joint (disorder)
osteoarthritis,SNOMED CT,699261008,Post infectious osteoarthritis (disorder)
osteoarthritis,SNOMED CT,699262001,Post traumatic osteoarthritis (disorder)
osteoarthritis,SNOMED CT,700293006,Primary osteoarthritis of ankle (disorder)
osteoarthritis,SNOMED CT,700294000,Secondary osteoarthritis of ankle (disorder)
osteoarthritis,SNOMED CT,700295004,Osteoarthritis of ankle secondary to trauma (disorder)
osteoarthritis,SNOMED CT,700304006,Primary osteoarthritis of calcaneocuboid joint (disorder)
osteoarthritis,SNOMED CT,700307004,Secondary osteoarthritis of calcaneocuboid joint (disorder)
osteoarthritis,SNOMED CT,700312003,Osteoarthritis of calcaneocuboid joint secondary to trauma (disorder)
osteoarthritis,SNOMED CT,700313008,Primary osteoarthritis of subtalar joint (disorder)
osteoarthritis,SNOMED CT,700314002,Secondary osteoarthritis of subtalar joint (disorder)
osteoarthritis,SNOMED CT,700315001,Osteoarthritis of subtalar joint secondary to trauma (disorder)
osteoarthritis,SNOMED CT,700316000,Osteoarthritis of subtalar joint secondary to inflammatory arthritis (disorder)
osteoarthritis,SNOMED CT,700317009,Osteoarthritis of calcaneocuboid joint secondary to inflammatory arthritis (disorder)
osteoarthritis,SNOMED CT,700318004,Osteoarthritis of ankle secondary to inflammatory arthritis (disorder)
osteoarthritis,SNOMED CT,700325006,Primary osteoarthritis of talonavicular joint (disorder)
osteoarthritis,SNOMED CT,700326007,Secondary osteoarthritis of talonavicular joint (disorder)
osteoarthritis,SNOMED CT,700328008,Osteoarthritis of talonavicular joint secondary to trauma (disorder)
osteoarthritis,SNOMED CT,700331009,Osteoarthritis of talonavicular joint secondary to inflammatory arthritis (disorder)
osteoarthritis,SNOMED CT,700332002,Secondary osteoarthritis of first metatarsophalangeal joint (disorder)
osteoarthritis,SNOMED CT,700333007,Primary osteoarthritis of first metatarsophalangeal joint (disorder)
osteoarthritis,SNOMED CT,700335000,Osteoarthritis of first metatarsophalangeal joint secondary to trauma (disorder)
osteoarthritis,SNOMED CT,700336004,Osteoarthritis of first metatarsophalangeal joint secondary to inflammatory arthritis (disorder)
osteoarthritis,SNOMED CT,703050003,Secondary osteoarthritis of midfoot (disorder)
osteoarthritis,SNOMED CT,703052006,Primary osteoarthritis of midfoot (disorder)
osteoarthritis,SNOMED CT,703053001,Osteoarthritis of midfoot secondary to trauma (disorder)
osteoarthritis,SNOMED CT,703054007,Osteoarthritis of midfoot secondary to inflammatory arthritis (disorder)
osteoarthritis,SNOMED CT,713482002,Osteoarthritis of facet joint of thoracic spine (disorder)
osteoarthritis,SNOMED CT,715670004,Mild spondyloepiphyseal dysplasia with early onset osteoarthritis due to collagen type II alpha 1 mutation (disorder)
osteoarthritis,SNOMED CT,720753002,Cranioosteoarthropathy (disorder)
osteoarthritis,SNOMED CT,721148005,Hip dysplasia Beukes type (disorder)
osteoarthritis,SNOMED CT,735598004,Oligoosteoarthritis (disorder)
osteoarthritis,SNOMED CT,735604001,Prolapse of cervical intervertebral disc co-occurrent and due to degeneration (disorder)
osteoarthritis,SNOMED CT,735605000,Degeneration of cervical intervertebral disc co-occurrent with osteophyte of cervical vertebra (disorder)
osteoarthritis,SNOMED CT,735606004,Degeneration of thoracic intervertebral disc without prolapse (disorder)
osteoarthritis,SNOMED CT,735607008,Prolapse of thoracic intervertebral disc co-occurrent and due to degeneration (disorder)
osteoarthritis,SNOMED CT,735608003,Degeneration of thoracic intervertebral disc co-occurrent with osteophyte (disorder)
osteoarthritis,SNOMED CT,785808002,Aneurysm osteoarthritis syndrome (disorder)
osteoarthritis,SNOMED CT,789000004,Osteoarthritis of hip due to and following trauma (disorder)
osteoarthritis,SNOMED CT,789001000,Osteoarthritis of knee due to and following trauma (disorder)
osteoarthritis,SNOMED CT,789002007,Osteoarthritis of wrist and hand due to and following trauma (disorder)
osteoarthritis,SNOMED CT,1055297002,Gonarthrosis of left knee due to and following trauma (disorder)
osteoarthritis,SNOMED CT,1055298007,Gonarthrosis of right knee due to and following trauma (disorder)
osteoarthritis,SNOMED CT,1153332006,Polyarticular chronic gout caused by lead (disorder)
osteoarthritis,SNOMED CT,1153376004,Monoarticular chronic gout caused by lead (disorder)
osteoarthritis,SNOMED CT,1162298004,Paraneoplastic hypertrophic osteoarthropathy (disorder)
osteoarthritis,SNOMED CT,1162304008,Oligoarticular osteoarthritis (disorder)
osteoarthritis,SNOMED CT,1197586007,"Short stature, advanced bone age, early-onset osteoarthritis syndrome (disorder)"
osteoarthritis,SNOMED CT,1228860003,Spondyloepiphyseal dysplasia Stanescu type (disorder)
osteoarthritis,SNOMED CT,1.07881E+14,Advanced collapse of scapholunate joint due to osteoarthritis (disorder)
osteoarthritis,SNOMED CT,1.12961E+14,Osteoarthritis of joint of bilateral feet (disorder)
osteoarthritis,SNOMED CT,1.12971E+14,Osteoarthritis of joint of bilateral ankles (disorder)
osteoarthritis,SNOMED CT,1.12981E+14,Osteoarthritis of bilateral knee joints (disorder)
osteoarthritis,SNOMED CT,1.13001E+14,Osteoarthritis of joint of finger of bilateral hands (disorder)
osteoarthritis,SNOMED CT,1.13011E+14,Osteoarthritis of joint of bilateral hands (disorder)
osteoarthritis,SNOMED CT,1.13021E+14,Osteoarthritis of bilateral wrists (disorder)
osteoarthritis,SNOMED CT,1.13041E+14,Osteoarthritis of bilateral shoulders (disorder)
osteoarthritis,SNOMED CT,2.30771E+14,Delivery of rehabilitation for osteoarthritis (regime/therapy)
osteoarthritis,SNOMED CT,3.03041E+14,Osteoarthritis of bilateral first carpometacarpal joints (disorder)
osteoarthritis,SNOMED CT,3.03881E+14,Chronic tophaceous gout of ankle due to renal impairment (disorder)
osteoarthritis,SNOMED CT,3.03901E+14,Chronic tophaceous gout of elbow due to renal impairment (disorder)
osteoarthritis,SNOMED CT,3.03921E+14,Chronic tophaceous gout of hand due to renal impairment (disorder)
osteoarthritis,SNOMED CT,3.03941E+14,Chronic tophaceous gout of hip due to renal impairment (disorder)
osteoarthritis,SNOMED CT,3.03961E+14,Chronic tophaceous gout of knee due to renal impairment (disorder)
osteoarthritis,SNOMED CT,3.04121E+14,Chronic tophaceous gout of multiple sites due to renal impairment (disorder)
osteoarthritis,SNOMED CT,3.04281E+14,Chronic tophaceous gout of shoulder due to renal impairment (disorder)
osteoarthritis,SNOMED CT,3.04301E+14,Chronic tophaceous gout of vertebra due to renal impairment (disorder)
osteoarthritis,SNOMED CT,3.04321E+14,Chronic tophaceous gout due to renal impairment (disorder)
osteoarthritis,SNOMED CT,3.04341E+14,Chronic tophaceous gout of wrist due to renal impairment (disorder)
osteoarthritis,SNOMED CT,3.06131E+14,Chronic tophaceous gout of ankle and/or foot caused by drug (disorder)
osteoarthritis,SNOMED CT,3.06151E+14,Chronic tophaceous gout of elbow caused by drug (disorder)
osteoarthritis,SNOMED CT,3.06171E+14,Chronic tophaceous gout of hand caused by drug (disorder)
osteoarthritis,SNOMED CT,3.06191E+14,Chronic tophaceous gout of hip caused by drug (disorder)
osteoarthritis,SNOMED CT,3.06211E+14,Chronic tophaceous gout of knee caused by drug (disorder)
osteoarthritis,SNOMED CT,3.06371E+14,Chronic tophaceous gout of multiple sites caused by drug (disorder)
osteoarthritis,SNOMED CT,3.06551E+14,Chronic tophaceous gout of vertebra caused by drug (disorder)
osteoarthritis,SNOMED CT,3.06571E+14,Chronic tophaceous gout caused by drug (disorder)
osteoarthritis,SNOMED CT,3.06591E+14,Chronic tophaceous gout of wrist caused by drug (disorder)
osteoarthritis,SNOMED CT,3.21311E+14,Spondylosis of cervicothoracic spine (disorder)
osteoarthritis,SNOMED CT,3.21341E+14,Spondylosis of thoracolumbar spine (disorder)
osteoarthritis,SNOMED CT,1074411000119103,Osteoarthritis of bilateral sternoclavicular joints (disorder)
osteoarthritis,SNOMED CT,1074521000119109,Osteoarthritis of right foot due to trauma (disorder)
osteoarthritis,SNOMED CT,1074531000119107,Osteoarthritis of left foot due to trauma (disorder)
osteoarthritis,SNOMED CT,1075001000119108,Chronic tophaceous gout of right foot (disorder)
osteoarthritis,SNOMED CT,1075021000119104,Chronic tophaceous gout of left foot (disorder)
osteoarthritis,SNOMED CT,12367361000119109,Osteoarthritis of right patellofemoral joint (disorder)
osteoarthritis,SNOMED CT,12367411000119102,Osteoarthritis of left patellofemoral joint (disorder)
osteoarthritis,SNOMED CT,12367461000119104,Osteoarthritis of bilateral patellofemoral joints (disorder)
osteoarthritis,SNOMED CT,15637551000119104,Degenerative rupture of medial meniscus of bilateral knees (disorder)
osteoarthritis,SNOMED CT,15686081000119107,Osteoarthritis of bilateral temporomandibular joints (disorder)
osteoarthritis,SNOMED CT,15705201000119109,Chondrocalcinosis of bilateral hands (disorder)
osteoarthritis,SNOMED CT,15705241000119106,Chondrocalcinosis of bilateral shoulders (disorder)
osteoarthritis,SNOMED CT,15722561000119106,Osteoarthritis of first metatarsophalangeal joint of bilateral feet (disorder)
osteoarthritis,SNOMED CT,15722961000119101,Osteoarthritis of bilateral sacroiliac joints (disorder)
osteoarthritis,SNOMED CT,16008271000119106,Chondrocalcinosis of bilateral wrists (disorder)
osteoarthritis,SNOMED CT,16010951000119105,Osteoarthritis of bilateral feet due to trauma (disorder)
osteoarthritis,SNOMED CT,16015391000119105,Osteoarthritis of midtarsal joints of bilateral feet (disorder)
osteoarthritis,SNOMED CT,16016191000119100,Chondrocalcinosis of bilateral ankles (disorder)
osteoarthritis,SNOMED CT,16016511000119102,Degenerative rupture of lateral meniscus of bilateral knees (disorder)
osteoarthritis,SNOMED CT,16039671000119106,Chondromalacia of bilateral glenohumeral joints (disorder)
osteoarthritis,SNOMED CT,16039831000119107,Chondromalacia of bilateral ankles (disorder)
osteoarthritis,SNOMED CT,16040031000119108,Chronic tophaceous gout of bilateral elbows (disorder)
osteoarthritis,SNOMED CT,16040071000119106,Chronic tophaceous gout of bilateral hands (disorder)
osteoarthritis,SNOMED CT,16583281000119101,Osteoarthritis of left ankle due to trauma (disorder)
osteoarthritis,SNOMED CT,16583321000119106,Osteoarthritis of right ankle due to trauma (disorder)
thyroid disease,ICD10,E00,Congenital iodine-deficiency syndrome
thyroid disease,ICD10,E01,Iodine-deficiency-related thyroid disorders and allied conditions
thyroid disease,ICD10,E02,Subclinical iodine-deficiency hypothyroidism
thyroid disease,ICD10,E03,Other hypothyroidism
thyroid disease,ICD10,E04,Other nontoxic goitre
thyroid disease,ICD10,E05,Thyrotoxicosis [hyperthyroidism]
thyroid disease,ICD10,E06,Thyroiditis
thyroid disease,ICD10,E07,Other disorders of thyroid
thyroid disease,SNOMED CT,9092004,Parathyroid hyperplasia (disorder)
thyroid disease,SNOMED CT,11244009,"Polyglandular autoimmune syndrome, type 1 (disorder)"
thyroid disease,SNOMED CT,16195001,Parathyroid hypocalcemic tetany (disorder)
thyroid disease,SNOMED CT,19034001,Hyperparathyroidism due to renal insufficiency (disorder)
thyroid disease,SNOMED CT,26267006,Isolated persistent neonatal hypoparathyroidism (disorder)
thyroid disease,SNOMED CT,29326002,Ectopic hyperparathyroidism (disorder)
thyroid disease,SNOMED CT,32463001,Primary water-clear cell hyperplasia (disorder)
thyroid disease,SNOMED CT,36348003,Primary hyperparathyroidism (disorder)
thyroid disease,SNOMED CT,36976004,Hypoparathyroidism (disorder)
thyroid disease,SNOMED CT,42183005,Pseudohypoparathyroidism type II (disorder)
thyroid disease,SNOMED CT,47445009,Hyperparathyroidism due to vitamin D deficiency (disorder)
thyroid disease,SNOMED CT,56090007,Pseudohypoparathyroidism type I B (disorder)
thyroid disease,SNOMED CT,58833000,Pseudohypoparathyroidism type I A (disorder)
thyroid disease,SNOMED CT,58976002,Pseudohypoparathyroidism (disorder)
thyroid disease,SNOMED CT,65274008,Congenital anomaly of parathyroid glands (disorder)
thyroid disease,SNOMED CT,66999008,Hyperparathyroidism (disorder)
thyroid disease,SNOMED CT,73132005,Disorder of parathyroid gland (disorder)
thyroid disease,SNOMED CT,73291005,Congenital absence of parathyroid gland (disorder)
thyroid disease,SNOMED CT,75316000,Autoimmune hypoparathyroidism (disorder)
thyroid disease,SNOMED CT,78200003,Tertiary hyperparathyroidism (disorder)
thyroid disease,SNOMED CT,78625002,Hyperparathyroidism due to intestinal malabsorption (disorder)
thyroid disease,SNOMED CT,82837002,Kenny syndrome (disorder)
thyroid disease,SNOMED CT,88760006,Isolated late onset hypoparathyroidism (disorder)
thyroid disease,SNOMED CT,91478007,Secondary hyperparathyroidism (disorder)
thyroid disease,SNOMED CT,92272009,Benign neoplasm of parathyroid gland (disorder)
thyroid disease,SNOMED CT,92675002,Carcinoma in situ of parathyroid gland (disorder)
thyroid disease,SNOMED CT,93943008,Primary malignant neoplasm of parathyroid gland (disorder)
thyroid disease,SNOMED CT,94467003,Metastatic malignant neoplasm to parathyroid gland (disorder)
thyroid disease,SNOMED CT,94983006,Neoplasm of uncertain behavior of parathyroid gland (disorder)
thyroid disease,SNOMED CT,127020005,Neoplasm of parathyroid gland (disorder)
thyroid disease,SNOMED CT,128474007,Parathyroid adenoma (disorder)
thyroid disease,SNOMED CT,128475008,Ectopic parathyroid adenoma (disorder)
thyroid disease,SNOMED CT,161442007,History of hyperthyroidism (situation)
thyroid disease,SNOMED CT,161443002,History of hypothyroidism (situation)
thyroid disease,SNOMED CT,170783002,Inactive thyroid disease (finding)
thyroid disease,SNOMED CT,190454008,Autoimmune parathyroiditis (disorder)
thyroid disease,SNOMED CT,190455009,Post-surgical hypoparathyroidism (disorder)
thyroid disease,SNOMED CT,190459003,Cyst of parathyroid (disorder)
thyroid disease,SNOMED CT,190460008,Hemorrhage of parathyroid (disorder)
thyroid disease,SNOMED CT,205757003,Aberrant parathyroid gland (disorder)
thyroid disease,SNOMED CT,237653008,Familial primary hyperparathyroidism (disorder)
thyroid disease,SNOMED CT,237654002,Idiopathic hypoparathyroidism (disorder)
thyroid disease,SNOMED CT,237655001,X-linked hypoparathyroidism (disorder)
thyroid disease,SNOMED CT,237659007,Pseudopseudohypoparathyroidism (disorder)
thyroid disease,SNOMED CT,237660002,Injury of parathyroid gland (disorder)
thyroid disease,SNOMED CT,237830009,Ectopic parathyroid hormone-related protein secretion (disorder)
thyroid disease,SNOMED CT,255037004,Parathyroid carcinoma (disorder)
thyroid disease,SNOMED CT,262776000,Parathyroid gland hematoma (disorder)
thyroid disease,SNOMED CT,262778004,Fragmentation of parathyroid gland (disorder)
thyroid disease,SNOMED CT,275436001,Absent parathyroid gland (disorder)
thyroid disease,SNOMED CT,275536003,History of thyroid disorder (situation)
thyroid disease,SNOMED CT,276564000,Perinatal thyroid disorder of fetus and/or neonate (disorder)
thyroid disease,SNOMED CT,359743001,Postablative hypoparathyroidism (disorder)
thyroid disease,SNOMED CT,361128007,Hyperparathyroidism caused by lithium therapy (disorder)
thyroid disease,SNOMED CT,363481002,Malignant tumor of parathyroid gland (disorder)
thyroid disease,SNOMED CT,363627009,Parathyromatosis (disorder)
thyroid disease,SNOMED CT,428064002,History of follicular adenocarcinoma of thyroid (situation)
thyroid disease,SNOMED CT,429016002,History of medullary carcinoma of thyroid (situation)
thyroid disease,SNOMED CT,429254008,History of malignant neoplasm of thyroid (situation)
thyroid disease,SNOMED CT,429255009,History of papillary adenocarcinoma of thyroid (situation)
thyroid disease,SNOMED CT,702378002,Hyperparathyroidism-jaw tumor syndrome (disorder)
thyroid disease,SNOMED CT,702614000,Aplasia of parathyroid gland (disorder)
thyroid disease,SNOMED CT,711151004,Hypomagnesemia with secondary hypocalcemia (disorder)
thyroid disease,SNOMED CT,715218009,Neonatal severe primary hyperparathyroidism (disorder)
thyroid disease,SNOMED CT,717792007,Pseudohypoparathyroidism type 1C (disorder)
thyroid disease,SNOMED CT,717895004,Hypoparathyroidism due to impaired parathormone secretion (disorder)
thyroid disease,SNOMED CT,717897007,Hereditary isolated hypoparathyroidism due to agenesis of parathyroid gland (disorder)
thyroid disease,SNOMED CT,717898002,Hereditary isolated hypoparathyroidism due to impaired parathormone secretion (disorder)
thyroid disease,SNOMED CT,717899005,Hypoparathyroidism after iodine thyroid ablation (disorder)
thyroid disease,SNOMED CT,717900000,Hypoparathyroidism after external beam radiotherapy (disorder)
thyroid disease,SNOMED CT,717901001,Hypoparathyroidism due to hemochromatosis (disorder)
thyroid disease,SNOMED CT,717902008,Transient neonatal hypoparathyroidism due to maternal hyperparathyroidism (disorder)
thyroid disease,SNOMED CT,717903003,Secondary hypoparathyroidism (disorder)
thyroid disease,SNOMED CT,717904009,Hypoparathyroidism due to granulomatous disease (disorder)
thyroid disease,SNOMED CT,721083007,Lymphedema hypoparathyroidism syndrome (disorder)
thyroid disease,SNOMED CT,721287004,Hypoparathyroidism following procedure (disorder)
thyroid disease,SNOMED CT,724093004,"Nephropathy, deafness, hyperparathyroidism syndrome (disorder)"
thyroid disease,SNOMED CT,724282009,"Hypoparathyroidism, deafness, renal disease syndrome (disorder)"
thyroid disease,SNOMED CT,1148695005,Hypoparathyroidism following excision of thyroid gland (disorder)
thyroid disease,SNOMED CT,1179375008,Adenocarcinoma of parathyroid gland (disorder)
thyroid disease,SNOMED CT,1186797002,Hypoparathyroidism due to Wilson disease (disorder)
thyroid disease,SNOMED CT,1197148005,Sanjad Sakati syndrome (disorder)
thyroid disease,SNOMED CT,1208934006,Sagliker syndrome (disorder)
thyroid disease,SNOMED CT,1217515007,Autosomal dominant familial isolated hypoparathyroidism (disorder)
thyroid disease,SNOMED CT,1217517004,Autosomal recessive familial isolated hypoparathyroidism (disorder)
thyroid disease,SNOMED CT,1237426005,Metastatic carcinoma to parathyroid (disorder)
thyroid disease,SNOMED CT,1237531009,Metastatic adenocarcinoma to parathyroid (disorder)
thyroid disease,SNOMED CT,1251400004,Alopecia due to disorder of thyroid gland (disorder)
thyroid disease,SNOMED CT,1259627006,Primary adenocarcinoma of parathyroid gland (disorder)
thyroid disease,SNOMED CT,8.9471E+13,Secondary hyperparathyroidism of nonrenal origin (disorder)
thyroid disease,SNOMED CT,1.19181E+14,Hypothyroxinemia of prematurity (disorder)
thyroid disease,SNOMED CT,1.37871E+14,History of Graves' disease (situation)
thyroid disease,SNOMED CT,16218721000119107,Hyperparathyroidism due to end stage renal disease on dialysis (disorder)
thyroid disease,SNOMED CT,190045361000119101,Normocalcemic primary hyperparathyroidism (disorder)
asthma,ICD10,J45,Asthma
asthma,ICD10,J46,Status asthmaticus
asthma,SNOMED CT,11641008,Millers\' asthma (disorder)
asthma,SNOMED CT,11944003,Feather-pickers\' disease (disorder)
asthma,SNOMED CT,12428000,Intrinsic asthma without status asthmaticus (disorder)
asthma,SNOMED CT,18041002,Printers\' asthma (disorder)
asthma,SNOMED CT,19849005,Meat-wrappers\' asthma (disorder)
asthma,SNOMED CT,23315001,Sequoiosis (disorder)
asthma,SNOMED CT,31387002,Exercise-induced asthma (disorder)
asthma,SNOMED CT,34015007,Bakers\' asthma (disorder)
asthma,SNOMED CT,41553006,Detergent asthma (disorder)
asthma,SNOMED CT,55570000,Asthma without status asthmaticus (disorder)
asthma,SNOMED CT,56968009,Asthma caused by wood dust (disorder)
asthma,SNOMED CT,57607007,Occupational asthma (disorder)
asthma,SNOMED CT,59786004,Weavers\' cough (disorder)
asthma,SNOMED CT,61233003,Silo-fillers\' disease (disorder)
asthma,SNOMED CT,63088003,Allergic asthma without status asthmaticus (disorder)
asthma,SNOMED CT,71892000,Cardiac asthma (disorder)
asthma,SNOMED CT,92807009,Chemical-induced asthma (disorder)
asthma,SNOMED CT,93432008,Drug-induced asthma (disorder)
asthma,SNOMED CT,161527007,History of asthma (situation)
asthma,SNOMED CT,182724005,Further asthma - drug prevention (regime/therapy)
asthma,SNOMED CT,183478001,Emergency hospital admission for asthma (procedure)
asthma,SNOMED CT,185242005,Seen in asthma clinic (finding)
asthma,SNOMED CT,185728001,Attends asthma monitoring (finding)
asthma,SNOMED CT,185940009,Patient in asthma study (finding)
asthma,SNOMED CT,195949008,Chronic asthmatic bronchitis (disorder)
asthma,SNOMED CT,195967001,Asthma (disorder)
asthma,SNOMED CT,195977004,Mixed asthma (disorder)
asthma,SNOMED CT,219036002,Adverse reaction caused by antiasthmatic (disorder)
asthma,SNOMED CT,225057002,Brittle asthma (disorder)
asthma,SNOMED CT,233678006,Childhood asthma (disorder)
asthma,SNOMED CT,233679003,Late onset asthma (disorder)
asthma,SNOMED CT,233683003,Hay fever with asthma (disorder)
asthma,SNOMED CT,233687002,Colophony asthma (disorder)
asthma,SNOMED CT,233688007,Sulfite-induced asthma (disorder)
asthma,SNOMED CT,233691007,Asthmatic pulmonary eosinophilia (disorder)
asthma,SNOMED CT,266361008,Non-allergic asthma (disorder)
asthma,SNOMED CT,281239006,Exacerbation of asthma (disorder)
asthma,SNOMED CT,360253007,Medicinal product acting as antiasthmatic agent (product)
asthma,SNOMED CT,366874008,Number of asthma exacerbations in past year (observable entity)
asthma,SNOMED CT,370205009,Asthma causes night symptoms 1 to 2 times per month (finding)
asthma,SNOMED CT,370218001,Mild asthma (disorder)
asthma,SNOMED CT,370219009,Moderate asthma (disorder)
asthma,SNOMED CT,370220003,Occasional asthma (disorder)
asthma,SNOMED CT,370221004,Severe asthma (disorder)
asthma,SNOMED CT,389145006,Allergic asthma (disorder)
asthma,SNOMED CT,390872009,Change in asthma management plan (regime/therapy)
asthma,SNOMED CT,390877003,Step up change in asthma management plan (regime/therapy)
asthma,SNOMED CT,390878008,Step down change in asthma management plan (regime/therapy)
asthma,SNOMED CT,390921001,Absent from work or school due to asthma (finding)
asthma,SNOMED CT,395022009,Asthma night-time symptoms (finding)
asthma,SNOMED CT,401135008,Asthma education (procedure)
asthma,SNOMED CT,404804003,Platinum asthma (disorder)
asthma,SNOMED CT,404806001,Cheese-makers\' asthma (disorder)
asthma,SNOMED CT,404808000,Isocyanate induced asthma (disorder)
asthma,SNOMED CT,405944004,Asthmatic bronchitis (disorder)
asthma,SNOMED CT,407674008,Aspirin-induced asthma (disorder)
asthma,SNOMED CT,409663006,Cough variant asthma (disorder)
asthma,SNOMED CT,415265005,Referral to asthma clinic (procedure)
asthma,SNOMED CT,418395004,Tea-makers\' asthma (disorder)
asthma,SNOMED CT,423889005,Non-immunoglobulin E mediated allergic asthma (disorder)
asthma,SNOMED CT,424199006,Substance induced asthma (disorder)
asthma,SNOMED CT,424643009,Immunoglobulin E-mediated allergic asthma (disorder)
asthma,SNOMED CT,425969006,Exacerbation of intermittent asthma (disorder)
asthma,SNOMED CT,426656000,Severe persistent asthma (disorder)
asthma,SNOMED CT,426979002,Mild persistent asthma (disorder)
asthma,SNOMED CT,427295004,Moderate persistent asthma (disorder)
asthma,SNOMED CT,427603009,Intermittent asthma (disorder)
asthma,SNOMED CT,427679007,Mild intermittent asthma (disorder)
asthma,SNOMED CT,440666007,Knowledge level about asthma management (observable entity)
asthma,SNOMED CT,442025000,Acute exacerbation of chronic asthmatic bronchitis (disorder)
asthma,SNOMED CT,445427006,Seasonal asthma (disorder)
asthma,SNOMED CT,698509001,Under care of asthma specialist nurse (finding)
asthma,SNOMED CT,698605001,Education about asthma self management (procedure)
asthma,SNOMED CT,699191007,Did not attend asthma review (finding)
asthma,SNOMED CT,703953004,Allergic asthma caused by Dermatophagoides pteronyssinus (disorder)
asthma,SNOMED CT,703954005,Allergic asthma caused by Dermatophagoides farinae (disorder)
asthma,SNOMED CT,707444001,Uncomplicated asthma (disorder)
asthma,SNOMED CT,707445000,Exacerbation of mild persistent asthma (disorder)
asthma,SNOMED CT,707446004,Exacerbation of moderate persistent asthma (disorder)
asthma,SNOMED CT,707447008,Exacerbation of severe persistent asthma (disorder)
asthma,SNOMED CT,707511009,Uncomplicated mild persistent asthma (disorder)
asthma,SNOMED CT,707512002,Uncomplicated moderate persistent asthma (disorder)
asthma,SNOMED CT,707513007,Uncomplicated severe persistent asthma (disorder)
asthma,SNOMED CT,707979007,Acute severe exacerbation of severe persistent asthma (disorder)
asthma,SNOMED CT,707980005,Acute severe exacerbation of moderate persistent asthma (disorder)
asthma,SNOMED CT,707981009,Acute severe exacerbation of mild persistent asthma (disorder)
asthma,SNOMED CT,708090002,Acute severe exacerbation of asthma (disorder)
asthma,SNOMED CT,708093000,Acute exacerbation of immunoglobulin E-mediated allergic asthma (disorder)
asthma,SNOMED CT,708094006,Acute exacerbation of intrinsic asthma (disorder)
asthma,SNOMED CT,708095007,Acute severe exacerbation of immunoglobin E-mediated allergic asthma (disorder)
asthma,SNOMED CT,708096008,Acute severe exacerbation of intrinsic asthma (disorder)
asthma,SNOMED CT,708358003,Emergency asthma admission since last encounter (situation)
asthma,SNOMED CT,708373002,Emergency asthma patient visit since last encounter (situation)
asthma,SNOMED CT,711388008,Acute asthma control management (procedure)
asthma,SNOMED CT,711442001,Recent asthma management (situation)
asthma,SNOMED CT,715191006,Telehealth asthma monitoring (regime/therapy)
asthma,SNOMED CT,733858005,Acute severe refractory exacerbation of asthma (disorder)
asthma,SNOMED CT,734346005,Asthma monitoring using asthma symptom diary (regime/therapy)
asthma,SNOMED CT,734904007,Life threatening acute exacerbation of asthma (disorder)
asthma,SNOMED CT,734905008,Moderate acute exacerbation of asthma (disorder)
asthma,SNOMED CT,735588005,Uncomplicated allergic asthma (disorder)
asthma,SNOMED CT,735589002,Uncomplicated non-allergic asthma (disorder)
asthma,SNOMED CT,762521001,Exacerbation of allergic asthma (disorder)
asthma,SNOMED CT,773860003,Antiasthmatic therapeutic role (role)
asthma,SNOMED CT,782513000,Acute severe exacerbation of allergic asthma (disorder)
asthma,SNOMED CT,782520007,Exacerbation of allergic asthma due to infection (disorder)
asthma,SNOMED CT,786836003,Near fatal asthma (disorder)
asthma,SNOMED CT,829976001,Thunderstorm asthma (disorder)
asthma,SNOMED CT,4.01E+11,Asthma with irreversible airway obstruction (disorder)
asthma,SNOMED CT,6.41E+11,Intermittent asthma well controlled (finding)
asthma,SNOMED CT,1.741E+12,Intermittent asthma uncontrolled (disorder)
asthma,SNOMED CT,1.751E+12,Acute exacerbation of chronic obstructive airways disease with asthma (disorder)
asthma,SNOMED CT,7.2301E+13,Asthma in pregnancy (disorder)
asthma,SNOMED CT,8.9581E+13,Did not attend asthma clinic (finding)
asthma,SNOMED CT,9.9031E+13,Acute exacerbation of asthma co-occurrent with allergic rhinitis (disorder)
asthma,SNOMED CT,1.24991E+14,Severe persistent asthma co-occurrent with allergic rhinitis (disorder)
asthma,SNOMED CT,1.25001E+14,Moderate persistent asthma co-occurrent with allergic rhinitis (disorder)
asthma,SNOMED CT,1.25011E+14,Mild persistent asthma co-occurrent with allergic rhinitis (disorder)
asthma,SNOMED CT,1.25021E+14,Intermittent asthma co-occurrent with allergic rhinitis (disorder)
asthma,SNOMED CT,1.43901E+14,Registration for access to online asthma self-management application (procedure)
asthma,SNOMED CT,1.43931E+14,Declined to register for access to online asthma self-management application (situation)
asthma,SNOMED CT,1.76711E+14,Does not have asthma management plan (finding)
asthma,SNOMED CT,5.27171E+14,Patient has a written asthma personal action plan (finding)
asthma,SNOMED CT,5.27191E+14,Health education - asthma self management (procedure)
asthma,SNOMED CT,5.27211E+14,Health education - structured asthma discussion (procedure)
asthma,SNOMED CT,5.27231E+14,Health education - structured patient focused asthma discussion (procedure)
asthma,SNOMED CT,7.71901E+14,Asthma causes night time symptoms 1 to 2 times per week (finding)
asthma,SNOMED CT,7.71941E+14,Asthma causes symptoms most nights (finding)
asthma,SNOMED CT,7.91401E+14,Seen in school asthma clinic (finding)
asthma,SNOMED CT,8.11151E+14,Number of days absent from school due to asthma in past 6 months (observable entity)
asthma,SNOMED CT,8.66881E+14,Chronic asthma with fixed airflow obstruction (disorder)
asthma,SNOMED CT,8.67171E+14,No asthma trigger identified by subject (finding)
asthma,SNOMED CT,9.66011E+14,At risk of severe asthma exacerbation (finding)
asthma,SNOMED CT,9.66031E+14,Severe asthma exacerbation risk assessment (procedure)
asthma,SNOMED CT,10674711000119105,Acute severe exacerbation of asthma co-occurrent with allergic rhinitis (disorder)
asthma,SNOMED CT,10674791000119101,Acute exacerbation of intermittent allergic asthma (disorder)
asthma,SNOMED CT,10674991000119104,Intermittent allergic asthma (disorder)
asthma,SNOMED CT,10675391000119101,Severe controlled persistent asthma (disorder)
asthma,SNOMED CT,10675431000119106,Severe persistent allergic asthma (disorder)
asthma,SNOMED CT,10675471000119109,Acute severe exacerbation of severe persistent allergic asthma (disorder)
asthma,SNOMED CT,10675551000119104,Acute severe exacerbation of severe persistent asthma co-occurrent with allergic rhinitis (disorder)
asthma,SNOMED CT,10675591000119109,Severe persistent allergic asthma controlled (finding)
asthma,SNOMED CT,10675631000119109,Severe persistent asthma controlled co-occurrent with allergic rhinitis (disorder)
asthma,SNOMED CT,10675671000119107,Severe persistent allergic asthma uncontrolled (finding)
asthma,SNOMED CT,10675711000119106,Severe persistent asthma uncontrolled co-occurrent with allergic rhinitis (disorder)
asthma,SNOMED CT,10675751000119107,Severe uncontrolled persistent asthma (disorder)
asthma,SNOMED CT,10675871000119106,Mild persistent allergic asthma (disorder)
asthma,SNOMED CT,10675911000119109,Acute severe exacerbation of mild persistent allergic asthma (disorder)
asthma,SNOMED CT,10675991000119100,Acute severe exacerbation of mild persistent allergic asthma co-occurrent with allergic rhinitis (disorder)
asthma,SNOMED CT,10676031000119106,Mild persistent allergic asthma controlled (finding)
asthma,SNOMED CT,10676071000119109,Mild persistent asthma controlled (finding)
asthma,SNOMED CT,10676111000119102,Mild persistent asthma controlled co-occurrent with allergic rhinitis (disorder)
asthma,SNOMED CT,10676151000119101,Mild persistent allergic asthma uncontrolled (finding)
asthma,SNOMED CT,10676191000119106,Mild persistent asthma uncontrolled (finding)
asthma,SNOMED CT,10676231000119102,Mild persistent asthma uncontrolled co-occurrent with allergic rhinitis (disorder)
asthma,SNOMED CT,10676271000119104,Acute exacerbation of moderate persistent allergic asthma (disorder)
asthma,SNOMED CT,10676351000119103,Moderate persistent asthma controlled (finding)
asthma,SNOMED CT,10676391000119108,Moderate persistent allergic asthma (disorder)
asthma,SNOMED CT,10676431000119103,Acute severe exacerbation of moderate persistent allergic asthma (disorder)
asthma,SNOMED CT,10676511000119109,Acute severe exacerbation of moderate persistent asthma co-occurrent with allergic rhinitis (disorder)
asthma,SNOMED CT,10676551000119105,Moderate persistent allergic asthma controlled (finding)
asthma,SNOMED CT,10676591000119100,Moderate persistent controlled asthma co-occurrent with allergic rhinitis (disorder)
asthma,SNOMED CT,10676631000119100,Moderate persistent allergic asthma uncontrolled (finding)
asthma,SNOMED CT,10676671000119102,Moderate persistent asthma uncontrolled co-occurrent with allergic rhinitis (disorder)
asthma,SNOMED CT,10676711000119103,Moderate persistent asthma uncontrolled (finding)
asthma,SNOMED CT,10692721000119102,Chronic obstructive asthma co-occurrent with acute exacerbation of asthma (disorder)
asthma,SNOMED CT,10692761000119107,Asthma-chronic obstructive pulmonary disease overlap syndrome (disorder)
asthma,SNOMED CT,10742121000119104,Asthma in mother complicating childbirth (disorder)
asthma,SNOMED CT,1086701000000102,Life threatening acute exacerbation of allergic asthma (disorder)
asthma,SNOMED CT,1086711000000100,Life threatening acute exacerbation of intrinsic asthma (disorder)
asthma,SNOMED CT,1103911000000103,Severe asthma with fungal sensitisation (disorder)
asthma,SNOMED CT,16584951000119101,Oral steroid-dependent asthma (disorder)
asthma,SNOMED CT,2360001000004109,Steroid dependent asthma (disorder)
copd,ICD10,J40,Bronchitis not specified as acute or chronic
copd,ICD10,J41,Simple and mucopurulent chronic bronchitis
copd,ICD10,J410,Simple chronic bronchitis
copd,ICD10,J411,Mucopurulent chronic bronchitis
copd,ICD10,J418,Mixed simple and mucopurulent chronic bronchitis
copd,ICD10,J42,Unspecified chronic bronchitis
copd,ICD10,J43,Emphysema
copd,ICD10,J430,MacLeod syndrome
copd,ICD10,J431,Panlobular emphysema
copd,ICD10,J432,Centrilobular emphysema
copd,ICD10,J438,Other emphysema
copd,ICD10,J439,"Emphysema, unspecified"
copd,ICD10,J44,Other chronic obstructive pulmonary disease
copd,ICD10,J440,Chronic obstructive pulmonary disease with acute lower respiratory infection
copd,ICD10,J441,"Chronic obstructive pulmonary disease with acute exacerbation, unspecified"
copd,ICD10,J448,Other specified chronic obstructive pulmonary disease
copd,ICD10,J449,"Chronic obstructive pulmonary disease, unspecified"
copd,SNOMED CT,4981000,Panacinar emphysema (disorder)
copd,SNOMED CT,13645005,Chronic obstructive lung disease (disorder)
copd,SNOMED CT,16003001,Giant bullous emphysema (disorder)
copd,SNOMED CT,32544004,Chronic obliterative bronchiolitis caused by inhalation of chemical fumes AND/OR vapors (disorder)
copd,SNOMED CT,40100001,Obliterative bronchiolitis (disorder)
copd,SNOMED CT,45145000,Unilateral emphysema (situation)
copd,SNOMED CT,52571006,Chronic tracheobronchitis (disorder)
copd,SNOMED CT,61937009,Simple chronic bronchitis (disorder)
copd,SNOMED CT,63480004,Chronic bronchitis (disorder)
copd,SNOMED CT,66987001,Congenital lobar emphysema (disorder)
copd,SNOMED CT,68328006,Centriacinar emphysema (disorder)
copd,SNOMED CT,74417001,Mucopurulent chronic bronchitis (disorder)
copd,SNOMED CT,77690003,Interstitial emphysema of lung (disorder)
copd,SNOMED CT,84409004,Fetid chronic bronchitis (disorder)
copd,SNOMED CT,87433001,Pulmonary emphysema (disorder)
copd,SNOMED CT,135836000,End stage chronic obstructive airways disease (disorder)
copd,SNOMED CT,185086009,Chronic obstructive bronchitis (disorder)
copd,SNOMED CT,195949008,Chronic asthmatic bronchitis (disorder)
copd,SNOMED CT,195951007,Acute exacerbation of chronic obstructive airways disease (disorder)
copd,SNOMED CT,195953005,Mixed simple and mucopurulent chronic bronchitis (disorder)
copd,SNOMED CT,195957006,Chronic bullous emphysema (disorder)
copd,SNOMED CT,195958001,Segmental bullous emphysema (disorder)
copd,SNOMED CT,195959009,Zonal bullous emphysema (disorder)
copd,SNOMED CT,195963002,Acute vesicular emphysema (disorder)
copd,SNOMED CT,196001008,Chronic obstructive pulmonary disease with acute lower respiratory infection (disorder)
copd,SNOMED CT,196026004,Chronic emphysema caused by chemical fumes (disorder)
copd,SNOMED CT,196027008,Toxic bronchiolitis obliterans (disorder)
copd,SNOMED CT,233672007,Byssinosis grade 3 (disorder)
copd,SNOMED CT,233673002,Drug-induced bronchiolitis obliterans (disorder)
copd,SNOMED CT,233674008,Pulmonary emphysema in alpha-1 primary immunodeficiency deficiency (disorder)
copd,SNOMED CT,233675009,Toxic emphysema (disorder)
copd,SNOMED CT,233677001,Scar emphysema (disorder)
copd,SNOMED CT,266355005,Bullous emphysema with collapse (disorder)
copd,SNOMED CT,266356006,Atrophic (senile) emphysema (disorder)
copd,SNOMED CT,285381006,Acute infective exacerbation of chronic obstructive airways disease (disorder)
copd,SNOMED CT,313296004,Mild chronic obstructive pulmonary disease (disorder)
copd,SNOMED CT,313297008,Moderate chronic obstructive pulmonary disease (disorder)
copd,SNOMED CT,313299006,Severe chronic obstructive pulmonary disease (disorder)
copd,SNOMED CT,408501008,Emergency hospital admission for chronic obstructive pulmonary disease (procedure)
copd,SNOMED CT,414087000,Emergency chronic obstructive pulmonary disease admission since last appointment (regime/therapy)
copd,SNOMED CT,473202005,Optimization of medication for chronic obstructive lung disease (procedure)
copd,SNOMED CT,697911002,Pulmonary hypertension due to chronic obstructive pulmonary disease (disorder)
copd,SNOMED CT,704120002,Change in chronic obstructive pulmonary disease management plan (regime/therapy)
copd,SNOMED CT,704121003,Step up change in chronic obstructive pulmonary disease management plan (regime/therapy)
copd,SNOMED CT,704123000,Step down change in chronic obstructive pulmonary disease management plan (regime/therapy)
copd,SNOMED CT,716358000,Telehealth chronic obstructive pulmonary disease monitoring (regime/therapy)
copd,SNOMED CT,723245007,Number of chronic obstructive pulmonary disease exacerbations in past year (observable entity)
copd,SNOMED CT,736365000,Acute exacerbation of chronic obstructive pulmonary disease care plan (record artifact)
copd,SNOMED CT,866204005,Consultation for chronic obstructive pulmonary disease (procedure)
copd,SNOMED CT,1.751E+12,Acute exacerbation of chronic obstructive airways disease with asthma (disorder)
copd,SNOMED CT,1.06001E+14,Chronic obstructive lung disease co-occurrent with acute bronchitis (disorder)
copd,SNOMED CT,1.98401E+14,Chronic obstructive pulmonary disease disturbs sleep (finding)
copd,SNOMED CT,1.98411E+14,Chronic obstructive pulmonary disease does not disturb sleep (finding)
copd,SNOMED CT,1.98901E+14,Multiple chronic obstructive pulmonary disease emergency hospital admissions (finding)
copd,SNOMED CT,2.04991E+14,Suspected chronic obstructive pulmonary disease (situation)
copd,SNOMED CT,2.93991E+14,Very severe chronic obstructive pulmonary disease (disorder)
copd,SNOMED CT,3.75851E+14,Referred for chronic obstructive pulmonary disease structured smoking assessment (finding)
copd,SNOMED CT,3.83611E+14,At risk of chronic obstructive pulmonary disease exacerbation (finding)
copd,SNOMED CT,7.18241E+14,Issue of chronic obstructive pulmonary disease rescue pack (procedure)
copd,SNOMED CT,7.53941E+14,Discussion about chronic obstructive pulmonary disease exacerbation plan (procedure)
copd,SNOMED CT,7.60601E+14,Chronic obstructive pulmonary disease 3 monthly review (regime/therapy)
copd,SNOMED CT,7.60621E+14,Chronic obstructive pulmonary disease 6 monthly review (regime/therapy)
copd,SNOMED CT,7.83631E+14,General practitioner out of hours service notified of chronic obstructive pulmonary disease care plan (finding)
copd,SNOMED CT,7.89661E+14,Preferred place of care for next exacerbation of chronic obstructive pulmonary disease (finding)
copd,SNOMED CT,7.90301E+14,Referral to chronic obstructive pulmonary disease community nursing team (procedure)
copd,SNOMED CT,8.04631E+14,Chronic obstructive pulmonary disease monitoring due date (observable entity)
copd,SNOMED CT,8.10951E+14,Chronic obstructive pulmonary disease self-management plan review (procedure)
copd,SNOMED CT,8.20341E+14,Chronic obstructive pulmonary disease rescue pack not indicated (situation)
copd,SNOMED CT,8.26111E+14,On chronic obstructive pulmonary disease supportive care pathway (finding)
copd,SNOMED CT,8.27571E+14,Has chronic obstructive pulmonary disease care plan (finding)
copd,SNOMED CT,8.37911E+14,Provision of written information about chronic obstructive pulmonary disease (procedure)
copd,SNOMED CT,8.45101E+14,Management of chronic obstructive pulmonary disease (procedure)
copd,SNOMED CT,8.45111E+14,Management of exacerbation of chronic obstructive pulmonary disease (procedure)
copd,SNOMED CT,8.47091E+14,Acute non-infective exacerbation of chronic obstructive pulmonary disease (disorder)
copd,SNOMED CT,8.48431E+14,Chronic obstructive pulmonary disease care pathway (regime/therapy)
copd,SNOMED CT,8.57661E+14,Seen in chronic obstructive pulmonary disease clinic (finding)
copd,SNOMED CT,8.57791E+14,Chronic obstructive pulmonary disease rescue pack declined (situation)
copd,SNOMED CT,8.57811E+14,Chronic obstructive pulmonary disease written self management plan declined (situation)
copd,SNOMED CT,8.57821E+14,Chronic obstructive pulmonary disease self management plan not appropriate (finding)
copd,SNOMED CT,8.59431E+14,Chronic obstructive pulmonary disease care assessment (procedure)
copd,SNOMED CT,8.92321E+14,Chronic obstructive pulmonary disease management plan declined (situation)
copd,SNOMED CT,8.97311E+14,Shared care chronic obstructive pulmonary disease monitoring (regime/therapy)
copd,SNOMED CT,1065151000000105,Number of hospital admissions due to chronic obstructive pulmonary disease in past year (observable entity)
copd,SNOMED CT,1066231000000103,Chronic obstructive pulmonary disease monitoring email invitation (procedure)
copd,SNOMED CT,1066281000000104,Chronic obstructive pulmonary disease monitoring short message service text message invitation (procedure)
copd,SNOMED CT,1066821000000101,Chronic obstructive pulmonary disease monitoring short message service text message first invitation (procedure)
copd,SNOMED CT,1066841000000108,Chronic obstructive pulmonary disease monitoring short message service text message second invitation (procedure)
copd,SNOMED CT,1066851000000106,Chronic obstructive pulmonary disease monitoring short message service text message third invitation (procedure)
copd,SNOMED CT,10692761000119107,Asthma-chronic obstructive pulmonary disease overlap syndrome (disorder)
copd,SNOMED CT,1129861000000101,Use of digital self-management tool for chronic obstructive lung disease (observable entity)
copd,SNOMED CT,1129881000000105,Does use digital self-management support tool for chronic obstructive pulmonary disease (finding)
af,ICD10,I48,Atrial fibrillation and flutter
af,ICD10,I480,Paroxysmal atrial fibrillation
af,ICD10,I481,Persistent atrial fibrillation
af,ICD10,I482,Chronic atrial fibrillation
af,ICD10,I483,Typical atrial flutter
af,ICD10,I484,Atypical atrial flutter
af,ICD10,I489,"Atrial fibrillation and atrial flutter, unspecified"
af,SNOMED CT,5370000,Atrial flutter
af,SNOMED CT,49436004,Atrial fibrillation
af,SNOMED CT,134377004,Atrial fibrillation monitoring
af,SNOMED CT,164889003,Electrocardiographic atrial fibrillation (finding)
af,SNOMED CT,164890007,ECG: atrial flutter
af,SNOMED CT,175146007,Implantation of intravenous pacemaker for atrial fibrillation (procedure)
af,SNOMED CT,195080001,Atrial fibrillation and flutter
af,SNOMED CT,233910005,Lone atrial fibrillation (disorder)
af,SNOMED CT,233911009,Non-rheumatic atrial fibrillation (disorder)
af,SNOMED CT,282825002,Paroxysmal atrial fibrillation (disorder)
af,SNOMED CT,300996004,Controlled atrial fibrillation (disorder)
af,SNOMED CT,312442005,History of atrial fibrillation (situation)
af,SNOMED CT,314208002,Rapid atrial fibrillation (disorder)
af,SNOMED CT,425615007,Chronic atrial flutter (disorder)
af,SNOMED CT,426749004,Chronic atrial fibrillation (disorder)
af,SNOMED CT,426814001,Transient cerebral ischemia due to atrial fibrillation (disorder)
af,SNOMED CT,427665004,Paroxysmal atrial flutter (disorder)
af,SNOMED CT,428076002,History of atrial flutter (situation)
af,SNOMED CT,429211003,Maze procedure for atrial fibrillation (procedure)
af,SNOMED CT,429218009,History of maze procedure for atrial fibrillation (situation)
af,SNOMED CT,440028005,Permanent atrial fibrillation (disorder)
af,SNOMED CT,440059007,Persistent atrial fibrillation (disorder)
af,SNOMED CT,699833006,Provision of written information about atrial fibrillation (procedure)
af,SNOMED CT,706923002,Longstanding persistent atrial fibrillation (disorder)
af,SNOMED CT,720448006,Typical atrial flutter (disorder)
af,SNOMED CT,758600000,Referral to atrial fibrillation clinic (procedure)
af,SNOMED CT,762247006,Preexcited atrial fibrillation (disorder)
af,SNOMED CT,1010405004,Paroxysmal atrial fibrillation with rapid ventricular response (disorder)
af,SNOMED CT,1.20041E+14,Atrial fibrillation with rapid ventricular response (disorder)
af,SNOMED CT,1.43601E+14,Evaluation of atrial fibrillation burden (procedure)
af,SNOMED CT,2.48411E+14,Atrial fibrillation annual review (regime/therapy)
af,SNOMED CT,7.11411E+14,Atrial fibrillation monitoring invitation (procedure)
af,SNOMED CT,7.16181E+14,Atrial fibrillation monitoring third letter (procedure)
af,SNOMED CT,7.16721E+14,Atrial fibrillation monitoring telephone invitation (procedure)
af,SNOMED CT,7.16981E+14,Atrial fibrillation monitoring second letter (procedure)
af,SNOMED CT,7.17011E+14,Atrial fibrillation monitoring verbal invitation (procedure)
af,SNOMED CT,7.17221E+14,Atrial fibrillation monitoring first letter (procedure)
af,SNOMED CT,7.17381E+14,Excepted from atrial fibrillation quality indicators - informed dissent (finding)
af,SNOMED CT,1066791000000106,Assessment of atrial fibrillation using oscillometric blood pressure monitoring device (procedure)
af,SNOMED CT,1105331000000106,Blood pressure measurement using oscillometric monitoring device with opportunistic atrial fibrillation detection (procedure)
af,SNOMED CT,1127481000000104,Evaluation of atrial fibrillation rate control (procedure)
af,SNOMED CT,129032061000119103,Hypercoagulable state due to atrial fibrillation (finding)
af,SNOMED CT,15964901000119107,Atypical atrial flutter (disorder)
hypertension,ICD10,I10,Essential (primary) hypertension
hypertension,ICD10,I11,Hypertensive heart disease
hypertension,ICD10,I110,Hypertensive heart disease with (congestive) heart failure
hypertension,ICD10,I119,Hypertensive heart disease without (congestive) heart failure
hypertension,ICD10,I12,Hypertensive renal disease
hypertension,ICD10,I120,Hypertensive renal disease with renal failure
hypertension,ICD10,I129,Hypertensive renal disease without renal failure
hypertension,ICD10,I13,Hypertensive heart and renal disease
hypertension,ICD10,I130,Hypertensive heart and renal disease with (congestive) heart failure
hypertension,ICD10,I131,Hypertensive heart and renal disease with renal failure
hypertension,ICD10,I132,Hypertensive heart and renal disease with both (congestive) heart failure and renal failure
hypertension,ICD10,I139,"Hypertensive heart and renal disease, unspecified"
hypertension,ICD10,I15,Secondary hypertension
hypertension,ICD10,I150,Renovascular hypertension
hypertension,ICD10,I151,Hypertension secondary to other renal disorders
hypertension,ICD10,I152,Hypertension secondary to endocrine disorders
hypertension,ICD10,I158,Other secondary hypertension
hypertension,ICD10,I159,"Secondary hypertension, unspecified"
hypertension,SNOMED CT,193003,Benign hypertensive renal disease (disorder)
hypertension,SNOMED CT,1182007,Hypotensive agent (product)
hypertension,SNOMED CT,1201005,Benign essential hypertension (disorder)
hypertension,SNOMED CT,1474004,Hypertensive heart AND renal disease complicating AND/OR reason for care during childbirth (disorder)
hypertension,SNOMED CT,2927004,Rescinnamine (substance)
hypertension,SNOMED CT,2991007,Mecamylamine hydrochloride (substance)
hypertension,SNOMED CT,3501003,Isoxsuprine hydrochloride (substance)
hypertension,SNOMED CT,3597005,Acebutolol hydrochloride (substance)
hypertension,SNOMED CT,4382004,Centrally acting hypotensive agent (product)
hypertension,SNOMED CT,5148006,Hypertensive heart disease with congestive heart failure (disorder)
hypertension,SNOMED CT,5499009,Pulmonary hypertensive venous disease (disorder)
hypertension,SNOMED CT,6183001,Indian childhood cirrhosis (disorder)
hypertension,SNOMED CT,6962006,Hypertensive retinopathy (disorder)
hypertension,SNOMED CT,8218002,Chronic hypertension complicating AND/OR reason for care during childbirth (disorder)
hypertension,SNOMED CT,8762007,Chronic hypertension in obstetric context (disorder)
hypertension,SNOMED CT,9901000,Essential hypertension complicating AND/OR reason for care during puerperium (disorder)
hypertension,SNOMED CT,10500003,Xanthinol (substance)
hypertension,SNOMED CT,10562009,Malignant hypertension complicating AND/OR reason for care during childbirth (disorder)
hypertension,SNOMED CT,10725009,Benign hypertension (disorder)
hypertension,SNOMED CT,10964002,Progressive pulmonary hypertension (disorder)
hypertension,SNOMED CT,11399002,Pulmonary hypertensive arterial disease (disorder)
hypertension,SNOMED CT,12208001,Syrosingopine (substance)
hypertension,SNOMED CT,12970004,Inositol hexanitrate (substance)
hypertension,SNOMED CT,14013006,Guanadrel sulfate (substance)
hypertension,SNOMED CT,14973001,Renal sclerosis with hypertension (disorder)
hypertension,SNOMED CT,15098005,Alseroxylon (substance)
hypertension,SNOMED CT,15322006,Benzoquinonium (substance)
hypertension,SNOMED CT,15698006,Lysergic acid diethylamide (substance)
hypertension,SNOMED CT,16756008,Albuminuria in pregnancy without hypertension (disorder)
hypertension,SNOMED CT,18416000,Essential hypertension complicating AND/OR reason for care during childbirth (disorder)
hypertension,SNOMED CT,19041007,Tolazoline hydrochloride (substance)
hypertension,SNOMED CT,19769006,High-renin essential hypertension (disorder)
hypertension,SNOMED CT,19918001,Dihydroergocornine (substance)
hypertension,SNOMED CT,20217007,Trimetaphan camsilate (substance)
hypertension,SNOMED CT,20340009,Methysergide maleate (substance)
hypertension,SNOMED CT,20753005,Hypertensive heart disease complicating AND/OR reason for care during pregnancy (disorder)
hypertension,SNOMED CT,21235009,Piperoxan (substance)
hypertension,SNOMED CT,22966008,Hypertensive heart AND renal disease complicating AND/OR reason for care during pregnancy (disorder)
hypertension,SNOMED CT,23130000,Paroxysmal hypertension (disorder)
hypertension,SNOMED CT,23717007,Benign essential hypertension complicating AND/OR reason for care during pregnancy (disorder)
hypertension,SNOMED CT,23786008,Malignant hypertension complicating AND/OR reason for care during puerperium (disorder)
hypertension,SNOMED CT,23814005,Guanethidine monosulfate (substance)
hypertension,SNOMED CT,24042004,Chronic hypertension complicating AND/OR reason for care during puerperium (disorder)
hypertension,SNOMED CT,24336008,Aminophylline anhydrous (substance)
hypertension,SNOMED CT,24650007,Dihydro-alpha-ergocryptine (substance)
hypertension,SNOMED CT,25141001,Tubocurarine chloride (substance)
hypertension,SNOMED CT,26078007,Hypertension secondary to renal disease complicating AND/OR reason for care during childbirth (disorder)
hypertension,SNOMED CT,26992003,Chlorisondamine (substance)
hypertension,SNOMED CT,28119000,Renal hypertension (disorder)
hypertension,SNOMED CT,28464005,Dioxyline (substance)
hypertension,SNOMED CT,28662003,Hydralazine hydrochloride (substance)
hypertension,SNOMED CT,28825003,Sterigmatocystin (substance)
hypertension,SNOMED CT,29259002,Malignant hypertension complicating AND/OR reason for care during pregnancy (disorder)
hypertension,SNOMED CT,30053009,Brefeldin (substance)
hypertension,SNOMED CT,30827002,Azapetine (substance)
hypertension,SNOMED CT,31407004,Pre-existing hypertension complicating AND/OR reason for care during puerperium (disorder)
hypertension,SNOMED CT,31881008,Cardiovascular renal disease (disorder)
hypertension,SNOMED CT,31992008,Secondary hypertension (disorder)
hypertension,SNOMED CT,32436002,Phentolamine mesilate (substance)
hypertension,SNOMED CT,34273003,Hypertensive heart disease complicating AND/OR reason for care during puerperium (disorder)
hypertension,SNOMED CT,34694006,Pre-existing hypertension complicating AND/OR reason for care during childbirth (disorder)
hypertension,SNOMED CT,34742003,Portal hypertension (disorder)
hypertension,SNOMED CT,35303009,Benign essential hypertension complicating AND/OR reason for care during puerperium (disorder)
hypertension,SNOMED CT,35318005,Esmolol hydrochloride (substance)
hypertension,SNOMED CT,35946000,Pentolinium (substance)
hypertension,SNOMED CT,36221001,Benign hypertensive heart disease (disorder)
hypertension,SNOMED CT,36315003,Malignant hypertensive heart disease without congestive heart failure (disorder)
hypertension,SNOMED CT,37618003,Chronic hypertension complicating AND/OR reason for care during pregnancy (disorder)
hypertension,SNOMED CT,37751002,Substance with beta-2 adrenergic receptor antagonist mechanism of action (substance)
hypertension,SNOMED CT,38341003,"Hypertensive disorder, systemic arterial (disorder)"
hypertension,SNOMED CT,38481006,Hypertensive renal disease (disorder)
hypertension,SNOMED CT,39018007,Renal arterial hypertension (disorder)
hypertension,SNOMED CT,39727004,Hypertension secondary to renal disease complicating AND/OR reason for care during puerperium (disorder)
hypertension,SNOMED CT,41091001,Mebutamate (substance)
hypertension,SNOMED CT,41114007,Mild pre-eclampsia (disorder)
hypertension,SNOMED CT,41153003,Amyl nitrate (substance)
hypertension,SNOMED CT,44293009,Phenoxybenzamine hydrochloride (substance)
hypertension,SNOMED CT,44520000,Nylidrin hydrochloride (substance)
hypertension,SNOMED CT,45256007,Cruveilhier-Baumgarten syndrome (disorder)
hypertension,SNOMED CT,46113002,Hypertensive heart failure (disorder)
hypertension,SNOMED CT,46250006,Slaframine (substance)
hypertension,SNOMED CT,46293006,Bromocriptine mesilate (substance)
hypertension,SNOMED CT,46481004,Low-renin essential hypertension (disorder)
hypertension,SNOMED CT,46764007,Severe pre-eclampsia (disorder)
hypertension,SNOMED CT,47414005,Trimethidinium (substance)
hypertension,SNOMED CT,48052001,Enalaprilat (substance)
hypertension,SNOMED CT,48146000,Diastolic hypertension (disorder)
hypertension,SNOMED CT,48194001,Pregnancy-induced hypertension (disorder)
hypertension,SNOMED CT,48552006,Hypertension secondary to renal disease complicating AND/OR reason for care during pregnancy (disorder)
hypertension,SNOMED CT,49102001,Hypertensive heart AND renal disease in obstetric context (disorder)
hypertension,SNOMED CT,49171007,Hypertensive renal disease complicating AND/OR reason for care during childbirth (disorder)
hypertension,SNOMED CT,49220004,Hypertensive renal failure (disorder)
hypertension,SNOMED CT,49239009,Biofeedback training in regulation of blood pressure for essential hypertension (regime/therapy)
hypertension,SNOMED CT,49584005,Acute cor pulmonale (disorder)
hypertension,SNOMED CT,49839002,Hexamethonium (substance)
hypertension,SNOMED CT,50490005,Hypertensive encephalopathy (disorder)
hypertension,SNOMED CT,50627005,Labetalol hydrochloride (substance)
hypertension,SNOMED CT,54225002,Malignant hypertensive heart disease (disorder)
hypertension,SNOMED CT,56218007,Systolic hypertension (disorder)
hypertension,SNOMED CT,56227008,Trolnitrate phosphate (substance)
hypertension,SNOMED CT,57684003,Parenchymal renal hypertension (disorder)
hypertension,SNOMED CT,57873008,Hypertensive renal disease complicating AND/OR reason for care during puerperium (disorder)
hypertension,SNOMED CT,58620008,Sporidesmin (substance)
hypertension,SNOMED CT,59621000,Essential hypertension (disorder)
hypertension,SNOMED CT,59720008,Sustained diastolic hypertension (disorder)
hypertension,SNOMED CT,59733002,Hypertensive heart disease complicating AND/OR reason for care during childbirth (disorder)
hypertension,SNOMED CT,60899001,Hypertensive heart disease without congestive heart failure (disorder)
hypertension,SNOMED CT,61925007,Rubratoxin (substance)
hypertension,SNOMED CT,62240004,Benign arteriolar nephrosclerosis (disorder)
hypertension,SNOMED CT,62368002,Eritrityl tetranitrate (substance)
hypertension,SNOMED CT,63287004,Benign essential hypertension in obstetric context (disorder)
hypertension,SNOMED CT,63869009,Khellin (substance)
hypertension,SNOMED CT,64029000,Tienilic acid (substance)
hypertension,SNOMED CT,64447003,Dihydroergocristine (substance)
hypertension,SNOMED CT,64715009,Hypertensive heart disease (disorder)
hypertension,SNOMED CT,65088001,Propranolol hydrochloride (substance)
hypertension,SNOMED CT,65402008,Pre-existing hypertension complicating AND/OR reason for care during pregnancy (disorder)
hypertension,SNOMED CT,65443008,Malignant hypertensive renal disease (disorder)
hypertension,SNOMED CT,65518004,Labile diastolic hypertension (disorder)
hypertension,SNOMED CT,66052004,Benign hypertensive heart AND renal disease (disorder)
hypertension,SNOMED CT,66610008,Malignant hypertensive heart AND renal disease (disorder)
hypertension,SNOMED CT,66709007,Hypertensive renal disease complicating AND/OR reason for care during pregnancy (disorder)
hypertension,SNOMED CT,67008004,Roridin (substance)
hypertension,SNOMED CT,67359005,Pre-eclampsia added to pre-existing hypertension (disorder)
hypertension,SNOMED CT,68267002,Benign intracranial hypertension (disorder)
hypertension,SNOMED CT,69909000,Eclampsia added to pre-existing hypertension (disorder)
hypertension,SNOMED CT,70272006,Malignant hypertension (disorder)
hypertension,SNOMED CT,70995007,Pulmonary hypertension (disorder)
hypertension,SNOMED CT,71874008,Benign essential hypertension complicating AND/OR reason for care during childbirth (disorder)
hypertension,SNOMED CT,72022006,Essential hypertension in obstetric context (disorder)
hypertension,SNOMED CT,72770009,Metoprolol tartrate (substance)
hypertension,SNOMED CT,73030000,Hypertensive renal disease in obstetric context (disorder)
hypertension,SNOMED CT,73410007,Benign secondary renovascular hypertension (disorder)
hypertension,SNOMED CT,74451002,Secondary diastolic hypertension (disorder)
hypertension,SNOMED CT,75359005,Timolol maleate (substance)
hypertension,SNOMED CT,75363003,Verrucarin (substance)
hypertension,SNOMED CT,75561002,Dihydro-beta-ergocryptine (substance)
hypertension,SNOMED CT,77970009,Benign hypertensive heart disease without congestive heart failure (disorder)
hypertension,SNOMED CT,78544004,Chronic hypertensive uremia (disorder)
hypertension,SNOMED CT,78808002,Essential hypertension complicating AND/OR reason for care during pregnancy (disorder)
hypertension,SNOMED CT,78862003,Ayerza\'s syndrome (disorder)
hypertension,SNOMED CT,78975002,Malignant essential hypertension (disorder)
hypertension,SNOMED CT,79355007,Hypertensive heart disease in obstetric context (disorder)
hypertension,SNOMED CT,79955004,Chronic cor pulmonale (disorder)
hypertension,SNOMED CT,81363003,Malignant arteriolar nephrosclerosis (disorder)
hypertension,SNOMED CT,81626002,Malignant hypertension in obstetric context (disorder)
hypertension,SNOMED CT,82485006,Pentamethonium bromide (substance)
hypertension,SNOMED CT,83105008,Malignant hypertensive heart disease with congestive heart failure (disorder)
hypertension,SNOMED CT,83291003,Cor pulmonale (disorder)
hypertension,SNOMED CT,83407008,Protoveratrine A (substance)
hypertension,SNOMED CT,84094009,Rebound hypertension (disorder)
hypertension,SNOMED CT,84145006,Cryptenamine (substance)
hypertension,SNOMED CT,85335008,Beta pyridyl carbinol (substance)
hypertension,SNOMED CT,86041002,Pre-existing hypertension in obstetric context (disorder)
hypertension,SNOMED CT,86234004,Hypertensive heart AND renal disease (disorder)
hypertension,SNOMED CT,86988001,Ergotoxine (substance)
hypertension,SNOMED CT,87394009,Episodic pulmonary hypertension (disorder)
hypertension,SNOMED CT,88223008,Secondary pulmonary hypertension (disorder)
hypertension,SNOMED CT,89242004,Malignant secondary hypertension (disorder)
hypertension,SNOMED CT,95343001,Ulcer of skin caused by ischemia due to hypertensive disease (disorder)
hypertension,SNOMED CT,96259006,Heptaminol (substance)
hypertension,SNOMED CT,96264005,Yohimbine hydrochloride (substance)
hypertension,SNOMED CT,96294004,Alprenolol (substance)
hypertension,SNOMED CT,96354004,Fluprostenol sodium (substance)
hypertension,SNOMED CT,108469007,Pergolide mesilate (substance)
hypertension,SNOMED CT,108557002,Doxazosin mesilate (substance)
hypertension,SNOMED CT,108560009,Tamsulosin hydrochloride (substance)
hypertension,SNOMED CT,108567007,Moexipril hydrochloride (substance)
hypertension,SNOMED CT,108570006,Fosinopril sodium (substance)
hypertension,SNOMED CT,108573008,Benazepril hydrochloride (substance)
hypertension,SNOMED CT,108582002,Losartan potassium (substance)
hypertension,SNOMED CT,108590002,Fenoldopam (substance)
hypertension,SNOMED CT,108591003,Fenoldopam mesilate (substance)
hypertension,SNOMED CT,108842003,Dapiprazole hydrochloride (substance)
hypertension,SNOMED CT,111140007,Nylidrin (substance)
hypertension,SNOMED CT,111438007,Hypertension secondary to renal disease in obstetric context (disorder)
hypertension,SNOMED CT,116087001,Cilostazol (substance)
hypertension,SNOMED CT,123799005,Renovascular hypertension (disorder)
hypertension,SNOMED CT,123800009,Goldblatt hypertension (disorder)
hypertension,SNOMED CT,125691000,Sotalol hydrochloride (substance)
hypertension,SNOMED CT,125709001,Atipamezole hydrochloride (substance)
hypertension,SNOMED CT,126071000,Ergometrine (substance)
hypertension,SNOMED CT,126072007,Ergometrine maleate (substance)
hypertension,SNOMED CT,126074008,Methylergometrine (substance)
hypertension,SNOMED CT,126075009,Methylergometrine maleate (substance)
hypertension,SNOMED CT,126152000,Metipranolol hydrochloride (substance)
hypertension,SNOMED CT,129485000,Perindopril erbumine (substance)
hypertension,SNOMED CT,129488003,Eprosartan mesilate (substance)
hypertension,SNOMED CT,161501007,History of hypertension (situation)
hypertension,SNOMED CT,161807003,History of severe pre-eclampsia (situation)
hypertension,SNOMED CT,169465000,Hypertension caused by oral contraceptive pill (disorder)
hypertension,SNOMED CT,170577003,Good hypertension control (finding)
hypertension,SNOMED CT,170578008,Poor hypertension control (finding)
hypertension,SNOMED CT,170586008,Treatment for hypertension started (situation)
hypertension,SNOMED CT,170588009,Treatment for hypertension stopped (situation)
hypertension,SNOMED CT,183856001,Referral to hypertension clinic (procedure)
hypertension,SNOMED CT,185264001,Seen in hypertension clinic (finding)
hypertension,SNOMED CT,185716009,Attends hypertension monitoring (finding)
hypertension,SNOMED CT,194767001,Benign hypertensive heart disease with congestive cardiac failure (disorder)
hypertension,SNOMED CT,194779001,Hypertensive heart and renal disease with (congestive) heart failure (disorder)
hypertension,SNOMED CT,194780003,Hypertensive heart and renal disease with renal failure (disorder)
hypertension,SNOMED CT,194781004,Hypertensive heart and renal disease with both (congestive) heart failure and renal failure (disorder)
hypertension,SNOMED CT,194783001,Secondary malignant renovascular hypertension (disorder)
hypertension,SNOMED CT,194785008,Secondary benign hypertension (disorder)
hypertension,SNOMED CT,194788005,Hypertension secondary to endocrine disorder (disorder)
hypertension,SNOMED CT,194791005,Hypertension caused by drug (disorder)
hypertension,SNOMED CT,198941007,"Hypertension complicating pregnancy, childbirth and the puerperium (disorder)"
hypertension,SNOMED CT,198942000,"Benign essential hypertension complicating pregnancy, childbirth and the puerperium (disorder)"
hypertension,SNOMED CT,198944004,"Benign essential hypertension complicating pregnancy, childbirth and the puerperium - delivered"
hypertension,SNOMED CT,198945003,"Benign essential hypertension complicating pregnancy, childbirth and the puerperium - delivered with postnatal complication"
hypertension,SNOMED CT,198946002,"Benign essential hypertension complicating pregnancy, childbirth and the puerperium - not delivered"
hypertension,SNOMED CT,198947006,"Benign essential hypertension complicating pregnancy, childbirth and the puerperium with postnatal complication (disorder)"
hypertension,SNOMED CT,198949009,"Renal hypertension complicating pregnancy, childbirth and the puerperium (disorder)"
hypertension,SNOMED CT,198951008,"Renal hypertension complicating pregnancy, childbirth and the puerperium - delivered"
hypertension,SNOMED CT,198952001,"Renal hypertension complicating pregnancy, childbirth and the puerperium - delivered with postnatal complication"
hypertension,SNOMED CT,198953006,"Renal hypertension complicating pregnancy, childbirth and the puerperium - not delivered"
hypertension,SNOMED CT,198954000,"Renal hypertension complicating pregnancy, childbirth and the puerperium with postnatal complication"
hypertension,SNOMED CT,198968007,Transient hypertension of pregnancy with postnatal complication (disorder)
hypertension,SNOMED CT,198986005,Severe pre-eclampsia with postnatal complication (disorder)
hypertension,SNOMED CT,198997005,Pre-eclampsia or eclampsia with pre-existing hypertension (disorder)
hypertension,SNOMED CT,198999008,Pre-eclampsia or eclampsia with pre-existing hypertension - delivered
hypertension,SNOMED CT,199000005,Pre-eclampsia or eclampsia with pre-existing hypertension - delivered with postnatal complication
hypertension,SNOMED CT,199002002,Pre-eclampsia or eclampsia with pre-existing hypertension - not delivered
hypertension,SNOMED CT,199003007,Pre-eclampsia or eclampsia with pre-existing hypertension with postnatal complication (disorder)
hypertension,SNOMED CT,199005000,"Pre-existing hypertension complicating pregnancy, childbirth and puerperium (disorder)"
hypertension,SNOMED CT,199006004,"Pre-existing hypertensive heart disease complicating pregnancy, childbirth and the puerperium (disorder)"
hypertension,SNOMED CT,199007008,"Pre-existing hypertensive heart and renal disease complicating pregnancy, childbirth and the puerperium (disorder)"
hypertension,SNOMED CT,199008003,"Pre-existing secondary hypertension complicating pregnancy, childbirth and puerperium (disorder)"
hypertension,SNOMED CT,199139003,Pregnancy-induced edema and proteinuria without hypertension (disorder)
hypertension,SNOMED CT,218792001,Adverse reaction caused by lysergide (disorder)
hypertension,SNOMED CT,218808002,Adverse reaction caused by lobeline (disorder)
hypertension,SNOMED CT,218845008,Adverse reaction caused by tolazoline (disorder)
hypertension,SNOMED CT,218868004,Adverse reaction caused by ganglion blocking drug (disorder)
hypertension,SNOMED CT,218869007,Adverse reaction caused by pentamethonium bromide (disorder)
hypertension,SNOMED CT,218903005,Adverse reaction caused by reserpine (disorder)
hypertension,SNOMED CT,233941006,Solitary pulmonary hypertension (disorder)
hypertension,SNOMED CT,233942004,Small vessel pulmonary hypertension (disorder)
hypertension,SNOMED CT,233943009,Sporadic primary pulmonary hypertension (disorder)
hypertension,SNOMED CT,233945002,Pulmonary hypertension caused by drug (disorder)
hypertension,SNOMED CT,233946001,Large vessel pulmonary hypertension (disorder)
hypertension,SNOMED CT,233947005,Thromboembolic pulmonary hypertension (disorder)
hypertension,SNOMED CT,233948000,Post-arteritic pulmonary hypertension (disorder)
hypertension,SNOMED CT,233950008,Pulmonary hypertension associated with chronic underventilation (disorder)
hypertension,SNOMED CT,233954004,High altitude pulmonary hypertension (disorder)
hypertension,SNOMED CT,234072000,Venous hypertension (disorder)
hypertension,SNOMED CT,234073005,Venous hypertension of upper limb (disorder)
hypertension,SNOMED CT,234074004,Venous hypertension of hand (disorder)
hypertension,SNOMED CT,234075003,Venous hypertension of lower limb (disorder)
hypertension,SNOMED CT,237279007,Transient hypertension of pregnancy (disorder)
hypertension,SNOMED CT,237281009,Moderate proteinuric hypertension of pregnancy (disorder)
hypertension,SNOMED CT,237282002,Impending eclampsia (disorder)
hypertension,SNOMED CT,275516004,Cardiomegaly due to hypertension (disorder)
hypertension,SNOMED CT,276792008,Pulmonary hypertension with extreme obesity (disorder)
hypertension,SNOMED CT,276793003,Pulmonary hypertension with occult mitral stenosis (disorder)
hypertension,SNOMED CT,276794009,Facultative pulmonary hypertension with shunt at atrial level (disorder)
hypertension,SNOMED CT,288250001,Maternal hypertension (disorder)
hypertension,SNOMED CT,292272007,Lysuride adverse reaction (disorder)
hypertension,SNOMED CT,292273002,Pergolide adverse reaction (disorder)
hypertension,SNOMED CT,292274008,Bromocriptine adverse reaction (disorder)
hypertension,SNOMED CT,292419005,Beta-adrenoceptor blocking drug adverse reaction (disorder)
hypertension,SNOMED CT,292420004,Cardioselective beta-blocker adverse reaction (disorder)
hypertension,SNOMED CT,292421000,Acebutolol adverse reaction (disorder)
hypertension,SNOMED CT,292424008,Betaxolol adverse reaction (disorder)
hypertension,SNOMED CT,292425009,Bisoprolol adverse reaction (disorder)
hypertension,SNOMED CT,292426005,Celiprolol adverse reaction (disorder)
hypertension,SNOMED CT,292427001,Esmolol adverse reaction (disorder)
hypertension,SNOMED CT,292428006,Metoprolol adverse reaction (disorder)
hypertension,SNOMED CT,292430008,Nadolol adverse reaction (disorder)
hypertension,SNOMED CT,292431007,Pindolol adverse reaction (disorder)
hypertension,SNOMED CT,292432000,Carvedilol adverse reaction (disorder)
hypertension,SNOMED CT,292433005,Metipranolol adverse reaction (disorder)
hypertension,SNOMED CT,292434004,Carteolol adverse reaction (disorder)
hypertension,SNOMED CT,292435003,Labetalol adverse reaction (disorder)
hypertension,SNOMED CT,292436002,Levobunolol adverse reaction (disorder)
hypertension,SNOMED CT,292437006,Oxprenolol adverse reaction (disorder)
hypertension,SNOMED CT,292438001,Penbutolol adverse reaction (disorder)
hypertension,SNOMED CT,292439009,Practolol adverse reaction (disorder)
hypertension,SNOMED CT,292441005,Sotalol adverse reaction (disorder)
hypertension,SNOMED CT,292442003,Timolol adverse reaction (disorder)
hypertension,SNOMED CT,292444002,Alfuzosin adverse reaction (disorder)
hypertension,SNOMED CT,292445001,Doxazosin adverse reaction (disorder)
hypertension,SNOMED CT,292446000,Indoramin adverse reaction (disorder)
hypertension,SNOMED CT,292447009,Phenoxybenzamine adverse reaction (disorder)
hypertension,SNOMED CT,292448004,Phentolamine adverse reaction (disorder)
hypertension,SNOMED CT,292449007,Prazosin adverse reaction (disorder)
hypertension,SNOMED CT,292450007,Terazosin adverse reaction (disorder)
hypertension,SNOMED CT,292455002,Prenylamine adverse reaction (disorder)
hypertension,SNOMED CT,292459008,Nimodipine adverse reaction (disorder)
hypertension,SNOMED CT,292460003,Amlodipine adverse reaction (disorder)
hypertension,SNOMED CT,292615007,Aminophylline adverse reaction (disorder)
hypertension,SNOMED CT,292690001,Tubocurarine adverse reaction (disorder)
hypertension,SNOMED CT,292701000,Papaverine adverse reaction (disorder)
hypertension,SNOMED CT,293495006,Antihypertensive adverse reaction (disorder)
hypertension,SNOMED CT,293497003,Bethanidine adverse reaction (disorder)
hypertension,SNOMED CT,293498008,Debrisoquine adverse reaction (disorder)
hypertension,SNOMED CT,293499000,Guanethidine adverse reaction (disorder)
hypertension,SNOMED CT,293500009,Angiotensin-converting-enzyme inhibitor adverse reaction (disorder)
hypertension,SNOMED CT,293501008,Captopril adverse reaction (disorder)
hypertension,SNOMED CT,293502001,Lisinopril adverse reaction (disorder)
hypertension,SNOMED CT,293503006,Quinapril adverse reaction (disorder)
hypertension,SNOMED CT,293504000,Ramipril adverse reaction (disorder)
hypertension,SNOMED CT,293505004,Cilazapril adverse reaction (disorder)
hypertension,SNOMED CT,293506003,Trandolapril adverse reaction (disorder)
hypertension,SNOMED CT,293507007,Enalapril adverse reaction (disorder)
hypertension,SNOMED CT,293508002,Fosinopril adverse reaction (disorder)
hypertension,SNOMED CT,293509005,Perindopril adverse reaction (disorder)
hypertension,SNOMED CT,293511001,Trimetaphan adverse reaction (disorder)
hypertension,SNOMED CT,293512008,Metirosine adverse reaction (disorder)
hypertension,SNOMED CT,293513003,Adverse reaction caused by losartan (disorder)
hypertension,SNOMED CT,293529006,Dihydroergotamine mesylate adverse reaction (disorder)
hypertension,SNOMED CT,293530001,Ergometrine adverse reaction (disorder)
hypertension,SNOMED CT,293531002,Vasodilator adverse reaction (disorder)
hypertension,SNOMED CT,293533004,Minoxidil adverse reaction (disorder)
hypertension,SNOMED CT,293535006,Flosequinan adverse reaction (disorder)
hypertension,SNOMED CT,293536007,Diazoxide adverse reaction (disorder)
hypertension,SNOMED CT,293537003,Hydralazine adverse reaction (disorder)
hypertension,SNOMED CT,293538008,Nicorandil adverse reaction (disorder)
hypertension,SNOMED CT,293539000,Dipyridamole adverse reaction (disorder)
hypertension,SNOMED CT,293540003,Nitrate vasodilator adverse reaction (disorder)
hypertension,SNOMED CT,293542006,Glyceryl trinitrate adverse reaction (disorder)
hypertension,SNOMED CT,293543001,Oral glyceryl trinitrate adverse reaction (disorder)
hypertension,SNOMED CT,293544007,Modified release glyceryl trinitrate adverse reaction (disorder)
hypertension,SNOMED CT,293545008,Parenteral glyceryl trinitrate adverse reaction (disorder)
hypertension,SNOMED CT,293546009,Transdermal glyceryl trinitrate adverse reaction (disorder)
hypertension,SNOMED CT,293547000,Glyceryl trinitrate spray adverse reaction (disorder)
hypertension,SNOMED CT,293548005,Isosorbide dinitrate adverse reaction (disorder)
hypertension,SNOMED CT,293549002,Parenteral isosorbide dinitrate adverse reaction (disorder)
hypertension,SNOMED CT,293550002,Oral isosorbide dinitrate adverse reaction (disorder)
hypertension,SNOMED CT,293551003,Modified release isosorbide dinitrate adverse reaction (disorder)
hypertension,SNOMED CT,293552005,Isosorbide mononitrate adverse reaction (disorder)
hypertension,SNOMED CT,293553000,Modified release isosorbide mononitrate adverse reaction (disorder)
hypertension,SNOMED CT,293554006,Pentaerythritol tetranitrate adverse reaction (disorder)
hypertension,SNOMED CT,293557004,Oxpentifylline adverse reaction (disorder)
hypertension,SNOMED CT,293558009,Cyclandelate adverse reaction (disorder)
hypertension,SNOMED CT,293559001,Nicofuranose adverse reaction (disorder)
hypertension,SNOMED CT,293560006,Inositol nicotinate adverse reaction (disorder)
hypertension,SNOMED CT,293561005,Isoxsuprine adverse reaction (disorder)
hypertension,SNOMED CT,293562003,Naftidrofuryl adverse reaction (disorder)
hypertension,SNOMED CT,293563008,Nicotinyl alcohol adverse reaction (disorder)
hypertension,SNOMED CT,293565001,Thymoxamine adverse reaction (disorder)
hypertension,SNOMED CT,293566000,Betahistine adverse reaction (disorder)
hypertension,SNOMED CT,295822006,Lysuride overdose (disorder)
hypertension,SNOMED CT,295823001,Accidental lysuride overdose (disorder)
hypertension,SNOMED CT,295824007,Intentional lysuride overdose (disorder)
hypertension,SNOMED CT,295826009,Bromocriptine overdose (disorder)
hypertension,SNOMED CT,295827000,Accidental bromocriptine overdose (disorder)
hypertension,SNOMED CT,295828005,Intentional bromocriptine overdose (disorder)
hypertension,SNOMED CT,296335002,Overdose of beta-adrenergic blocking drug (disorder)
hypertension,SNOMED CT,296336001,Atenolol overdose (disorder)
hypertension,SNOMED CT,296337005,Accidental atenolol overdose (disorder)
hypertension,SNOMED CT,296338000,Intentional atenolol overdose (disorder)
hypertension,SNOMED CT,296344001,Intentional overdose of beta-adrenergic blocking drug (disorder)
hypertension,SNOMED CT,296347008,Phenoxybenzamine overdose (disorder)
hypertension,SNOMED CT,296348003,Accidental phenoxybenzamine overdose (disorder)
hypertension,SNOMED CT,296349006,Intentional phenoxybenzamine overdose (disorder)
hypertension,SNOMED CT,296438004,Aminophylline overdose (disorder)
hypertension,SNOMED CT,296439007,Accidental aminophylline overdose (disorder)
hypertension,SNOMED CT,296440009,Intentional aminophylline overdose (disorder)
hypertension,SNOMED CT,296504009,Papaverine overdose (disorder)
hypertension,SNOMED CT,296505005,Accidental papaverine overdose (disorder)
hypertension,SNOMED CT,296506006,Intentional papaverine overdose (disorder)
hypertension,SNOMED CT,297047006,Antihypertensive overdose (disorder)
hypertension,SNOMED CT,297049009,Guanethidine overdose (disorder)
hypertension,SNOMED CT,297050009,Accidental guanethidine overdose (disorder)
hypertension,SNOMED CT,297051008,Intentional guanethidine overdose (disorder)
hypertension,SNOMED CT,297053006,Overdose of angiotensin-converting-enzyme inhibitors (disorder)
hypertension,SNOMED CT,297054000,Accidental overdose by angiotensin-converting enzyme inhibitor (disorder)
hypertension,SNOMED CT,297055004,Intentional overdose by angiotensin-converting enzyme inhibitor (disorder)
hypertension,SNOMED CT,297057007,Accidental antihypertensive overdose (disorder)
hypertension,SNOMED CT,297058002,Intentional antihypertensive overdose (disorder)
hypertension,SNOMED CT,297074007,Vasodilator overdose (disorder)
hypertension,SNOMED CT,297075008,Diazoxide overdose (disorder)
hypertension,SNOMED CT,297076009,Accidental diazoxide overdose (disorder)
hypertension,SNOMED CT,297077000,Intentional diazoxide overdose (disorder)
hypertension,SNOMED CT,297079002,Hydralazine overdose (disorder)
hypertension,SNOMED CT,297080004,Accidental hydralazine overdose (disorder)
hypertension,SNOMED CT,297081000,Intentional hydralazine overdose (disorder)
hypertension,SNOMED CT,297083002,Dipyridamole overdose (disorder)
hypertension,SNOMED CT,297084008,Accidental dipyridamole overdose (disorder)
hypertension,SNOMED CT,297085009,Intentional dipyridamole overdose (disorder)
hypertension,SNOMED CT,297088006,Glyceryl trinitrate overdose (disorder)
hypertension,SNOMED CT,297089003,Isosorbide dinitrate overdose (disorder)
hypertension,SNOMED CT,297090007,Isosorbide mononitrate overdose (disorder)
hypertension,SNOMED CT,302192008,On treatment for hypertension (regime/therapy)
hypertension,SNOMED CT,303082009,Portal hypertensive gastropathy (disorder)
hypertension,SNOMED CT,307632004,Non-proteinuric hypertension of pregnancy (disorder)
hypertension,SNOMED CT,308116003,Antihypertensive therapy (procedure)
hypertension,SNOMED CT,313260003,Fetal or neonatal effect of maternal use of antihypertensive drug (disorder)
hypertension,SNOMED CT,322052003,Betahistine dihydrochloride (substance)
hypertension,SNOMED CT,323159002,Lisuride maleate (substance)
hypertension,SNOMED CT,360573001,Post-capillary pulmonary hypertension (disorder)
hypertension,SNOMED CT,360578005,Pulmonary hypertension secondary to raised pulmonary vascular resistance (disorder)
hypertension,SNOMED CT,363554004,Tolazoline (substance)
hypertension,SNOMED CT,367390009,Hypertension in the obstetric context (disorder)
hypertension,SNOMED CT,371125006,Labile essential hypertension (disorder)
hypertension,SNOMED CT,372498008,Pergolide (substance)
hypertension,SNOMED CT,372505004,Penbutolol (substance)
hypertension,SNOMED CT,372508002,Doxazosin (substance)
hypertension,SNOMED CT,372509005,Tamsulosin (substance)
hypertension,SNOMED CT,372510000,Fosinopril (substance)
hypertension,SNOMED CT,372511001,Benazepril (substance)
hypertension,SNOMED CT,372512008,Candesartan (substance)
hypertension,SNOMED CT,372549002,Dapiprazole (substance)
hypertension,SNOMED CT,372586001,Hypotensive agent (substance)
hypertension,SNOMED CT,372658000,Enalapril (substance)
hypertension,SNOMED CT,372661004,Substance with beta-1 adrenergic receptor antagonist mechanism of action (substance)
hypertension,SNOMED CT,372700007,Nitrate-based vasodilating agent (substance)
hypertension,SNOMED CT,372733002,Substance with angiotensin-converting enzyme inhibitor mechanism of action (substance)
hypertension,SNOMED CT,372740001,Centrally acting hypotensive agent (substance)
hypertension,SNOMED CT,372750000,Labetalol (substance)
hypertension,SNOMED CT,372772003,Propranolol (substance)
hypertension,SNOMED CT,372784001,Papaverine (substance)
hypertension,SNOMED CT,372787008,Vasodilator (substance)
hypertension,SNOMED CT,372815001,Acebutolol (substance)
hypertension,SNOMED CT,372818004,Isoxsuprine (substance)
hypertension,SNOMED CT,372820001,Guanadrel (substance)
hypertension,SNOMED CT,372826007,Metoprolol (substance)
hypertension,SNOMED CT,372828008,Mecamylamine (substance)
hypertension,SNOMED CT,372838003,Phenoxybenzamine (substance)
hypertension,SNOMED CT,372847006,Esmolol (substance)
hypertension,SNOMED CT,372860000,Nitroprusside (substance)
hypertension,SNOMED CT,372863003,Phentolamine (substance)
hypertension,SNOMED CT,372880004,Timolol (substance)
hypertension,SNOMED CT,372887001,Rauwolfia alkaloid (substance)
hypertension,SNOMED CT,372911006,Sotalol (substance)
hypertension,SNOMED CT,372913009,Substance with angiotensin II receptor antagonist mechanism of action (substance)
hypertension,SNOMED CT,372916001,Perindopril (substance)
hypertension,SNOMED CT,373254001,Substance with beta adrenergic receptor antagonist mechanism of action (substance)
hypertension,SNOMED CT,373256004,Substance with ganglion blocking mechanism of action (substance)
hypertension,SNOMED CT,373442003,Moexipril (substance)
hypertension,SNOMED CT,373446000,Metipranolol (substance)
hypertension,SNOMED CT,373486008,Tubocurarine (substance)
hypertension,SNOMED CT,373508009,Aminophylline (substance)
hypertension,SNOMED CT,373567002,Losartan (substance)
hypertension,SNOMED CT,373771001,Trimetaphan (substance)
hypertension,SNOMED CT,384976003,Amlodipine besilate (substance)
hypertension,SNOMED CT,385559004,Bosentan (substance)
hypertension,SNOMED CT,385561008,Substance with endothelin receptor antagonist mechanism of action (substance)
hypertension,SNOMED CT,385678006,Nesiritide (substance)
hypertension,SNOMED CT,385681001,Treprostinil sodium (substance)
hypertension,SNOMED CT,386836006,Pentaerithrityl tetranitrate (substance)
hypertension,SNOMED CT,386854005,Isosorbide mononitrate (substance)
hypertension,SNOMED CT,386864001,Amlodipine (substance)
hypertension,SNOMED CT,386865000,Penbutolol sulfate (substance)
hypertension,SNOMED CT,386866004,Carteolol (substance)
hypertension,SNOMED CT,386867008,Carteolol hydrochloride (substance)
hypertension,SNOMED CT,386868003,Bisoprolol (substance)
hypertension,SNOMED CT,386869006,Bisoprolol fumarate (substance)
hypertension,SNOMED CT,386870007,Carvedilol (substance)
hypertension,SNOMED CT,386871006,Trandolapril (substance)
hypertension,SNOMED CT,386872004,Ramipril (substance)
hypertension,SNOMED CT,386873009,Lisinopril (substance)
hypertension,SNOMED CT,386874003,Quinapril (substance)
hypertension,SNOMED CT,386875002,Quinapril hydrochloride (substance)
hypertension,SNOMED CT,386876001,Valsartan (substance)
hypertension,SNOMED CT,386877005,Irbesartan (substance)
hypertension,SNOMED CT,386878000,Candesartan cilexetil (substance)
hypertension,SNOMED CT,387038004,Amyl nitrite (substance)
hypertension,SNOMED CT,387039007,Bromocriptine (substance)
hypertension,SNOMED CT,387044000,Methysergide (substance)
hypertension,SNOMED CT,387068008,Terazosin (substance)
hypertension,SNOMED CT,387069000,Telmisartan (substance)
hypertension,SNOMED CT,387102009,Pindolol (substance)
hypertension,SNOMED CT,387125005,Hydralazine (substance)
hypertension,SNOMED CT,387139005,Sodium nitroprusside (substance)
hypertension,SNOMED CT,387144003,Deserpidine (substance)
hypertension,SNOMED CT,387160004,Captopril (substance)
hypertension,SNOMED CT,387165009,Enalapril maleate (substance)
hypertension,SNOMED CT,387195001,Betaxolol hydrochloride (substance)
hypertension,SNOMED CT,387267005,Dihydroergotamine (substance)
hypertension,SNOMED CT,387272001,Minoxidil (substance)
hypertension,SNOMED CT,387283005,Prazosin hydrochloride (substance)
hypertension,SNOMED CT,387288001,Prenylamine (substance)
hypertension,SNOMED CT,387328001,Diazoxide (substance)
hypertension,SNOMED CT,387332007,Isosorbide dinitrate (substance)
hypertension,SNOMED CT,387349000,Levobunolol hydrochloride (substance)
hypertension,SNOMED CT,387371005,Dipyridamole (substance)
hypertension,SNOMED CT,387404004,Glyceryl trinitrate (substance)
hypertension,SNOMED CT,387405003,Cyclandelate (substance)
hypertension,SNOMED CT,387433003,Prazosin (substance)
hypertension,SNOMED CT,387436006,Practolol (substance)
hypertension,SNOMED CT,387447004,Reserpine (substance)
hypertension,SNOMED CT,387456007,Guanethidine (substance)
hypertension,SNOMED CT,387468003,Dihydroergotamine mesilate (substance)
hypertension,SNOMED CT,387482003,Nadolol (substance)
hypertension,SNOMED CT,387495008,Metirosine (substance)
hypertension,SNOMED CT,387502003,Nimodipine (substance)
hypertension,SNOMED CT,387506000,Atenolol (substance)
hypertension,SNOMED CT,387522004,Pentoxifylline (substance)
hypertension,SNOMED CT,387583006,Oxprenolol (substance)
hypertension,SNOMED CT,390925005,Did not attend hypertension clinic (finding)
hypertension,SNOMED CT,391759008,Aminophylline hydrate (substance)
hypertension,SNOMED CT,391813004,Bamethan sulfate (substance)
hypertension,SNOMED CT,391845009,Betanidine sulfate (substance)
hypertension,SNOMED CT,395725004,Alfuzosin hydrochloride (substance)
hypertension,SNOMED CT,395741003,Imidapril hydrochloride (substance)
hypertension,SNOMED CT,395748009,Indoramin (substance)
hypertension,SNOMED CT,395770007,Lisuride (substance)
hypertension,SNOMED CT,395805008,Moxonidine (substance)
hypertension,SNOMED CT,395807000,Naftidrofuryl oxalate (substance)
hypertension,SNOMED CT,395808005,Nebivolol (substance)
hypertension,SNOMED CT,395809002,Nicorandil (substance)
hypertension,SNOMED CT,395815002,Oxerutins (substance)
hypertension,SNOMED CT,395817005,Oxprenolol hydrochloride (substance)
hypertension,SNOMED CT,395874008,Celiprolol hydrochloride (substance)
hypertension,SNOMED CT,395901000,Moxisylyte (substance)
hypertension,SNOMED CT,395947008,Cilazapril (substance)
hypertension,SNOMED CT,395954002,Alfuzosin (substance)
hypertension,SNOMED CT,395960002,Celiprolol (substance)
hypertension,SNOMED CT,395975005,Ergotamine (substance)
hypertension,SNOMED CT,395984005,Imidapril (substance)
hypertension,SNOMED CT,395991008,Substance with imidazoline receptor agonist mechanism of action (substance)
hypertension,SNOMED CT,395992001,Naftidrofuryl (substance)
hypertension,SNOMED CT,396010003,Debrisoquine (substance)
hypertension,SNOMED CT,396044005,Eprosartan (substance)
hypertension,SNOMED CT,396046007,Ergotamine tartrate (substance)
hypertension,SNOMED CT,397748008,Hypertension with albuminuria (disorder)
hypertension,SNOMED CT,398254007,Pre-eclampsia (disorder)
hypertension,SNOMED CT,401047000,Hypertension treatment refused (context-dependent category)
hypertension,SNOMED CT,401117004,Moderate hypertension control (finding)
hypertension,SNOMED CT,402832006,Telangiectasia due to venous hypertension (disorder)
hypertension,SNOMED CT,407010008,Eplerenone (substance)
hypertension,SNOMED CT,407567007,Patient on maximal tolerated antihypertensive therapy (finding)
hypertension,SNOMED CT,407590002,Angiotensin II receptor antagonist adverse reaction (disorder)
hypertension,SNOMED CT,409276006,Betaxolol (substance)
hypertension,SNOMED CT,409277002,Levobetaxolol (substance)
hypertension,SNOMED CT,412173004,Dihydroergocryptine (substance)
hypertension,SNOMED CT,412174005,Dioxyline phosphate (substance)
hypertension,SNOMED CT,412259001,Olmesartan (substance)
hypertension,SNOMED CT,412260006,Olmesartan medoxomil (substance)
hypertension,SNOMED CT,412391002,Flosequinan (substance)
hypertension,SNOMED CT,412432007,Metoprolol succinate (substance)
hypertension,SNOMED CT,412519000,Terazosin hydrochloride (substance)
hypertension,SNOMED CT,414506003,Inositol niacinate (substance)
hypertension,SNOMED CT,418067008,Betahistine (substance)
hypertension,SNOMED CT,418370000,Atenolol adverse reaction (disorder)
hypertension,SNOMED CT,418934007,Levobunolol (substance)
hypertension,SNOMED CT,418981008,Betanidine (substance)
hypertension,SNOMED CT,419062009,Nicotinyl alcohol (substance)
hypertension,SNOMED CT,419315008,Clavine (substance)
hypertension,SNOMED CT,419345006,Lysergic acid amide (substance)
hypertension,SNOMED CT,419843007,Nicofuranose (substance)
hypertension,SNOMED CT,420365007,Ranolazine (substance)
hypertension,SNOMED CT,421048000,Amlodipine maleate (substance)
hypertension,SNOMED CT,421731000,Hypertensive optic neuropathy (disorder)
hypertension,SNOMED CT,422001004,Hypertensive choroidopathy (disorder)
hypertension,SNOMED CT,422593004,Acute renal failure caused by angiotensin-converting-enzyme inhibitor (disorder)
hypertension,SNOMED CT,423560002,Aviptadil (substance)
hypertension,SNOMED CT,423674003,Chronic peripheral venous hypertension (disorder)
hypertension,SNOMED CT,425819004,Dihydro-beta-ergocryptine mesilate (substance)
hypertension,SNOMED CT,425981005,Aliskiren fumarate (substance)
hypertension,SNOMED CT,426228001,Substance with renin inhibitor mechanism of action (substance)
hypertension,SNOMED CT,426471008,Carvedilol phosphate (substance)
hypertension,SNOMED CT,426474000,Dihydroergocristine mesilate (substance)
hypertension,SNOMED CT,426582003,Dihydro-alpha-ergocryptine mesilate (substance)
hypertension,SNOMED CT,426681002,Dihydroergocornine mesilate (substance)
hypertension,SNOMED CT,426725002,Aliskiren (substance)
hypertension,SNOMED CT,427553007,Debrisoquine sulfate (substance)
hypertension,SNOMED CT,427889009,Hypertension associated with transplantation (disorder)
hypertension,SNOMED CT,428159003,Ambrisentan (substance)
hypertension,SNOMED CT,428163005,Hypertensive left ventricular hypertrophy (disorder)
hypertension,SNOMED CT,428575007,Hypertension secondary to kidney transplant (disorder)
hypertension,SNOMED CT,428709002,Sitaxentan (substance)
hypertension,SNOMED CT,428790008,Sitaxentan sodium (substance)
hypertension,SNOMED CT,429198000,Exertional hypertension (disorder)
hypertension,SNOMED CT,429457004,Systolic essential hypertension (disorder)
hypertension,SNOMED CT,440536005,Education about signs and symptoms of pregnancy induced hypertension (procedure)
hypertension,SNOMED CT,441534002,Indoramin hydrochloride (substance)
hypertension,SNOMED CT,442042006,Silodosin (substance)
hypertension,SNOMED CT,442141001,Ketanserin (substance)
hypertension,SNOMED CT,442509000,Perindopril arginine (substance)
hypertension,SNOMED CT,442795003,Levosimendan (substance)
hypertension,SNOMED CT,443482000,Hypertensive urgency (disorder)
hypertension,SNOMED CT,443570007,Treprostinil (substance)
hypertension,SNOMED CT,443904006,Corona phlebectatica (disorder)
hypertension,SNOMED CT,445237003,Portopulmonary hypertension (disorder)
hypertension,SNOMED CT,445928005,Eisenmenger\'s syndrome (disorder)
hypertension,SNOMED CT,449042005,Azilsartan (substance)
hypertension,SNOMED CT,449561004,Azilsartan medoxomil (substance)
hypertension,SNOMED CT,449759005,Complication of systemic hypertensive disorder (disorder)
hypertension,SNOMED CT,461321006,Right ventricular hypertension (disorder)
hypertension,SNOMED CT,472749004,Coronary sinus hypertension as complication of procedure (disorder)
hypertension,SNOMED CT,472757001,Pulmonary venous hypertension as complication of procedure (disorder)
hypertension,SNOMED CT,472758006,Pulmonary venous hypertension due to compression of pulmonary great vein (disorder)
hypertension,SNOMED CT,472759003,Pulmonary venous hypertension due to compression of pulmonary great vein by sclerosing mediastinitis (disorder)
hypertension,SNOMED CT,472760008,Pulmonary venous hypertension due to compression of pulmonary great vein by lymphadenopathy (disorder)
hypertension,SNOMED CT,472761007,Pulmonary venous hypertension due to compression of pulmonary great vein by neoplasm (disorder)
hypertension,SNOMED CT,472790001,Pulmonary venous hypertension due to disorder of left heart (disorder)
hypertension,SNOMED CT,473185004,Discussion about preexisting hypertension in pregnancy (procedure)
hypertension,SNOMED CT,473392002,Hypertensive nephrosclerosis (disorder)
hypertension,SNOMED CT,697896007,Precapillary pulmonary hypertension (disorder)
hypertension,SNOMED CT,697897003,Heritable pulmonary arterial hypertension (disorder)
hypertension,SNOMED CT,697898008,Idiopathic pulmonary arterial hypertension (disorder)
hypertension,SNOMED CT,697899000,Heritable pulmonary arterial hypertension due to bone morphogenetic protein receptor type II mutation (disorder)
hypertension,SNOMED CT,697900005,Heritable pulmonary arterial hypertension due to activin A receptor type II-like kinase 1 or endoglin mutation (disorder)
hypertension,SNOMED CT,697901009,Pulmonary arterial hypertension caused by toxin (disorder)
hypertension,SNOMED CT,697902002,Associated pulmonary arterial hypertension (disorder)
hypertension,SNOMED CT,697903007,Pulmonary arterial hypertension associated with connective tissue disease (disorder)
hypertension,SNOMED CT,697904001,Pulmonary arterial hypertension associated with human immunodeficiency virus infection (disorder)
hypertension,SNOMED CT,697905000,Pulmonary arterial hypertension associated with congenital heart disease (disorder)
hypertension,SNOMED CT,697906004,Pulmonary arterial hypertension associated with congenital systemic-to-pulmonary shunt (disorder)
hypertension,SNOMED CT,697907008,Pulmonary arterial hypertension associated with schistosomiasis (disorder)
hypertension,SNOMED CT,697908003,Pulmonary arterial hypertension associated with chronic hemolytic anemia (disorder)
hypertension,SNOMED CT,697910001,Pulmonary hypertension due to lung disease and/or hypoxia (disorder)
hypertension,SNOMED CT,697911002,Pulmonary hypertension due to chronic obstructive pulmonary disease (disorder)
hypertension,SNOMED CT,697912009,Pulmonary hypertension due to interstitial lung disease (disorder)
hypertension,SNOMED CT,697913004,Pulmonary hypertension due to pulmonary disease with mixed restrictive and obstructive pattern (disorder)
hypertension,SNOMED CT,697914005,Pulmonary hypertension due to sleep-disordered breathing (disorder)
hypertension,SNOMED CT,697915006,Pulmonary hypertension due to alveolar hypoventilation disorder (disorder)
hypertension,SNOMED CT,697916007,Pulmonary hypertension due to developmental abnormality of the lung (disorder)
hypertension,SNOMED CT,697917003,Pulmonary hypertension due to hematological disorder (disorder)
hypertension,SNOMED CT,697918008,Pulmonary hypertension due to myeloproliferative disorder (disorder)
hypertension,SNOMED CT,697919000,Pulmonary hypertension due to post-splenectomy hematological disorder (disorder)
hypertension,SNOMED CT,697920006,Pulmonary hypertension in systemic disorder (disorder)
hypertension,SNOMED CT,697921005,Pulmonary hypertension in sarcoidosis (disorder)
hypertension,SNOMED CT,697922003,Pulmonary hypertension in Langerhans cell histiocytosis (disorder)
hypertension,SNOMED CT,697923008,Pulmonary hypertension in lymphangioleiomyomatosis (disorder)
hypertension,SNOMED CT,697924002,Pulmonary hypertension in neurofibromatosis (disorder)
hypertension,SNOMED CT,697925001,Pulmonary hypertension due to systolic systemic ventricular dysfunction (disorder)
hypertension,SNOMED CT,697926000,Pulmonary hypertension due to diastolic systemic ventricular dysfunction (disorder)
hypertension,SNOMED CT,697927009,Pulmonary hypertension due to left-sided valvular heart disease (disorder)
hypertension,SNOMED CT,697928004,Pulmonary venous hypertension due to congenital stenosis of pulmonary vein (disorder)
hypertension,SNOMED CT,697929007,Intermittent hypertension (disorder)
hypertension,SNOMED CT,697930002,Labile hypertension due to being in a clinical environment (disorder)
hypertension,SNOMED CT,698093003,Delapril (substance)
hypertension,SNOMED CT,698196008,Molsidomine (substance)
hypertension,SNOMED CT,698197004,Nicergoline (substance)
hypertension,SNOMED CT,698591006,Benign hypertensive renal disease with renal failure (disorder)
hypertension,SNOMED CT,698638005,Pregnancy induced hypertension with pulmonary edema (disorder)
hypertension,SNOMED CT,698640000,Hypertension in the puerperium with pulmonary edema (disorder)
hypertension,SNOMED CT,698707001,Adverse reaction caused by coronary vasodilator (disorder)
hypertension,SNOMED CT,698807007,Urapidil (substance)
hypertension,SNOMED CT,698838008,Benign intracranial hypertension due to drug (disorder)
hypertension,SNOMED CT,698839000,Benign intracranial hypertension due to hypervitaminosis A (disorder)
hypertension,SNOMED CT,698873005,Vinburnine (substance)
hypertension,SNOMED CT,698876002,Vincamine (substance)
hypertension,SNOMED CT,699282002,Hypertension diet assessment (procedure)
hypertension,SNOMED CT,700066002,Delapril hydrochloride (substance)
hypertension,SNOMED CT,703113001,Dihydralazine (substance)
hypertension,SNOMED CT,703114007,Dihydralazine sulfate (substance)
hypertension,SNOMED CT,703232003,Familial hyperaldosteronism type 1 (disorder)
hypertension,SNOMED CT,703254001,Pseudohypoaldosteronism type 2A (disorder)
hypertension,SNOMED CT,703310005,Autosomal dominant progressive nephropathy with hypertension (disorder)
hypertension,SNOMED CT,703340007,Zofenopril (substance)
hypertension,SNOMED CT,703341006,Zofenopril calcium (substance)
hypertension,SNOMED CT,703342004,Zofenoprilat (substance)
hypertension,SNOMED CT,703343009,Zofenoprilat arginine (substance)
hypertension,SNOMED CT,703355003,Pulmonary hypertension due to vasculitis (disorder)
hypertension,SNOMED CT,703365009,Trimetazidine (substance)
hypertension,SNOMED CT,703366005,Trimetazidine hydrochloride (substance)
hypertension,SNOMED CT,703404009,Bamethan (substance)
hypertension,SNOMED CT,703405005,Buflomedil (substance)
hypertension,SNOMED CT,703956007,Avanafil (substance)
hypertension,SNOMED CT,704667004,Hypertension concurrent and due to end stage renal disease on dialysis (disorder)
hypertension,SNOMED CT,706882009,Hypertensive crisis (disorder)
hypertension,SNOMED CT,707420003,Portal hypertension due to cystic fibrosis (disorder)
hypertension,SNOMED CT,708177006,Betahistine mesilate (substance)
hypertension,SNOMED CT,708572008,Dihydroergocryptine mesilate (substance)
hypertension,SNOMED CT,709596006,Antihypertensive agent surveillance done (situation)
hypertension,SNOMED CT,709666005,Stasis dermatitis of lower limb due to chronic peripheral venous hypertension (disorder)
hypertension,SNOMED CT,709881001,History of gestational hypertension (situation)
hypertension,SNOMED CT,710283008,Macitentan (substance)
hypertension,SNOMED CT,710319000,Hexobendine (substance)
hypertension,SNOMED CT,712487000,End stage renal disease due to benign hypertension (disorder)
hypertension,SNOMED CT,712569000,Hexobendine dihydrochloride (substance)
hypertension,SNOMED CT,712677009,Raubasine (substance)
hypertension,SNOMED CT,712832005,Supine hypertension (disorder)
hypertension,SNOMED CT,713333001,Riociguat (substance)
hypertension,SNOMED CT,713473008,Spirapril (substance)
hypertension,SNOMED CT,713542007,Portal hypertension caused by antiretroviral drug (disorder)
hypertension,SNOMED CT,715280009,Telehealth hypertension monitoring (regime/therapy)
hypertension,SNOMED CT,716124003,Tertatolol (substance)
hypertension,SNOMED CT,717359004,Selexipag (substance)
hypertension,SNOMED CT,717824007,"Progressive arterial occlusive disease, hypertension, heart defect, bone fragility, brachysyndactyly syndrome (disorder)"
hypertension,SNOMED CT,720568003,Brachydactyly and arterial hypertension syndrome (disorder)
hypertension,SNOMED CT,720575002,Braddock syndrome (disorder)
hypertension,SNOMED CT,720665007,Adverse reaction caused by metoprolol succinate (disorder)
hypertension,SNOMED CT,720666008,Adverse reaction caused by metoprolol tartrate (disorder)
hypertension,SNOMED CT,720672008,Adverse reaction caused by telmisartan (disorder)
hypertension,SNOMED CT,720673003,Adverse reaction caused by valsartan (disorder)
hypertension,SNOMED CT,720674009,Adverse reaction caused by olmesartan (disorder)
hypertension,SNOMED CT,720675005,Adverse reaction caused by irbesartan (disorder)
hypertension,SNOMED CT,720676006,Adverse reaction caused by eprosartan (disorder)
hypertension,SNOMED CT,720677002,Adverse reaction caused by candesartan (disorder)
hypertension,SNOMED CT,720678007,Adverse reaction caused by azilsartan (disorder)
hypertension,SNOMED CT,722867009,Idiopathic portal hypertension (disorder)
hypertension,SNOMED CT,725531004,"1,2-dinitroglycerin (substance)"
hypertension,SNOMED CT,725734005,Bosentan monohydrate (substance)
hypertension,SNOMED CT,725752005,Sodium nitroprusside dihydrate (substance)
hypertension,SNOMED CT,725786001,Cilazapril monohydrate (substance)
hypertension,SNOMED CT,726513006,History of hemolysis-elevated liver enzymes-low platelet count syndrome (situation)
hypertension,SNOMED CT,734449004,Urapidil hydrochloride (substance)
hypertension,SNOMED CT,734455009,Tertatolol hydrochloride (substance)
hypertension,SNOMED CT,734504000,Irbesartan hydrochloride (substance)
hypertension,SNOMED CT,734510000,Dihydralazine mesilate (substance)
hypertension,SNOMED CT,734565001,Nebivolol hydrochloride (substance)
hypertension,SNOMED CT,735154008,Heptaminol adenosine phosphate (substance)
hypertension,SNOMED CT,735155009,Heptaminol hydrochloride (substance)
hypertension,SNOMED CT,735174001,Perindopril tosilate (substance)
hypertension,SNOMED CT,736992003,Nephropathy following pre-eclampsia (disorder)
hypertension,SNOMED CT,762463000,Diastolic hypertension co-occurrent with systolic hypertension (disorder)
hypertension,SNOMED CT,763007002,"Assessment using congestive heart failure, hypertension, age 75 years or older, diabetes mellitus and previous stroke or transient ischemic attack score (procedure)"
hypertension,SNOMED CT,763008007,"Congestive heart failure, hypertension, age 75 years or older, diabetes mellitus and previous stroke or transient ischemic attack score (observable entity)"
hypertension,SNOMED CT,763010009,Atipamezole (substance)
hypertension,SNOMED CT,765182005,Pre-eclampsia in puerperium (disorder)
hypertension,SNOMED CT,765332006,Rilmenidine (substance)
hypertension,SNOMED CT,765333001,Rilmenidine phosphate (substance)
hypertension,SNOMED CT,765351000,Moxisylyte hydrochloride (substance)
hypertension,SNOMED CT,766924002,Substance with nicotinic receptor antagonist mechanism of action (substance)
hypertension,SNOMED CT,766937004,Hypertension due to gain-of-function mutation in mineralocorticoid receptor (disorder)
hypertension,SNOMED CT,772020009,Adverse reaction caused by nebivolol (disorder)
hypertension,SNOMED CT,776416004,"Hyperuricemia, pulmonary hypertension, renal failure, alkalosis syndrome (disorder)"
hypertension,SNOMED CT,782593004,Adverse reaction caused by rauwolfia alkaloid (disorder)
hypertension,SNOMED CT,783132009,Bosentan hydrochloride (substance)
hypertension,SNOMED CT,789067004,Amlodipine benzoate (substance)
hypertension,SNOMED CT,827068008,Stage 2 hypertension (finding)
hypertension,SNOMED CT,827069000,Stage 1 hypertension (finding)
hypertension,SNOMED CT,836284001,Pentamethonium (substance)
hypertension,SNOMED CT,840306007,Mild pulmonary hypertension (disorder)
hypertension,SNOMED CT,840307003,Moderate pulmonary hypertension (disorder)
hypertension,SNOMED CT,840308008,Severe pulmonary hypertension (disorder)
hypertension,SNOMED CT,866173006,Substance with renin-angiotensin system inhibitor mechanism of action (substance)
hypertension,SNOMED CT,871522005,Adverse reaction to dihydroergocornine and/or dihydroergocristine and/or dihydroergocryptine (disorder)
hypertension,SNOMED CT,871572007,Adverse reaction to bamethan (disorder)
hypertension,SNOMED CT,871642009,Hypertension due to aortic arch obstruction (disorder)
hypertension,SNOMED CT,871679007,Adverse reaction to nitroprusside (disorder)
hypertension,SNOMED CT,879814007,Pulmonary hypertension due to pulmonary capillary hemangiomatosis (disorder)
hypertension,SNOMED CT,879815008,Pulmonary hypertension due to pulmonary veno-occlusive disease (disorder)
hypertension,SNOMED CT,879816009,Pulmonary hypertension due to familial pulmonary capillary hemangiomatosis (disorder)
hypertension,SNOMED CT,895431005,Azilsartan medoxomil potassium (substance)
hypertension,SNOMED CT,1003949004,Ergopeptide (substance)
hypertension,SNOMED CT,1010627004,Pulmonary hypertension due to developmental abnormality (disorder)
hypertension,SNOMED CT,1119307002,Enalapril sodium (substance)
hypertension,SNOMED CT,1119308007,Perindopril erbumine monohydrate (substance)
hypertension,SNOMED CT,1142048002,Persistent gestational proteinuria (disorder)
hypertension,SNOMED CT,1142097006,Intermittent gestational proteinuria (disorder)
hypertension,SNOMED CT,1145150000,Vericiguat (substance)
hypertension,SNOMED CT,1149239002,Overdose of lysergic acid diethylamide (disorder)
hypertension,SNOMED CT,1149240000,Accidental overdose by lysergic acid diethylamide (disorder)
hypertension,SNOMED CT,1149241001,Intentional overdose by lysergic acid diethylamide (disorder)
hypertension,SNOMED CT,1149242008,Nitrate vasodilator overdose (disorder)
hypertension,SNOMED CT,1177123004,Cilnidipine (substance)
hypertension,SNOMED CT,1186852004,Benign intracranial hypertension due to obesity (disorder)
hypertension,SNOMED CT,1193663008,Amlodipine mesilate (substance)
hypertension,SNOMED CT,1197664001,Secondary portal hypertension (disorder)
hypertension,SNOMED CT,1204139007,Hypertension due to congenital adrenal hyperplasia (disorder)
hypertension,SNOMED CT,1208839002,Secondary hypertension due to renal tubular disorder (disorder)
hypertension,SNOMED CT,1208845005,Secondary hypertension due to congenital heart disorder (disorder)
hypertension,SNOMED CT,1217308000,Levamlodipine (substance)
hypertension,SNOMED CT,1217324004,Levamlodipine besilate (substance)
hypertension,SNOMED CT,1217567006,Terazosin hydrochloride dihydrate (substance)
hypertension,SNOMED CT,1236831007,Ulcer of lower leg due to arterial hypertension (disorder)
hypertension,SNOMED CT,1237173008,Ulcer of lower limb due to arterial hypertension (disorder)
hypertension,SNOMED CT,1240343008,(S)-metoprolol (substance)
hypertension,SNOMED CT,1240360003,(S)-metoprolol succinate (substance)
hypertension,SNOMED CT,1240361004,(S)-metoprolol tartrate (substance)
hypertension,SNOMED CT,1259499007,Dementia due to hemorrhagic cerebral infarction due to hypertension (disorder)
hypertension,SNOMED CT,1259531005,Dementia due to hypertensive encephalopathy (disorder)
hypertension,SNOMED CT,1260271009,Hemorrhagic cerebral infarction due to hypertension (disorder)
hypertension,SNOMED CT,1260345007,Headache due to arterial hypertension (finding)
hypertension,SNOMED CT,1.04931E+14,Chronic kidney disease due to hypertension (disorder)
hypertension,SNOMED CT,1.05651E+14,History of pre-eclampsia (situation)
hypertension,SNOMED CT,1.08701E+14,Cardiomyopathy due to hypertension (disorder)
hypertension,SNOMED CT,1.11411E+14,End stage renal disease due to hypertension (disorder)
hypertension,SNOMED CT,1.17681E+14,Chronic kidney disease stage 1 due to hypertension (disorder)
hypertension,SNOMED CT,1.18781E+14,Pre-existing hypertensive chronic kidney disease in mother complicating pregnancy (disorder)
hypertension,SNOMED CT,1.27991E+14,Hypertension concurrent and due to end stage renal disease on dialysis due to type 2 diabetes mellitus (disorder)
hypertension,SNOMED CT,1.28001E+14,Hypertension concurrent and due to end stage renal disease on dialysis due to type 1 diabetes mellitus (disorder)
hypertension,SNOMED CT,1.29151E+14,Chronic kidney disease stage 4 due to hypertension (disorder)
hypertension,SNOMED CT,1.29161E+14,Chronic kidney disease stage 5 due to hypertension (disorder)
hypertension,SNOMED CT,1.29171E+14,Chronic kidney disease stage 3 due to hypertension (disorder)
hypertension,SNOMED CT,1.29181E+14,Chronic kidney disease stage 2 due to hypertension (disorder)
hypertension,SNOMED CT,1.32721E+14,Hypertensive emergency (disorder)
hypertension,SNOMED CT,1.40101E+14,Hypertension in chronic kidney disease stage 5 due to type 2 diabetes mellitus (disorder)
hypertension,SNOMED CT,1.40111E+14,Hypertension in chronic kidney disease stage 4 due to type 2 diabetes mellitus (disorder)
hypertension,SNOMED CT,1.40121E+14,Hypertension in chronic kidney disease stage 3 due to type 2 diabetes mellitus (disorder)
hypertension,SNOMED CT,1.40131E+14,Hypertension in chronic kidney disease stage 2 due to type 2 diabetes mellitus (disorder)
hypertension,SNOMED CT,1.53811E+14,Chronic peripheral venous hypertension with lower extremity complication (disorder)
hypertension,SNOMED CT,1.53831E+14,Venous ulcer of lower extremity due to chronic peripheral venous hypertension (disorder)
hypertension,SNOMED CT,1.53851E+14,Malignant hypertensive chronic kidney disease stage 5 (disorder)
hypertension,SNOMED CT,1.53871E+14,Stasis dermatitis co-occurrent with venous ulcer of lower limb due to chronic peripheral venous hypertension (disorder)
hypertension,SNOMED CT,1.53891E+14,End stage renal disease on dialysis due to hypertension (disorder)
hypertension,SNOMED CT,2.20901E+14,High cost hypertension drugs (procedure)
hypertension,SNOMED CT,2.21301E+14,Primary pulmonary hypertension drugs Band 1 (procedure)
hypertension,SNOMED CT,2.21311E+14,Primary pulmonary hypertension drugs Band 2 (procedure)
hypertension,SNOMED CT,2.21321E+14,Primary pulmonary hypertension drugs Band 3 (procedure)
hypertension,SNOMED CT,2.21331E+14,Primary pulmonary hypertension drugs Band 4 (procedure)
hypertension,SNOMED CT,2.84961E+14,Chronic kidney disease due to benign hypertension (disorder)
hypertension,SNOMED CT,2.84971E+14,Chronic kidney disease stage 1 due to benign hypertension (disorder)
hypertension,SNOMED CT,2.84981E+14,Chronic kidney disease stage 2 due to benign hypertension (disorder)
hypertension,SNOMED CT,2.84991E+14,Chronic kidney disease stage 3 due to benign hypertension (disorder)
hypertension,SNOMED CT,2.85001E+14,Chronic kidney disease stage 4 due to benign hypertension (disorder)
hypertension,SNOMED CT,2.85011E+14,Chronic kidney disease stage 5 due to benign hypertension (disorder)
hypertension,SNOMED CT,2.85831E+14,Malignant hypertensive chronic kidney disease (disorder)
hypertension,SNOMED CT,2.85841E+14,Malignant hypertensive end stage renal disease (disorder)
hypertension,SNOMED CT,2.85851E+14,Malignant hypertensive chronic kidney disease stage 1 (disorder)
hypertension,SNOMED CT,2.85861E+14,Malignant hypertensive chronic kidney disease stage 2 (disorder)
hypertension,SNOMED CT,2.85871E+14,Malignant hypertensive chronic kidney disease stage 3 (disorder)
hypertension,SNOMED CT,2.85881E+14,Malignant hypertensive chronic kidney disease stage 4 (disorder)
hypertension,SNOMED CT,2.86371E+14,Malignant hypertensive end stage renal disease on dialysis (disorder)
hypertension,SNOMED CT,2.99531E+14,Trial reduction of antihypertensive therapy (procedure)
hypertension,SNOMED CT,2.99561E+14,Trial withdrawal of antihypertensive therapy (procedure)
hypertension,SNOMED CT,3.02051E+14,Trial withdrawal of antihypertensive therapy declined (situation)
hypertension,SNOMED CT,3.02081E+14,Trial reduction of antihypertensive therapy declined (situation)
hypertension,SNOMED CT,3.34831E+14,Disorder of right retina co-occurrent and due to hypertension (disorder)
hypertension,SNOMED CT,3.40441E+14,Disorder of left retina co-occurrent and due to hypertension (disorder)
hypertension,SNOMED CT,3.45771E+14,Disorder of bilateral retinas co-occurrent and due to hypertension (disorder)
hypertension,SNOMED CT,3.67821E+14,Hypertension due to compression of renal parenchyma (disorder)
hypertension,SNOMED CT,8.43821E+14,Stage 1 hypertension (National Institute for Health and Clinical Excellence 2011) (disorder)
hypertension,SNOMED CT,8.43841E+14,Severe hypertension (National Institute for Health and Clinical Excellence 2011) (disorder)
hypertension,SNOMED CT,8.45891E+14,Hypertension resistant to drug therapy (disorder)
hypertension,SNOMED CT,8.46371E+14,Stage 2 hypertension (National Institute for Health and Clinical Excellence 2011) (disorder)
hypertension,SNOMED CT,8.63191E+14,Nocturnal hypertension (disorder)
hypertension,SNOMED CT,8.92401E+14,Pulmonary arterial hypertension drugs Band 1 (procedure)
hypertension,SNOMED CT,8.92421E+14,Pulmonary arterial hypertension drugs Band 2 (procedure)
hypertension,SNOMED CT,8.92441E+14,Pulmonary arterial hypertension drugs Band 3 (procedure)
hypertension,SNOMED CT,8.92461E+14,Pulmonary arterial hypertension drugs Band 4 (procedure)
hypertension,SNOMED CT,9.08631E+14,Stage 1 hypertension (National Institute for Health and Clinical Excellence 2011) without evidence of end organ damage (disorder)
hypertension,SNOMED CT,9.08651E+14,Stage 1 hypertension (National Institute for Health and Clinical Excellence 2011) with evidence of end organ damage (disorder)
hypertension,SNOMED CT,9.38611E+14,Borderline hypertension monitoring second letter (procedure)
hypertension,SNOMED CT,9.38631E+14,Borderline hypertension monitoring third letter (procedure)
hypertension,SNOMED CT,9.56191E+14,Aliskiren adverse reaction (disorder)
hypertension,SNOMED CT,10752641000119102,Eclampsia with pre-existing hypertension in childbirth (disorder)
hypertension,SNOMED CT,10757401000119104,Pre-existing hypertensive heart and chronic kidney disease in mother complicating childbirth (disorder)
hypertension,SNOMED CT,10757441000119102,Pre-existing hypertensive heart disease in mother complicating childbirth (disorder)
hypertension,SNOMED CT,10757481000119107,Pre-existing hypertensive heart and chronic kidney disease in mother complicating pregnancy (disorder)
hypertension,SNOMED CT,10759031000119106,Pre-existing hypertensive heart disease in mother complicating pregnancy (disorder)
hypertension,SNOMED CT,1078301000112109,Multiple drug intolerant hypertension (disorder)
hypertension,SNOMED CT,1097181000000109,Referral for antihypertensive therapy (procedure)
hypertension,SNOMED CT,11016321000119103,Nutritional therapy for hypertension done (situation)
hypertension,SNOMED CT,15964661000119102,Acute cor pulmonale due to septic pulmonary embolism (disorder)
hypertension,SNOMED CT,15964701000119109,Acute cor pulmonale co-occurrent and due to saddle embolus of pulmonary artery (disorder)
hypertension,SNOMED CT,16229371000119106,Labile systemic arterial hypertension (disorder)
hypertension,SNOMED CT,16235071000119108,History of idiopathic intracranial hypertension (situation)
hypertension,SNOMED CT,16916061000119102,History of postpartum gestational hypertension (situation)
ihd,ICD10,I20,Angina pectoris
ihd,ICD10,I200,Unstable angina
ihd,ICD10,I201,Angina pectoris with documented spasm
ihd,ICD10,I208,Other forms of angina pectoris
ihd,ICD10,I209,"Angina pectoris, unspecified"
ihd,ICD10,I21,Acute myocardial infarction
ihd,ICD10,I210,Acute transmural myocardial infarction of anterior wall
ihd,ICD10,I211,Acute transmural myocardial infarction of inferior wall
ihd,ICD10,I212,Acute transmural myocardial infarction of other sites
ihd,ICD10,I213,Acute transmural myocardial infarction of unspecified site
ihd,ICD10,I214,Acute subendocardial myocardial infarction
ihd,ICD10,I219,"Acute myocardial infarction, unspecified"
ihd,ICD10,I22,Subsequent myocardial infarction
ihd,ICD10,I220,Subsequent myocardial infarction of anterior wall
ihd,ICD10,I221,Subsequent myocardial infarction of inferior wall
ihd,ICD10,I228,Subsequent myocardial infarction of other sites
ihd,ICD10,I229,Subsequent myocardial infarction of unspecified site
ihd,ICD10,I23,Certain current complications following acute myocardial infarction
ihd,ICD10,I23.2,Ventricular septal defect as current complication following acute myocardial infarction
ihd,ICD10,I230,Haemopericardium as current complication following acute myocardial infarction
ihd,ICD10,I231,Atrial septal defect as current complication following acute myocardial infarction
ihd,ICD10,I233,Rupture of cardiac wall without haemopericardium as current complication following acute myocardial
ihd,ICD10,I234,Rupture of chordae tendineae as current complication following acute myocardial infarction
ihd,ICD10,I235,Rupture of papillary muscle as current complication following acute myocardial infarction
ihd,ICD10,I236,"Thrombosis of atrium, auricular appendage, and ventricle as current complications following acute my"
ihd,ICD10,I238,Other current complications following acute myocardial infarction
ihd,ICD10,I24,Other acute ischaemic heart diseases
ihd,ICD10,I240,Coronary thrombosis not resulting in myocardial infarction
ihd,ICD10,I248,Other forms of acute ischaemic heart disease
ihd,ICD10,I249,"Acute ischaemic heart disease, unspecified"
ihd,ICD10,I25,Chronic ischaemic heart disease
ihd,ICD10,I250,"Atherosclerotic cardiovascular disease, so described"
ihd,ICD10,I251,Atherosclerotic heart disease
ihd,ICD10,I252,Old myocardial infarction
ihd,ICD10,I255,Ischaemic cardiomyopathy
ihd,ICD10,I256,Silent myocardial ischaemia
ihd,ICD10,I258,Other forms of chronic ischaemic heart disease
ihd,ICD10,I259,"Chronic ischaemic heart disease, unspecified"
ihd,ICD10,T822,Mechanical complication of coronary artery bypass and valve grafts
ihd,ICD10,Z955,Presence of coronary angioplasty implant and graft
ihd,SNOMED CT,282006,Acute myocardial infarction of basal-lateral wall (disorder)
ihd,SNOMED CT,10273003,Acute infarction of papillary muscle (disorder)
ihd,SNOMED CT,15990001,Acute myocardial infarction of posterolateral wall (disorder)
ihd,SNOMED CT,25106000,Impending infarction (disorder)
ihd,SNOMED CT,41334000,"Angina, class II (disorder)"
ihd,SNOMED CT,52035003,Acute anteroapical myocardial infarction (disorder)
ihd,SNOMED CT,54329005,Acute myocardial infarction of anterior wall (disorder)
ihd,SNOMED CT,57054005,Acute myocardial infarction (disorder)
ihd,SNOMED CT,58612006,Acute myocardial infarction of lateral wall (disorder)
ihd,SNOMED CT,59063002,Acute myocardial infarction of apical-lateral wall (disorder)
ihd,SNOMED CT,61490001,"Angina, class I (disorder)"
ihd,SNOMED CT,62695002,Acute anteroseptal myocardial infarction (disorder)
ihd,SNOMED CT,64627002,Acute myocardial infarction of high lateral wall (disorder)
ihd,SNOMED CT,65547006,Acute myocardial infarction of inferolateral wall (disorder)
ihd,SNOMED CT,70211005,Acute myocardial infarction of anterolateral wall (disorder)
ihd,SNOMED CT,70422006,Acute subendocardial infarction (disorder)
ihd,SNOMED CT,70998009,Acute myocardial infarction of basal inferior segment of left ventricle (disorder)
ihd,SNOMED CT,73795002,Acute myocardial infarction of inferior wall (disorder)
ihd,SNOMED CT,76593002,Acute myocardial infarction of inferoposterior wall (disorder)
ihd,SNOMED CT,79009004,Acute myocardial infarction of septum (disorder)
ihd,SNOMED CT,85284003,"Angina, class III (disorder)"
ihd,SNOMED CT,89323001,"Angina, class IV (disorder)"
ihd,SNOMED CT,161504004,History of angina pectoris (situation)
ihd,SNOMED CT,194809007,Acute atrial infarction (disorder)
ihd,SNOMED CT,194823009,Acute coronary insufficiency (disorder)
ihd,SNOMED CT,194828000,Angina (disorder)
ihd,SNOMED CT,233819005,Stable angina (disorder)
ihd,SNOMED CT,233821000,New onset angina (disorder)
ihd,SNOMED CT,233825009,Acute Q wave infarction - anteroseptal (disorder)
ihd,SNOMED CT,233826005,Acute non-Q wave infarction - anteroseptal (disorder)
ihd,SNOMED CT,233827001,Acute Q wave infarction - anterolateral (disorder)
ihd,SNOMED CT,233828006,Acute non-Q wave infarction - anterolateral (disorder)
ihd,SNOMED CT,233829003,Acute Q wave infarction - inferior (disorder)
ihd,SNOMED CT,233830008,Acute non-Q wave infarction - inferior (disorder)
ihd,SNOMED CT,233831007,Acute Q wave infarction - inferolateral (disorder)
ihd,SNOMED CT,233832000,Acute non-Q wave infarction - inferolateral (disorder)
ihd,SNOMED CT,233833005,Acute Q wave infarction - lateral (disorder)
ihd,SNOMED CT,233834004,Acute non-Q wave infarction - lateral (disorder)
ihd,SNOMED CT,233835003,Acute widespread myocardial infarction (disorder)
ihd,SNOMED CT,233836002,Acute Q wave infarction - widespread (disorder)
ihd,SNOMED CT,233837006,Acute non-Q wave infarction - widespread (disorder)
ihd,SNOMED CT,233838001,Acute posterior myocardial infarction (disorder)
ihd,SNOMED CT,276517000,Transient myocardial ischemia of newborn (disorder)
ihd,SNOMED CT,304914007,Acute Q wave myocardial infarction (disorder)
ihd,SNOMED CT,307140009,Acute non-Q wave infarction (disorder)
ihd,SNOMED CT,308066006,History of angina in last year (situation)
ihd,SNOMED CT,308068007,History of treatment for ischemic heart disease (situation)
ihd,SNOMED CT,308117007,Antianginal therapy (procedure)
ihd,SNOMED CT,314116003,Post infarct angina (disorder)
ihd,SNOMED CT,315620007,"Family history of myocardial infarction in male relative of first degree, age unknown (situation)"
ihd,SNOMED CT,315621006,"Family history of myocardial infarction in female relative of first degree, age known (situation)"
ihd,SNOMED CT,315622004,"Family history of myocardial infarction in female relative of first degree, age unknown (situation)"
ihd,SNOMED CT,315623009,"Family history of angina in male relative of first degree, age known (situation)"
ihd,SNOMED CT,315625002,"Family history of angina in male relative of first degree, age unknown (situation)"
ihd,SNOMED CT,315626001,"Family history of angina in female relative of first degree, age known (situation)"
ihd,SNOMED CT,315627005,"Family history of angina in female relative of first degree, age unknown (situation)"
ihd,SNOMED CT,371806006,Progressive angina (disorder)
ihd,SNOMED CT,371807002,Atypical angina (disorder)
ihd,SNOMED CT,371808007,Recurrent angina status post percutaneous transluminal coronary angioplasty (disorder)
ihd,SNOMED CT,371809004,Recurrent angina following placement of coronary artery stent (disorder)
ihd,SNOMED CT,371810009,Recurrent angina status post coronary artery bypass graft (disorder)
ihd,SNOMED CT,371811008,Recurrent angina status post rotational atherectomy (disorder)
ihd,SNOMED CT,371812001,Recurrent angina status post directional coronary atherectomy (disorder)
ihd,SNOMED CT,394659003,Acute coronary syndrome (disorder)
ihd,SNOMED CT,401303003,Acute ST segment elevation myocardial infarction (disorder)
ihd,SNOMED CT,401314000,Acute non-ST segment elevation myocardial infarction (disorder)
ihd,SNOMED CT,413439005,Acute ischemic heart disease (disorder)
ihd,SNOMED CT,413444003,Acute myocardial ischemia (disorder)
ihd,SNOMED CT,413838009,Chronic ischemic heart disease (disorder)
ihd,SNOMED CT,413844008,Chronic myocardial ischemia (disorder)
ihd,SNOMED CT,429559004,Typical angina (disorder)
ihd,SNOMED CT,699245006,Emergency hospital admission for ischemic heart disease (procedure)
ihd,SNOMED CT,703164000,Acute ST segment elevation myocardial infarction of anterior wall (disorder)
ihd,SNOMED CT,703165004,Acute ST segment elevation myocardial infarction of anterior wall involving right ventricle (disorder)
ihd,SNOMED CT,703212004,Acute myocardial infarction during procedure (disorder)
ihd,SNOMED CT,703213009,Acute ST segment elevation myocardial infarction of inferior wall (disorder)
ihd,SNOMED CT,703251009,Acute myocardial infarction of inferior wall involving right ventricle (disorder)
ihd,SNOMED CT,703252002,Acute myocardial infarction of anterior wall involving right ventricle (disorder)
ihd,SNOMED CT,703253007,Acute ST segment elevation myocardial infarction of inferior wall involving right ventricle (disorder)
ihd,SNOMED CT,704207005,Frequency of angina (observable entity)
ihd,SNOMED CT,712866001,Resting ischemia co-occurrent and due to ischemic heart disease (disorder)
ihd,SNOMED CT,713405002,Subacute ischemic heart disease (disorder)
ihd,SNOMED CT,836293000,Acute myocardial infarction of right ventricle (disorder)
ihd,SNOMED CT,836294006,Acute myocardial infarction of apex of heart (disorder)
ihd,SNOMED CT,836295007,Acute myocardial infarction of inferolateral wall with posterior extension (disorder)
ihd,SNOMED CT,840309000,Acute ST segment elevation myocardial infarction due to occlusion of proximal portion of anterior descending branch of left coronary artery (disorder)
ihd,SNOMED CT,840312002,Acute ST segment elevation myocardial infarction due to occlusion of mid portion of anterior descending branch of left coronary artery (disorder)
ihd,SNOMED CT,840316004,Acute ST segment elevation myocardial infarction due to occlusion of distal portion of anterior descending branch of left coronary artery (disorder)
ihd,SNOMED CT,840609007,Acute ST segment elevation myocardial infarction due to occlusion of anterior descending branch of left coronary artery (disorder)
ihd,SNOMED CT,840680009,Acute ST segment elevation myocardial infarction due to occlusion of septal branch of anterior descending branch of left coronary artery (disorder)
ihd,SNOMED CT,846668006,Acute ST segment elevation myocardial infarction due to occlusion of diagonal branch of anterior descending branch of left coronary artery (disorder)
ihd,SNOMED CT,846683001,Acute ST segment elevation myocardial infarction due to occlusion of intermediate artery (disorder)
ihd,SNOMED CT,868214006,Acute ST segment elevation myocardial infarction due to occlusion of proximal portion of right coronary artery (disorder)
ihd,SNOMED CT,868217004,Acute ST segment elevation myocardial infarction due to occlusion of distal portion of right coronary artery (disorder)
ihd,SNOMED CT,868220007,Acute ST segment elevation myocardial infarction due to occlusion of mid portion of right coronary artery (disorder)
ihd,SNOMED CT,868224003,Acute ST segment elevation myocardial infarction due to occlusion of marginal branch of right coronary artery (disorder)
ihd,SNOMED CT,868225002,Acute ST segment elevation myocardial infarction due to occlusion of posterior descending branch of right coronary artery (disorder)
ihd,SNOMED CT,868226001,Acute ST segment elevation myocardial infarction due to occlusion of posterior lateral branch of right coronary artery (disorder)
ihd,SNOMED CT,879781000,Telehealth monitoring for ischemic heart disease (regime/therapy)
ihd,SNOMED CT,896689003,Acute myocardial infarction due to occlusion of circumflex branch of left coronary artery (disorder)
ihd,SNOMED CT,896691006,Acute ST segment elevation myocardial infarction due to occlusion of circumflex branch of left coronary artery (disorder)
ihd,SNOMED CT,896696001,Acute ST segment elevation myocardial infarction of apex of heart (disorder)
ihd,SNOMED CT,896697005,Acute ST segment elevation myocardial infarction of right ventricle (disorder)
ihd,SNOMED CT,1163440003,Postoperative acute myocardial infarction (disorder)
ihd,SNOMED CT,1204151009,Acute inferior non-ST segment elevation myocardial infarction of right ventricle (disorder)
ihd,SNOMED CT,1204152002,Acute inferior non-ST segment elevation myocardial infarction (disorder)
ihd,SNOMED CT,1204154001,Acute anterior non-ST segment elevation myocardial infarction with right ventricular involvement (disorder)
ihd,SNOMED CT,1204155000,Acute anterior non-ST segment elevation myocardial infarction (disorder)
ihd,SNOMED CT,1204222000,Acute non-ST segment elevation myocardial infarction of right ventricle (disorder)
ihd,SNOMED CT,1208872002,Subsequent anterior non-ST segment elevation myocardial infarction (disorder)
ihd,SNOMED CT,1.7531E+13,Acute myocardial infarction due to left coronary artery occlusion (disorder)
ihd,SNOMED CT,2.3311E+13,Acute myocardial infarction due to right coronary artery occlusion (disorder)
ihd,SNOMED CT,2.85981E+14,Acute ST segment elevation myocardial infarction involving left anterior descending coronary artery (disorder)
ihd,SNOMED CT,1089451000000100,Acute nontransmural myocardial infarction (disorder)
ihd,SNOMED CT,1089471000000109,Acute transmural myocardial infarction (disorder)
ihd,SNOMED CT,12238111000119106,Acute ST segment elevation myocardial infarction of inferolateral wall (disorder)
ihd,SNOMED CT,12238151000119107,Acute ST segment elevation myocardial infarction of inferoposterior wall (disorder)
ihd,SNOMED CT,15712841000119100,Acute ST segment elevation myocardial infarction of posterolateral wall (disorder)
ihd,SNOMED CT,15712881000119105,Acute ST segment elevation myocardial infarction of anterolateral wall (disorder)
ihd,SNOMED CT,15712921000119103,Acute ST segment elevation myocardial infarction of lateral wall (disorder)
ihd,SNOMED CT,15712961000119108,Acute ST segment elevation myocardial infarction of anteroseptal wall (disorder)
ihd,SNOMED CT,15713041000119103,Acute ST segment elevation myocardial infarction of posterior wall (disorder)
ihd,SNOMED CT,15713081000119108,Acute ST segment elevation myocardial infarction due to left coronary artery occlusion (disorder)
ihd,SNOMED CT,15713121000119105,Acute ST segment elevation myocardial infarction due to right coronary artery occlusion (disorder)
ihd,SNOMED CT,15713161000119100,Acute ST segment elevation myocardial infarction of septum (disorder)
ihd,SNOMED CT,15713201000119105,Acute ST segment elevation myocardial infarction of posterobasal wall (disorder)
ihd,SNOMED CT,15960061000119102,Unstable angina co-occurrent and due to coronary arteriosclerosis (disorder)
ihd,SNOMED CT,15960141000119102,Angina co-occurrent and due to coronary arteriosclerosis (disorder)
ihd,SNOMED CT,15960341000119104,Unstable angina due to arteriosclerosis of coronary artery bypass graft of transplanted heart (disorder)
ihd,SNOMED CT,15960381000119109,Angina co-occurrent and due to arteriosclerosis of coronary artery bypass graft (disorder)
ihd,SNOMED CT,15960461000119105,Unstable angina due to arteriosclerosis of autologous arterial coronary artery bypass graft (disorder)
ihd,SNOMED CT,15960541000119107,Unstable angina due to arteriosclerosis of autologous vein coronary artery bypass graft (disorder)
ihd,SNOMED CT,15960581000119102,Angina co-occurrent and due to arteriosclerosis of autologous vein coronary artery bypass graft (disorder)
ihd,SNOMED CT,15960661000119107,Unstable angina co-occurrent and due to arteriosclerosis of coronary artery bypass graft (disorder)
ihd,SNOMED CT,16754391000119100,Stable angina due to coronary arteriosclerosis (disorder)
pad,ICD10,I70,Atherosclerosis
pad,ICD10,I700,Atherosclerosis of aorta
pad,ICD10,I701,Atherosclerosis of renal artery
pad,ICD10,I702,Atherosclerosis of arteries of extremities
pad,ICD10,I708,Atherosclerosis of other arteries
pad,ICD10,I709,Generalized and unspecified atherosclerosis
pad,ICD10,I73,Other peripheral vascular diseases
pad,ICD10,I738,Other specified peripheral vascular diseases
pad,SNOMED CT,63491006,Intermittent claudication
pad,SNOMED CT,127014009,Diabetic peripheral angiopathy
pad,SNOMED CT,201250006,Ischaemic ulcer diabetic foot
pad,SNOMED CT,233958001,Peripheral ischaemia
pad,SNOMED CT,233961000,Lower limb ischemia
pad,SNOMED CT,275520000,Claudication
pad,SNOMED CT,301755001,Ischemic foot
pad,SNOMED CT,307408003,Ischaemic toe
pad,SNOMED CT,314902007,Type II diabetes mellitus with peripheral angiopathy
pad,SNOMED CT,399957001,Peripheral arterial occlusive disease (disorder)
pad,SNOMED CT,400047006,Peripheral vascular disease (disorder)
pad,SNOMED CT,421365002,Peripheral circulatory disorder associated with type I diabetes mellitus (disorder)
pad,SNOMED CT,421895002,Peripheral circulatory disorder associated with diabetes mellitus (disorder)
pad,SNOMED CT,422166005,Peripheral circulatory disorder associated with type II diabetes mellitus (disorder)
pad,SNOMED CT,422275004,Gangrene associated with diabetes mellitus (disorder)
pad,SNOMED CT,3.1211E+13,Peripheral vascular disease due to type I diabetes
pad,SNOMED CT,8.36711E+14,Ischaemic lower limb pain at rest (finding)
stroke,ICD10,G45,Transient cerebral ischaemic attacks and related syndromes
stroke,ICD10,G450,Vertebro-basilar artery syndrome
stroke,ICD10,G451,Carotid artery syndrome (hemispheric)
stroke,ICD10,G452,Multiple and bilateral precerebral artery syndromes
stroke,ICD10,G453,Amaurosis fugax
stroke,ICD10,G454,Transient global amnesia
stroke,ICD10,G458,Other transient cerebral ischaemic attacks and related syndromes
stroke,ICD10,G459,"Transient cerebral ischaemic attack, unspecified"
stroke,ICD10,G460,Middle cerebral artery syndrome
stroke,ICD10,G461,Anterior cerebral artery syndrome
stroke,ICD10,G462,Posterior cerebral artery syndrome
stroke,ICD10,I60,Subarachnoid haemorrhage
stroke,ICD10,I600,Subarachnoid haemorrhage from carotid siphon and bifurcation
stroke,ICD10,I601,Subarachnoid haemorrhage from middle cerebral artery
stroke,ICD10,I602,Subarachnoid haemorrhage from anterior communicating artery
stroke,ICD10,I603,Subarachnoid haemorrhage from posterior communicating artery
stroke,ICD10,I604,Subarachnoid haemorrhage from basilar artery
stroke,ICD10,I605,Subarachnoid haemorrhage from vertebral artery
stroke,ICD10,I606,Subarachnoid haemorrhage from other intracranial arteries
stroke,ICD10,I607,"Subarachnoid haemorrhage from intracranial artery, unspecified"
stroke,ICD10,I608,Other subarachnoid haemorrhage
stroke,ICD10,I609,"Subarachnoid haemorrhage, unspecified"
stroke,ICD10,I61,Intracerebral haemorrhage
stroke,ICD10,I610,"Intracerebral haemorrhage in hemisphere, subcortical"
stroke,ICD10,I611,"Intracerebral haemorrhage in hemisphere, cortical"
stroke,ICD10,I612,"Intracerebral haemorrhage in hemisphere, unspecified"
stroke,ICD10,I613,Intracerebral haemorrhage in brain stem
stroke,ICD10,I614,Intracerebral haemorrhage in cerebellum
stroke,ICD10,I615,"Intracerebral haemorrhage, intraventricular"
stroke,ICD10,I616,"Intracerebral haemorrhage, multiple localized"
stroke,ICD10,I618,Other intracerebral haemorrhage
stroke,ICD10,I619,"Intracerebral haemorrhage, unspecified"
stroke,ICD10,I62,Other nontraumatic intracranial haemorrhage
stroke,ICD10,I620,Nontraumatic subdural haemorrhage
stroke,ICD10,I621,Nontraumatic extradural haemorrhage
stroke,ICD10,I629,"Intracranial haemorrhage (nontraumatic), unspecified"
stroke,ICD10,I63,Cerebral infarction
stroke,ICD10,I630,Cerebral infarction due to thrombosis of precerebral arteries
stroke,ICD10,I631,Cerebral infarction due to embolism of precerebral arteries
stroke,ICD10,I632,Cerebral infarction due to unspecified occlusion or stenosis of precerebral arteries
stroke,ICD10,I633,Cerebral infarction due to thrombosis of cerebral arteries
stroke,ICD10,I634,Cerebral infarction due to embolism of cerebral arteries
stroke,ICD10,I635,Cerebral infarction due to unspecified occlusion or stenosis of cerebral arteries
stroke,ICD10,I636,"Cerebral infarction due to cerebral venous thrombosis, nonpyogenic"
stroke,ICD10,I638,Other cerebral infarction
stroke,ICD10,I639,"Cerebral infarction, unspecified"
stroke,ICD10,I64,"Stroke, not specified as haemorrhage or infarction"
stroke,ICD10,I65,"Occlusion and stenosis of precerebral arteries, not resulting in cerebral infarction"
stroke,ICD10,I650,Occlusion and stenosis of vertebral artery
stroke,ICD10,I651,Occlusion and stenosis of basilar artery
stroke,ICD10,I652,Occlusion and stenosis of carotid artery
stroke,ICD10,I653,Occlusion and stenosis of multiple and bilateral precerebral arteries
stroke,ICD10,I658,Occlusion and stenosis of other precerebral artery
stroke,ICD10,I659,Occlusion and stenosis of unspecified precerebral artery
stroke,ICD10,I66,"Occlusion and stenosis of cerebral arteries, not resulting in cerebral infarction"
stroke,ICD10,I660,Occlusion and stenosis of middle cerebral artery
stroke,ICD10,I661,Occlusion and stenosis of anterior cerebral artery
stroke,ICD10,I662,Occlusion and stenosis of posterior cerebral artery
stroke,ICD10,I663,Occlusion and stenosis of cerebellar arteries
stroke,ICD10,I664,Occlusion and stenosis of multiple and bilateral cerebral arteries
stroke,ICD10,I668,Occlusion and stenosis of other cerebral artery
stroke,ICD10,I669,Occlusion and stenosis of unspecified cerebral artery
stroke,SNOMED CT,7713009,Intrapontine hemorrhage
stroke,SNOMED CT,20059004,Occlusion of cerebral artery (disorder)
stroke,SNOMED CT,20908003,Subcortical cerebral hemorrhage (disorder)
stroke,SNOMED CT,24654003,Weber-Gubler syndrome (disorder)
stroke,SNOMED CT,25133001,Completed stroke (disorder)
stroke,SNOMED CT,34781003,Vertebral artery syndrome (disorder)
stroke,SNOMED CT,39925003,"Juvenile myopathy, encephalopathy, lactic acidosis AND stroke (disorder)"
stroke,SNOMED CT,49422009,Cortical hemorrhage
stroke,SNOMED CT,52201006,Internal capsule hemorrhage
stroke,SNOMED CT,57981008,Progressing stroke (disorder)
stroke,SNOMED CT,64009001,Basilar artery syndrome (disorder)
stroke,SNOMED CT,71444005,Cerebral thrombosis
stroke,SNOMED CT,75038005,Cerebellar hemorrhage
stroke,SNOMED CT,75543006,Cerebral embolism
stroke,SNOMED CT,78569004,Posterior inferior cerebellar artery syndrome (disorder)
stroke,SNOMED CT,87555007,Claude's syndrome (disorder)
stroke,SNOMED CT,90099008,Subcortical leukoencephalopathy (disorder)
stroke,SNOMED CT,95454007,Brain stem hemorrhage (disorder)
stroke,SNOMED CT,95457000,Brain stem infarction (disorder)
stroke,SNOMED CT,95460007,Cerebellar infarction (disorder)
stroke,SNOMED CT,111297002,Nonparalytic stroke (disorder)
stroke,SNOMED CT,116288000,Paralytic stroke (disorder)
stroke,SNOMED CT,195165005,Basal ganglia hemorrhage
stroke,SNOMED CT,195167002,External capsule hemorrhage
stroke,SNOMED CT,195168007,"Intracerebral haemorrhage, intraventricular"
stroke,SNOMED CT,195169004,"Intracerebral hemorrhage, multiple localized"
stroke,SNOMED CT,195185009,Cerebral infarct due to thrombosis of precerebral arteries
stroke,SNOMED CT,195186005,Cerebral infarction due to embolism of precerebral arteries
stroke,SNOMED CT,195189003,Cerebral infarction due to thrombosis of cerebral arteries
stroke,SNOMED CT,195190007,Cerebral infarction due to embolism of cerebral arteries
stroke,SNOMED CT,195199008,Vertebrobasilar artery syndrome (disorder)
stroke,SNOMED CT,195200006,Carotid artery syndrome hemispheric
stroke,SNOMED CT,195201005,Multiple and bilateral precerebral artery syndromes
stroke,SNOMED CT,195205001,Impending cerebral ischemia (disorder)
stroke,SNOMED CT,195206000,Intermittent cerebral ischaemia
stroke,SNOMED CT,195209007,Middle cerebral artery syndrome (disorder)
stroke,SNOMED CT,195210002,Anterior cerebral artery syndrome (disorder)
stroke,SNOMED CT,195211003,Posterior cerebral artery syndrome (disorder)
stroke,SNOMED CT,195212005,Brainstem stroke syndrome (disorder)
stroke,SNOMED CT,195213000,Cerebellar stroke syndrome (disorder)
stroke,SNOMED CT,195216008,Left sided cerebral hemisphere cerebrovascular accident
stroke,SNOMED CT,195217004,Right sided CVA
stroke,SNOMED CT,195230003,"Cerebral infarction due to cerebral venous thrombosis, non-pyogenic (disorder)"
stroke,SNOMED CT,230690007,CVA - Cerebrovascular accident
stroke,SNOMED CT,230691006,CVA - cerebrovascular accident due to cerebral artery occlusion
stroke,SNOMED CT,230692004,Infarction - precerebral
stroke,SNOMED CT,230693009,Anterior cerebral circulation infarction (disorder)
stroke,SNOMED CT,230694003,Total anterior cerebral circulation infarction (disorder)
stroke,SNOMED CT,230695002,Partial anterior cerebral circulation infarction (disorder)
stroke,SNOMED CT,230696001,Posterior cerebral circulation infarction (disorder)
stroke,SNOMED CT,230698000,Lacunar infarction (disorder)
stroke,SNOMED CT,230699008,Pure motor lacunar infarction (disorder)
stroke,SNOMED CT,230700009,Pure sensory lacunar infarction (disorder)
stroke,SNOMED CT,230701008,Pure sensorimotor lacunar infarction (disorder)
stroke,SNOMED CT,230702001,Lacunar ataxic hemiparesis (disorder)
stroke,SNOMED CT,230703006,Dysarthria-clumsy hand syndrome (disorder)
stroke,SNOMED CT,230704000,Multi-infarct state (disorder)
stroke,SNOMED CT,230706003,Hemorrhagic cerebral infarction (disorder)
stroke,SNOMED CT,230707007,Anterior cerebral circulation hemorrhagic infarction (disorder)
stroke,SNOMED CT,230708002,Posterior cerebral circulation hemorrhagic infarction (disorder)
stroke,SNOMED CT,230709005,Massive supratentorial cerebral hemorrhage (disorder)
stroke,SNOMED CT,230710000,Lobar cerebral hemorrhage
stroke,SNOMED CT,230711001,Thalamic hemorrhage (disorder)
stroke,SNOMED CT,230712008,Lacunar hemorrhage (disorder)
stroke,SNOMED CT,230713003,Stroke of uncertain pathology (disorder)
stroke,SNOMED CT,230714009,Anterior circulation stroke of uncertain pathology (disorder)
stroke,SNOMED CT,230715005,Posterior circulation stroke of uncertain pathology (disorder)
stroke,SNOMED CT,230716006,Anterior circulation transient ischaemic attack
stroke,SNOMED CT,230717002,Vertebrobasilar territory transient ischemic attack (disorder)
stroke,SNOMED CT,230739000,Spinal cord stroke (disorder)
stroke,SNOMED CT,266257000,TIA
stroke,SNOMED CT,274100004,Cerebral hemorrhage
stroke,SNOMED CT,275434003,Stroke in the puerperium
stroke,SNOMED CT,275526006,History of cerebrovascular accident (situation)
stroke,SNOMED CT,276219001,Occipital cerebral infarction (disorder)
stroke,SNOMED CT,276220007,Foville syndrome (disorder)
stroke,SNOMED CT,276221006,Millard-Gubler syndrome (disorder)
stroke,SNOMED CT,276222004,Top of basilar syndrome (disorder)
stroke,SNOMED CT,276722003,Intracerebellar and posterior fossa hemorrhage (disorder)
stroke,SNOMED CT,277286006,Central post-stroke pain (finding)
stroke,SNOMED CT,281240008,Extension of cerebrovascular accident (disorder)
stroke,SNOMED CT,297138001,Embolus of circle of Willis (disorder)
stroke,SNOMED CT,306803007,Admission to stroke unit (procedure)
stroke,SNOMED CT,306808003,Discharge from stroke service (procedure)
stroke,SNOMED CT,307363008,Multiple lacunar infarcts (disorder)
stroke,SNOMED CT,307766002,Left sided cerebral infarction
stroke,SNOMED CT,307767006,Right sided cerebral infarction
stroke,SNOMED CT,308067002,History of stroke in last year (situation)
stroke,SNOMED CT,308128006,"Right sided intracerebral hemorrhage, unspecified"
stroke,SNOMED CT,371040005,Thrombotic stroke (disorder)
stroke,SNOMED CT,371041009,Embolic stroke (disorder)
stroke,SNOMED CT,373606000,Occlusive stroke (disorder)
stroke,SNOMED CT,412773009,Referral to stroke clinic (procedure)
stroke,SNOMED CT,413102000,Infarction of basal ganglia (disorder)
stroke,SNOMED CT,413758000,Cardioembolic stroke (disorder)
stroke,SNOMED CT,417506008,Hemorrhagic stroke monitoring (regime/therapy)
stroke,SNOMED CT,422504002,Ischemic stroke (disorder)
stroke,SNOMED CT,425642008,Monoplegia of dominant lower limb as a late effect of cerebrovascular accident (disorder)
stroke,SNOMED CT,425882004,Paralytic syndrome as late effect of stroke (disorder)
stroke,SNOMED CT,426033005,Dysphagia as a late effect of cerebrovascular accident (disorder)
stroke,SNOMED CT,426107000,Acute lacunar infarction (disorder)
stroke,SNOMED CT,426788002,Vertigo as late effect of stroke (disorder)
stroke,SNOMED CT,426983002,Infarction of medulla oblongata (disorder)
stroke,SNOMED CT,427065003,Monoplegia of dominant upper limb as a late effect of cerebrovascular accident (disorder)
stroke,SNOMED CT,427432001,Paralytic syndrome as late effect of thalamic stroke (disorder)
stroke,SNOMED CT,429235008,History of cardioembolic stroke (situation)
stroke,SNOMED CT,429993008,History of cerebrovascular accident without residual deficits (situation)
stroke,SNOMED CT,430947007,Paralytic syndrome of nondominant side as late effect of stroke (disorder)
stroke,SNOMED CT,430959006,Paralytic syndrome of dominant side as late effect of stroke (disorder)
stroke,SNOMED CT,432504007,Cerebral infarction (disorder)
stroke,SNOMED CT,440140008,History of cerebrovascular accident with residual deficit (situation)
stroke,SNOMED CT,440665006,Compensatory behavior related to unilateral stroke deficit (observable entity)
stroke,SNOMED CT,441894009,Monoplegia of nondominant lower limb as a late effect of cerebrovascular accident (disorder)
stroke,SNOMED CT,441960006,Speech and language deficit as late effect of cerebrovascular accident (disorder)
stroke,SNOMED CT,441991000,Hemiparesis as late effect of cerebrovascular accident (disorder)
stroke,SNOMED CT,442181008,Monoplegia of nondominant upper limb as a late effect of cerebrovascular accident (disorder)
stroke,SNOMED CT,442212003,Residual cognitive deficit as late effect of cerebrovascular accident (disorder)
stroke,SNOMED CT,442733008,Hemiplegia as late effect of cerebrovascular accident (disorder)
stroke,SNOMED CT,444172003,Recurrent transient cerebral ischemic attack (disorder)
stroke,SNOMED CT,444657001,Superior cerebellar artery syndrome (disorder)
stroke,SNOMED CT,699429007,History of cerebrovascular accident in last eight weeks (situation)
stroke,SNOMED CT,713410003,Pain following cerebrovascular accident (finding)
stroke,SNOMED CT,723083001,Late effects of cerebral ischemic stroke (disorder)
stroke,SNOMED CT,724424009,Cerebral ischemic stroke due to small artery occlusion (disorder)
stroke,SNOMED CT,724425005,Cerebral ischemic stroke due to intracranial large artery atherosclerosis (disorder)
stroke,SNOMED CT,724426006,Cerebral ischemic stroke due to extracranial large artery atherosclerosis (disorder)
stroke,SNOMED CT,724429004,Stroke co-occurrent with migraine (disorder)
stroke,SNOMED CT,724787004,Epilepsy due to cerebrovascular accident (disorder)
stroke,SNOMED CT,724993002,Cerebral ischemic stroke due to occlusion of extracranial large artery (disorder)
stroke,SNOMED CT,724994008,Cerebral ischemic stroke due to stenosis of extracranial large artery (disorder)
stroke,SNOMED CT,725132001,Ischemic stroke without residual deficits (disorder)
stroke,SNOMED CT,732923001,Hemorrhage of medulla oblongata (disorder)
stroke,SNOMED CT,734383005,Thrombosis of left middle cerebral artery (disorder)
stroke,SNOMED CT,734384004,Thrombosis of right middle cerebral artery (disorder)
stroke,SNOMED CT,771476007,"Autosomal recessive leukoencephalopathy, ischemic stroke, retinitis pigmentosa syndrome (disorder)"
stroke,SNOMED CT,788880006,Cerebral ischemic stroke due to dissection of artery (disorder)
stroke,SNOMED CT,788881005,Cerebral ischemic stroke due to aortic arch embolism (disorder)
stroke,SNOMED CT,788882003,Cerebral ischemic stroke due to global hypoperfusion with watershed infarct (disorder)
stroke,SNOMED CT,788883008,Cerebral ischemic stroke due to hypercoagulable state (disorder)
stroke,SNOMED CT,788884002,Cerebral ischemic stroke due to subarachnoid hemorrhage (disorder)
stroke,SNOMED CT,1179359005,Maternal epilepsy due to perinatal stroke (disorder)
stroke,SNOMED CT,1197429000,"Cathepsin A-related arteriopathy, strokes, leukoencephalopathy (disorder)"
stroke,SNOMED CT,1231168008,Malignant middle cerebral artery syndrome (disorder)
stroke,SNOMED CT,3.61E+11,Paralytic syndrome on one side of the body as late effect of cerebrovascular accident (disorder)
stroke,SNOMED CT,9.901E+12,Occlusion of cerebral artery with stroke (disorder)
stroke,SNOMED CT,3.3301E+13,Sequela of cardioembolic stroke (disorder)
stroke,SNOMED CT,3.3331E+13,Sequela of lacunar stroke (disorder)
stroke,SNOMED CT,4.0161E+13,Weakness of face muscles as sequela of stroke (disorder)
stroke,SNOMED CT,4.8601E+13,Paralytic syndrome on one side of the body as effect of cerebrovascular accident (disorder)
stroke,SNOMED CT,8.8601E+13,Did not attend stroke clinic (finding)
stroke,SNOMED CT,9.1601E+13,Sequela of thrombotic stroke (disorder)
stroke,SNOMED CT,9.2341E+13,Weakness of extremities as sequela of stroke (disorder)
stroke,SNOMED CT,9.7531E+13,History of parietal cerebrovascular accident (situation)
stroke,SNOMED CT,9.9051E+13,History of lacunar cerebrovascular accident (situation)
stroke,SNOMED CT,1.02831E+14,Paralytic syndrome of both lower limbs as sequela of stroke (disorder)
stroke,SNOMED CT,1.03761E+14,Paralytic syndrome of all four limbs as sequela of stroke (disorder)
stroke,SNOMED CT,1.08691E+14,Spasticity as sequela of stroke (disorder)
stroke,SNOMED CT,1.12901E+14,Referral to multidisciplinary stroke function improvement service (procedure)
stroke,SNOMED CT,1.18951E+14,History of thrombotic stroke without residual deficits (situation)
stroke,SNOMED CT,1.18961E+14,History of hemorrhagic cerebrovascular accident without residual deficits (situation)
stroke,SNOMED CT,1.18971E+14,History of embolic stroke without deficits (situation)
stroke,SNOMED CT,1.25081E+14,Cerebral infarction due to occlusion of precerebral artery
stroke,SNOMED CT,1.34771E+14,Alteration of sensation as late effect of stroke (disorder)
stroke,SNOMED CT,1.37991E+14,Seizure disorder as sequela of stroke (disorder)
stroke,SNOMED CT,1.40701E+14,History of hemorrhagic stroke with hemiparesis (situation)
stroke,SNOMED CT,1.40711E+14,History of hemorrhagic stroke with hemiplegia (situation)
stroke,SNOMED CT,1.40911E+14,Ischemic stroke with coma (disorder)
stroke,SNOMED CT,1.40921E+14,Ischemic stroke without coma (disorder)
stroke,SNOMED CT,1.41281E+14,History of ischemic stroke without residual deficits (situation)
stroke,SNOMED CT,1.41811E+14,History of hemorrhagic cerebrovascular accident with residual deficit (situation)
stroke,SNOMED CT,1.41821E+14,History of ischemic cerebrovascular accident with residual deficit (situation)
stroke,SNOMED CT,1.41831E+14,History of embolic stroke with deficits (situation)
stroke,SNOMED CT,1.48871E+14,Weakness as a late effect of cerebrovascular accident (disorder)
stroke,SNOMED CT,1.86831E+14,Apraxia due to and following cerebrovascular accident (disorder)
stroke,SNOMED CT,2.01501E+14,Seen in stroke clinic (finding)
stroke,SNOMED CT,2.31231E+14,Delivery of rehabilitation for stroke (regime/therapy)
stroke,SNOMED CT,2.90581E+14,Ataxia due to and following cerebrovascular accident (disorder)
stroke,SNOMED CT,2.90631E+14,Dysarthria due to and following cerebrovascular accident (disorder)
stroke,SNOMED CT,2.90791E+14,Fluency disorder due to and following cerebrovascular accident (disorder)
stroke,SNOMED CT,2.90931E+14,Monoplegia of lower limb due to and following cerebrovascular accident (disorder)
stroke,SNOMED CT,2.91091E+14,Monoplegia of left nondominant upper limb due to and following cerebrovascular accident (disorder)
stroke,SNOMED CT,2.91111E+14,Monoplegia of right nondominant upper limb due to and following cerebrovascular accident (disorder)
stroke,SNOMED CT,2.91121E+14,Monoplegia of upper limb due to and following cerebrovascular accident (disorder)
stroke,SNOMED CT,2.92851E+14,Lacunar ataxic hemiparesis of right dominant side (disorder)
stroke,SNOMED CT,2.92861E+14,Lacunar ataxic hemiparesis of left dominant side (disorder)
stroke,SNOMED CT,3.29361E+14,Cerebrovascular accident due to occlusion of right middle cerebral artery by embolus (disorder)
stroke,SNOMED CT,3.29371E+14,Cerebrovascular accident due to occlusion of left middle cerebral artery by embolus (disorder)
stroke,SNOMED CT,3.29421E+14,Cerebrovascular accident due to occlusion of right posterior cerebral artery by embolus (disorder)
stroke,SNOMED CT,3.29431E+14,Cerebrovascular accident due to occlusion of left posterior cerebral artery by embolus (disorder)
stroke,SNOMED CT,3.29451E+14,Cerebrovascular accident due to occlusion of right cerebellar artery by embolus (disorder)
stroke,SNOMED CT,3.29461E+14,Cerebrovascular accident due to occlusion of left cerebellar artery by embolus (disorder)
stroke,SNOMED CT,3.29641E+14,Cerebrovascular accident due to thrombus of basilar artery (disorder)
stroke,SNOMED CT,3.29651E+14,Cerebrovascular accident due to thrombus of right carotid artery (disorder)
stroke,SNOMED CT,3.30411E+14,Lacunar ataxic hemiparesis of left nondominant side (disorder)
stroke,SNOMED CT,3.30421E+14,Lacunar ataxic hemiparesis of right nondominant side (disorder)
stroke,SNOMED CT,3.30791E+14,Cerebrovascular accident due to thrombus of left carotid artery (disorder)
stroke,SNOMED CT,5.21411E+14,Did not attend stroke review (finding)
stroke,SNOMED CT,6.72441E+14,Hemiplegia of nondominant side due to and following ischemic cerebrovascular accident (disorder)
stroke,SNOMED CT,6.72461E+14,Hemiplegia of dominant side due to and following ischemic cerebrovascular accident (disorder)
stroke,SNOMED CT,6.72501E+14,Dysarthria due to and following ischemic cerebrovascular accident (disorder)
stroke,SNOMED CT,6.72511E+14,Dysarthria due to and following hemorrhagic cerebrovascular accident (disorder)
stroke,SNOMED CT,6.72521E+14,Dysphasia due to and following ischemic cerebrovascular accident (disorder)
stroke,SNOMED CT,6.72531E+14,Dysphasia due to and following hemorrhagic cerebrovascular accident (disorder)
stroke,SNOMED CT,6.72541E+14,Aphasia due to and following ischemic cerebrovascular accident (disorder)
stroke,SNOMED CT,6.72561E+14,Cognitive deficit due to and following ischemic cerebrovascular accident (disorder)
stroke,SNOMED CT,6.72571E+14,Cognitive deficit due to and following hemorrhagic cerebrovascular accident (disorder)
stroke,SNOMED CT,6.74091E+14,Vertigo due to and following ischemic cerebrovascular accident (disorder)
stroke,SNOMED CT,6.74111E+14,Ataxia due to and following ischemic cerebrovascular accident (disorder)
stroke,SNOMED CT,6.74121E+14,Ataxia due to and following hemorrhagic cerebrovascular accident (disorder)
stroke,SNOMED CT,6.74161E+14,Monoplegia of upper limb due to and following ischemic cerebrovascular accident (disorder)
stroke,SNOMED CT,6.74361E+14,Apraxia due to and following ischemic cerebrovascular accident (disorder)
stroke,SNOMED CT,6.74381E+14,Weakness of facial muscle due to and following ischemic cerebrovascular accident (disorder)
stroke,SNOMED CT,6.74391E+14,Speech and language deficit due to and following hemorrhagic cerebrovascular accident (disorder)
stroke,SNOMED CT,6.74401E+14,Speech and language deficit due to and following ischemic cerebrovascular accident (disorder)
stroke,SNOMED CT,6.90051E+14,History of cerebellar stroke (situation)
stroke,SNOMED CT,6.90171E+14,Weakness of facial muscle due to and following embolic cerebrovascular accident (disorder)
stroke,SNOMED CT,6.90201E+14,Ataxia due to and following embolic cerebrovascular accident (disorder)
stroke,SNOMED CT,6.90271E+14,Hemiplegia of nondominant side due to and following embolic cerebrovascular accident (disorder)
stroke,SNOMED CT,6.90311E+14,Dysarthria due to and following embolic cerebrovascular accident (disorder)
stroke,SNOMED CT,6.90321E+14,Aphasia due to and following embolic cerebrovascular accident (disorder)
stroke,SNOMED CT,6.90331E+14,Speech and language deficit due to and following embolic cerebrovascular accident (disorder)
stroke,SNOMED CT,6.90341E+14,Cognitive deficit due to and following embolic cerebrovascular accident (disorder)
stroke,SNOMED CT,6.90351E+14,Dysphasia due to and following embolic cerebrovascular accident (disorder)
stroke,SNOMED CT,7.51371E+14,Personal history of transient ischaemic attack (situation)
stroke,SNOMED CT,7.69211E+14,Suspected cerebrovascular accident (situation)
stroke,SNOMED CT,7.81731E+14,Referral for multidisciplinary stroke function improvement declined (situation)
stroke,SNOMED CT,8.16241E+14,Management of stroke rehabilitation (procedure)
stroke,SNOMED CT,8.17701E+14,Acute stroke care (regime/therapy)
stroke,SNOMED CT,8.17711E+14,Management of acute stroke (procedure)
stroke,SNOMED CT,8.23971E+14,Acute stroke care management (procedure)
stroke,SNOMED CT,8.42421E+14,Acute stroke management plan agreed (finding)
stroke,SNOMED CT,8.58821E+14,Education about stroke rehabilitation (procedure)
stroke,SNOMED CT,10624401000119102,Family history of stroke due to aneurysm (situation)
stroke,SNOMED CT,107557061000119108,Cerebrovascular accident due to embolism of bilateral anterior cerebral arteries (disorder)
stroke,SNOMED CT,1078001000000105,Haemorrhagic stroke (disorder)
stroke,SNOMED CT,1078671000000108,Emergency hospital admission to stroke service (procedure)
stroke,SNOMED CT,1089411000000104,Cerebral infarction due to occlusion of cerebral artery (disorder)
stroke,SNOMED CT,1089421000000105,Cerebral infarction due to stenosis of cerebral artery (disorder)
stroke,SNOMED CT,12242711000119109,Weakness of left facial muscle due to and following cerebrovascular accident (disorder)
stroke,SNOMED CT,12242751000119105,Weakness of right facial muscle due to and following cerebrovascular accident (disorder)
stroke,SNOMED CT,12367511000119101,Paraplegia due to and following cerebrovascular accident (disorder)
stroke,SNOMED CT,152148641000119104,Cerebrovascular accident due to embolism of bilateral carotid arteries (disorder)
stroke,SNOMED CT,16000511000119103,Cerebrovascular accident due to occlusion of left middle cerebral artery (disorder)
stroke,SNOMED CT,16002031000119102,Cerebrovascular accident due to thrombus of right middle cerebral artery (disorder)
stroke,SNOMED CT,16002111000119106,Cerebrovascular accident due to thrombus of left middle cerebral artery (disorder)
stroke,SNOMED CT,16260551000119106,Dysphasia due to and following cerebrovascular accident (disorder)
stroke,SNOMED CT,16371781000119100,Cerebellar stroke (disorder)
stroke,SNOMED CT,16703661000119105,Memory deficit due to and following cerebrovascular accident (disorder)
stroke,SNOMED CT,16703711000119100,Memory deficit due to and following embolic cerebrovascular accident (disorder)
stroke,SNOMED CT,16703761000119102,Memory deficit due to and following ischemic cerebrovascular accident (disorder)
stroke,SNOMED CT,16703821000119101,Memory deficit due to and following hemorrhagic cerebrovascular accident (disorder)
stroke,SNOMED CT,168747591000119109,Cerebrovascular accident due to embolism of bilateral posterior cerebral arteries (disorder)
stroke,SNOMED CT,16891111000119104,Cryptogenic stroke (disorder)
stroke,SNOMED CT,16896851000119101,History of embolic cerebrovascular accident (situation)
stroke,SNOMED CT,16896891000119106,History of cerebrovascular accident due to ischemia (situation)
stroke,SNOMED CT,251770561000119107,Cerebrovascular accident due to embolism of left anterior cerebral artery (disorder)
stroke,SNOMED CT,384430101000119103,Cerebrovascular accident due to embolism of right carotid artery (disorder)
stroke,SNOMED CT,38595071000119104,Cerebrovascular accident due to thrombosis of right posterior cerebral artery (disorder)
stroke,SNOMED CT,496369931000119104,Cerebrovascular accident due to thrombosis of right cerebellar artery (disorder)
stroke,SNOMED CT,511452481000119102,Cerebrovascular accident due to thrombosis of right vertebral artery (disorder)
stroke,SNOMED CT,517253051000119105,Cerebrovascular accident due to embolism of left vertebral artery (disorder)
stroke,SNOMED CT,58173271000119101,Cerebrovascular accident due to embolism of bilateral cerebellar arteries (disorder)
stroke,SNOMED CT,732330391000119107,Cerebrovascular accident due to embolism of bilateral vertebral arteries (disorder)
stroke,SNOMED CT,759950981000119101,Cerebrovascular accident due to thrombosis of left vertebral artery (disorder)
stroke,SNOMED CT,769023031000119104,Cerebrovascular accident of thalamus (disorder)
stroke,SNOMED CT,806161651000119106,Cerebrovascular accident due to embolism of right vertebral artery (disorder)
stroke,SNOMED CT,849488701000119104,Cerebrovascular accident due to embolism of right anterior cerebral artery (disorder)
stroke,SNOMED CT,851365731000119106,Cerebrovascular accident due to thrombosis of left posterior cerebral artery (disorder)
stroke,SNOMED CT,859422751000119101,Cerebrovascular accident due to embolism of left carotid artery (disorder)
stroke,SNOMED CT,915141931000119109,Cerebrovascular accident due to embolism of basilar artery (disorder)
stroke,SNOMED CT,939885431000119109,Cerebrovascular accident due to embolism of bilateral middle cerebral arteries (disorder)
stroke,SNOMED CT,957319791000119104,Cerebrovascular accident due to thrombosis of left cerebellar artery (disorder)
anaemia,ICD10,D50,Iron deficiency anaemia
anaemia,ICD10,D500,Iron deficiency anaemia secondary to blood loss (chronic)
anaemia,ICD10,D501,Sideropenic dysphagia
anaemia,ICD10,D508,Other iron deficiency anaemias
anaemia,ICD10,D509,"Iron deficiency anaemia, unspecified"
anaemia,ICD10,D51,Vitamin B12 deficiency anaemia
anaemia,ICD10,D510,Vitamin B12 deficiency anaemia due to intrinsic factor deficiency
anaemia,ICD10,D511,Vitamin B12 deficiency anaemia due to selective vitamin B12 malabsorption with proteinuria
anaemia,ICD10,D512,Transcobalamin II deficiency
anaemia,ICD10,D513,Other dietary vitamin B12 deficiency anaemia
anaemia,ICD10,D518,Other vitamin B12 deficiency anaemias
anaemia,ICD10,D519,"Vitamin B12 deficiency anaemia, unspecified"
anaemia,ICD10,D52,Folate deficiency anaemia
anaemia,ICD10,D520,Dietary folate deficiency anaemia
anaemia,ICD10,D521,Drug-induced folate deficiency anaemia
anaemia,ICD10,D528,Other folate deficiency anaemias
anaemia,ICD10,D529,"Folate deficiency anaemia, unspecified"
anaemia,ICD10,D53,Other nutritional anaemias
anaemia,ICD10,D530,Protein deficiency anaemia
anaemia,ICD10,D531,"Other megaloblastic anaemias, not elsewhere classified"
anaemia,ICD10,D532,Scorbutic anaemia
anaemia,ICD10,D538,Other specified nutritional anaemias
anaemia,ICD10,D539,"Nutritional anaemia, unspecified"
anaemia,ICD10,D55,Anaemia due to enzyme disorders
anaemia,ICD10,D550,Anaemia due to glucose-6-phosphate dehydrogenase [G6PD] deficiency
anaemia,ICD10,D551,Anaemia due to other disorders of glutathione metabolism
anaemia,ICD10,D552,Anaemia due to disorders of glycolytic enzymes
anaemia,ICD10,D553,Anaemia due to disorders of nucleotide metabolism
anaemia,ICD10,D558,Other anaemias due to enzyme disorders
anaemia,ICD10,D559,"Anaemia due to enzyme disorder, unspecified"
anaemia,ICD10,D56,Thalassaemia
anaemia,ICD10,D560,Alpha thalassaemia
anaemia,ICD10,D561,Beta thalassaemia
anaemia,ICD10,D562,Delta-beta thalassaemia
anaemia,ICD10,D564,Hereditary persistence of fetal haemoglobin [HPFH]
anaemia,ICD10,D568,Other thalassaemias
anaemia,ICD10,D569,"Thalassaemia, unspecified"
anaemia,ICD10,D57,Sickle-cell disorders
anaemia,ICD10,D570,Sickle-cell anaemia with crisis
anaemia,ICD10,D571,Sickle-cell anaemia without crisis
anaemia,ICD10,D572,Double heterozygous sickling disorders
anaemia,ICD10,D573,Sickle-cell trait
anaemia,ICD10,D578,Other sickle-cell disorders
anaemia,ICD10,D58,Other hereditary haemolytic anaemias
anaemia,ICD10,D580,Hereditary spherocytosis
anaemia,ICD10,D581,Hereditary elliptocytosis
anaemia,ICD10,D582,Other haemoglobinopathies
anaemia,ICD10,D588,Other specified hereditary haemolytic anaemias
anaemia,ICD10,D589,"Hereditary haemolytic anaemia, unspecified"
anaemia,ICD10,D59,Acquired haemolytic anaemia
anaemia,ICD10,D590,Drug-induced autoimmune haemolytic anaemia
anaemia,ICD10,D591,Other autoimmune haemolytic anaemias
anaemia,ICD10,D592,Drug-induced nonautoimmune haemolytic anaemia
anaemia,ICD10,D593,Haemolytic-uraemic syndrome
anaemia,ICD10,D594,Other nonautoimmune haemolytic anaemias
anaemia,ICD10,D595,Paroxysmal nocturnal haemoglobinuria [Marchiafava-Micheli]
anaemia,ICD10,D596,Haemoglobinuria due to haemolysis from other external causes
anaemia,ICD10,D598,Other acquired haemolytic anaemias
anaemia,ICD10,D599,"Acquired haemolytic anaemia, unspecified"
anaemia,ICD10,D60,Acquired pure red cell aplasia [erythroblastopenia]
anaemia,ICD10,D600,Chronic acquired pure red cell aplasia
anaemia,ICD10,D601,Transient acquired pure red cell aplasia
anaemia,ICD10,D608,Other acquired pure red cell aplasias
anaemia,ICD10,D609,"Acquired pure red cell aplasia, unspecified"
anaemia,ICD10,D61,Other aplastic anaemias
anaemia,ICD10,D610,Constitutional aplastic anaemia
anaemia,ICD10,D611,Drug-induced aplastic anaemia
anaemia,ICD10,D612,Aplastic anaemia due to other external agents
anaemia,ICD10,D613,Idiopathic aplastic anaemia
anaemia,ICD10,D618,Other specified aplastic anaemias
anaemia,ICD10,D619,"Aplastic anaemia, unspecified"
anaemia,ICD10,D62,Acute posthaemorrhagic anaemia
anaemia,ICD10,D63,Anaemia in chronic diseases classified elsewhere
anaemia,ICD10,D630,Anaemia in neoplastic disease
anaemia,ICD10,D638,Anaemia in other chronic diseases classified elsewhere
anaemia,ICD10,D64,Other anaemias
anaemia,ICD10,D640,Hereditary sideroblastic anaemia
anaemia,ICD10,D641,Secondary sideroblastic anaemia due to disease
anaemia,ICD10,D642,Secondary sideroblastic anaemia due to drugs and toxins
anaemia,ICD10,D643,Other sideroblastic anaemias
anaemia,ICD10,D644,Congenital dyserythropoietic anaemia
anaemia,ICD10,D648,Other specified anaemias
anaemia,ICD10,D649,"Anaemia, unspecified"
anaemia,SNOMED CT,183005,Autoimmune pancytopenia (disorder)
anaemia,SNOMED CT,862001,Anemia caused by chlorate (disorder)
anaemia,SNOMED CT,934007,Thalassemia intermedia (disorder)
anaemia,SNOMED CT,1963002,Paroxysmal nocturnal hemoglobinuria (disorder)
anaemia,SNOMED CT,2694001,Myelophthisic anemia (disorder)
anaemia,SNOMED CT,2835000,Traumatic cardiac hemolytic anemia (disorder)
anaemia,SNOMED CT,3272007,Stomatocytosis (disorder)
anaemia,SNOMED CT,3571004,Megaloblastic anemia due to pancreatic insufficiency (disorder)
anaemia,SNOMED CT,3978000,Warm autoimmune hemolytic anemia (disorder)
anaemia,SNOMED CT,4854004,Acquired hemolytic anemia (disorder)
anaemia,SNOMED CT,4939006,Hemolytic anemia due to nonlymphoid neoplasm (disorder)
anaemia,SNOMED CT,4984008,Microcytic normochromic anemia (disorder)
anaemia,SNOMED CT,5300004,Hemoglobin Bart's hydrops syndrome (disorder)
anaemia,SNOMED CT,5315003,Hereditary nonspherocytic hemolytic anemia due to increased adenosine deaminase activity (disorder)
anaemia,SNOMED CT,5430006,Megaloblastic anemia due to total parenteral nutrition (disorder)
anaemia,SNOMED CT,5603006,Autoimmune hemolytic anemia caused by immunoglobulin G (disorder)
anaemia,SNOMED CT,5876000,Acquired pancytopenia (disorder)
anaemia,SNOMED CT,5967006,A gamma beta^+^ hereditary persistence of fetal hemoglobin AND beta^0^ thalassemia in cis (disorder)
anaemia,SNOMED CT,5994005,Hereditary elliptocytosis due to deficiency of protein 4.1 (disorder)
anaemia,SNOMED CT,6398009,Idiopathic chronic cold agglutinin disease (disorder)
anaemia,SNOMED CT,6659005,Megaloblastic anemia due to celiac disease (disorder)
anaemia,SNOMED CT,8857001,Hereditary elliptocytosis due to alpha spectrin defect (disorder)
anaemia,SNOMED CT,9434008,Hereditary pyropoikilocytosis (disorder)
anaemia,SNOMED CT,9764001,Anemia caused by radiation (disorder)
anaemia,SNOMED CT,10205009,Megaloblastic anemia due to exfoliative dermatitis (disorder)
anaemia,SNOMED CT,10564005,Severe hereditary spherocytosis due to combined deficiency of spectrin AND ankyrin (disorder)
anaemia,SNOMED CT,10619002,Megaloblastic anemia due to poor nutrition (disorder)
anaemia,SNOMED CT,11491000,Anemia due to niacin deficiency (disorder)
anaemia,SNOMED CT,11503009,Relative anemia (disorder)
anaemia,SNOMED CT,11781007,Autoimmune hemolytic anemia caused by complement (disorder)
anaemia,SNOMED CT,12189000,Coombs negative hemolytic anemia (disorder)
anaemia,SNOMED CT,12238007,Megaloblastic anemia due to gastrectomy (disorder)
anaemia,SNOMED CT,12907000,Thiamine-responsive megaloblastic anemia (disorder)
anaemia,SNOMED CT,13172003,Chronic idiopathic thrombocytopenic purpura (disorder)
anaemia,SNOMED CT,14024008,Humoral immunologic aplastic anemia (disorder)
anaemia,SNOMED CT,14087004,Hereditary stomatocytosis (disorder)
anaemia,SNOMED CT,14126008,Autosomal-linked pyridoxine refractory sideroblastic anemia (disorder)
anaemia,SNOMED CT,14379009,Dimorphic anemia (disorder)
anaemia,SNOMED CT,14514008,Anemia due to disturbance of hemoglobin synthesis (disorder)
anaemia,SNOMED CT,15121005,Hereditary elliptocytosis due to glycophorin C deficiency (disorder)
anaemia,SNOMED CT,15276008,Drug-induced enzyme deficiency anemia (disorder)
anaemia,SNOMED CT,15326009,"beta^+^ Thalassemia, normal Hb A>2<, type 2 (disorder)"
anaemia,SNOMED CT,15332004,Goats' milk anemia (disorder)
anaemia,SNOMED CT,16360009,Delta beta thalassemia (disorder)
anaemia,SNOMED CT,16427007,Delta thalassemia (disorder)
anaemia,SNOMED CT,16645003,Anemia caused by insect venom (disorder)
anaemia,SNOMED CT,16964007,Hereditary persistence of fetal hemoglobin thalassemia (disorder)
anaemia,SNOMED CT,18273004,Unstable hemoglobin disease (disorder)
anaemia,SNOMED CT,18323000,"Drug-induced immune hemolytic anemia, immune complex type (disorder)"
anaemia,SNOMED CT,18637002,Megaloblastic anemia of premature infant (disorder)
anaemia,SNOMED CT,18662002,Acquired Heinz body anemia (disorder)
anaemia,SNOMED CT,19442009,Heterozygous thalassemia (disorder)
anaemia,SNOMED CT,21412009,X chromosome-linked pyridoxine refractory sideroblastic anemia (disorder)
anaemia,SNOMED CT,21914002,Anemia of thyroid dysfunction (disorder)
anaemia,SNOMED CT,22098000,Chronic idiopathic autoimmune hemolytic anemia (disorder)
anaemia,SNOMED CT,22347002,Anemia of gonadal dysfunction (disorder)
anaemia,SNOMED CT,22438006,Anemia due to disturbance of proliferation AND/OR differentiation of hematopoietic stem cells (disorder)
anaemia,SNOMED CT,22933009,Glucose-6-phosphate dehydrogenase deficiency class I variant anemia (disorder)
anaemia,SNOMED CT,23371004,Epsilon gamma delta beta thalassemia (disorder)
anaemia,SNOMED CT,24620004,Hemolytic anemia caused by babesiosis (disorder)
anaemia,SNOMED CT,24661004,Glucose-6-phosphate dehydrogenase deficiency class III variant anemia (disorder)
anaemia,SNOMED CT,24962009,Anemia due to vitamin E deficiency (disorder)
anaemia,SNOMED CT,24975009,Mild hereditary spherocytosis due to combined deficiency of spectrin AND ankyrin (disorder)
anaemia,SNOMED CT,25251008,Hereditary nonspherocytic hemolytic anemia due to gamma glutamyl cysteine synthetase deficiency (disorder)
anaemia,SNOMED CT,25266006,Hereditary spherocytosis due to spectrin deficiency (disorder)
anaemia,SNOMED CT,25443007,X chromosome-linked pyridoxine responsive sideroblastic anemia (disorder)
anaemia,SNOMED CT,25472008,Sickle cell-hemoglobin D disease (disorder)
anaemia,SNOMED CT,26333003,Megaloblastic anemia due to vitamin B>12< malabsorption with proteinuria (disorder)
anaemia,SNOMED CT,26409005,"Congenital dyserythropoietic anemia, type III (disorder)"
anaemia,SNOMED CT,26682008,Homozygous beta thalassemia (disorder)
anaemia,SNOMED CT,26944003,Acute megaloblastic anemia due to dialysis (disorder)
anaemia,SNOMED CT,27080008,Beta zero thalassemia deletion type (disorder)
anaemia,SNOMED CT,27342004,Anemia of pregnancy (disorder)
anaemia,SNOMED CT,27366005,Megaloblastic anemia due to hemodialysis (disorder)
anaemia,SNOMED CT,27798002,Megaloblastic anemia due to impaired absorption of folate (disorder)
anaemia,SNOMED CT,28147001,Hemolytic anemia caused by Clostridium welchii (disorder)
anaemia,SNOMED CT,28975000,Constitutional aplastic anemia (disorder)
anaemia,SNOMED CT,29177004,Anemia due to pentose phosphate pathway defect (disorder)
anaemia,SNOMED CT,29551000,Anemia caused by oxygen (disorder)
anaemia,SNOMED CT,30418008,Anemia of adrenal dysfunction (disorder)
anaemia,SNOMED CT,30575002,Fanconi's anemia (disorder)
anaemia,SNOMED CT,31206006,Refractory megaloblastic anemia (disorder)
anaemia,SNOMED CT,31820007,Anemia of endocrine disorder (disorder)
anaemia,SNOMED CT,32094009,Megaloblastic anemia caused by fish tapeworm (disorder)
anaemia,SNOMED CT,32648007,Mild hereditary spherocytosis due to spectrin deficiency (disorder)
anaemia,SNOMED CT,32855007,Hereditary persistence of fetal hemoglobin unlinked to beta-globulin gene cluster (disorder)
anaemia,SNOMED CT,32858009,Hemolytic disease of fetus OR newborn due to ABO immunization (disorder)
anaemia,SNOMED CT,33183004,Post infectious thrombocytopenic purpura (disorder)
anaemia,SNOMED CT,33491002,Autoimmune hemolytic anemia caused by immunoglobulin A plus complement (disorder)
anaemia,SNOMED CT,33905008,Hereditary spherocytosis due to deficiency of protein 4.2 (disorder)
anaemia,SNOMED CT,34194007,Hereditary nonspherocytic hemolytic anemia due to pyrimidine-5'-nucleotidase deficiency (disorder)
anaemia,SNOMED CT,34247008,Anemia due to mechanical damage (disorder)
anaemia,SNOMED CT,34629009,Anemia due to zinc deficiency (disorder)
anaemia,SNOMED CT,34852006,Glucose-6-phosphate dehydrogenase deficiency class II variant anemia (disorder)
anaemia,SNOMED CT,34925000,Megaloblastic anemia due to inborn errors of metabolism (disorder)
anaemia,SNOMED CT,35434009,Sickle cell-hemoglobin C disease (disorder)
anaemia,SNOMED CT,35703006,Post-viral paroxysmal cold hemoglobinuria (disorder)
anaemia,SNOMED CT,35778001,Megaloblastic anemia due to error of folate metabolism (disorder)
anaemia,SNOMED CT,36467003,Alpha plus thalassemia (disorder)
anaemia,SNOMED CT,36472007,Sickle cell-thalassemia disease (disorder)
anaemia,SNOMED CT,36568005,Hemolytic uremic syndrome of childhood (disorder)
anaemia,SNOMED CT,36919001,Anemia caused by lead (disorder)
anaemia,SNOMED CT,37272000,Rh deficiency syndrome (disorder)
anaemia,SNOMED CT,37370005,Megaloblastic anemia caused by drugs (disorder)
anaemia,SNOMED CT,38689004,Hemolytic anemia due to infection (disorder)
anaemia,SNOMED CT,38911009,Hereditary hemolytic anemia (disorder)
anaemia,SNOMED CT,38970002,Doan-Wright syndrome (disorder)
anaemia,SNOMED CT,39586009,Hereditary persistence of fetal hemoglobin A gamma beta^+^ thalassemia (disorder)
anaemia,SNOMED CT,40108008,Thalassemia (disorder)
anaemia,SNOMED CT,40387008,Polyagglutinable erythrocyte syndrome (disorder)
anaemia,SNOMED CT,41387000,Hereditary nonspherocytic hemolytic anemia due to phosphofructokinase deficiency (disorder)
anaemia,SNOMED CT,41462006,Anemia due to disturbance of proliferation AND/OR differentiation of erythroid precursor cells (disorder)
anaemia,SNOMED CT,41614006,Hypoplastic anemia (disorder)
anaemia,SNOMED CT,41841004,Sideroblastic anemia (disorder)
anaemia,SNOMED CT,42461002,Anemia caused by copper (disorder)
anaemia,SNOMED CT,42484009,Hereditary nonspherocytic hemolytic anemia due to hexokinase deficiency (disorder)
anaemia,SNOMED CT,42601008,Congenital hemolytic anemia (disorder)
anaemia,SNOMED CT,43707008,Anemia caused by heat (disorder)
anaemia,SNOMED CT,43742007,Pericarditis associated with severe chronic anemia (disorder)
anaemia,SNOMED CT,43858000,Secondary aplastic anemia (disorder)
anaemia,SNOMED CT,44206008,Hapten type low affinity hemolytic anemia (disorder)
anaemia,SNOMED CT,44288006,Anemia due to abnormality extrinsic to the red cell (disorder)
anaemia,SNOMED CT,44452003,Normocytic hypochromic anemia (disorder)
anaemia,SNOMED CT,44641000,Hereditary nonspherocytic hemolytic anemia due to triosephosphate isomerase deficiency (disorder)
anaemia,SNOMED CT,44666001,Microcytic hypochromic anemia (disorder)
anaemia,SNOMED CT,44910003,Megaloblastic anemia due to decreased intake of vitamin B>12< (disorder)
anaemia,SNOMED CT,45098004,Anemia due to multiple mechanisms (disorder)
anaemia,SNOMED CT,45828008,"Anemia in mother complicating pregnancy, childbirth AND/OR puerperium (disorder)"
anaemia,SNOMED CT,46737006,Normocytic normochromic anemia (disorder)
anaemia,SNOMED CT,46760003,Estren-Dameshek anemia (disorder)
anaemia,SNOMED CT,47024008,Sickle cell-hemoglobin E disease (disorder)
anaemia,SNOMED CT,47047009,Thalassemia with other hemoglobinopathy (disorder)
anaemia,SNOMED CT,47084006,Beta plus thalassemia normal hemoglobin A>2< type 1 silent (disorder)
anaemia,SNOMED CT,47100003,Anemia of prematurity (disorder)
anaemia,SNOMED CT,47516005,Hereditary spherocytosis due to combined deficiency of spectrin AND ankyrin (disorder)
anaemia,SNOMED CT,47526003,Hereditary nonspherocytic hemolytic anemia due to reduced nicotinamide adenine dinucleotide diaphorase deficiency (disorder)
anaemia,SNOMED CT,47844003,Megaloblastic anemia due to chronic hemolytic anemia (disorder)
anaemia,SNOMED CT,48553001,Hemoglobin H disease (disorder)
anaemia,SNOMED CT,48580008,Anemia due to starvation (disorder)
anaemia,SNOMED CT,48983004,X chromosome-linked sideroblastic anemia (disorder)
anaemia,SNOMED CT,49284006,Juvenile type megaloblastic anemia (disorder)
anaemia,SNOMED CT,49472006,Megaloblastic anemia due to vitamin B>12< deficiency (disorder)
anaemia,SNOMED CT,49708008,Anemia of chronic renal failure (disorder)
anaemia,SNOMED CT,50220002,Cellular immunologic aplastic anemia (disorder)
anaemia,SNOMED CT,50253007,Secondary paroxysmal cold hemoglobinuria (disorder)
anaemia,SNOMED CT,50715003,Pure red cell aplasia (disorder)
anaemia,SNOMED CT,51071000,Microangiopathic hemolytic anemia (disorder)
anaemia,SNOMED CT,51667002,Anemia due to riboflavin deficiency (disorder)
anaemia,SNOMED CT,52212006,Hereditary nonspherocytic hemolytic anemia due to glutathione reductase deficiency (disorder)
anaemia,SNOMED CT,52413004,Hereditary nonspherocytic hemolytic anemia due to glucose phosphate isomerase deficiency (disorder)
anaemia,SNOMED CT,52565000,Non megaloblastic anemia associated with nutritional deficiency (disorder)
anaemia,SNOMED CT,52951008,Congenital dyserythropoietic anemia (disorder)
anaemia,SNOMED CT,53165003,Megaloblastic anemia (disorder)
anaemia,SNOMED CT,53743006,Anemia following fetal blood loss (disorder)
anaemia,SNOMED CT,54006005,Hereditary persistence of fetal hemoglobin delta beta plus thalassemia (disorder)
anaemia,SNOMED CT,54698001,Megaloblastic anemia due to Zollinger-Ellison syndrome (disorder)
anaemia,SNOMED CT,55907008,Acquired aplastic anemia (disorder)
anaemia,SNOMED CT,55995005,Hereditary spherocytosis (disorder)
anaemia,SNOMED CT,56205004,"Hereditary persistence of fetal hemoglobin, nondeletion type (disorder)"
anaemia,SNOMED CT,56921004,Perinatal jaundice due to hereditary hemolytic anemia (disorder)
anaemia,SNOMED CT,57192008,Acute pure red cell aplasia (disorder)
anaemia,SNOMED CT,59106005,Anemia due to decreased red cell production (disorder)
anaemia,SNOMED CT,59548005,"Congenital dyserythropoietic anemia, type I (disorder)"
anaemia,SNOMED CT,59644002,Hereditary nonspherocytic hemolytic anemia due to phosphoglycerate kinase deficiency (disorder)
anaemia,SNOMED CT,60138009,Anemia of pituitary deficiency (disorder)
anaemia,SNOMED CT,60164003,Megaloblastic anemia due to blind loop syndrome (disorder)
anaemia,SNOMED CT,60504009,Megaloblastic anemia due to congenital deficiency of intrinsic factor (disorder)
anaemia,SNOMED CT,60805002,Hemolytic anemia with emphysema AND cutis laxa (disorder)
anaemia,SNOMED CT,61261009,Hemolytic anemia (disorder)
anaemia,SNOMED CT,61395005,Hereditary persistence of fetal hemoglobin G gamma beta plus thalassemia (disorder)
anaemia,SNOMED CT,61777009,Thalassemia-hemoglobin C disease (disorder)
anaemia,SNOMED CT,62074008,Delta zero thalassemia (disorder)
anaemia,SNOMED CT,62268000,Hereditary nonspherocytic hemolytic anemia due to diphosphoglycerate mutase deficiency (disorder)
anaemia,SNOMED CT,62389006,Acute megaloblastic anemia due to severe illness (disorder)
anaemia,SNOMED CT,62403005,Glucose-6-phosphate dehydrogenase deficiency anemia (disorder)
anaemia,SNOMED CT,62609001,Autoimmune hemolytic anemia caused by immunoglobulin G plus complement (disorder)
anaemia,SNOMED CT,62871001,Idiopathic paroxysmal cold hemoglobinuria (disorder)
anaemia,SNOMED CT,63565007,Congenital anemia (disorder)
anaemia,SNOMED CT,65959000,Beta thalassemia (disorder)
anaemia,SNOMED CT,66055002,Alpha zero thalassemia (disorder)
anaemia,SNOMED CT,66262001,Hereditary elliptocytosis due to beta spectrin-ankyrin interaction (disorder)
anaemia,SNOMED CT,66309005,Antibody-mediated anemia (disorder)
anaemia,SNOMED CT,66612000,Nutritional anemia (disorder)
anaemia,SNOMED CT,67894009,Megaloblastic anemia due to increased requirements (disorder)
anaemia,SNOMED CT,68361004,Late anemia due to isoimmunization (disorder)
anaemia,SNOMED CT,68700003,Megaloblastic anemia due to error of cobalamin metabolism (disorder)
anaemia,SNOMED CT,68870007,"Congenital dyserythropoietic anemia, type II (disorder)"
anaemia,SNOMED CT,68913001,Alpha thalassemia (disorder)
anaemia,SNOMED CT,69216008,Hb Lepore thalassemia (disorder)
anaemia,SNOMED CT,69574002,Anemia of parathyroid dysfunction (disorder)
anaemia,SNOMED CT,69981004,Hereditary spherocytosis due to beta spectrin defect (disorder)
anaemia,SNOMED CT,71832003,Autoimmune hemolytic anemia caused by immunoglobulin M (disorder)
anaemia,SNOMED CT,71855000,Acute megaloblastic anemia secondary to total parenteral nutrition (disorder)
anaemia,SNOMED CT,71988008,Aase syndrome (disorder)
anaemia,SNOMED CT,72501006,Anemia caused by arsenic hydride (disorder)
anaemia,SNOMED CT,73073009,Hereditary elliptocytosis due to beta spectrin defect in self-association (disorder)
anaemia,SNOMED CT,73162004,Posttransfusion purpura (disorder)
anaemia,SNOMED CT,73190000,Epsilon gamma delta beta^0^ thalassemia (disorder)
anaemia,SNOMED CT,73891003,Acute megaloblastic anemia caused by nitrous oxide (disorder)
anaemia,SNOMED CT,74703006,Hereditary nonspherocytic hemolytic anemia due to pyruvate kinase deficiency (disorder)
anaemia,SNOMED CT,74789008,Coombs positive hemolytic anemia (disorder)
anaemia,SNOMED CT,75331009,Evans syndrome (disorder)
anaemia,SNOMED CT,75443009,Hereditary elliptocytosis due to abnormal protein 4.1 (disorder)
anaemia,SNOMED CT,75451007,Thalassemia major (disorder)
anaemia,SNOMED CT,76336008,Delta beta zero thalassemia (disorder)
anaemia,SNOMED CT,76366001,Hemolytic anemia caused by Bartonella (disorder)
anaemia,SNOMED CT,77084001,Immunologic aplastic anemia (disorder)
anaemia,SNOMED CT,77413008,Severe hereditary spherocytosis due to spectrin deficiency (disorder)
anaemia,SNOMED CT,77607006,Drug-induced sideroblastic anemia (disorder)
anaemia,SNOMED CT,77663007,Hemolytic anemia caused by malaria (disorder)
anaemia,SNOMED CT,78129009,Thrombotic thrombocytopenic purpura (disorder)
anaemia,SNOMED CT,78209002,"Hemolytic uremic syndrome, adult type (disorder)"
anaemia,SNOMED CT,78677008,Anemia due to pantothenic deficiency (disorder)
anaemia,SNOMED CT,78908001,Hereditary nonspherocytic hemolytic anemia due to decreased adenosine deaminase activity (disorder)
anaemia,SNOMED CT,78997000,Megaloblastic anemia due to vegetarianism (disorder)
anaemia,SNOMED CT,79035003,Anemia due to unknown mechanism (disorder)
anaemia,SNOMED CT,79592006,Beta plus thalassemia (disorder)
anaemia,SNOMED CT,80126007,Plummer-Vinson syndrome (disorder)
anaemia,SNOMED CT,80875006,Achlorhydric anemia (disorder)
anaemia,SNOMED CT,80963002,Glucose-6-phosphate dehydrogenase deficiency class V variant anemia (disorder)
anaemia,SNOMED CT,81711008,Hemolytic anemia caused by drugs (disorder)
anaemia,SNOMED CT,82003006,Glucose-6-phosphate dehydrogenase deficiency class IV variant anemia (disorder)
anaemia,SNOMED CT,82430007,Acute megaloblastic anemia (disorder)
anaemia,SNOMED CT,82895008,Megaloblastic anemia due to disease of small intestine (disorder)
anaemia,SNOMED CT,82980005,Anemia due to diabetes mellitus (disorder)
anaemia,SNOMED CT,83414005,Macrocytic anemia (disorder)
anaemia,SNOMED CT,84027009,Pernicious anemia (disorder)
anaemia,SNOMED CT,84188003,Thalassemia syndrome (disorder)
anaemia,SNOMED CT,85422000,Alpha plus thalassemia non deletion type (disorder)
anaemia,SNOMED CT,85557000,Hereditary persistence of fetal hemoglobin deletion type (disorder)
anaemia,SNOMED CT,85570009,Anemia due to vitamin A deficiency (disorder)
anaemia,SNOMED CT,85649008,Megaloblastic anemia due to folate deficiency (disorder)
anaemia,SNOMED CT,85746008,Anemia due to protein deficiency (disorder)
anaemia,SNOMED CT,86225009,Hapten type high affinity hemolytic anemia (disorder)
anaemia,SNOMED CT,86242003,Alpha plus thalassemia deletion type (disorder)
anaemia,SNOMED CT,86325007,Non megaloblastic anemia due to alcoholism (disorder)
anaemia,SNOMED CT,86448001,Anemia due to vitamin B>6< deficiency (disorder)
anaemia,SNOMED CT,86715000,Beta zero thalassemia (disorder)
anaemia,SNOMED CT,86859003,Glucose-6-phosphate dehydrogenase variant enzyme deficiency anemia (disorder)
anaemia,SNOMED CT,86986002,Hemolytic disease of fetus OR newborn due to RhD isoimmunization (disorder)
anaemia,SNOMED CT,87522002,Iron deficiency anemia (disorder)
anaemia,SNOMED CT,87806008,Megaloblastic anemia due to tropical sprue (disorder)
anaemia,SNOMED CT,87810006,Megaloblastic anemia due to alcoholism (disorder)
anaemia,SNOMED CT,87994004,Xerocytosis (disorder)
anaemia,SNOMED CT,88854002,Congenital hypoplastic anemia (disorder)
anaemia,SNOMED CT,89459006,Hereditary persistence of fetal hemoglobin linked to beta-globulin gene cluster (disorder)
anaemia,SNOMED CT,89810003,^A^gamma delta beta^0^ thalassemia (disorder)
anaemia,SNOMED CT,89829009,Etioporphyrin (substance)
anaemia,SNOMED CT,90175006,Secondary acquired sideroblastic anemia (disorder)
anaemia,SNOMED CT,90414007,Chronic acquired pure red cell aplasia (disorder)
anaemia,SNOMED CT,91217009,Megaloblastic anemia due to pregnancy (disorder)
anaemia,SNOMED CT,91411007,Autoimmune hemolytic anemia caused by immunoglobulin A (disorder)
anaemia,SNOMED CT,105599000,Anemia related to disturbed deoxyribonucleic acid synthesis (disorder)
anaemia,SNOMED CT,109996008,"Myelodysplastic syndrome: Refractory anemia, without ringed sideroblasts, without excess blasts (disorder)"
anaemia,SNOMED CT,109998009,Myelodysplastic syndrome with ring sideroblasts and single lineage dysplasia (disorder)
anaemia,SNOMED CT,110000005,Refractory anemia with excess blasts in transformation (disorder)
anaemia,SNOMED CT,111407006,Hemolytic uremic syndrome (disorder)
anaemia,SNOMED CT,111469006,"Hemolytic disease of the newborn due to non-ABO, non-Rh isoimmunization (disorder)"
anaemia,SNOMED CT,111570005,Anemia due to infection (disorder)
anaemia,SNOMED CT,111571009,Congenital atransferrinemia (disorder)
anaemia,SNOMED CT,111572002,Beta zero thalassemia non deletion type (disorder)
anaemia,SNOMED CT,111574001,Anemia due to copper deficiency (disorder)
anaemia,SNOMED CT,111575000,Anemia due to membrane defect (disorder)
anaemia,SNOMED CT,111576004,Acquired stomatocytosis (disorder)
anaemia,SNOMED CT,111577008,Anemia due to enzyme deficiency (disorder)
anaemia,SNOMED CT,111579006,Hereditary nonspherocytic hemolytic anemia due to glutathione synthetase deficiency (disorder)
anaemia,SNOMED CT,111581008,Anemia caused by physical agent (disorder)
anaemia,SNOMED CT,115963009,Regenerative anemia (disorder)
anaemia,SNOMED CT,127034005,Pancytopenia (disorder)
anaemia,SNOMED CT,127040003,Sickle cell-hemoglobin SS disease (disorder)
anaemia,SNOMED CT,127041004,Sickle cell-beta-thalassemia (disorder)
anaemia,SNOMED CT,127042006,Sickle cell beta plus thalassemia (disorder)
anaemia,SNOMED CT,127043001,Sickle cell-beta^0^-thalassemia (disorder)
anaemia,SNOMED CT,127044007,Sickle cell-delta beta^0^-thalassemia (disorder)
anaemia,SNOMED CT,127045008,Sickle cell anemia with coexistent alpha-thalassemia (disorder)
anaemia,SNOMED CT,127046009,Sickle cell trait with coexistent alpha-thalassemia (disorder)
anaemia,SNOMED CT,127049002,Primary (idiopathic) autoimmune hemolytic anemia (disorder)
anaemia,SNOMED CT,127050002,Secondary autoimmune hemolytic anemia (disorder)
anaemia,SNOMED CT,127052005,Secondary warm autoimmune hemolytic anemia (disorder)
anaemia,SNOMED CT,127053000,Post-infectious cold agglutinin disease (disorder)
anaemia,SNOMED CT,127054006,Cold agglutinin disease caused by Epstein-Barr virus infection (disorder)
anaemia,SNOMED CT,127055007,Chronic cold agglutinin disease (disorder)
anaemia,SNOMED CT,127056008,Chronic cold agglutinin disease associated with B-cell neoplasm (disorder)
anaemia,SNOMED CT,127057004,Paroxysmal cold hemoglobinuria (disorder)
anaemia,SNOMED CT,127058009,Paroxysmal cold hemoglobinuria associated with tertiary syphilis (disorder)
anaemia,SNOMED CT,127060006,"Drug-induced immune hemolytic anemia, hapten type (disorder)"
anaemia,SNOMED CT,127061005,"Autoimmune hemolytic anemia, categorized by antibody class AND/OR complement (disorder)"
anaemia,SNOMED CT,127319005,Anemia caused by alloimmune destruction of transfused red cells (disorder)
anaemia,SNOMED CT,128845005,Refractory anemia (morphologic abnormality)
anaemia,SNOMED CT,128846006,Myelodysplastic syndrome with ring sideroblasts and single lineage dysplasia (morphologic abnormality)
anaemia,SNOMED CT,128847002,Myelodysplastic syndrome with excess blasts (morphologic abnormality)
anaemia,SNOMED CT,128848007,Refractory anemia with excess blasts in transformation (morphologic abnormality)
anaemia,SNOMED CT,129638002,Hemolytic anemia caused by hyperbaric oxygen (disorder)
anaemia,SNOMED CT,161456009,History of iron deficiency anemia (situation)
anaemia,SNOMED CT,161457000,History of anemia vitamin B12 deficient (situation)
anaemia,SNOMED CT,161458005,History of hemolytic anemia (situation)
anaemia,SNOMED CT,190996002,Severe combined immunodeficiency with reticular dysgenesis (disorder)
anaemia,SNOMED CT,191128004,Iron deficiency anemia due to dietary causes (disorder)
anaemia,SNOMED CT,191136008,Idiopathic hypochromic anemia (disorder)
anaemia,SNOMED CT,191142007,Vitamin B12 deficiency anemia due to malabsorption with proteinuria (disorder)
anaemia,SNOMED CT,191146005,Congenital folate malabsorption anemia (disorder)
anaemia,SNOMED CT,191148006,"Folate deficiency anemia, drug-induced (disorder)"
anaemia,SNOMED CT,191149003,Folate deficiency anemia due to malabsorption (disorder)
anaemia,SNOMED CT,191150003,Folate deficiency anemia due to liver disorders (disorder)
anaemia,SNOMED CT,191154007,Combined B12 and folate deficiency anemia (disorder)
anaemia,SNOMED CT,191161006,Vitamin C deficiency anemia (disorder)
anaemia,SNOMED CT,191169008,Hereditary elliptocytosis (disorder)
anaemia,SNOMED CT,191170009,Hemolytic anemia due to glutathione metabolism disorder (disorder)
anaemia,SNOMED CT,191177007,Hemolytic anemia due to hexokinase deficiency (disorder)
anaemia,SNOMED CT,191179005,Hemolytic anemia due to triose phosphate isomerase deficiency (disorder)
anaemia,SNOMED CT,191180008,Anemia due to disorders of nucleotide metabolism (disorder)
anaemia,SNOMED CT,191187006,Alpha trait thalassemia (disorder)
anaemia,SNOMED CT,191189009,Beta thalassemia intermedia (disorder)
anaemia,SNOMED CT,191210005,Primary cold-type hemolytic anemia (disorder)
anaemia,SNOMED CT,191211009,Primary warm-type hemolytic anemia (disorder)
anaemia,SNOMED CT,191212002,Secondary cold-type hemolytic anemia (disorder)
anaemia,SNOMED CT,191213007,Secondary warm-type hemolytic anemia (disorder)
anaemia,SNOMED CT,191216004,Non-autoimmune hemolytic anemia (disorder)
anaemia,SNOMED CT,191217008,Mechanical hemolytic anemia (disorder)
anaemia,SNOMED CT,191218003,Toxic hemolytic anemia (disorder)
anaemia,SNOMED CT,191222008,Hemoglobinuria due to hemolysis from external causes (disorder)
anaemia,SNOMED CT,191228007,Acquired spherocytosis (disorder)
anaemia,SNOMED CT,191229004,Infantile pyknocytosis (disorder)
anaemia,SNOMED CT,191244003,Aplastic anemia due to chronic disease (disorder)
anaemia,SNOMED CT,191246001,Aplastic anemia due to infection (disorder)
anaemia,SNOMED CT,191247005,Aplastic anemia caused by radiation (disorder)
anaemia,SNOMED CT,191248000,Aplastic anemia caused by toxic cause (disorder)
anaemia,SNOMED CT,191256002,Idiopathic aplastic anemia (disorder)
anaemia,SNOMED CT,191260004,Pyridoxine-responsive sideroblastic anemia (disorder)
anaemia,SNOMED CT,191261000,Secondary sideroblastic anemia due to disease (disorder)
anaemia,SNOMED CT,191262007,Secondary sideroblastic anemia caused by drugs and toxins (disorder)
anaemia,SNOMED CT,191265009,Anemia in neoplastic disease (disorder)
anaemia,SNOMED CT,191268006,Chronic anemia (disorder)
anaemia,SNOMED CT,193213003,Myasthenic syndrome due to pernicious anemia (disorder)
anaemia,SNOMED CT,199248002,Iron deficiency anemia of pregnancy (disorder)
anaemia,SNOMED CT,206434001,Late anemia of newborn due to isoimmunization (disorder)
anaemia,SNOMED CT,234339009,Macrocytosis - no anemia (disorder)
anaemia,SNOMED CT,234343008,Normocytic anemia due to aplasia (disorder)
anaemia,SNOMED CT,234345001,von Jaksch's anemia (disorder)
anaemia,SNOMED CT,234346000,Dilutional anemia (disorder)
anaemia,SNOMED CT,234347009,Anemia of chronic disorder (disorder)
anaemia,SNOMED CT,234348004,Anemia of renal disease (disorder)
anaemia,SNOMED CT,234349007,Microcytic anemia (disorder)
anaemia,SNOMED CT,234350007,Neonatal anemia (disorder)
anaemia,SNOMED CT,234352004,Normocytic anemia due to chronic blood loss (disorder)
anaemia,SNOMED CT,234353009,Congenital transferrin deficiency (disorder)
anaemia,SNOMED CT,234358000,Megaloblastic anemia due to dietary causes (disorder)
anaemia,SNOMED CT,234360003,Vegan's anemia (disorder)
anaemia,SNOMED CT,234361004,Congenital deficiency of intrinsic factor (disorder)
anaemia,SNOMED CT,234362006,Biermer's congenital pernicious anemia (disorder)
anaemia,SNOMED CT,234363001,Selective malabsorption of cyanocobalamin (disorder)
anaemia,SNOMED CT,234364007,Combined deficiency anemia (disorder)
anaemia,SNOMED CT,234365008,Thiamine-responsive macrocytosis (disorder)
anaemia,SNOMED CT,234366009,Alcohol-related sideroblastic anemia (disorder)
anaemia,SNOMED CT,234367000,Pancytopenia with pancreatitis (disorder)
anaemia,SNOMED CT,234375006,Transient erythroblastopenia of childhood (disorder)
anaemia,SNOMED CT,234376007,Acquired red cell aplasia (disorder)
anaemia,SNOMED CT,234380002,Kell isoimmunization of the newborn (disorder)
anaemia,SNOMED CT,234381003,Maternal autoimmune hemolytic anemia (disorder)
anaemia,SNOMED CT,234383000,Homozygous alpha thalassemia (disorder)
anaemia,SNOMED CT,234385007,Alpha thalassemia-2 trait (disorder)
anaemia,SNOMED CT,234386008,Hemoglobin Constant Spring trait (disorder)
anaemia,SNOMED CT,234387004,Hemoglobin Lepore trait (disorder)
anaemia,SNOMED CT,234388009,Delta-beta-Lepore thalassemia (disorder)
anaemia,SNOMED CT,234389001,Alpha-beta thalassemia (disorder)
anaemia,SNOMED CT,234390005,Gamma thalassemia (disorder)
anaemia,SNOMED CT,234391009,Sickle cell anemia with high hemoglobin F (disorder)
anaemia,SNOMED CT,234392002,Hemoglobin E/beta thalassemia disease (disorder)
anaemia,SNOMED CT,234402007,Chronic non-spherocytic hemolytic anemia (disorder)
anaemia,SNOMED CT,234410008,Hereditary elliptocytosis with transient poikilocytosis (disorder)
anaemia,SNOMED CT,237617006,"Megaloblastic anemia, thiamine-responsive, with diabetes mellitus and sensorineural deafness (disorder)"
anaemia,SNOMED CT,237925006,Tryptophanemia (disorder)
anaemia,SNOMED CT,237985009,Pearson's syndrome (disorder)
anaemia,SNOMED CT,240453002,Oroya fever (disorder)
anaemia,SNOMED CT,240486003,Parvoviral aplastic crisis (disorder)
anaemia,SNOMED CT,267513007,Deficiency anemias (disorder)
anaemia,SNOMED CT,267517008,Vitamin B12 deficiency anemia due to dietary causes (disorder)
anaemia,SNOMED CT,267518003,Folate deficiency anemia due to dietary causes (disorder)
anaemia,SNOMED CT,267524009,Constitutional aplastic anemia with malformation (disorder)
anaemia,SNOMED CT,267527002,Aplastic anemia due to drugs (disorder)
anaemia,SNOMED CT,267530009,Acute posthemorrhagic anemia (disorder)
anaemia,SNOMED CT,269175006,Beta thalassemia trait (disorder)
anaemia,SNOMED CT,271737000,Anemia (disorder)
anaemia,SNOMED CT,273985002,Anemia due to isoimmunization (disorder)
anaemia,SNOMED CT,275538002,History of anemia (situation)
anaemia,SNOMED CT,276448005,Idiopathic sideroblastic anemia (disorder)
anaemia,SNOMED CT,278363000,Alcoholic macrocytosis (disorder)
anaemia,SNOMED CT,286928002,"Deficiency anemias, excluding iron (disorder)"
anaemia,SNOMED CT,290246007,Sideropenic anemia with reticuloendothelial siderosis (disorder)
anaemia,SNOMED CT,291262006,Simple chronic anemia (disorder)
anaemia,SNOMED CT,300980002,Normocytic anemia (disorder)
anaemia,SNOMED CT,301317008,Hereditary nonspherocytic hemolytic anemia (disorder)
anaemia,SNOMED CT,302873008,Thrombocytopenic purpura (disorder)
anaemia,SNOMED CT,303060002,Normocytic anemia following acute bleed (disorder)
anaemia,SNOMED CT,306058006,Aplastic anemia (disorder)
anaemia,SNOMED CT,307333004,Rhesus isoimmunization due to anti-D (disorder)
anaemia,SNOMED CT,307334005,Rhesus isoimmunization due to anti-c (disorder)
anaemia,SNOMED CT,307335006,Rhesus isoimmunization due to anti-E (disorder)
anaemia,SNOMED CT,307336007,Rhesus isoimmunization due to anti-Cw (disorder)
anaemia,SNOMED CT,307337003,Duffy isoimmunization of the newborn (disorder)
anaemia,SNOMED CT,307338008,Kidd isoimmunization of the newborn (disorder)
anaemia,SNOMED CT,307343001,Acquired hemoglobin H disease (disorder)
anaemia,SNOMED CT,307726001,Anemia in ovarian carcinoma (disorder)
anaemia,SNOMED CT,309742004,Drug-induced autoimmune hemolytic anemia (disorder)
anaemia,SNOMED CT,310647000,Anemia secondary to renal failure (disorder)
anaemia,SNOMED CT,313291009,Anemia during the puerperium (disorder)
anaemia,SNOMED CT,322699009,Intracorpuscular hemolytic anemia (disorder)
anaemia,SNOMED CT,323666000,Anemia due to intrinsic red cell abnormality (disorder)
anaemia,SNOMED CT,360495000,Familial megaloblastic anemia (disorder)
anaemia,SNOMED CT,363041004,Congenital nonspherocytic hemolytic anemia due to inborn error of metabolism (disorder)
anaemia,SNOMED CT,371046004,Traumatic hemolytic anemia (disorder)
anaemia,SNOMED CT,371104006,Hand-foot syndrome in sickle cell anemia (disorder)
anaemia,SNOMED CT,371315009,Iron deficiency anemia secondary to inadequate dietary iron intake (disorder)
anaemia,SNOMED CT,373420004,Upshaw-Schulman syndrome (disorder)
anaemia,SNOMED CT,373421000,Diarrhea-associated hemolytic uremic syndrome (disorder)
anaemia,SNOMED CT,373422007,Diarrhea-negative hemolytic uremic syndrome (disorder)
anaemia,SNOMED CT,387702001,Perinatal anemia (disorder)
anaemia,SNOMED CT,387705004,Hemolytic disease of fetus OR newborn due to isoimmunization (disorder)
anaemia,SNOMED CT,387745008,Sports anemia (disorder)
anaemia,SNOMED CT,389214003,Ghosal hematodiaphyseal dysplasia (disorder)
anaemia,SNOMED CT,397338009,Myelodysplastic syndrome with excess blasts-1 (morphologic abnormality)
anaemia,SNOMED CT,397339001,Myelodysplastic syndrome with excess blasts-2 (morphologic abnormality)
anaemia,SNOMED CT,398623004,Myelodysplastic syndrome with excess blasts (disorder)
anaemia,SNOMED CT,398937006,Cold autoimmune hemolytic anemia (disorder)
anaemia,SNOMED CT,402653004,Thrombocytopenic purpura due to defective platelet production (disorder)
anaemia,SNOMED CT,402654005,Thrombocytopenic purpura due to platelet consumption (disorder)
anaemia,SNOMED CT,413532003,Anemia due to blood loss (disorder)
anaemia,SNOMED CT,413533008,Anemia due to chronic blood loss (disorder)
anaemia,SNOMED CT,413565006,Aplastic anemia associated with metabolic alteration (disorder)
anaemia,SNOMED CT,413566007,Aplastic anemia associated with pancreatitis (disorder)
anaemia,SNOMED CT,413567003,Aplastic anemia associated with pregnancy (disorder)
anaemia,SNOMED CT,413603009,Autoimmune hemolytic anemia (disorder)
anaemia,SNOMED CT,415283002,Myelodysplastic syndrome with excess blasts-1 (disorder)
anaemia,SNOMED CT,415284008,Myelodysplastic syndrome with excess blasts-2 (disorder)
anaemia,SNOMED CT,415286005,Myelodysplastic syndrome with ring sideroblasts and multilineage dysplasia (disorder)
anaemia,SNOMED CT,416180004,Hemoglobin SS disease without crisis (disorder)
anaemia,SNOMED CT,416214006,Sickle cell-hemoglobin D disease without crisis (disorder)
anaemia,SNOMED CT,416484003,Sickle cell-hemoglobin E disease with crisis (disorder)
anaemia,SNOMED CT,416638004,Sickle cell-hemoglobin E disease without crisis (disorder)
anaemia,SNOMED CT,416826005,Sickle cell-thalassemia disease with crisis (disorder)
anaemia,SNOMED CT,417048006,Sickle cell-thalassemia disease without crisis (disorder)
anaemia,SNOMED CT,417279003,Hemoglobin S sickling disorder with crisis (disorder)
anaemia,SNOMED CT,417425009,Hemoglobin SS disease with crisis (disorder)
anaemia,SNOMED CT,417517009,Sickle cell-hemoglobin C disease with crisis (disorder)
anaemia,SNOMED CT,417626001,Thrombocytopenic purpura associated with metabolic disorder (disorder)
anaemia,SNOMED CT,417683006,Sickle cell-hemoglobin C disease without crisis (disorder)
anaemia,SNOMED CT,417748003,Sickle cell-hemoglobin D disease with crisis (disorder)
anaemia,SNOMED CT,420543008,Anemia associated with acquired immunodeficiency syndrome (disorder)
anaemia,SNOMED CT,421102007,Aplastic anemia with acquired immunodeficiency syndrome (disorder)
anaemia,SNOMED CT,421851008,Acquired hemolytic anemia associated with acquired immunodeficiency syndrome (disorder)
anaemia,SNOMED CT,422167001,Mycoplasmal anemia (disorder)
anaemia,SNOMED CT,424988008,Anemia caused by substance (disorder)
anaemia,SNOMED CT,428383000,Anemia caused by medication (disorder)
anaemia,SNOMED CT,429208004,History of aplastic anemia (situation)
anaemia,SNOMED CT,429217004,History of autoimmune hemolytic anemia (situation)
anaemia,SNOMED CT,438476003,Autoimmune thrombotic thrombocytopenic purpura (disorder)
anaemia,SNOMED CT,439007008,Acquired thrombotic thrombocytopenic purpura (disorder)
anaemia,SNOMED CT,440206000,Hemoglobin SS disease with vasoocclusive crisis (disorder)
anaemia,SNOMED CT,441322009,Drug induced thrombotic thrombocytopenic purpura (disorder)
anaemia,SNOMED CT,441482006,History of sickle cell anemia (situation)
anaemia,SNOMED CT,441586006,History of Fanconi anemia (situation)
anaemia,SNOMED CT,441638006,History of Diamond-Blackfan anemia (situation)
anaemia,SNOMED CT,444108000,Acute sickle cell splenic sequestration crisis (disorder)
anaemia,SNOMED CT,444271000,Erythropoietin resistance in anemia of chronic kidney disease (disorder)
anaemia,SNOMED CT,444976001,Congenital hemolytic uremic syndrome (disorder)
anaemia,SNOMED CT,447117006,Hemoglobin H constant spring thalassemia (disorder)
anaemia,SNOMED CT,462166006,Fetal anemia (disorder)
anaemia,SNOMED CT,697908003,Pulmonary arterial hypertension associated with chronic hemolytic anemia (disorder)
anaemia,SNOMED CT,703135009,Anemia in malignant neoplastic disease (disorder)
anaemia,SNOMED CT,703540008,"Chronic recurrent multifocal osteomyelitis, congenital dyserythropoietic anemia and neutrophilic dermatosis (disorder)"
anaemia,SNOMED CT,707323002,Anemia co-occurrent and due to chronic kidney disease (disorder)
anaemia,SNOMED CT,707324008,Anemia co-occurrent and due to end stage renal disease (disorder)
anaemia,SNOMED CT,707480001,Chronic hemolytic anemia (disorder)
anaemia,SNOMED CT,711161006,Hypochromic microcytic anemia with iron overload (disorder)
anaemia,SNOMED CT,713349004,Anemia co-occurrent with human immunodeficiency virus infection (disorder)
anaemia,SNOMED CT,713388002,GATA binding protein 1 related thrombocytopenia with dyserythropoiesis (disorder)
anaemia,SNOMED CT,713496008,Anemia caused by zidovudine (disorder)
anaemia,SNOMED CT,713508003,Aplastic anemia co-occurrent with human immunodeficiency virus infection (disorder)
anaemia,SNOMED CT,713533000,Acquired hemolytic anemia co-occurrent with human immunodeficiency virus infection (disorder)
anaemia,SNOMED CT,713910008,Antibody mediated acquired pure red cell aplasia caused by erythropoiesis stimulating agent (disorder)
anaemia,SNOMED CT,715342005,Alpha thalassemia X-linked intellectual disability syndrome (disorder)
anaemia,SNOMED CT,715526002,Dehydrated hereditary stomatocytosis (disorder)
anaemia,SNOMED CT,716682000,Dominant beta-thalassemia (disorder)
anaemia,SNOMED CT,717050005,Autosomal recessive sideroblastic anemia (disorder)
anaemia,SNOMED CT,717254007,Familial pseudohyperkalemia (disorder)
anaemia,SNOMED CT,717946000,Megaloblastic anemia due to vitamin B12 deficiency secondary to intestinal disease (disorder)
anaemia,SNOMED CT,717947009,Vitamin B12 deficiency anemia caused by drug (disorder)
anaemia,SNOMED CT,717948004,Acquired iron deficiency anemia due to increased iron requirement (disorder)
anaemia,SNOMED CT,718196002,Beta thalassemia X-linked thrombocytopenia syndrome (disorder)
anaemia,SNOMED CT,718716008,Autoimmune hemolytic anemia mixed type (disorder)
anaemia,SNOMED CT,719019000,WT limb blood syndrome (disorder)
anaemia,SNOMED CT,719402008,Lethal hemolytic anemia and genital anomaly syndrome (disorder)
anaemia,SNOMED CT,719453009,Congenital dyserythropoietic anemia type IV (disorder)
anaemia,SNOMED CT,719816006,X-linked sideroblastic anemia with spinocerebellar ataxia (disorder)
anaemia,SNOMED CT,720401009,Cystic fibrosis with gastritis and megaloblastic anemia syndrome (disorder)
anaemia,SNOMED CT,720465002,Adult-onset autosomal recessive sideroblastic anemia (disorder)
anaemia,SNOMED CT,720982007,"Alport syndrome, intellectual disability, midface hypoplasia, elliptocytosis syndrome (disorder)"
anaemia,SNOMED CT,721184003,Megaloblastic anemia due to folate deficiency due to increased requirement (disorder)
anaemia,SNOMED CT,721185002,Megaloblastic anemia due to folate deficiency in pregnancy and lactation (disorder)
anaemia,SNOMED CT,721186001,Megaloblastic anemia due to folate deficiency in prematurity (disorder)
anaemia,SNOMED CT,721295000,Acquired thiamine deficiency anemia (disorder)
anaemia,SNOMED CT,721838005,Familial hypertryptophanemia (disorder)
anaemia,SNOMED CT,721840000,"Hyperuricemia, anemia, renal failure syndrome (disorder)"
anaemia,SNOMED CT,722005000,Iron-refractory iron deficiency anemia (disorder)
anaemia,SNOMED CT,722125003,Overhydrated hereditary stomatocytosis (disorder)
anaemia,SNOMED CT,722207000,"Pancreatic insufficiency, dyserythropoietic anemia, calvarial hyperostosis syndrome (disorder)"
anaemia,SNOMED CT,722475006,X-linked congenital dyserythropoietic anemia with thrombocytopenia (disorder)
anaemia,SNOMED CT,722721004,Familial hemolytic uremic syndrome (disorder)
anaemia,SNOMED CT,723489005,Hematopoietic subsyndrome of acute radiation syndrome (disorder)
anaemia,SNOMED CT,723512008,Revesz syndrome (disorder)
anaemia,SNOMED CT,723623002,Southeast Asian ovalocytosis (disorder)
anaemia,SNOMED CT,724138007,Mitochondrial myopathy with sideroblastic anemia syndrome (disorder)
anaemia,SNOMED CT,724556004,Iron deficiency anemia due to blood loss (disorder)
anaemia,SNOMED CT,724557008,Acquired iron deficiency anemia due to decreased absorption (disorder)
anaemia,SNOMED CT,725057008,Nonspherocytic hemolytic anemia due to deficiency of adenosinetriphosphatase (disorder)
anaemia,SNOMED CT,725463007,Severe congenital hypochromic anemia with ringed sideroblasts (disorder)
anaemia,SNOMED CT,726669007,"Central nervous system calcification, deafness, tubular acidosis, anemia syndrome (disorder)"
anaemia,SNOMED CT,732960002,Secondary autoimmune hemolytic anemia co-occurrent and due to systemic lupus erythematosus (disorder)
anaemia,SNOMED CT,732962005,Secondary autoimmune hemolytic anemia co-occurrent and due to chronic inflammatory disease (disorder)
anaemia,SNOMED CT,732963000,Secondary autoimmune hemolytic anemia co-occurrent and due to lymphoproliferative disorder (disorder)
anaemia,SNOMED CT,732965007,Secondary autoimmune hemolytic anemia co-occurrent and due to rheumatic disorder (disorder)
anaemia,SNOMED CT,732966008,Secondary autoimmune hemolytic anemia co-occurrent and due to ulcerative colitis (disorder)
anaemia,SNOMED CT,733064004,"Osteosarcoma, limb anomalies, erythroid macrocytosis syndrome (disorder)"
anaemia,SNOMED CT,734349003,Alpha-thalassemia intellectual disability syndrome linked to chromosome 16 (disorder)
anaemia,SNOMED CT,735452003,Hereditary vitamin B12 deficiency anemia (disorder)
anaemia,SNOMED CT,735453008,Hereditary folate deficiency anemia (disorder)
anaemia,SNOMED CT,736024007,Pancytopenia caused by medication (disorder)
anaemia,SNOMED CT,737220002,Anemia due to metabolic disorder (disorder)
anaemia,SNOMED CT,765327005,"Congenital sideroblastic anemia, B-cell immunodeficiency, periodic fever, developmental delay syndrome (disorder)"
anaemia,SNOMED CT,765748009,Adult pure red cell aplasia (disorder)
anaemia,SNOMED CT,766982000,Hemolytic anemia due to adenylate kinase deficiency (disorder)
anaemia,SNOMED CT,767657005,Anemia due to and following chemotherapy (disorder)
anaemia,SNOMED CT,768556005,Ataxia pancytopenia syndrome (disorder)
anaemia,SNOMED CT,773489008,Hereditary cryohydrocytosis with normal stomatin (disorder)
anaemia,SNOMED CT,774071007,Pancytopenia with developmental delay syndrome (disorder)
anaemia,SNOMED CT,774083009,Neonatal autoimmune hemolytic anemia (disorder)
anaemia,SNOMED CT,778006008,Autosomal dominant aplasia and myelodysplasia (disorder)
anaemia,SNOMED CT,778027003,Primary CD59 deficiency (disorder)
anaemia,SNOMED CT,782759001,X-linked dyserythropoietic anemia with abnormal platelets and neutropenia (disorder)
anaemia,SNOMED CT,782880001,Hemoglobinopathy Toms River (disorder)
anaemia,SNOMED CT,782911008,Hereditary cryohydrocytosis with reduced stomatin (disorder)
anaemia,SNOMED CT,783142006,Pancytopenia due to IKAROS family zinc finger 1 mutations (disorder)
anaemia,SNOMED CT,783255002,Hereditary isolated aplastic anemia (disorder)
anaemia,SNOMED CT,788865000,Anemia due to chronic infectious disease (disorder)
anaemia,SNOMED CT,788944005,Gamma delta beta thalassemia (disorder)
anaemia,SNOMED CT,789660001,Atypical hemolytic uremic syndrome (disorder)
anaemia,SNOMED CT,863953007,Primaquine sensitivity anemia (disorder)
anaemia,SNOMED CT,866092006,Megaloblastic anemia due to dihydrofolate reductase deficiency (disorder)
anaemia,SNOMED CT,1052283003,Restless leg syndrome due to iron deficiency anemia (disorder)
anaemia,SNOMED CT,1142030006,Nutritional anemia of pregnancy (disorder)
anaemia,SNOMED CT,1142062009,Macrocytic anemia of pregnancy (disorder)
anaemia,SNOMED CT,1142083003,Hemolytic anemia of pregnancy (disorder)
anaemia,SNOMED CT,1142087002,Congenital megaloblastic anemia due to transcobalamin II deficiency (disorder)
anaemia,SNOMED CT,1148853004,Iron deficiency anemia following gastrectomy (disorder)
anaemia,SNOMED CT,1148855006,Iron deficiency anemia due to increased requirement in adolescence (disorder)
anaemia,SNOMED CT,1148856007,Iron deficiency anemia due to increased requirement in infancy (disorder)
anaemia,SNOMED CT,1148861009,Iron deficiency anemia due to celiac disease (disorder)
anaemia,SNOMED CT,1148880006,Non autoimmune hemolytic anemia caused by drug (disorder)
anaemia,SNOMED CT,1148893001,Hemolytic anemia due to glyceraldehyde-3-phosphate dehydrogenase deficiency (disorder)
anaemia,SNOMED CT,1148895008,Hemolytic anemia due to red cell enolase deficiency (disorder)
anaemia,SNOMED CT,1148897000,Hemoglobin Paks√© disease (disorder)
anaemia,SNOMED CT,1148899002,Hemoglobin Seal Rock disease (disorder)
anaemia,SNOMED CT,1148914007,Autosomal dominant sideroblastic anemia (disorder)
anaemia,SNOMED CT,1153333001,Pernicious anemia due to autoimmune disorder (disorder)
anaemia,SNOMED CT,1153353002,Vitamin B12 deficiency anemia following total gastrectomy (disorder)
anaemia,SNOMED CT,1153358006,Lymphocyte passenger syndrome following organ transplantation (disorder)
anaemia,SNOMED CT,1153380009,Mechanical hemolysis following insertion of prosthetic heart valve (disorder)
anaemia,SNOMED CT,1153399000,Homozygous hereditary elliptocytosis (disorder)
anaemia,SNOMED CT,1153403009,Hereditary iron deficiency anemia (disorder)
anaemia,SNOMED CT,1153409008,Vitamin B12 deficiency anemia due to chronic atrophic gastritis (disorder)
anaemia,SNOMED CT,1153413001,Acute sequestration of spleen due to sickle cell thalassemia with crisis (disorder)
anaemia,SNOMED CT,1153415008,Acute sequestration of spleen due to sickle cell hemoglobin C disease with crisis (disorder)
anaemia,SNOMED CT,1171357005,Vitamin B12 deficiency anemia following gastrectomy (disorder)
anaemia,SNOMED CT,1222681008,"Autoimmune hemolytic anemia, autoimmune thrombocytopenia, primary immunodeficiency syndrome (disorder)"
anaemia,SNOMED CT,1237349008,"Hydrops, lactic acidosis, sideroblastic anemia, multisystemic failure syndrome (disorder)"
anaemia,SNOMED CT,1237417007,"Carbamoyl-phosphate synthetase 2, aspartate transcarbamylase, and dihydroorotase congenital disorder of glycosylation (disorder)"
anaemia,SNOMED CT,1.801E+12,"Anemia, pre-end stage renal disease on erythropoietin protocol (disorder)"
anaemia,SNOMED CT,6.2791E+13,Tumour and germline whole genome sequencing for aplastic anaemia (procedure)
anaemia,SNOMED CT,7.2331E+13,Thalassemia in mother complicating pregnancy (disorder)
anaemia,SNOMED CT,1.18791E+14,Aplastic anemia caused by antineoplastic agent (disorder)
anaemia,SNOMED CT,1.36281E+14,Anemia caused by antineoplastic agent (disorder)
anaemia,SNOMED CT,1.48601E+14,National Health Service Sickle Cell and Thalassaemia Screening Programme result consistent with sickle cell-Haemoglobin SS disease (situation)
anaemia,SNOMED CT,2.21231E+14,Hypoplastic haemolytic and renal anaemia drugs Band 1 (procedure)
anaemia,SNOMED CT,2.21241E+14,Hypoplastic haemolytic and renal anaemia drugs Band 2 (procedure)
anaemia,SNOMED CT,3.28301E+14,Pancytopenia due to antineoplastic chemotherapy (disorder)
anaemia,SNOMED CT,3.28371E+14,Pancytopenia caused by antithyroid drug (disorder)
anaemia,SNOMED CT,3.28381E+14,Pancytopenia caused by anticonvulsant (disorder)
anaemia,SNOMED CT,3.50601E+14,Hemolytic disease of newborn co-occurrent and due to ABO immunization (disorder)
anaemia,SNOMED CT,3.50611E+14,Hemolytic disease of fetus due to ABO immunization (disorder)
anaemia,SNOMED CT,3.51181E+14,Anemia due to enzymopathy (disorder)
anaemia,SNOMED CT,6.91381E+14,Anemia due to chronic kidney disease stage 1 (disorder)
anaemia,SNOMED CT,6.91401E+14,Anemia co-occurrent and due to chronic kidney disease stage 4 (disorder)
anaemia,SNOMED CT,6.91411E+14,Anemia co-occurrent and due to chronic kidney disease stage 5 (disorder)
anaemia,SNOMED CT,6.91421E+14,Anemia co-occurrent and due to chronic kidney disease stage 3 (disorder)
anaemia,SNOMED CT,8.20601E+14,Refractory anaemia with multilineage dysplasia (disorder)
anaemia,SNOMED CT,8.66381E+14,Recurrent anaemia (disorder)
anaemia,SNOMED CT,10741751000119100,Anemia in mother complicating childbirth (disorder)
anaemia,SNOMED CT,10759351000119103,Sickle cell anemia in mother complicating childbirth (disorder)
anaemia,SNOMED CT,10762261000119105,Anemia following acute postoperative blood loss (disorder)
anaemia,SNOMED CT,10806241000119108,Thalassemia in mother complicating childbirth (disorder)
anaemia,SNOMED CT,10812081000119108,Iron deficiency anemia in mother complicating childbirth (disorder)
anaemia,SNOMED CT,1239371000000103,Haemoglobin E beta zero thalassaemia (disorder)
anaemia,SNOMED CT,1239381000000101,Haemoglobin E beta plus thalassaemia (disorder)
anaemia,SNOMED CT,16623961000119100,Pancytopenia caused by immunosuppressant (disorder)
arrythmias,ICD10,I44,Atrioventricular and left bundle-branch block
arrythmias,ICD10,I440,"Atrioventricular block, first degree"
arrythmias,ICD10,I441,"Atrioventricular block, second degree"
arrythmias,ICD10,I442,"Atrioventricular block, complete"
arrythmias,ICD10,I443,Other and unspecified atrioventricular block
arrythmias,ICD10,I444,Left anterior fascicular block
arrythmias,ICD10,I445,Left posterior fascicular block
arrythmias,ICD10,I446,Other and unspecified atrioventricular block
arrythmias,ICD10,I447,"Left bundle-branch block, unspecified"
arrythmias,ICD10,I45,Other conduction disorders
arrythmias,ICD10,I450,Right fascicular block
arrythmias,ICD10,I451,Other and unspecified right bundle-branch block
arrythmias,ICD10,I452,Bifascicular block
arrythmias,ICD10,I453,Trifascicular block
arrythmias,ICD10,I454,Nonspecific intraventricular block
arrythmias,ICD10,I455,Other specified heart block
arrythmias,ICD10,I456,Pre-excitation syndrome
arrythmias,ICD10,I458,Other specified conduction disorders
arrythmias,ICD10,I459,"Conduction disorder, unspecified"
arrythmias,ICD10,I46,Cardiac arrest
arrythmias,ICD10,I460,Cardiac arrest with successful resuscitation
arrythmias,ICD10,I461,"Sudden cardiac death, so described"
arrythmias,ICD10,I469,"Cardiac arrest, unspecified"
arrythmias,ICD10,I47,Paroxysmal tachycardia
arrythmias,ICD10,I470,Re-entry ventricular arrhythmia
arrythmias,ICD10,I471,Supraventricular tachycardia
arrythmias,ICD10,I472,Ventricular tachycardia
arrythmias,ICD10,I479,"Paroxysmal tachycardia, unspecified"
arrythmias,ICD10,I48,Atrial fibrillation and flutter
arrythmias,ICD10,I480,Paroxysmal atrial fibrillation
arrythmias,ICD10,I481,Persistent atrial fibrillation
arrythmias,ICD10,I482,Chronic atrial fibrillation
arrythmias,ICD10,I483,Typical atrial flutter
arrythmias,ICD10,I484,Atypical atrial flutter
arrythmias,ICD10,I489,"Atrial fibrillation and atrial flutter, unspecified"
arrythmias,ICD10,I49,Other cardiac arrhythmias
arrythmias,ICD10,I490,Ventricular fibrillation and flutter
arrythmias,ICD10,I491,Atrial premature depolarization
arrythmias,ICD10,I492,Junctional premature depolarization
arrythmias,ICD10,I493,Ventricular premature depolarization
arrythmias,ICD10,I494,Other and unspecified premature depolarization
arrythmias,ICD10,I495,Sick sinus syndrome
arrythmias,ICD10,I498,Other specified cardiac arrhythmias
arrythmias,ICD10,I499,"Cardiac arrhythmia, unspecified"
arrythmias,OPCS4,K52,K52 Open operations on conducting system of heart
arrythmias,OPCS4,K521,K52.1 Open ablation of atrioventricular node
arrythmias,OPCS4,K522,K52.2 Epicardial excision of rhythmogenic focus
arrythmias,OPCS4,K523,K52.3 Endocardial excision of rhythmogenic focus
arrythmias,OPCS4,K524,K52.4 Open division of accessory pathway within heart
arrythmias,OPCS4,K525,K52.5 Open division of conducting system of heart NEC
arrythmias,OPCS4,K526,K52.6 Incision of tissue in atria
arrythmias,OPCS4,K528,K52.8 Other specified
arrythmias,OPCS4,K529,K52.9 Unspecified
arrythmias,OPCS4,K571,K57.1 Percutaneous transluminal ablation of atrioventricular node
arrythmias,OPCS4,K572,K57.2 Percutaneous transluminal ablation of conducting system of heart NEC
arrythmias,OPCS4,K574,K57.4 Percutaneous transluminal ablation of accessory pathway
arrythmias,OPCS4,K59,K59 Cardioverter defibrillator introduced through the vein
arrythmias,OPCS4,K591,K59.1 Implantation of cardioverter defibrillator using one electrode lead
arrythmias,OPCS4,K592,K59.2 Implantation of cardioverter defibrillator using two electrode leads
arrythmias,OPCS4,K593,K59.3 Resiting of lead of cardioverter defibrillator
arrythmias,OPCS4,K594,K59.4 Renewal of cardioverter defibrillator NEC
arrythmias,OPCS4,K595,K59.5 Removal of cardioverter defibrillator
arrythmias,OPCS4,K596,K59.6 Implantation of cardioverter defibrillator using three electrode leads
arrythmias,OPCS4,K597,K59.7 Renewal of cardioverter defibrillator using three electrode leads
arrythmias,OPCS4,K598,K59.8 Other specified
arrythmias,OPCS4,K599,K59.9 Unspecified
arrythmias,OPCS4,K60,K60 Cardiac pacemaker system introduced through vein
arrythmias,OPCS4,K601,K60.1 Implantation of intravenous cardiac pacemaker system NEC
arrythmias,OPCS4,K602,K60.2 Resiting of lead of intravenous cardiac pacemaker system
arrythmias,OPCS4,K603,K60.3 Renewal of intravenous cardiac pacemaker system NEC
arrythmias,OPCS4,K604,K60.4 Removal of intravenous cardiac pacemaker system
arrythmias,OPCS4,K605,K60.5 Implantation of intravenous single chamber cardiac pacemaker system
arrythmias,OPCS4,K606,K60.6 Implantation of intravenous dual chamber cardiac pacemaker system
arrythmias,OPCS4,K607,K60.7 Implantation of intravenous biventricular cardiac pacemaker system
arrythmias,OPCS4,K608,K60.8 Other specified
arrythmias,OPCS4,K609,K60.9 Unspecified
arrythmias,OPCS4,K61,K61 Other cardiac pacemaker system
arrythmias,OPCS4,K611,K61.1 Implantation of cardiac pacemaker system NEC
arrythmias,OPCS4,K612,K61.2 Resiting of lead of cardiac pacemaker system NEC
arrythmias,OPCS4,K613,K61.3 Renewal of cardiac pacemaker system NEC
arrythmias,OPCS4,K614,K61.4 Removal of cardiac pacemaker system NEC
arrythmias,OPCS4,K615,K61.5 Implantation of single chamber cardiac pacemaker system
arrythmias,OPCS4,K616,K61.6 Implantation of dual chamber cardiac pacemaker system
arrythmias,OPCS4,K617,K61.7 Implantation of biventricular cardiac pacemaker system
arrythmias,OPCS4,K618,K61.8 Other specified
arrythmias,OPCS4,K619,K61.9 Unspecified
arrythmias,OPCS4,K621,K62.1 Percutaneous transluminal ablation of pulmonary vein to left atrium conducting system
arrythmias,OPCS4,K622,K62.2 Percutaneous transluminal ablation of atrial wall for atrial flutter
arrythmias,OPCS4,K623,K62.3 Percutaneous transluminal ablation of conducting system of heart for atrial flutter NEC
arrythmias,OPCS4,K624,K62.4 Percutaneous transluminal internal cardioversion NEC
arrythmias,OPCS4,K72,K72 Other cardioverter defibrillator
arrythmias,OPCS4,K721,K72.1 Implantation of subcutaneous cardioverter defibrillator
arrythmias,OPCS4,K722,K72.2 Resiting of lead of subcutaneous cardioverter defibrillator
arrythmias,OPCS4,K723,K72.3 Renewal of subcutaneous cardioverter defibrillator
arrythmias,OPCS4,K724,K72.4 Removal of subcutaneous cardioverter defibrillator
arrythmias,OPCS4,K728,K72.8 Other specified
arrythmias,OPCS4,K729,K72.9 Unspecified
arrythmias,OPCS4,K73,K73 Other cardiac pacemaker system introduced through vein
arrythmias,OPCS4,K731,K73.1 Renewal of intravenous single chamber cardiac pacemaker system
arrythmias,OPCS4,K732,K73.2 Renewal of intravenous dual chamber cardiac pacemaker system
arrythmias,OPCS4,K733,K73.3 Renewal of intravenous biventricular cardiac pacemaker
arrythmias,OPCS4,K738,K73.8 Other specified
arrythmias,OPCS4,K739,K73.9 Unspecified
arrythmias,OPCS4,K74,K74 Cardiac pacemaker system
arrythmias,OPCS4,K741,K74.1 Renewal of single chamber cardiac pacemaker system NEC
arrythmias,OPCS4,K742,K74.2 Renewal of dual chamber cardiac pacemaker system NEC
arrythmias,OPCS4,K743,K74.3 Renewal of biventricular cardiac pacemaker NEC
arrythmias,OPCS4,K748,K74.8 Other specified
arrythmias,OPCS4,K749,K74.9 Unspecified
arrythmias,SNOMED CT,184004,Withdrawal arrhythmia
arrythmias,SNOMED CT,2374000,Monofascicular block
arrythmias,SNOMED CT,4554005,Intraventricular block
arrythmias,SNOMED CT,4973001,Left bundle branch hemiblock
arrythmias,SNOMED CT,5370000,Atrial flutter
arrythmias,SNOMED CT,5609005,Sinus arrest
arrythmias,SNOMED CT,6180003,Complete left bundle branch block
arrythmias,SNOMED CT,6285003,Tachyarrhythmia
arrythmias,SNOMED CT,6374002,Bundle branch block
arrythmias,SNOMED CT,6456007,Supraventricular tachycardia
arrythmias,SNOMED CT,6624005,Ventricular tachyarrhythmia
arrythmias,SNOMED CT,9651007,Long QT syndrome
arrythmias,SNOMED CT,10164001,Parasystole
arrythmias,SNOMED CT,10626002,Multifocal PVCs
arrythmias,SNOMED CT,11157007,Ventricular bigeminy
arrythmias,SNOMED CT,11849007,AV junctional rhythm
arrythmias,SNOMED CT,12026006,Paroxysmal tachycardia
arrythmias,SNOMED CT,13395001,Sinoatrial arrest with nodal/ventricular escape
arrythmias,SNOMED CT,13640000,Fusion beats
arrythmias,SNOMED CT,14718009,"Right bundle branch block, posterior fascicular block AND incomplete left bundle branch block"
arrythmias,SNOMED CT,16574001,Cardiac arrest after obstetrical surgery AND/OR other procedure including delivery
arrythmias,SNOMED CT,16797001,Accelerated atrioventricular conduction
arrythmias,SNOMED CT,17366009,Atrial arrhythmia
arrythmias,SNOMED CT,17869006,Anomalous atrioventricular excitation
arrythmias,SNOMED CT,19092004,Holt-Oram syndrome
arrythmias,SNOMED CT,20143001,Bilateral bundle branch block
arrythmias,SNOMED CT,20852007,Romano-Ward syndrome
arrythmias,SNOMED CT,26950008,Chronic ectopic atrial tachycardia
arrythmias,SNOMED CT,27337007,Unifocal PVCs
arrythmias,SNOMED CT,27885002,Complete atrioventricular block
arrythmias,SNOMED CT,28189009,Mobitz type II atrioventricular block
arrythmias,SNOMED CT,29320008,Ectopic rhythm
arrythmias,SNOMED CT,29717002,Premature beats
arrythmias,SNOMED CT,29894000,Vagal autonomic bradycardia
arrythmias,SNOMED CT,30667004,Right bundle branch block AND left anterior fascicular block
arrythmias,SNOMED CT,32425009,"Right bundle branch block, anterior fascicular block AND posterior fascicular block"
arrythmias,SNOMED CT,32758004,Right bundle branch block with left bundle branch block
arrythmias,SNOMED CT,33413000,Ectopic rhythm disorder
arrythmias,SNOMED CT,36083008,Sick sinus syndrome
arrythmias,SNOMED CT,37760005,Left anterior fascicular block
arrythmias,SNOMED CT,38274001,Interpolated PVCs
arrythmias,SNOMED CT,38566003,"Right bundle branch block, anterior fascicular block AND incomplete left bundle branch block"
arrythmias,SNOMED CT,39260000,Nonparoxysmal AV nodal tachycardia
arrythmias,SNOMED CT,39357005,Paroxysmal atrial tachycardia with block
arrythmias,SNOMED CT,40593004,Fibrillation
arrythmias,SNOMED CT,41863008,"Right bundle branch block, anterior fascicular block AND incomplete posterior fascicular block"
arrythmias,SNOMED CT,43906007,Right bundle branch block AND incomplete left bundle branch block
arrythmias,SNOMED CT,44103008,Ventricular arrhythmia
arrythmias,SNOMED CT,44602002,Persistent sinus bradycardia
arrythmias,SNOMED CT,44808001,Conduction disorder of the heart
arrythmias,SNOMED CT,46220003,Tic-tac rhythm
arrythmias,SNOMED CT,46319007,Right bundle branch block AND left posterior fascicular block
arrythmias,SNOMED CT,46619002,Congenital heart block
arrythmias,SNOMED CT,47830009,Junctional escape beats
arrythmias,SNOMED CT,49044005,Severe sinus bradycardia
arrythmias,SNOMED CT,49260003,Ventricular rhythm
arrythmias,SNOMED CT,49436004,Atrial fibrillation
arrythmias,SNOMED CT,49710005,Sinus bradycardia
arrythmias,SNOMED CT,49982000,Multifocal atrial tachycardia
arrythmias,SNOMED CT,50799005,Atrioventricular dissociation
arrythmias,SNOMED CT,54016002,Mobitz type I incomplete atrioventricular block
arrythmias,SNOMED CT,55475008,Lown-Ganong-Levine syndrome
arrythmias,SNOMED CT,59118001,Right bundle branch block
arrythmias,SNOMED CT,59272004,Ventricular parasystole
arrythmias,SNOMED CT,60423000,Sinoatrial node dysfunction
arrythmias,SNOMED CT,61277005,Accelerated idioventricular rhythm
arrythmias,SNOMED CT,62026008,Left posterior fascicular block
arrythmias,SNOMED CT,62657007,Cardiac arrest AND/OR failure following anesthesia AND/OR sedation in labor AND/OR delivery
arrythmias,SNOMED CT,63232000,Multifocal premature beats
arrythmias,SNOMED CT,63467002,Left bundle branch block
arrythmias,SNOMED CT,63593006,Supraventricular premature beats
arrythmias,SNOMED CT,65778007,Sinoatrial block
arrythmias,SNOMED CT,66568003,"Right bundle branch block, posterior fascicular block AND incomplete anterior fascicular block"
arrythmias,SNOMED CT,66657009,Paroxysmal ventricular tachycardia
arrythmias,SNOMED CT,67198005,Paroxysmal supraventricular tachycardia
arrythmias,SNOMED CT,69730002,Idiojunctional tachycardia
arrythmias,SNOMED CT,71792006,Nodal rhythm disorder
arrythmias,SNOMED CT,71908006,Ventricular fibrillation
arrythmias,SNOMED CT,72654001,Supraventricular arrhythmia
arrythmias,SNOMED CT,73459006,"Right branch block, incomplete anterior fascicular block AND incomplete posterior fascicular block"
arrythmias,SNOMED CT,74021003,Bifascicular block
arrythmias,SNOMED CT,74390002,Wolff-Parkinson-White syndrome
arrythmias,SNOMED CT,74615001,Tachycardia-bradycardia
arrythmias,SNOMED CT,75532003,Ventricular escape beat
arrythmias,SNOMED CT,76887001,"Anterior fascicular block, posterior fascicular block AND incomplete right bundle branch block"
arrythmias,SNOMED CT,77221000,Incomplete atrioventricular block with atrioventricular response
arrythmias,SNOMED CT,78240009,Cardiac arrest due to pacemaker failure
arrythmias,SNOMED CT,81681009,Junctional premature beats
arrythmias,SNOMED CT,81898007,Ventricular escape rhythm
arrythmias,SNOMED CT,82226007,Diffuse intraventricular block
arrythmias,SNOMED CT,82838007,Irregular tachycardia
arrythmias,SNOMED CT,86014007,Trifascicular block
arrythmias,SNOMED CT,88412007,AV node arrhythmia
arrythmias,SNOMED CT,129575004,Pacemaker twiddler's syndrome
arrythmias,SNOMED CT,195039008,Partial atrioventricular block
arrythmias,SNOMED CT,195042002,Second degree atrioventricular block
arrythmias,SNOMED CT,195046004,Left main stem bundle branch block
arrythmias,SNOMED CT,195060002,Ventricular pre-excitation
arrythmias,SNOMED CT,195069001,Atrial paroxysmal tachycardia
arrythmias,SNOMED CT,195070000,AV paroxysmal tachycardia
arrythmias,SNOMED CT,195071001,Paroxysmal junctional tachycardia
arrythmias,SNOMED CT,195072008,Nodal paroxysmal tachycardia
arrythmias,SNOMED CT,195080001,Atrial fibrillation and flutter
arrythmias,SNOMED CT,195083004,Ventricular fibrillation and flutter
arrythmias,SNOMED CT,195105007,Re-entry ventricular arrhythmia
arrythmias,SNOMED CT,204383001,Congenital complete atrioventricular heart block
arrythmias,SNOMED CT,204384007,Congenital incomplete atrioventricular heart block
arrythmias,SNOMED CT,213213007,Cardiac arrest as a complication of care
arrythmias,SNOMED CT,233891009,Sinoatrial node tachycardia
arrythmias,SNOMED CT,233892002,Ectopic atrial tachycardia
arrythmias,SNOMED CT,233893007,Re-entrant atrial tachycardia
arrythmias,SNOMED CT,233894001,Incessant atrial tachycardia
arrythmias,SNOMED CT,233895000,Ectopic atrioventricular node tachycardia
arrythmias,SNOMED CT,233896004,Re-entrant atrioventricular node tachycardia
arrythmias,SNOMED CT,233897008,AVRT - Atrioventricular re-entrant tachycardia
arrythmias,SNOMED CT,233898003,Orthodromic atrioventricular re-entrant tachycardia
arrythmias,SNOMED CT,233899006,Antidromic atrioventricular re-entrant tachycardia
arrythmias,SNOMED CT,233900001,Supraventricular tachycardia with functional bundle branch block
arrythmias,SNOMED CT,233901002,His bundle tachycardia
arrythmias,SNOMED CT,233902009,Congenital His bundle tachycardia
arrythmias,SNOMED CT,233903004,Postoperative His bundle tachycardia
arrythmias,SNOMED CT,233904005,Permanent junctional reciprocating tachycardia
arrythmias,SNOMED CT,233910005,Lone atrial fibrillation
arrythmias,SNOMED CT,233911009,Non-rheumatic atrial fibrillation
arrythmias,SNOMED CT,233913007,Familial sick sinus syndrome
arrythmias,SNOMED CT,233914001,Postoperative sinoatrial disease
arrythmias,SNOMED CT,233916004,Heart block
arrythmias,SNOMED CT,233917008,AVB - Atrioventricular block
arrythmias,SNOMED CT,233918003,Postoperative complete heart block
arrythmias,SNOMED CT,233922008,Concealed accessory pathway
arrythmias,SNOMED CT,233923003,Unidirectional retrograde accessory pathway
arrythmias,SNOMED CT,233927002,Cardiac arrest with successful resuscitation
arrythmias,SNOMED CT,234172002,Electromechanical dissociation
arrythmias,SNOMED CT,251092003,Sinus arrest with atrial escape
arrythmias,SNOMED CT,251093008,Sinus arrest with junctional escape
arrythmias,SNOMED CT,251094002,Sinus arrest with ventricular escape
arrythmias,SNOMED CT,251114004,Intermittent second degree atrioventricular block
arrythmias,SNOMED CT,251120003,Incomplete left bundle branch block
arrythmias,SNOMED CT,251123001,Complete right bundle branch block
arrythmias,SNOMED CT,251124007,Incomplete right bundle branch block
arrythmias,SNOMED CT,251125008,Minor intraventricular conduction defect
arrythmias,SNOMED CT,251152003,Marked sinus arrhythmia
arrythmias,SNOMED CT,251155001,His Bundle (junctional ectopic) tachycardia
arrythmias,SNOMED CT,251161003,Slow ventricular response
arrythmias,SNOMED CT,251162005,AV-junctional (nodal) bradycardia
arrythmias,SNOMED CT,251163000,AV junctional (nodal) arrest
arrythmias,SNOMED CT,251164006,Junctional premature complex
arrythmias,SNOMED CT,251165007,Nodal tachycardia
arrythmias,SNOMED CT,251166008,AV nodal re-entry tachycardia
arrythmias,SNOMED CT,251167004,Aberrant premature complexes
arrythmias,SNOMED CT,251168009,Supraventricular bigeminy
arrythmias,SNOMED CT,251170000,Blocked premature atrial contraction
arrythmias,SNOMED CT,251171001,Multiple atrial premature complexes
arrythmias,SNOMED CT,251172008,Run of atrial premature complexes
arrythmias,SNOMED CT,251173003,Atrial bigeminy
arrythmias,SNOMED CT,251174009,Atrial trigeminy
arrythmias,SNOMED CT,251175005,Ventricular premature complex
arrythmias,SNOMED CT,251176006,Multiple premature ventricular complexes
arrythmias,SNOMED CT,251177002,Run of ventricular premature complexes
arrythmias,SNOMED CT,251179004,Multiple ventricular interpolated complexes
arrythmias,SNOMED CT,251180001,Ventricular trigeminy
arrythmias,SNOMED CT,251181002,Ventricular quadrigeminy
arrythmias,SNOMED CT,251182009,Paired ventricular premature complexes
arrythmias,SNOMED CT,251183004,Aberrantly conducted complex
arrythmias,SNOMED CT,251186007,Ventricular escape complex
arrythmias,SNOMED CT,251187003,Atrial escape complex
arrythmias,SNOMED CT,251188008,Atrial parasystole
arrythmias,SNOMED CT,253528005,Arrythmogenic right ventricular dysplasia
arrythmias,SNOMED CT,261195002,Circulatory arrest
arrythmias,SNOMED CT,270492004,First degree atrioventricular block
arrythmias,SNOMED CT,276796006,Atrial tachycardia
arrythmias,SNOMED CT,278482008,Atrioventricular tachycardia
arrythmias,SNOMED CT,282825002,AF - Paroxysmal atrial fibrillation
arrythmias,SNOMED CT,283645003,Lev's disease
arrythmias,SNOMED CT,284470004,Premature atrial contraction
arrythmias,SNOMED CT,287057009,Atrial premature complex
arrythmias,SNOMED CT,300996004,Controlled atrial fibrillation
arrythmias,SNOMED CT,300997008,Asymptomatic sinoatrial node dysfunction
arrythmias,SNOMED CT,309809007,Electromechanical dissociation with successful resuscitation
arrythmias,SNOMED CT,314208002,Rapid atrial fibrillation
arrythmias,SNOMED CT,315027009,Congenital conduction defect
arrythmias,SNOMED CT,373905003,Jervell and Lange-Nielson syndrome (disorder)
arrythmias,SNOMED CT,397829000,Asystole (disorder)
arrythmias,SNOMED CT,406461004,Ectopic atrial beats (disorder)
arrythmias,SNOMED CT,410429000,Cardiac arrest (disorder)
arrythmias,SNOMED CT,410430005,Cardiorespiratory arrest (disorder)
arrythmias,SNOMED CT,418341009,Atrioventricular conduction disorder (disorder)
arrythmias,SNOMED CT,418493005,Right atrial incisional tachycardia (disorder)
arrythmias,SNOMED CT,418818005,Brugada syndrome (disorder)
arrythmias,SNOMED CT,419400008,Incisional tachycardia (disorder)
arrythmias,SNOMED CT,419671004,Catecholaminergic polymorphic ventricular tachycardia (disorder)
arrythmias,SNOMED CT,419752005,Sinoatrial nodal reentrant tachycardia (disorder)
arrythmias,SNOMED CT,420002000,Left atrial incisional tachycardia (disorder)
arrythmias,SNOMED CT,421869004,Bradyarrhythmia (disorder)
arrythmias,SNOMED CT,422348008,Andersen Tawil syndrome (disorder)
arrythmias,SNOMED CT,422970001,Cardiac arrest due to trauma (disorder)
arrythmias,SNOMED CT,423168004,Cardiac arrest due to respiratory disorder (disorder)
arrythmias,SNOMED CT,423191000,Cardiac arrest due to cardiac disorder (disorder)
arrythmias,SNOMED CT,424571008,Cardiac arrest due to drowning (disorder)
arrythmias,SNOMED CT,425582007,Inappropriate sinus tachycardia (disorder)
arrythmias,SNOMED CT,425615007,Chronic atrial flutter (disorder)
arrythmias,SNOMED CT,426749004,Chronic atrial fibrillation (disorder)
arrythmias,SNOMED CT,427665004,Paroxysmal atrial flutter (disorder)
arrythmias,SNOMED CT,429243003,Sustained ventricular fibrillation (disorder)
arrythmias,SNOMED CT,440028005,Permanent atrial fibrillation (disorder)
arrythmias,SNOMED CT,440059007,Persistent atrial fibrillation (disorder)
arrythmias,SNOMED CT,442559009,Bundle branch reentrant ventricular tachycardia (disorder)
arrythmias,SNOMED CT,442917000,Congenital long QT syndrome (disorder)
arrythmias,SNOMED CT,442946007,Aquired long QT syndrome (disorder)
arrythmias,SNOMED CT,443478002,Heart block due to drug (disorder)
arrythmias,SNOMED CT,444605001,Symptomatic sinus bradycardia (disorder)
arrythmias,SNOMED CT,450919004,Atrial standstill (disorder)
arrythmias,SNOMED CT,472809000,Atrioventricular block due to endocarditis (disorder)
arrythmias,SNOMED CT,472810005,Arrhythmia due to vegetation of infectious endocarditis
arrythmias,SNOMED CT,609506003,Induced termination of pregnancy complicated by cardiac arrest
arrythmias,SNOMED CT,698247007,Arrhythmia
arrythmias,SNOMED CT,698252002,Non-specific intraventricular conduction delay
arrythmias,SNOMED CT,698270004,Cardiac arrhythmia associated with genetic disorder (disorder)
arrythmias,SNOMED CT,698271000,Cardiac channelopathy
arrythmias,SNOMED CT,698272007,Short QT syndrome (disorder)
arrythmias,SNOMED CT,698504006,Postoperative cardiopulmonary failure
arrythmias,SNOMED CT,699256006,Long QT syndrome with syndactyly
arrythmias,SNOMED CT,699748007,Cardiopulmonary arrest with successful resuscitation
arrythmias,SNOMED CT,703162001,Bradycardic cardiac arrest
arrythmias,SNOMED CT,706923002,Longstanding persistent atrial fibrillation (disorder)
arrythmias,SNOMED CT,708124001,Recurrent ventricular tachycardia (disorder)
arrythmias,SNOMED CT,710878005,Mahaim fiber tachycardia
arrythmias,SNOMED CT,713419002,Intraoperative cardiopulmonary arrest
arrythmias,SNOMED CT,715535009,Keratosis palmoplantaris and arrythmogenic cardiomyopathy syndrome (disorder)
arrythmias,SNOMED CT,715971003,Long QT syndrome caused by drug (disorder)
arrythmias,SNOMED CT,716050002,Cardiac arrest during surgery (disorder)
arrythmias,SNOMED CT,719823007,"Ventricular extrasystoles with syncope, perodactyly and Robin sequence syndrome (disorder)"
arrythmias,SNOMED CT,719907006,Timothy syndrome type 2 (disorder)
arrythmias,SNOMED CT,720448006,Typical atrial flutter (disorder)
arrythmias,SNOMED CT,720507006,Chronic atrial and intestinal dysrhythmia (disorder)
arrythmias,SNOMED CT,721010003,Heart-hand syndrome type 2 (disorder)
arrythmias,SNOMED CT,721013001,Heart-hand syndrome type 3 (disorder)
arrythmias,SNOMED CT,723860000,Arrhythmia as current complication following acute myocardial infarction (disorder)
arrythmias,SNOMED CT,723866006,Idiopathic ventricular fibrillation not Brugada type (disorder)
arrythmias,SNOMED CT,725145002,"Atrial septal defect, atrioventricular conduction defect syndrome (disorder)"
arrythmias,SNOMED CT,733125004,Acquired complete atrioventricular block
arrythmias,SNOMED CT,733454004,Brachydactyly long thumb type
arrythmias,SNOMED CT,735682000,Macro re-entrant atrial tachycardia (disorder)
arrythmias,SNOMED CT,735683005,Cavotricuspid isthmus dependent macroreentry tachycardia (disorder)
arrythmias,SNOMED CT,735684004,Non-cavotricuspid isthmus dependent atrial tachycardia (disorder)
arrythmias,SNOMED CT,735685003,Atrioventricular reciprocating tachycardia (disorder)
arrythmias,SNOMED CT,735686002,Sudden cardiac death due to cardiac arrhythmia (disorder)
arrythmias,SNOMED CT,762247006,Preexcited atrial fibrillation (disorder)
arrythmias,SNOMED CT,762534000,Supraventricular bradyarrhythmia
arrythmias,SNOMED CT,764457005,Cardiac arrhythmia ankyrin-B related
arrythmias,SNOMED CT,764732004,Zaki Gleeson syndrome
arrythmias,SNOMED CT,770784003,Sinoatrial node dysfunction and deafness
arrythmias,SNOMED CT,771179007,Char Douglas Dungan syndrome
arrythmias,SNOMED CT,789039008,Scar mediated macro re-entrant atrial tachycardia (disorder)
arrythmias,SNOMED CT,789693005,Acquired Brugada syndrome
arrythmias,SNOMED CT,871686004,Multiple atrial ectopics
arrythmias,SNOMED CT,871832005,Multifocal atrial ectopics (disorder)
arrythmias,SNOMED CT,1010405004,Paroxysmal atrial fibrillation with rapid ventricular response
arrythmias,SNOMED CT,1142040009,Right atrial non-cavotricuspid isthmus dependent macro re-entrant atrial tachycardia (disorder)
arrythmias,SNOMED CT,1142041008,Non-scar mediated right atrial non-cavotricuspid isthmus dependent macro re-entrant atrial tachycardia
arrythmias,SNOMED CT,1142057008,Anticlockwise cavotricuspid isthmus dependant macroreentry tachycardia: clockwise (disorder)
arrythmias,SNOMED CT,1142064005,Antidromic atrioventricular reciprocating tachycardia utilising atrio-ventricular accessory pathway with antegrade unidirectional conduction
arrythmias,SNOMED CT,1142066007,Antidromic atrioventricular reciprocating tachycardia utilising atrio-fascicular accessory pathway with antegrade unidirectional conduction
arrythmias,SNOMED CT,1142067003,Non scar mediated left atrial non-cavotricuspid isthmus dependent macro re-entrant atrial tachycardia
arrythmias,SNOMED CT,1142068008,Antidromic atrioventricular reciprocating tachycardia utilising accessory pathway with antegrade unidirectional conduction
arrythmias,SNOMED CT,1142069000,Scar mediated left atrial non-cavotricuspid isthmus dependent macro re-entrant atrial tachycardia
arrythmias,SNOMED CT,1142082008,Idiopathic junctional ectopic tachycardia (disorder)
arrythmias,SNOMED CT,1142086006,Congenital junctional ectopic tachycardia
arrythmias,SNOMED CT,1142090008,Clockwise cavotricuspid isthmus dependent macroreentry tachycardia (disorder)
arrythmias,SNOMED CT,1142093005,Left atrial non-cavotricuspid isthmus dependent macro re-entrant atrial tachycardia
arrythmias,SNOMED CT,1142098001,Postoperative junctional ectopic tachycardia
arrythmias,SNOMED CT,1142103004,Antidromic atrioventricular reciprocating tachycardia utilizing nodo-fascicular accessory pathway with antegrade unidirectional conduction (disorder)
arrythmias,SNOMED CT,1142105006,Typical atrioventricular nodal re-entry tachycardia
arrythmias,SNOMED CT,1142110005,Sinus bradycardia caused by drug (disorder)
arrythmias,SNOMED CT,1142111009,Sinus bradycardia due to metabolic disease
arrythmias,SNOMED CT,1142114001,Scar mediated right atrial non-cavotricuspid isthmus dependent macro re-entrant atrial tachycardia (disorder)
arrythmias,SNOMED CT,1142117008,Atypical slow slow atrioventricular nodal re-entry tachycardia
arrythmias,SNOMED CT,1142118003,Atypical atrioventricular nodal re-entry tachycardia
arrythmias,SNOMED CT,1142119006,Atypical fast slow atrioventricular nodal re-entry tachycardia
arrythmias,SNOMED CT,1142120000,Orthodromic atrioventricular reciprocating tachycardia utilising manifest accessory pathway
arrythmias,SNOMED CT,1142121001,Atrioventricular nodal reentry tachycardia with twin atrioventricular nodes (disorder)
arrythmias,SNOMED CT,1142122008,Antidromic atrioventricular reciprocating tachycardia utilizing accessory pathway with bidirectional conduction (disorder)
arrythmias,SNOMED CT,1142123003,Atrial premature depolarisation with aberrant ventricular conduction
arrythmias,SNOMED CT,1142124009,Atrial premature depolarization with normal conduction (disorder)
arrythmias,SNOMED CT,1142204001,Orthodromic atrioventricular reciprocating tachycardia utilizing concealed accessory pathway
arrythmias,SNOMED CT,1149361009,Cardiac arrest due to procedure (disorder)
arrythmias,SNOMED CT,1149362002,Cardiac arrest during procedure (disorder)
arrythmias,SNOMED CT,1156821008,Autosomal recessive sick sinus syndrome (disorder)
arrythmias,SNOMED CT,1172698005,"Transport and golgi organization 2 homolog-related metabolic encephalopathy, arrhythmia syndrome"
arrythmias,SNOMED CT,1179295004,"Autosomal recessive limb girdle muscular dystrophy, cardiac arrhythmia syndrome"
arrythmias,SNOMED CT,1186711002,"GNB5-related intellectual disability, cardiac arrhythmia syndrome"
arrythmias,SNOMED CT,1204124006,Cardiac arrhythmia due to coronary artery spasm
arrythmias,SNOMED CT,1204129001,Catecholaminergic polymorphic ventricular tachycardia due to RYR2 mutation
arrythmias,SNOMED CT,1204167003,Catecholaminergic polymorphic ventricular tachycardia due to calsequestrin mutation
arrythmias,SNOMED CT,1208861007,Long QT syndrome type 4
arrythmias,SNOMED CT,1208863005,Long QT syndrome type 5
arrythmias,SNOMED CT,1208864004,Long QT syndrome type 2
arrythmias,SNOMED CT,1208866002,Long QT syndrome type 3
arrythmias,SNOMED CT,1208868001,Long QT syndrome type 12
arrythmias,SNOMED CT,1208870005,Long QT syndrome type 13
arrythmias,SNOMED CT,1208881008,Long QT syndrome type 11
arrythmias,SNOMED CT,1208884000,Long QT syndrome type 10
arrythmias,SNOMED CT,1208909006,Long QT syndrome type 6
arrythmias,SNOMED CT,1208911002,Long QT syndrome type 9
arrythmias,SNOMED CT,1220643007,Regular wide QRS complex tachycardia
arrythmias,SNOMED CT,1222539006,Three consecutive ventricular premature complexes
arrythmias,SNOMED CT,1230096008,Timothy syndrome
arrythmias,SNOMED CT,1230097004,Atypical Timothy syndrome
arrythmias,SNOMED CT,1230406008,Atypical Timothy syndrome
arrythmias,SNOMED CT,5.761E+12,Nonsustained paroxysmal supraventricular tachycardia
arrythmias,SNOMED CT,1.0701E+13,Arrhythmia during surgery (disorder)
arrythmias,SNOMED CT,2.1421E+13,Nonsustained paroxysmal ventricular tachycardia
arrythmias,SNOMED CT,7.2291E+13,Cardiac arrhythmia during pregnancy (disorder)
arrythmias,SNOMED CT,1.02451E+14,Complete atrioventricular block due to atrioventricular nodal ablation
arrythmias,SNOMED CT,1.20041E+14,Atrial fibrillation with rapid ventricular response
arrythmias,SNOMED CT,2.84941E+14,High degree second degree atrioventricular block
arrythmias,SNOMED CT,2.84951E+14,Postoperative atrioventricular block
arrythmias,SNOMED CT,9.59281E+14,HHS - holiday heart syndrome
arrythmias,SNOMED CT,10743741000119103,Cardiac arrhythmia in mother complicating childbirth
arrythmias,SNOMED CT,10745231000119102,Cardiac arrest due to administration of anesthesia for obstetric procedure in pregnancy (disorder)
arrythmias,SNOMED CT,10750641000119101,Cardiac arrest due to failed attempted abortion
arrythmias,SNOMED CT,10760181000119109,Cardiac arrest due to miscarriage
arrythmias,SNOMED CT,10811961000119109,Cardiac arrest due to incomplete miscarriage
arrythmias,SNOMED CT,15964501000119104,Cardiac arrest during cardiac surgery (disorder)
arrythmias,SNOMED CT,15964901000119107,Atypical atrial flutter
arrythmias,SNOMED CT,16415081000119104,Supraventricular tachycardia following acute myocardial infarction
arrythmias,SNOMED CT,280797561000119107,Permanent atrial fibrillation due to heart valve disorder (disorder)
arrythmias,SNOMED CT,313377641000119105,Atrial fibrillation due to heart valve disorder (disorder)
arrythmias,SNOMED CT,467643831000119105,Paroxysmal atrial fibrillation due to heart valve disorder (disorder)
arrythmias,SNOMED CT,489609371000119104,Persistent atrial fibrillation due to heart valve disorder (disorder)
liver disease,ICD10,K701,Alcoholic hepatitis
liver disease,ICD10,K702,Alcoholic fibrosis and sclerosis of liver
liver disease,ICD10,K703,Alcoholic cirrhosis of liver
liver disease,ICD10,K717,Toxic liver disease with fibrosis and cirrhosis of liver
liver disease,ICD10,K740,Hepatic fibrosis
liver disease,ICD10,K741,Hepatic sclerosis
liver disease,ICD10,K742,Hepatic fibrosis with hepatic sclerosis
liver disease,ICD10,K744,Secondary biliary cirrhosis
liver disease,ICD10,K745,"Biliary cirrhosis, unspecified"
liver disease,ICD10,K746,Other and unspecified cirrhosis of liver
liver disease,SNOMED CT,1287007,Congenital absence of bile duct
liver disease,SNOMED CT,1761006,Biliary cirrhosis
liver disease,SNOMED CT,3738000,[X]Other chronic viral hepatitis
liver disease,SNOMED CT,6183001,Cirrhosis: [juv portal] or [childh funct] or [Indian childh]
liver disease,SNOMED CT,9953008,Acute alcoholic hepatitis
liver disease,SNOMED CT,10295004,[X]Other chronic viral hepatitis
liver disease,SNOMED CT,12368000,Secondary biliary cirrhosis
liver disease,SNOMED CT,14223005,Oesophageal varices without bleeding
liver disease,SNOMED CT,15999000,Mixed portal cirrhosis
liver disease,SNOMED CT,17709002,Bleeding oesophageal varices
liver disease,SNOMED CT,18027006,Liver transplant
liver disease,SNOMED CT,19943007,[X]Other and unspecified cirrhosis of liver
liver disease,SNOMED CT,20415001,Progressive neuronal degeneration with liver cirrhosis
liver disease,SNOMED CT,21861000,Micronodular cirrhosis
liver disease,SNOMED CT,28670008,[X]Oesophageal varices in diseases classified elsewhere
liver disease,SNOMED CT,31712002,Primary biliary cirrhosis
liver disease,SNOMED CT,31742004,Alagille syndrome
liver disease,SNOMED CT,34736002,Chronic passive congestion of liver
liver disease,SNOMED CT,34742003,Portal hypertension
liver disease,SNOMED CT,40946000,[X]Unspecified viral hepatitis with coma
liver disease,SNOMED CT,41309000,Alcoholic liver damage unspecified
liver disease,SNOMED CT,41889008,Chronic persistent hepatitis
liver disease,SNOMED CT,43904005,Macronodular cirrhosis
liver disease,SNOMED CT,50325005,Alcoholic fatty liver
liver disease,SNOMED CT,51292008,Hepatorenal syndrome
liver disease,SNOMED CT,57339008,Chronic lobular hepatitis
liver disease,SNOMED CT,59927004,Hepatic failure
liver disease,SNOMED CT,61977001,Chronic viral hepatitis B
liver disease,SNOMED CT,62484002,(Liver cirrhos: [named vars] or [NOS]) or (hepat fibrosis)
liver disease,SNOMED CT,67364009,Local ligation of oesophageal varices
liver disease,SNOMED CT,68094008,Congenital hypoplasia of bile duct
liver disease,SNOMED CT,74669004,Cirrhosis: [cardiac portal] or [congestive]
liver disease,SNOMED CT,76301009,Cirrhosis: [florid] or [alcoholic]
liver disease,SNOMED CT,76783007,Chronic hepatitis
liver disease,SNOMED CT,77480004,Atresia of bile ducts
liver disease,SNOMED CT,79607001,Congenital hepatic fibrosis
liver disease,SNOMED CT,79720007,Other non-alcoholic chronic liver disease
liver disease,SNOMED CT,81675001,Chronic yellow atrophy
liver disease,SNOMED CT,82821008,Atresia of bile duct (& [intrahepatic] or [extrahepatic]
liver disease,SNOMED CT,89580002,(Liver cirrhos: [named vars] or [NOS]) or (hepat fibrosis)
liver disease,SNOMED CT,91109007,Gastric varices
liver disease,SNOMED CT,123604002,Toxic cirrhosis
liver disease,SNOMED CT,128302006,Chronic viral hepatitis C
liver disease,SNOMED CT,173617001,Open operations on oesophageal varices
liver disease,SNOMED CT,173621008,Open injection sclerotherapy to oesophageal varices
liver disease,SNOMED CT,173639004,Fibreoptic oesophagoscopy & injection sclerotherapy varices
liver disease,SNOMED CT,173641003,Fibreoptic oesophagoscopy and banding of oesophageal varices
liver disease,SNOMED CT,173660005,Rigid oesophagoscopy and injection sclerotherapy of varices
liver disease,SNOMED CT,173661009,Rigid oesophagoscopy and banding of oesophageal varices
liver disease,SNOMED CT,173679008,Balloon tamponade of oesophagus
liver disease,SNOMED CT,174425003,Orthotopic liver transplant
liver disease,SNOMED CT,174426002,Heterotopic liver transplant
liver disease,SNOMED CT,174427006,Replacement of previous liver transplant
liver disease,SNOMED CT,186628001,Viral hepatitis C with coma
liver disease,SNOMED CT,186639003,Chronic viral hepatitis B without delta-agent
liver disease,SNOMED CT,195474004,Oesophageal varices in diseases EC
liver disease,SNOMED CT,195475003,Oesophageal varices with bleeding in diseases EC
liver disease,SNOMED CT,195476002,Oesophageal varices without bleeding in diseases EC
liver disease,SNOMED CT,197270009,Acute hepatic failure
liver disease,SNOMED CT,197275004,Subacute hepatic failure
liver disease,SNOMED CT,197279005,Cirrhosis and chronic liver disease
liver disease,SNOMED CT,197284004,Chronic active hepatitis
liver disease,SNOMED CT,197286002,Recurrent hepatitis
liver disease,SNOMED CT,197291001,Unilobular portal cirrhosis
liver disease,SNOMED CT,197293003,Diffuse nodular cirrhosis
liver disease,SNOMED CT,197294009,Fatty portal cirrhosis
liver disease,SNOMED CT,197296006,Capsular portal cirrhosis
liver disease,SNOMED CT,197299004,Pigmentary portal cirrhosis
liver disease,SNOMED CT,197300007,Pipestem portal cirrhosis
liver disease,SNOMED CT,197301006,Toxic portal cirrhosis
liver disease,SNOMED CT,197303009,Bacterial portal cirrhosis
liver disease,SNOMED CT,197305002,Syphilitic portal cirrhosis
liver disease,SNOMED CT,197310003,Biliary cirrhosis of children
liver disease,SNOMED CT,197316009,Portal fibrosis without cirrhosis
liver disease,SNOMED CT,197324004,Liver abscess and sequelae of chronic liver disease
liver disease,SNOMED CT,197359004,Toxic liver disease with chronic persistent hepatitis
liver disease,SNOMED CT,197360009,Toxic liver disease with chronic lobular hepatitis
liver disease,SNOMED CT,197361008,Toxic liver disease with chronic active hepatitis
liver disease,SNOMED CT,197362001,Toxic liver disease with fibrosis and cirrhosis of liver
liver disease,SNOMED CT,197368002,Hepatic granulomas in sarcoidosis
liver disease,SNOMED CT,197441003,Primary sclerosing cholangitis
liver disease,SNOMED CT,204781002,Congenital absence of hepatic ducts
liver disease,SNOMED CT,204782009,Atresia of hepatic ducts
liver disease,SNOMED CT,213153001,Liver transplant failure and rejection
liver disease,SNOMED CT,213230009,Hepatic failure as a complication of care
liver disease,SNOMED CT,213231008,Hepatorenal syndrome as a complication of care
liver disease,SNOMED CT,235212007,Balln tamponade oesophagus using Sengstaken-Blakemore tube
liver disease,SNOMED CT,235213002,Balloon tamponade of oesophagus using Minnesota tube
liver disease,SNOMED CT,235458006,Exploration liver (& transplanted)
liver disease,SNOMED CT,235869004,Chronic viral hepatitis B with hepatitis D
liver disease,SNOMED CT,235870003,Chronic non-A non-B hepatitis
liver disease,SNOMED CT,235875008,Alcoholic hepatitis
liver disease,SNOMED CT,235880004,Alcoholic fibrosis and sclerosis of liver
liver disease,SNOMED CT,235881000,Alcoholic hepatic failure
liver disease,SNOMED CT,235884008,Fulminant hepatic failure
liver disease,SNOMED CT,235885009,Subfulminant hepatic failure
liver disease,SNOMED CT,235886005,Chronic hepatic failure
liver disease,SNOMED CT,235889003,Drug-induced chronic hepatitis
liver disease,SNOMED CT,235895002,(Liver cirrhos: [named vars] or [NOS]) or (hepat fibrosis)
liver disease,SNOMED CT,235896001,Infectious cirrhosis NOS
liver disease,SNOMED CT,235897005,Hypoxia-associated cirrhosis
liver disease,SNOMED CT,235898000,Pericellular fibrosis of congenital syphilis
liver disease,SNOMED CT,235899008,Hepatic sclerosis
liver disease,SNOMED CT,235900003,Portal and splenic vein sclerosis
liver disease,SNOMED CT,235901004,Hepatic fibrosis with hepatic sclerosis
liver disease,SNOMED CT,235902006,Intrahepatic phlebosclerosis and fibrosis
liver disease,SNOMED CT,235910007,Liver transplant disorder
liver disease,SNOMED CT,235911006,Liver transplant rejection
liver disease,SNOMED CT,235912004,Liver transplant failure
liver disease,SNOMED CT,235916001,Ichthyosis congenita with biliary atresia
liver disease,SNOMED CT,253807009,Atresia of bile duct (& [intrahepatic] or [extrahepatic]
liver disease,SNOMED CT,265437009,Exploration liver (& transplanted)
liver disease,SNOMED CT,266468003,Cirrhosis - non-alcoholic
liver disease,SNOMED CT,266469006,Cirrhosis of liver: [multilobular portal] or [postnecrotic]
liver disease,SNOMED CT,266470007,Cirrhosis: [cardiac portal] or [congestive]
liver disease,SNOMED CT,266471006,Cirrhosis: [juv portal] or [childh funct] or [Indian childh]
liver disease,SNOMED CT,271440004,Cirrhosis secondary to cholestasis
liver disease,SNOMED CT,307757001,Chronic alcoholic hepatitis
liver disease,SNOMED CT,308129003,Oesophageal varices in cirrhosis of the liver
liver disease,SNOMED CT,309783001,Oesophageal varices in alcoholic cirrhosis of the liver
liver disease,SNOMED CT,328383001,Chronic liver disease NOS
liver disease,SNOMED CT,408335007,Autoimmune hepatitis
liver disease,SNOMED CT,413438002,Acute hepatic failure due to drugs
liver disease,SNOMED CT,419728003,Cirrhosis: [florid] or [alcoholic]
liver disease,SNOMED CT,420054005,Cirrhosis: [florid] or [alcoholic]
liver disease,SNOMED CT,426356008,Orthotopic transplantation of whole liver
liver disease,SNOMED CT,426841006,Fibreopt endoscop rubber band ligation of upper GIT varices
liver disease,SNOMED CT,427022004,Liver disease due to cystic fibrosis
liver disease,SNOMED CT,428198008,Transplantation of liver cells
liver disease,SNOMED CT,737297006,[V]Liver transplanted
liver disease,SNOMED CT,2.26941E+14,Transplantation of liver cells
liver disease,SNOMED CT,3.62421E+14,Chronic hepatitis annual review
liver disease,SNOMED CT,4.00381E+14,[V]Assessment for liver transplant
liver disease,SNOMED CT,4.17371E+14,[X]Oesophageal varices in diseases classified elsewhere
liver disease,SNOMED CT,4.19531E+14,[X]Other chronic viral hepatitis
liver disease,SNOMED CT,4.19541E+14,"[X]Chronic viral hepatitis, unspecified"
liver disease,SNOMED CT,4.44071E+14,[X]Unspecified viral hepatitis with coma
liver disease,SNOMED CT,4.64381E+14,[V]Liver transplanted
liver disease,SNOMED CT,4.70971E+14,[X]Other and unspecified cirrhosis of liver
liver disease,SNOMED CT,7.73411E+14,Compensation for liver failure NOS
liver disease,SNOMED CT,7.76981E+14,Cystic fibrosis related cirrhosis
valvular heart disease,ICD10,B376,Candidal endocarditis
valvular heart disease,ICD10,I05,Rheumatic mitral valve diseases
valvular heart disease,ICD10,I050,Mitral stenosis
valvular heart disease,ICD10,I051,Rheumatic mitral insufficiency
valvular heart disease,ICD10,I052,Mitral stenosis with insufficiency
valvular heart disease,ICD10,I058,Other mitral valve diseases
valvular heart disease,ICD10,I059,Mitral valve disease unspecified
valvular heart disease,ICD10,I06,Rheumatic aortic valve diseases
valvular heart disease,ICD10,I060,Rheumatic aortic stenosis
valvular heart disease,ICD10,I061,Rheumatic aortic insufficiency
valvular heart disease,ICD10,I062,Rheumatic aortic stenosis with insufficiency
valvular heart disease,ICD10,I068,Other rheumatic aortic valve diseases
valvular heart disease,ICD10,I069,Rheumatic aortic valve disease unspecified
valvular heart disease,ICD10,I07,Rheumatic tricuspid valve diseases
valvular heart disease,ICD10,I070,Tricuspid stenosis
valvular heart disease,ICD10,I071,Tricuspid insufficiency
valvular heart disease,ICD10,I072,Tricuspid stenosis with insufficiency
valvular heart disease,ICD10,I078,Other tricuspid valve diseases
valvular heart disease,ICD10,I079,Tricuspid valve disease unspecified
valvular heart disease,ICD10,I08,Multiple valve diseases
valvular heart disease,ICD10,I080,Disorders of both mitral and aortic valves
valvular heart disease,ICD10,I081,Disorders of both mitral and tricuspid valves
valvular heart disease,ICD10,I082,Disorders of both aortic and tricuspid valves
valvular heart disease,ICD10,I083,"Combined disorders of mitral, aortic and tricuspid valves"
valvular heart disease,ICD10,I088,Other multiple valve diseases
valvular heart disease,ICD10,I089,Multiple valve disease unspecified
valvular heart disease,ICD10,I34,Nonrheumatic mitral valve disorders
valvular heart disease,ICD10,I340,Mitral (valve) insufficiency
valvular heart disease,ICD10,I341,Mitral (valve) prolapse
valvular heart disease,ICD10,I342,Nonrheumatic mitral (valve) stenosis
valvular heart disease,ICD10,I348,Other nonrheumatic mitral valve disorders
valvular heart disease,ICD10,I349,Nonrheumatic mitral valve disorder unspecified
valvular heart disease,ICD10,I35,Nonrheumatic aortic valve disorders
valvular heart disease,ICD10,I350,Aortic (valve) stenosis
valvular heart disease,ICD10,I351,Aortic (valve) insufficiency
valvular heart disease,ICD10,I352,Aortic (valve) stenosis with insufficiency
valvular heart disease,ICD10,I358,Other aortic valve disorders
valvular heart disease,ICD10,I359,Aortic valve disorder unspecified
valvular heart disease,ICD10,I36,Nonrheumatic tricuspid valve disorders
valvular heart disease,ICD10,I360,Nonrheumatic tricuspid (valve) stenosis
valvular heart disease,ICD10,I361,Nonrheumatic tricuspid (valve) insufficiency
valvular heart disease,ICD10,I362,Nonrheumatic tricuspid (valve) stenosis with insufficiency
valvular heart disease,ICD10,I368,Other nonrheumatic tricuspid valve disorders
valvular heart disease,ICD10,I369,Nonrheumatic tricuspid valve disorder unspecified
valvular heart disease,ICD10,I37,Pulmonary valve disorders
valvular heart disease,ICD10,I370,Pulmonary valve stenosis
valvular heart disease,ICD10,I371,Pulmonary valve insufficiency
valvular heart disease,ICD10,I372,Pulmonary valve stenosis with insufficiency
valvular heart disease,ICD10,I378,Other pulmonary valve disorders
valvular heart disease,ICD10,I379,Pulmonary valve disorder unspecified
valvular heart disease,ICD10,I38,"Endocarditis, valve unspecified"
valvular heart disease,ICD10,I390,Mitral valve disorders in diseases classified elsewhere
valvular heart disease,ICD10,I391,Aortic valve disorders in diseases classified elsewhere
valvular heart disease,ICD10,I392,Tricuspid valve disorders in diseases classified elsewhere
valvular heart disease,ICD10,I393,Pulmonary valve disorders in diseases classified elsewhere
valvular heart disease,ICD10,I394,Multiple valve disorders in diseases classified elsewhere
valvular heart disease,ICD10,I398,"Endocarditis, valve unspecified, in diseases classified elsewhere"
valvular heart disease,ICD10,Q220,Pulmonary valve atresia
valvular heart disease,ICD10,Q221,Congenital pulmonary valve stenosis
valvular heart disease,ICD10,Q222,Congenital pulmonary valve insufficiency
valvular heart disease,ICD10,Q223,Other congenital malformations of pulmonary valve
valvular heart disease,ICD10,Q224,Congenital tricuspid stenosis
valvular heart disease,ICD10,Q225,Ebstein anomaly
valvular heart disease,ICD10,Q228,Other congenital malformations of tricuspid valve
valvular heart disease,ICD10,Q229,"Congenital malformation of tricuspid valve, unspecified"
valvular heart disease,ICD10,Q230,Congenital stenosis of aortic valve
valvular heart disease,ICD10,Q231,Congenital insufficiency of aortic valve
valvular heart disease,ICD10,Q232,Congenital mitral stenosis
valvular heart disease,ICD10,Q233,Congenital mitral insufficiency
valvular heart disease,ICD10,Q238,Other congenital malformations of aortic and mitral valves
valvular heart disease,ICD10,Q239,"Congenital malformation of aortic and mitral valves, unspecified"
valvular heart disease,ICD10,T820,Mechanical complication of heart valve prosthesis
valvular heart disease,ICD10,T826,Infection and inflammatory reaction due to cardiac valve prosthesis
valvular heart disease,ICD10,Z952,Presence of prosthetic heart valve
valvular heart disease,ICD10,Z953,Presence of xenogenic heart valve
valvular heart disease,ICD10,Z954,Presence of other heart-valve replacement
valvular heart disease,OPCS4,K25,Plastic repair of mitral valve
valvular heart disease,OPCS4,K251,Allograft replacement of mitral valve
valvular heart disease,OPCS4,K252,Xenograft replacement of mitral valve
valvular heart disease,OPCS4,K253,Prosthetic replacement of mitral valve
valvular heart disease,OPCS4,K254,Replacement of mitral valve NEC
valvular heart disease,OPCS4,K255,Mitral valve repair NEC
valvular heart disease,OPCS4,K258,Other specified
valvular heart disease,OPCS4,K259,Unspecified
valvular heart disease,OPCS4,K26,Plastic repair of aortic valve
valvular heart disease,OPCS4,K261,Allograft replacement of aortic valve
valvular heart disease,OPCS4,K262,Xenograft replacement of aortic valve
valvular heart disease,OPCS4,K263,Prosthetic replacement of aortic valve
valvular heart disease,OPCS4,K264,Replacement of aortic valve NEC
valvular heart disease,OPCS4,K265,Aortic valve repair NEC
valvular heart disease,OPCS4,K268,Other specified
valvular heart disease,OPCS4,K269,Unspecified
valvular heart disease,OPCS4,K27,Plastic repair of tricuspid valve
valvular heart disease,OPCS4,K271,Allograft replacement of tricuspid valve
valvular heart disease,OPCS4,K272,Xenograft replacement of tricuspid valve
valvular heart disease,OPCS4,K273,Prosthetic replacement of tricuspid valve
valvular heart disease,OPCS4,K274,Replacement of tricuspid valve NEC
valvular heart disease,OPCS4,K275,Repositioning of tricuspid valve
valvular heart disease,OPCS4,K276,Tricuspid valve repair NEC
valvular heart disease,OPCS4,K278,Other specified
valvular heart disease,OPCS4,K279,Unspecified
valvular heart disease,OPCS4,K28,Plastic repair of pulmonary valve
valvular heart disease,OPCS4,K281,Allograft replacement of pulmonary valve
valvular heart disease,OPCS4,K282,Xenograft replacement of pulmonary valve
valvular heart disease,OPCS4,K283,Prosthetic replacement of pulmonary valve
valvular heart disease,OPCS4,K284,Replacement of pulmonary valve NEC
valvular heart disease,OPCS4,K285,Pulmonary valve repair NEC
valvular heart disease,OPCS4,K288,Other specified
valvular heart disease,OPCS4,K289,Unspecified
valvular heart disease,OPCS4,K29,Plastic repair of unspecified valve of heart
valvular heart disease,OPCS4,K291,Allograft replacement of valve of heart NEC
valvular heart disease,OPCS4,K292,Xenograft replacement of valve of heart NEC
valvular heart disease,OPCS4,K293,Prosthetic replacement of valve of heart NEC
valvular heart disease,OPCS4,K294,Replacement of valve of heart NEC
valvular heart disease,OPCS4,K295,Repair of valve of heart NEC
valvular heart disease,OPCS4,K296,Truncal valve repair
valvular heart disease,OPCS4,K297,Replacement of truncal valve
valvular heart disease,OPCS4,K298,Other specified
valvular heart disease,OPCS4,K299,Unspecified
valvular heart disease,OPCS4,K30,Revision of plastic repair of valve of heart
valvular heart disease,OPCS4,K301,Revision of plastic repair of mitral valve
valvular heart disease,OPCS4,K302,Revision of plastic repair of aortic valve
valvular heart disease,OPCS4,K303,Revision of plastic repair of tricuspid valve
valvular heart disease,OPCS4,K304,Revision of plastic repair of pulmonary valve
valvular heart disease,OPCS4,K305,Revision of plastic repair of truncal valve
valvular heart disease,OPCS4,K308,Other specified
valvular heart disease,OPCS4,K309,Unspecified
valvular heart disease,OPCS4,K31,Open incision of valve of heart
valvular heart disease,OPCS4,K311,Open mitral valvotomy
valvular heart disease,OPCS4,K312,Open aortic valvotomy
valvular heart disease,OPCS4,K313,Open tricuspid valvotomy
valvular heart disease,OPCS4,K314,Open pulmonary valvotomy
valvular heart disease,OPCS4,K315,Open truncal valvotomy
valvular heart disease,OPCS4,K318,Other specified
valvular heart disease,OPCS4,K319,Unspecified
valvular heart disease,OPCS4,K32,Closed incision of valve of heart
valvular heart disease,OPCS4,K321,Closed mitral valvotomy
valvular heart disease,OPCS4,K322,Closed aortic valvotomy
valvular heart disease,OPCS4,K323,Closed tricuspid valvotomy
valvular heart disease,OPCS4,K324,Closed pulmonary valvotomy
valvular heart disease,OPCS4,K328,Other specified
valvular heart disease,OPCS4,K329,Unspecified
valvular heart disease,OPCS4,K331,Aortic root replacement using pulmonary valve autograft with right ventricle to pulmonary artery valved conduit
valvular heart disease,OPCS4,K332,Aortic root replacement using pulmonary valve autograft with right ventricle to pulmonary artery valved conduit and aortoventriculoplasty
valvular heart disease,OPCS4,K334,Aortic root replacement using mechanical prosthesis
valvular heart disease,OPCS4,K336,Aortoventriculoplasty with pulmonary valve autograft
valvular heart disease,OPCS4,K34,Other open operations on valve of heart
valvular heart disease,OPCS4,K341,Annuloplasty of mitral valve
valvular heart disease,OPCS4,K342,Annuloplasty of tricuspid valve
valvular heart disease,OPCS4,K343,Annuloplasty of valve of heart NEC
valvular heart disease,OPCS4,K344,Excision of vegetations of valve of heart
valvular heart disease,OPCS4,K345,Closure of tricuspid valve
valvular heart disease,OPCS4,K346,Closure of pulmonary valve
valvular heart disease,OPCS4,K348,Other specified
valvular heart disease,OPCS4,K349,Unspecified
valvular heart disease,OPCS4,K35,Therapeutic transluminal operations on valve of heart
valvular heart disease,OPCS4,K351,Percutaneous transluminal mitral valvotomy
valvular heart disease,OPCS4,K352,Percutaneous transluminal aortic valvotomy
valvular heart disease,OPCS4,K353,Percutaneous transluminal tricuspid valvotomy
valvular heart disease,OPCS4,K354,Percutaneous transluminal pulmonary valvotomy
valvular heart disease,OPCS4,K355,Percutaneous transluminal valvuloplasty
valvular heart disease,OPCS4,K356,Percutaneous transluminal pulmonary valve perforation and dilation
valvular heart disease,OPCS4,K357,Percutaneous transluminal pulmonary valve replacement
valvular heart disease,OPCS4,K358,Other specified
valvular heart disease,OPCS4,K359,Unspecified
valvular heart disease,OPCS4,K36,Excision of valve of heart
valvular heart disease,OPCS4,K361,Tricuspid valvectomy
valvular heart disease,OPCS4,K362,Pulmonary valvectomy
valvular heart disease,OPCS4,K368,Other specified
valvular heart disease,OPCS4,K369,Unspecified
valvular heart disease,OPCS4,K37,Removal of obstruction from structure adjacent to valve of heart
valvular heart disease,OPCS4,K371,Infundibulectomy of heart using patch
valvular heart disease,OPCS4,K372,Infundibulectomy of heart NEC
valvular heart disease,OPCS4,K373,Repair of subaortic stenosis
valvular heart disease,OPCS4,K374,Repair of supra-aortic stenosis
valvular heart disease,OPCS4,K375,Excision of supramitral ring
valvular heart disease,OPCS4,K376,Aortoventriculoplasty
valvular heart disease,OPCS4,K378,Other specified
valvular heart disease,OPCS4,K379,Unspecified
valvular heart disease,SNOMED CT,368009,Heart valve disorder
valvular heart disease,SNOMED CT,787001,Rheumatic mitral stenosis with regurgitation
valvular heart disease,SNOMED CT,1131009,Congenital valvular insufficiency
valvular heart disease,SNOMED CT,4374004,Congenital anomaly of tricuspid valve
valvular heart disease,SNOMED CT,4851007,Chronic endocarditis (disorder)
valvular heart disease,SNOMED CT,5919001,Rupture of papillary muscle
valvular heart disease,SNOMED CT,6536009,Implantation of tricuspid valve with tissue graft
valvular heart disease,SNOMED CT,6996004,Congenital absence of pulmonary valve
valvular heart disease,SNOMED CT,8069005,Implantation of tricuspid valve prosthesis or synthetic device
valvular heart disease,SNOMED CT,8074002,Mitral valve prolapse syndrome
valvular heart disease,SNOMED CT,8722008,Aortic valve disorder
valvular heart disease,SNOMED CT,10273003,Acute infarction of papillary muscle
valvular heart disease,SNOMED CT,11851006,Mitral valve disorder
valvular heart disease,SNOMED CT,12023003,Rheumatic disease of aortic valve
valvular heart disease,SNOMED CT,13316004,Implantation of pulmonary valve with tissue graft
valvular heart disease,SNOMED CT,13689005,Congenital anomaly of aortic valve
valvular heart disease,SNOMED CT,15096009,Congenital insufficiency of pulmonary valve
valvular heart disease,SNOMED CT,16063004,Rheumatic disease of heart valve
valvular heart disease,SNOMED CT,16440002,Rheumatic disease of mitral AND aortic valves
valvular heart disease,SNOMED CT,16855001,Rheumatic tricuspid valve failure
valvular heart disease,SNOMED CT,17394001,Ebstein's anomaly with atrial septal defect
valvular heart disease,SNOMED CT,17759006,Rheumatic aortic stenosis with regurgitation
valvular heart disease,SNOMED CT,18546004,Congenital stenosis of aortic valve
valvular heart disease,SNOMED CT,18687009,Rheumatic disease of pulmonary valve
valvular heart disease,SNOMED CT,19036004,Rheumatic heart valve stenosis
valvular heart disease,SNOMED CT,19833008,Nodular calcific aortic valve stenosis
valvular heart disease,SNOMED CT,20721001,Tricuspid valve disorder
valvular heart disease,SNOMED CT,21849008,Triple valve replacement
valvular heart disease,SNOMED CT,22462001,Chronic bacterial endocarditis (disorder)
valvular heart disease,SNOMED CT,23063005,Congenital atresia of mitral valve
valvular heart disease,SNOMED CT,25236004,Replacement of tricuspid valve
valvular heart disease,SNOMED CT,26212005,Replacement of aortic valve
valvular heart disease,SNOMED CT,26977004,Repair of mitral valve with prosthesis
valvular heart disease,SNOMED CT,27007008,Scarring of papillary muscle
valvular heart disease,SNOMED CT,28284007,Rheumatic heart valve stenosis with insufficiency
valvular heart disease,SNOMED CT,28656008,Congenital insufficiency of aortic valve
valvular heart disease,SNOMED CT,29375001,Abnormal number of cusps
valvular heart disease,SNOMED CT,29928006,Congenital insufficiency of mitral valve
valvular heart disease,SNOMED CT,31085000,Rheumatic mitral regurgitation
valvular heart disease,SNOMED CT,31940004,Single valve replacement with valvuloplasty of another valve
valvular heart disease,SNOMED CT,34068001,Heart valve replacement
valvular heart disease,SNOMED CT,34126003,Rheumatic pulmonary valve insufficiency
valvular heart disease,SNOMED CT,35350000,Implantation of aortic valve prosthesis or synthetic device
valvular heart disease,SNOMED CT,36079008,Double cardiac valve orifice
valvular heart disease,SNOMED CT,36133000,Abnormal position of cardiac valve
valvular heart disease,SNOMED CT,36233006,Congenital stenosis of tricuspid valve
valvular heart disease,SNOMED CT,37119005,Double valve replacement with valvuloplasty of one valve
valvular heart disease,SNOMED CT,37153009,Implantation of heart valve with tissue graft
valvular heart disease,SNOMED CT,40023000,Rheumatic mitral valve failure
valvular heart disease,SNOMED CT,40445007,Heart valve regurgitation
valvular heart disease,SNOMED CT,40964007,Chronic valvulitis
valvular heart disease,SNOMED CT,42069006,Myxoid transformation of mitral valve
valvular heart disease,SNOMED CT,42486006,Implantation of mitral valve with tissue graft
valvular heart disease,SNOMED CT,42770003,Syphilis of tricuspid valve
valvular heart disease,SNOMED CT,43121002,Rheumatic heart valve regurgitation
valvular heart disease,SNOMED CT,43176009,Congenital hypoplasia of tricuspid valve
valvular heart disease,SNOMED CT,43873004,Mechanical complication due to heart valve prosthesis
valvular heart disease,SNOMED CT,44241007,Heart valve stenosis
valvular heart disease,SNOMED CT,44993000,Rheumatic mitral valve and aortic valve stenosis
valvular heart disease,SNOMED CT,45058001,Syphilis of pulmonary valve
valvular heart disease,SNOMED CT,46165000,Chronic endocarditis due to rheumatic heart disease (disorder)
valvular heart disease,SNOMED CT,47432005,Implantation of heart valve prosthesis or synthetic device
valvular heart disease,SNOMED CT,48724000,Mitral valve regurgitation
valvular heart disease,SNOMED CT,49699002,Rheumatic disease of tricuspid valve
valvular heart disease,SNOMED CT,49915006,Tricuspid valve stenosis
valvular heart disease,SNOMED CT,50216001,Replacement of mitral valve with tissue graft
valvular heart disease,SNOMED CT,50608004,Incompetence of papillary muscle
valvular heart disease,SNOMED CT,50733009,Replacement of mitral valve with prosthesis
valvular heart disease,SNOMED CT,51442005,Congenital atresia of aortic valve
valvular heart disease,SNOMED CT,52048004,Rheumatic pulmonary valve failure
valvular heart disease,SNOMED CT,52247003,Repair of aortic valve with tissue graft
valvular heart disease,SNOMED CT,53059001,Replacement of mitral valve
valvular heart disease,SNOMED CT,53457009,Echocardiography for determining prosthetic valve motion
valvular heart disease,SNOMED CT,54073003,Monocuspid cardiac valve
valvular heart disease,SNOMED CT,55253009,Replacement of tricuspid valve with tissue graft
valvular heart disease,SNOMED CT,55278008,Repair of mitral valve with tissue graft
valvular heart disease,SNOMED CT,55506005,Single valve replacement with valvuloplasty of two valves
valvular heart disease,SNOMED CT,55836009,Incoordination of papillary muscle
valvular heart disease,SNOMED CT,56786000,Pulmonic valve stenosis
valvular heart disease,SNOMED CT,57373003,Myxoid transformation of cardiac valve
valvular heart disease,SNOMED CT,58056005,Syphilis of mitral valve
valvular heart disease,SNOMED CT,59117006,Implantation of aortic valve with tissue graft
valvular heart disease,SNOMED CT,59464004,Rheumatic mitral AND aortic valve regurgitation
valvular heart disease,SNOMED CT,60232001,Cleft leaflet of tricuspid valve
valvular heart disease,SNOMED CT,60234000,Aortic valve regurgitation
valvular heart disease,SNOMED CT,60573004,Aortic valve stenosis
valvular heart disease,SNOMED CT,61612001,Syphilitic aortic incompetence
valvular heart disease,SNOMED CT,63042009,Congenital atresia of tricuspid valve
valvular heart disease,SNOMED CT,67278007,Congenital stenosis of pulmonary valve
valvular heart disease,SNOMED CT,67696008,Rheumatic tricuspid valve regurgitation
valvular heart disease,SNOMED CT,67754003,Aortic valve sclerosis
valvular heart disease,SNOMED CT,70320004,Cardiac valvular malformation
valvular heart disease,SNOMED CT,71743000,Single valve replacement with commissurotomy of two valves
valvular heart disease,SNOMED CT,71799002,Rheumatic mitral valve stenosis AND aortic valve insufficiency
valvular heart disease,SNOMED CT,72011007,Rheumatic aortic stenosis
valvular heart disease,SNOMED CT,72352009,Bicuspid aortic valve
valvular heart disease,SNOMED CT,75372006,Congenital anomaly of mitral valve
valvular heart disease,SNOMED CT,76257003,Bicuspid cardiac valve
valvular heart disease,SNOMED CT,76267008,Pulmonary valve disorder
valvular heart disease,SNOMED CT,77181006,Implantation of mitral valve prosthesis or synthetic device
valvular heart disease,SNOMED CT,77696009,Double aortic valve
valvular heart disease,SNOMED CT,78031003,Rheumatic aortic regurgitation
valvular heart disease,SNOMED CT,78196008,Double mitral valve
valvular heart disease,SNOMED CT,78320000,Quadricuspid cardiac valve
valvular heart disease,SNOMED CT,78495000,Cleft leaflet of mitral valve
valvular heart disease,SNOMED CT,79619009,Mitral valve stenosis
valvular heart disease,SNOMED CT,79746006,Single valve replacement with commissurotomy of another valve
valvular heart disease,SNOMED CT,79917009,Implantation of pulmonary valve prosthesis or synthetic device
valvular heart disease,SNOMED CT,80685005,Double valve replacement with commissurotomy of one valve
valvular heart disease,SNOMED CT,81552002,Rheumatic mitral valve insufficiency and aortic valve stenosis
valvular heart disease,SNOMED CT,81762006,Double valve replacement
valvular heart disease,SNOMED CT,82355002,Syphilitic aortic stenosis
valvular heart disease,SNOMED CT,82458004,Congenital stenosis of mitral valve
valvular heart disease,SNOMED CT,83119008,Congenital insufficiency of tricuspid valve
valvular heart disease,SNOMED CT,83898004,Rheumatic disease of mitral valve
valvular heart disease,SNOMED CT,84871007,Acute rheumatic fever with valvulitis
valvular heart disease,SNOMED CT,85971001,Rheumatic pulmonary valve stenosis with insufficiency
valvular heart disease,SNOMED CT,86299006,Tetralogy of Fallot
valvular heart disease,SNOMED CT,86466006,Rheumatic mitral stenosis
valvular heart disease,SNOMED CT,86856005,Dysfunction of papillary muscle
valvular heart disease,SNOMED CT,88045004,Replacement of pulmonary valve
valvular heart disease,SNOMED CT,88318005,Rheumatic tricuspid valve stenosis
valvular heart disease,SNOMED CT,89456004,Chronic rheumatic valvulitis
valvular heart disease,SNOMED CT,89736004,Valvular endocarditis
valvular heart disease,SNOMED CT,90154003,Papillary muscle disorder
valvular heart disease,SNOMED CT,91434003,Pulmonic valve regurgitation
valvular heart disease,SNOMED CT,91442002,Rheumatic pulmonary valve stenosis
valvular heart disease,SNOMED CT,91529004,Rheumatic heart valve failure
valvular heart disease,SNOMED CT,91634006,Fused commissures of mitral valve
valvular heart disease,SNOMED CT,92808004,Chronic degenerative aortic valve disease
valvular heart disease,SNOMED CT,92830003,Combined valvular-subvalvular pulmonic stenosis
valvular heart disease,SNOMED CT,92888002,Congenital abnormal shape of aortic valve
valvular heart disease,SNOMED CT,92923008,Congenital abnormal shape of mitral valve
valvular heart disease,SNOMED CT,92941000,Congenital abnormal shape of pulmonary valve
valvular heart disease,SNOMED CT,92944008,Congenital abnormal shape of tricuspid valve
valvular heart disease,SNOMED CT,92960007,Congenital absence of aortic valve
valvular heart disease,SNOMED CT,92963009,Congenital absence of chordae tendineae
valvular heart disease,SNOMED CT,92969008,Congenital absence of mitral valve
valvular heart disease,SNOMED CT,92974000,Congenital absence of papillary muscle
valvular heart disease,SNOMED CT,92976003,Congenital absence of tricuspid valve
valvular heart disease,SNOMED CT,93069000,Congenital hypertrophy of aortic valve
valvular heart disease,SNOMED CT,93075009,Congenital hypertrophy of pulmonary valve
valvular heart disease,SNOMED CT,93076005,Congenital hypertrophy of tricuspid valve
valvular heart disease,SNOMED CT,93234006,Congenital hypertrophy of mitral valve
valvular heart disease,SNOMED CT,93237004,Congenital hypoplasia of aortic valve
valvular heart disease,SNOMED CT,93271008,Congenital hypoplasia of mitral valve
valvular heart disease,SNOMED CT,93287006,Congenital hypoplasia of pulmonary valve
valvular heart disease,SNOMED CT,94720001,Myxoid transformation of tricuspid valve
valvular heart disease,SNOMED CT,109431006,Ebstein-like malformation of mitral valve
valvular heart disease,SNOMED CT,111287006,Tricuspid valve regurgitation
valvular heart disease,SNOMED CT,112817008,"Resuture of heart valve prosthesis, poppet"
valvular heart disease,SNOMED CT,123643003,Acquired atresia of pulmonary valve
valvular heart disease,SNOMED CT,123656005,Congenital atresia of cardiac valve
valvular heart disease,SNOMED CT,123657001,Congenital stenosis of cardiac valve
valvular heart disease,SNOMED CT,123658006,Congenital cleft of cardiac valve
valvular heart disease,SNOMED CT,123801008,Heart valve stenosis and regurgitation
valvular heart disease,SNOMED CT,149159000,Heart valve replacement - graft
valvular heart disease,SNOMED CT,149162002,Heart valve replacement NOS & [aortic NOS] or [mitral NOS]
valvular heart disease,SNOMED CT,161677002,History of artificial heart valve
valvular heart disease,SNOMED CT,174917006,Mitral valve: [plastic repair] or [replacement]
valvular heart disease,SNOMED CT,174918001,Homograft mitral valve replacement
valvular heart disease,SNOMED CT,174919009,Xenograft mitral valve replacement
valvular heart disease,SNOMED CT,174920003,Prosthetic mitral valve replacement (& [Bjork Shiley] or [Carpentier Edwards])
valvular heart disease,SNOMED CT,174926009,Aortic valve: [plastic repair] or [replacement]
valvular heart disease,SNOMED CT,174927000,Homograft aortic valve replacement
valvular heart disease,SNOMED CT,174928005,Xenograft aortic valve replacement
valvular heart disease,SNOMED CT,174929002,Mechanical prosthetic aortic valve replacement
valvular heart disease,SNOMED CT,174934003,Tricuspid valve: [plastic repair] or [replacement]
valvular heart disease,SNOMED CT,174935002,Homograft tricuspid valve replacement
valvular heart disease,SNOMED CT,174936001,Xenograft tricuspid valve replacement
valvular heart disease,SNOMED CT,174937005,Mechanical prosthetic tricuspid valve replacement
valvular heart disease,SNOMED CT,174943007,Pulmonary valve: [plastic repair] or [replacement]
valvular heart disease,SNOMED CT,174944001,Homograft pulmonary valve replacement
valvular heart disease,SNOMED CT,174945000,Xenograft pulmonary valve replacement
valvular heart disease,SNOMED CT,174946004,Mechanical prosthetic pulmonary valve replacement
valvular heart disease,SNOMED CT,174954002,Prosthetic heart valve replacement: [NEC] or [Starr Edwards]
valvular heart disease,SNOMED CT,174960002,Revision of plastic repair of mitral valve
valvular heart disease,SNOMED CT,174980001,Annuloplasty of mitral valve
valvular heart disease,SNOMED CT,186875004,Syphilitic endocarditis of mitral valve
valvular heart disease,SNOMED CT,186877007,Syphilitic endocarditis of tricuspid valve
valvular heart disease,SNOMED CT,186878002,Syphilitic endocarditis of pulmonary valve
valvular heart disease,SNOMED CT,194726006,Mitral stenosis with insufficiency
valvular heart disease,SNOMED CT,194727002,Non-rheumatic mitral valve stenosis
valvular heart disease,SNOMED CT,194732001,Diseases of mitral and aortic valves
valvular heart disease,SNOMED CT,194733006,Mitral and aortic stenosis
valvular heart disease,SNOMED CT,194734000,Mitral stenosis and aortic insufficiency
valvular heart disease,SNOMED CT,194735004,Mitral insufficiency and aortic stenosis
valvular heart disease,SNOMED CT,194736003,Mitral and aortic incompetence
valvular heart disease,SNOMED CT,194741006,Rheumatic tricuspid stenosis and incompetence
valvular heart disease,SNOMED CT,194866002,Rupture of chordae tendinae as current complication following acute myocardial infarction
valvular heart disease,SNOMED CT,194867006,Rupture of papillary muscle as current complication following acute myocardial infarction
valvular heart disease,SNOMED CT,194978002,Non-rheumatic mitral regurgitation
valvular heart disease,SNOMED CT,194983005,"Aortic incompetence, non-rheumatic"
valvular heart disease,SNOMED CT,194984004,"Aortic stenosis, non-rheumatic"
valvular heart disease,SNOMED CT,194987006,Aortic valve stenosis with insufficiency
valvular heart disease,SNOMED CT,194989009,"Tricuspid valve disorders, non-rheumatic"
valvular heart disease,SNOMED CT,194990000,"Tricuspid incompetence, non-rheumatic"
valvular heart disease,SNOMED CT,194991001,"Tricuspid stenosis, non-rheumatic"
valvular heart disease,SNOMED CT,194992008,Non-rheumatic tricuspid valve stenosis with insufficiency
valvular heart disease,SNOMED CT,194995005,"Pulmonary incompetence, non-rheumatic"
valvular heart disease,SNOMED CT,194997002,"Pulmonary stenosis, non-rheumatic"
valvular heart disease,SNOMED CT,195000004,Pulmonary valve stenosis with insufficiency
valvular heart disease,SNOMED CT,195002007,Multiple valve disease
valvular heart disease,SNOMED CT,195003002,Disorders of both aortic and tricuspid valves
valvular heart disease,SNOMED CT,195004008,Disorders of both mitral and tricuspid valves
valvular heart disease,SNOMED CT,195005009,"Combined disorders of mitral, aortic and tricuspid valves"
valvular heart disease,SNOMED CT,195141007,Papillary muscle atrophy
valvular heart disease,SNOMED CT,195142000,Papillary muscle degeneration
valvular heart disease,SNOMED CT,204306007,Pentalogy of Fallot
valvular heart disease,SNOMED CT,204312002,Ventricular septal defect between left ventricle and right atrium
valvular heart disease,SNOMED CT,204319006,Lutembacher's syndrome
valvular heart disease,SNOMED CT,204339005,Congenital pulmonary valve abnormality
valvular heart disease,SNOMED CT,204342004,Congenital atresia of the pulmonary valve
valvular heart disease,SNOMED CT,204343009,Hypoplasia of pulmonary valve
valvular heart disease,SNOMED CT,204345002,Congenital fusion of pulmonic cusps
valvular heart disease,SNOMED CT,204346001,Congenital fusion of pulmonary valve segment
valvular heart disease,SNOMED CT,204351007,Fallot's trilogy
valvular heart disease,SNOMED CT,204352000,Supernumerary pulmonary valve cusps
valvular heart disease,SNOMED CT,204354004,Congenital tricuspid atresia and stenosis
valvular heart disease,SNOMED CT,204357006,Ebstein's anomaly
valvular heart disease,SNOMED CT,204362007,Parachute malformation of mitral valve
valvular heart disease,SNOMED CT,204363002,Supernumerary cusps of the mitral valve
valvular heart disease,SNOMED CT,204402008,Fusion of mitral valve cusps
valvular heart disease,SNOMED CT,213036006,Mechanical complication of heart valve prosthesis
valvular heart disease,SNOMED CT,213038007,Infection and inflammatory reaction due to cardiac valve prosthesis
valvular heart disease,SNOMED CT,232744004,Mitral annuloplasty using ring
valvular heart disease,SNOMED CT,232745003,Plication annuloplasty of mitral valve
valvular heart disease,SNOMED CT,232765005,Excision of supramitral valve ring
valvular heart disease,SNOMED CT,232767002,Decalcification of implanted mitral valve
valvular heart disease,SNOMED CT,232770003,Balloon dilatation of implanted mitral valve
valvular heart disease,SNOMED CT,232773001,Bjork-Shiley prosthetic replacement of mitral valve
valvular heart disease,SNOMED CT,232777000,Replacement of implanted mitral valve
valvular heart disease,SNOMED CT,232815008,Replacement of implanted tricuspid valve
valvular heart disease,SNOMED CT,232838006,Autograft aortic valve replacement
valvular heart disease,SNOMED CT,232842009,Replacement of implanted aortic valve
valvular heart disease,SNOMED CT,232846007,Aortic valve replacement and replacement of ascending aorta
valvular heart disease,SNOMED CT,232847003,Aortic valve replacement and aortoplasty
valvular heart disease,SNOMED CT,232848008,Aortic valve replacement and patch aortoplasty
valvular heart disease,SNOMED CT,232849000,Aortic valve replacement and plication of ascending aorta
valvular heart disease,SNOMED CT,232878004,Replacement of implanted pulmonary valve
valvular heart disease,SNOMED CT,232920007,Atrioventricular (non-mitral non-tricuspid) valve replacement
valvular heart disease,SNOMED CT,232921006,Homograft atrioventricular valve replacement
valvular heart disease,SNOMED CT,232922004,Xenograft atrioventricular valve replacement
valvular heart disease,SNOMED CT,232923009,Mechanical prosthetic atrioventricular valve replacement
valvular heart disease,SNOMED CT,232927005,Replacement of implanted atrioventricular valve
valvular heart disease,SNOMED CT,232948007,Replacement of truncal valve
valvular heart disease,SNOMED CT,232949004,Homograft truncal valve replacement
valvular heart disease,SNOMED CT,232950004,Xenograft truncal valve replacement
valvular heart disease,SNOMED CT,232951000,Mechanical prosthetic truncal valve replacement
valvular heart disease,SNOMED CT,232955009,Replacement of implanted truncal valve
valvular heart disease,SNOMED CT,233849007,Syphilitic valve disease
valvular heart disease,SNOMED CT,233853009,Prosthetic valve endocarditis
valvular heart disease,SNOMED CT,233856001,Mitral restenosis
valvular heart disease,SNOMED CT,233860003,Post-infarction mitral papillary muscle rupture
valvular heart disease,SNOMED CT,233861004,Functional mitral regurgitation
valvular heart disease,SNOMED CT,233862006,Calcific aortic stenosis - bicuspid valve
valvular heart disease,SNOMED CT,233863001,Senile aortic stenosis
valvular heart disease,SNOMED CT,233864007,Aortic regurgitation due to cystic medial necrosis of aorta
valvular heart disease,SNOMED CT,233865008,Functional tricuspid regurgitation
valvular heart disease,SNOMED CT,233866009,Functional pulmonary regurgitation
valvular heart disease,SNOMED CT,234181008,Prosthetic cardiac valve dehiscence
valvular heart disease,SNOMED CT,234182001,Prosthetic cardiac valve component embolism
valvular heart disease,SNOMED CT,234183006,Prosthetic cardiac valve regurgitation
valvular heart disease,SNOMED CT,234184000,Prosthetic cardiac paravalvular leak
valvular heart disease,SNOMED CT,234185004,Prosthetic cardiac valve thrombosis
valvular heart disease,SNOMED CT,234186003,Prosthetic cardiac valve obstruction
valvular heart disease,SNOMED CT,234187007,Prosthetic cardiac valve vegetation
valvular heart disease,SNOMED CT,234188002,Prosthetic cardiac valve calcification
valvular heart disease,SNOMED CT,234189005,Prosthetic cardiac valve displacement
valvular heart disease,SNOMED CT,236529001,"Prune belly syndrome with pulmonic stenosis, mental retardation and deafness"
valvular heart disease,SNOMED CT,236530006,Pulmonic stenosis and congenital nephrosis
valvular heart disease,SNOMED CT,248694000,Prosthetic valve sound
valvular heart disease,SNOMED CT,248695004,Opening click of prosthetic valve
valvular heart disease,SNOMED CT,248696003,Closing click of prosthetic valve
valvular heart disease,SNOMED CT,248697007,Prosthetic valve sound muffled
valvular heart disease,SNOMED CT,250973007,Aortic stenosis with doming
valvular heart disease,SNOMED CT,250974001,Prosthetic aortic valve regurgitation
valvular heart disease,SNOMED CT,250975000,Paraprosthetic aortic regurgitation
valvular heart disease,SNOMED CT,250976004,Aortic cusp regurgitation
valvular heart disease,SNOMED CT,250978003,Aortic valve calcification
valvular heart disease,SNOMED CT,250979006,Aortic valve fibrosis
valvular heart disease,SNOMED CT,250982001,Commissural fusion of aortic cusp
valvular heart disease,SNOMED CT,250983006,Bicuspid doming of aortic cusp
valvular heart disease,SNOMED CT,250984000,Torn aortic cusp
valvular heart disease,SNOMED CT,250985004,Perforated aortic cusp
valvular heart disease,SNOMED CT,250987007,Prosthetic mitral valve regurgitation
valvular heart disease,SNOMED CT,250988002,Paraprosthetic mitral regurgitation
valvular heart disease,SNOMED CT,250989005,Mitral cusp prolapse
valvular heart disease,SNOMED CT,250990001,Ischemic mitral valve dysfunction
valvular heart disease,SNOMED CT,250999000,Rheumatic mitral valve leaflet changes
valvular heart disease,SNOMED CT,251001002,Mitral sub-valve apparatus calcification
valvular heart disease,SNOMED CT,251002009,Mitral valve annular calcification
valvular heart disease,SNOMED CT,251003004,Torn mitral leaflet
valvular heart disease,SNOMED CT,251004005,Masses on mitral apparatus
valvular heart disease,SNOMED CT,251006007,Pulmonary valve stenosis with doming
valvular heart disease,SNOMED CT,251007003,Pulmonary valve stenosis with narrow jet
valvular heart disease,SNOMED CT,253303001,Solitary aortic trunk with pulmonary atresia
valvular heart disease,SNOMED CT,253374008,Congenital abnormality of atrioventricular valves and atrioventricular septal defect
valvular heart disease,SNOMED CT,253375009,Tricuspid leaflet dysplasia
valvular heart disease,SNOMED CT,253376005,Tricuspid annulus hypoplasia
valvular heart disease,SNOMED CT,253377001,Dilatation of tricuspid annulus
valvular heart disease,SNOMED CT,253378006,Overriding tricuspid valve
valvular heart disease,SNOMED CT,253379003,Straddling tricuspid valve
valvular heart disease,SNOMED CT,253380000,Tricuspid leaflet abnormality
valvular heart disease,SNOMED CT,253381001,Absent tricuspid leaflet
valvular heart disease,SNOMED CT,253382008,Double orifice of tricuspid valve
valvular heart disease,SNOMED CT,253383003,Tricuspid valve prolapse
valvular heart disease,SNOMED CT,253384009,Accessory tissue on tricuspid leaflet
valvular heart disease,SNOMED CT,253385005,Abnormality of tricuspid chordae tendinae
valvular heart disease,SNOMED CT,253386006,Arcade abnormality of tricuspid chordae tendinae
valvular heart disease,SNOMED CT,253387002,Tricuspid chordae tendinae too short
valvular heart disease,SNOMED CT,253388007,Tricuspid chordae tendinae too long
valvular heart disease,SNOMED CT,253389004,Tricuspid chordae tendinae to outlet septum
valvular heart disease,SNOMED CT,253390008,Tricuspid papillary muscle abnormality
valvular heart disease,SNOMED CT,253391007,Parachute malformation of tricuspid valve
valvular heart disease,SNOMED CT,253392000,Absent tricuspid papillary muscle
valvular heart disease,SNOMED CT,253393005,Fused tricuspid papillary muscle
valvular heart disease,SNOMED CT,253394004,Hypoplastic tricuspid papillary muscle
valvular heart disease,SNOMED CT,253395003,Mitral valve dysplasia
valvular heart disease,SNOMED CT,253396002,Mitral leaflet dysplasia
valvular heart disease,SNOMED CT,253397006,Overriding mitral valve
valvular heart disease,SNOMED CT,253398001,Dilatation of mitral annulus
valvular heart disease,SNOMED CT,253399009,Straddling mitral valve
valvular heart disease,SNOMED CT,253400002,Mitral leaflet abnormality
valvular heart disease,SNOMED CT,253401003,Absent mitral leaflets
valvular heart disease,SNOMED CT,253402005,Double orifice of mitral valve
valvular heart disease,SNOMED CT,253403000,Ebstein-like downward displacement of mitral valve
valvular heart disease,SNOMED CT,253404006,Anterior leaflet of mitral valve attached to septum
valvular heart disease,SNOMED CT,253405007,Accessory tissue on mitral leaflet
valvular heart disease,SNOMED CT,253406008,Abnormality of mitral chordae tendinae
valvular heart disease,SNOMED CT,253407004,Arcade abnormality of mitral chordae tendinae
valvular heart disease,SNOMED CT,253408009,Mitral chordae tendinae too short
valvular heart disease,SNOMED CT,253409001,Mitral chordae tendinae too long
valvular heart disease,SNOMED CT,253410006,Mitral papillary muscle abnormality
valvular heart disease,SNOMED CT,253411005,Absent mitral papillary muscle
valvular heart disease,SNOMED CT,253412003,Fused mitral papillary muscles
valvular heart disease,SNOMED CT,253413008,Hypoplastic mitral papillary muscle
valvular heart disease,SNOMED CT,253414002,Atrioventricular septal defect
valvular heart disease,SNOMED CT,253416000,Complete atrioventricular septal defect
valvular heart disease,SNOMED CT,253417009,Atrioventricular septal defect - ventricular component
valvular heart disease,SNOMED CT,253418004,Atrioventricular septal defect - ventricular component under superior bridging leaflet
valvular heart disease,SNOMED CT,253419007,Atrioventricular septal defect - Rastelli A
valvular heart disease,SNOMED CT,253420001,Atrioventricular septal defect - Rastelli B
valvular heart disease,SNOMED CT,253421002,Atrioventricular septal defect - Rastelli C
valvular heart disease,SNOMED CT,253422009,Atrioventricular septal defect - ventricular component under inferior bridging leaflet
valvular heart disease,SNOMED CT,253427003,"Abnormality of atrioventricular (non-mitral, non-tricuspid) valve"
valvular heart disease,SNOMED CT,253428008,Abnormality of common atrioventricular valve in atrioventricular septal defect
valvular heart disease,SNOMED CT,253429000,Atresia of common atrioventricular valve
valvular heart disease,SNOMED CT,253430005,Imperforate common atrioventricular valve
valvular heart disease,SNOMED CT,253431009,Hypoplasia of common atrioventricular valve
valvular heart disease,SNOMED CT,253432002,Dysplasia of common atrioventricular valve
valvular heart disease,SNOMED CT,253433007,Regurgitation of common atrioventricular valve
valvular heart disease,SNOMED CT,253434001,Common atrioventricular valve limited to one ventricle
valvular heart disease,SNOMED CT,253435000,Dilatation of common atrioventricular valve annulus
valvular heart disease,SNOMED CT,253436004,Common atrioventricular valve stenosis
valvular heart disease,SNOMED CT,253437008,Common atrioventricular valve leaflet abnormality
valvular heart disease,SNOMED CT,253438003,Common atrioventricular valve prolapse
valvular heart disease,SNOMED CT,253439006,True cleft of common atrioventricular valve leaflet
valvular heart disease,SNOMED CT,253440008,Accessory tissue on common atrioventricular valve leaflet
valvular heart disease,SNOMED CT,253441007,Double orifice of common atrioventricular valve
valvular heart disease,SNOMED CT,253442000,Triple orifice of left ventricular component of common atrioventricular valve
valvular heart disease,SNOMED CT,253443005,Ebstein's anomaly
valvular heart disease,SNOMED CT,253444004,Abnormality of common atrioventricular valve chords
valvular heart disease,SNOMED CT,253445003,Common atrioventricular valve chordae too short
valvular heart disease,SNOMED CT,253446002,Common atrioventricular valve chordae too long
valvular heart disease,SNOMED CT,253447006,Common atrioventricular valve chordae to outlet septum
valvular heart disease,SNOMED CT,253448001,Arcade abnormality of common atrioventricular valve chordae
valvular heart disease,SNOMED CT,253449009,Abnormality of common atrioventricular valve papillary muscle
valvular heart disease,SNOMED CT,253450009,Parachute malformation of common atrioventricular valve
valvular heart disease,SNOMED CT,253451008,Absent common atrioventricular valve papillary muscle
valvular heart disease,SNOMED CT,253452001,Fused common atrioventricular valve papillary muscle
valvular heart disease,SNOMED CT,253453006,Hypoplastic common atrioventricular valve papillary muscle
valvular heart disease,SNOMED CT,253454000,Abnormality of right atrioventricular valve in double inlet ventricle
valvular heart disease,SNOMED CT,253455004,Right atrioventricular valve atresia
valvular heart disease,SNOMED CT,253456003,Imperforate right atrioventricular valve
valvular heart disease,SNOMED CT,253457007,Right atrioventricular valve dysplasia
valvular heart disease,SNOMED CT,253458002,Right atrioventricular valve hypoplasia
valvular heart disease,SNOMED CT,253460000,Overriding right atrioventricular valve
valvular heart disease,SNOMED CT,253461001,Dilatation of right atrioventricular valve annulus
valvular heart disease,SNOMED CT,253462008,Right atrioventricular valve stenosis
valvular heart disease,SNOMED CT,253463003,Straddling right atrioventricular valve
valvular heart disease,SNOMED CT,253464009,Right atrioventricular valve leaflet abnormality
valvular heart disease,SNOMED CT,253465005,Unguarded right atrioventricular valve orifice
valvular heart disease,SNOMED CT,253467002,Double orifice of right atrioventricular valve
valvular heart disease,SNOMED CT,253468007,Ebstein's anomaly of right atrioventricular valve
valvular heart disease,SNOMED CT,253469004,Right atrioventricular valve prolapse
valvular heart disease,SNOMED CT,253470003,True cleft of right atrioventricular valve leaflet
valvular heart disease,SNOMED CT,253471004,Accessory tissue on right atrioventricular valve leaflet
valvular heart disease,SNOMED CT,253472006,Right atrioventricular valve leaflet dysplasia
valvular heart disease,SNOMED CT,253473001,CT - Abnormality of right atrioventricular chordae tendinae
valvular heart disease,SNOMED CT,253474007,Right atrioventricular valve chordae too short
valvular heart disease,SNOMED CT,253475008,Right atrioventricular valve chordae too long
valvular heart disease,SNOMED CT,253476009,Right atrioventricular valve chordae to outlet septum
valvular heart disease,SNOMED CT,253477000,Arcade abnormality of right atrioventricular valve chordae
valvular heart disease,SNOMED CT,253478005,Abnormality of right atrioventricular valve papillary muscle
valvular heart disease,SNOMED CT,253479002,Parachute malformation of right atrioventricular valve
valvular heart disease,SNOMED CT,253480004,Absent right atrioventricular valve papillary muscle
valvular heart disease,SNOMED CT,253481000,Fused right atrioventricular valve papillary muscles
valvular heart disease,SNOMED CT,253482007,Hypoplastic right atrioventricular valve papillary muscle
valvular heart disease,SNOMED CT,253483002,Abnormality of left atrioventricular valve in double inlet ventricle
valvular heart disease,SNOMED CT,253484008,Left atrioventricular valve atresia
valvular heart disease,SNOMED CT,253485009,Imperforate left atrioventricular valve
valvular heart disease,SNOMED CT,253486005,Left atrioventricular valve dysplasia
valvular heart disease,SNOMED CT,253487001,Left atrioventricular valve hypoplasia
valvular heart disease,SNOMED CT,253489003,Overriding left atrioventricular valve
valvular heart disease,SNOMED CT,253490007,Dilatation of left atrioventricular valve annulus
valvular heart disease,SNOMED CT,253491006,Left atrioventricular valve stenosis
valvular heart disease,SNOMED CT,253492004,Straddling left atrioventricular valve
valvular heart disease,SNOMED CT,253493009,Left atrioventricular valve leaflet abnormality
valvular heart disease,SNOMED CT,253494003,Absent left atrioventricular valve leaflets
valvular heart disease,SNOMED CT,253495002,Double orifice of left atrioventricular valve
valvular heart disease,SNOMED CT,253496001,Ebstein's anomaly of left atrioventricular valve
valvular heart disease,SNOMED CT,253497005,Left atrioventricular valve prolapse
valvular heart disease,SNOMED CT,253498000,True cleft of left atrioventricular valve leaflet
valvular heart disease,SNOMED CT,253499008,Accessory tissue on left atrioventricular valve leaflet
valvular heart disease,SNOMED CT,253500004,Left atrioventricular valve leaflet dysplasia
valvular heart disease,SNOMED CT,253501000,Abnormality of left atrioventricular valve chords
valvular heart disease,SNOMED CT,253502007,Left atrioventricular valve chordae too short
valvular heart disease,SNOMED CT,253503002,Left atrioventricular valve chordae too long
valvular heart disease,SNOMED CT,253504008,Left atrioventricular valve chordae to outlet septum
valvular heart disease,SNOMED CT,253505009,Arcade abnormality of left atrioventricular valve chordae
valvular heart disease,SNOMED CT,253506005,Abnormality of left atrioventricular valve papillary muscle
valvular heart disease,SNOMED CT,253507001,Parachute malformation of left atrioventricular valve
valvular heart disease,SNOMED CT,253508006,Absent left atrioventricular valve papillary muscle
valvular heart disease,SNOMED CT,253509003,Fused left atrioventricular valve papillary muscles
valvular heart disease,SNOMED CT,253510008,Hypoplastic left atrioventricular valve papillary muscle
valvular heart disease,SNOMED CT,253512000,Tetralogy of Fallot with pulmonary stenosis
valvular heart disease,SNOMED CT,253513005,Fallot's type pulmonary atresia
valvular heart disease,SNOMED CT,253514004,Dextraposition of aorta in Fallot's tetralogy
valvular heart disease,SNOMED CT,253515003,Ventricular septal defect in Fallot's tetralogy
valvular heart disease,SNOMED CT,253562005,Ventricular septal defect with malaligned outlet septum and overriding truncal valve
valvular heart disease,SNOMED CT,253578007,Congenital abnormality of arterial valves
valvular heart disease,SNOMED CT,253579004,Truncal valve abnormality
valvular heart disease,SNOMED CT,253581002,Truncal valve stenosis
valvular heart disease,SNOMED CT,253582009,Truncal valve regurgitation
valvular heart disease,SNOMED CT,253583004,Truncal valve prolapse
valvular heart disease,SNOMED CT,253584005,Accessory tissue on truncal valve cusp
valvular heart disease,SNOMED CT,253585006,Pulmonary valve cusp hypoplasia
valvular heart disease,SNOMED CT,253586007,Pulmonary valve ring hypoplasia
valvular heart disease,SNOMED CT,253587003,Commissural fusion of pulmonary valve
valvular heart disease,SNOMED CT,253588008,Mucoid thickening of pulmonary valve
valvular heart disease,SNOMED CT,253590009,PAIV - Pulmonary atresia with intact ventricular septum
valvular heart disease,SNOMED CT,253591008,Pulmonary atresia with ventricular septal defect
valvular heart disease,SNOMED CT,253592001,Pulmonary valve atresia without ventricular outflow tract
valvular heart disease,SNOMED CT,253593006,Imperforate pulmonary valve
valvular heart disease,SNOMED CT,253594000,Muscular pulmonary atresia
valvular heart disease,SNOMED CT,253595004,Pulmonary valve prolapse
valvular heart disease,SNOMED CT,253596003,APVS - Absent pulmonary valve syndrome
valvular heart disease,SNOMED CT,253597007,Accessory tissue on pulmonary valve cusp
valvular heart disease,SNOMED CT,253598002,Unicuspid pulmonary valve
valvular heart disease,SNOMED CT,253599005,Bicuspid pulmonary valve
valvular heart disease,SNOMED CT,253600008,Quadricuspid pulmonary valve
valvular heart disease,SNOMED CT,253602000,Commissural fusion of aortic valve
valvular heart disease,SNOMED CT,253603005,Eccentric opening of aortic valve
valvular heart disease,SNOMED CT,253604004,Aortic valve dysplasia
valvular heart disease,SNOMED CT,253606002,Aortic valve cusp abnormality
valvular heart disease,SNOMED CT,253607006,Hypoplasia of aortic valve cusp
valvular heart disease,SNOMED CT,253608001,Accessory tissue on aortic valve cusp
valvular heart disease,SNOMED CT,253609009,Abnormal number of aortic valve cusps
valvular heart disease,SNOMED CT,253610004,Unicuspid aortic valve
valvular heart disease,SNOMED CT,253611000,Quadricuspid aortic valve
valvular heart disease,SNOMED CT,253612007,Aortic valve cusp prolapse
valvular heart disease,SNOMED CT,253624000,Pulmonary atresia with confluent pulmonary arteries
valvular heart disease,SNOMED CT,253625004,Pulmonary atresia with absent pulmonary artery
valvular heart disease,SNOMED CT,257286007,Conduit with mechanical prosthetic valve
valvular heart disease,SNOMED CT,265472007,Plastic repair of mitral valve
valvular heart disease,SNOMED CT,265846007,Heart valve replacement NOS & [aortic NOS] or [mitral NOS]
valvular heart disease,SNOMED CT,266250003,Mitral papillary muscle rupture
valvular heart disease,SNOMED CT,266252006,Mitral papillary muscle dysfunction
valvular heart disease,SNOMED CT,270906004,Mitral chordae rupture
valvular heart disease,SNOMED CT,271984008,Disorder of prosthetic cardiac valve
valvular heart disease,SNOMED CT,274097009,Heart valve disorders - non-rheumatic
valvular heart disease,SNOMED CT,274098004,Rupture of chordae tendinae
valvular heart disease,SNOMED CT,275030001,Ball valve mitral valve replacement
valvular heart disease,SNOMED CT,275031002,Disc valve mitral valve replacement
valvular heart disease,SNOMED CT,275032009,Single leaflet mitral valve replacement
valvular heart disease,SNOMED CT,275033004,Bileaflet mitral valve replacement
valvular heart disease,SNOMED CT,275035006,Heart valve replacement - prosthesis
valvular heart disease,SNOMED CT,275199000,Ball valve aortic valve replacement
valvular heart disease,SNOMED CT,275200002,Disc valve aortic valve replacement
valvular heart disease,SNOMED CT,275201003,Single leaflet aortic valve replacement
valvular heart disease,SNOMED CT,275202005,Bileaflet aortic valve replacement
valvular heart disease,SNOMED CT,275203000,Ball valve tricuspid valve replacement
valvular heart disease,SNOMED CT,275204006,Disc valve tricuspid valve replacement
valvular heart disease,SNOMED CT,275205007,Single leaflet tricuspid valve replacement
valvular heart disease,SNOMED CT,275206008,Bileaflet tricuspid valve replacement
valvular heart disease,SNOMED CT,275207004,Ball valve pulmonary valve replacement
valvular heart disease,SNOMED CT,275209001,Disc valve pulmonary valve replacement
valvular heart disease,SNOMED CT,275210006,Single leaflet pulmonary valve replacement
valvular heart disease,SNOMED CT,275211005,Bileaflet pulmonary valve replacement
valvular heart disease,SNOMED CT,275213008,Aortic valve replacement NOS
valvular heart disease,SNOMED CT,275214002,Mitral valve replacement NOS
valvular heart disease,SNOMED CT,276790000,Isolated aortic stenosis
valvular heart disease,SNOMED CT,276795005,Mitral valve anterior leaflet prolapse
valvular heart disease,SNOMED CT,278480000,Syphilitic endocarditis of aortic valve
valvular heart disease,SNOMED CT,286947004,Chronic mitral valvulitis due to rheumatic heart disease
valvular heart disease,SNOMED CT,287312007,Heart valve replacement - graft
valvular heart disease,SNOMED CT,297197008,Ruptured tricuspid chordae
valvular heart disease,SNOMED CT,297285002,Paraprosthetic pulmonary regurgitation
valvular heart disease,SNOMED CT,297286001,Paraprosthetic tricuspid regurgitation
valvular heart disease,SNOMED CT,301106001,Pulmonary valve vegetations
valvular heart disease,SNOMED CT,301110003,Tricuspid valve vegetations
valvular heart disease,SNOMED CT,301184001,Aortic valve vegetations
valvular heart disease,SNOMED CT,301185000,Mitral valve vegetations
valvular heart disease,SNOMED CT,302943003,Abnormal number of pulmonary valve cusps
valvular heart disease,SNOMED CT,308662007,Porcine mitral valve replacement
valvular heart disease,SNOMED CT,308663002,Porcine aortic valve replacement
valvular heart disease,SNOMED CT,308664008,Porcine tricuspid valve replacement
valvular heart disease,SNOMED CT,308665009,Biological pulmonary valve replacement
valvular heart disease,SNOMED CT,308666005,Porcine pulmonary valve replacement
valvular heart disease,SNOMED CT,308667001,Biological atrioventricular valve replacement
valvular heart disease,SNOMED CT,308668006,Ball valve atrioventricular valve replacement
valvular heart disease,SNOMED CT,308669003,Disc valve atrioventricular valve replacement
valvular heart disease,SNOMED CT,308670002,Single leaflet atrioventricular valve replacement
valvular heart disease,SNOMED CT,308671003,Bileaflet atrioventricular valve replacement
valvular heart disease,SNOMED CT,308672005,Biological truncal valve replacement
valvular heart disease,SNOMED CT,308673000,Ball valve truncal valve replacement
valvular heart disease,SNOMED CT,308674006,Disc valve truncal valve replacement
valvular heart disease,SNOMED CT,308675007,Single leaflet truncal valve replacement
valvular heart disease,SNOMED CT,308676008,Bileaflet truncal valve replacement
valvular heart disease,SNOMED CT,310819002,Ball and cage cardiac valve prosthesis
valvular heart disease,SNOMED CT,310820008,Tilting disc cardiac valve prosthesis
valvular heart disease,SNOMED CT,315615007,Non-rheumatic aortic sclerosis
valvular heart disease,SNOMED CT,316867001,[X]Presence of other heart valve replacement
valvular heart disease,SNOMED CT,370141003,Rheumatic mitral AND aortic valve obstruction
valvular heart disease,SNOMED CT,371813006,Acute mitral regurgitation from chordal rupture (disorder)
valvular heart disease,SNOMED CT,371814000,Acute mitral regurgitation from chordal dysfunction (disorder)
valvular heart disease,SNOMED CT,371815004,Acute mitral regurgitation from papillary muscle dysfunction (disorder)
valvular heart disease,SNOMED CT,371816003,Acute mitral regurgitation from papillary muscle rupture (disorder)
valvular heart disease,SNOMED CT,373116009,Acute mitral regurgitation
valvular heart disease,SNOMED CT,398995000,Cardiac valve prolapse (disorder)
valvular heart disease,SNOMED CT,399228007,Tetralogy of Fallot with absent pulmonary valve (disorder)
valvular heart disease,SNOMED CT,405550001,Trauma to aortic valve
valvular heart disease,SNOMED CT,405551002,Trauma to mitral valve
valvular heart disease,SNOMED CT,405552009,Trauma to pulmonary valve (disorder)
valvular heart disease,SNOMED CT,405553004,Trauma to tricuspid valve (disorder)
valvular heart disease,SNOMED CT,409712001,Mitral valve prolapse
valvular heart disease,SNOMED CT,417081007,Systolic anterior movement of mitral valve
valvular heart disease,SNOMED CT,417094009,Valvular sclerosis (disorder)
valvular heart disease,SNOMED CT,417191003,Mitral valve sclerosis
valvular heart disease,SNOMED CT,427515002,Critical stenosis of aortic valve
valvular heart disease,SNOMED CT,428164004,Mitral valve disorder in pregnancy
valvular heart disease,SNOMED CT,428501002,Replacement of aortic root using pulmonary valve autograft with right ventricle to pulmonary artery valved conduit
valvular heart disease,SNOMED CT,429248007,Percutaneous transluminal replacement of pulmonary valve
valvular heart disease,SNOMED CT,429347004,Rheumatic aortic valve sclerosis
valvular heart disease,SNOMED CT,430065009,Abscess of aortic valve
valvular heart disease,SNOMED CT,430402003,Abscess of tricuspid valve due to bacteria (disorder)
valvular heart disease,SNOMED CT,430616003,Abscess of mitral valve
valvular heart disease,SNOMED CT,431189009,Abscess of tricuspid valve (disorder)
valvular heart disease,SNOMED CT,431238002,Abscess of pulmonary valve (disorder)
valvular heart disease,SNOMED CT,431261000,Bacterial abscess of pulmonary valve (disorder)
valvular heart disease,SNOMED CT,431262007,Bacterial abscess of mitral valve
valvular heart disease,SNOMED CT,431339008,Mechanical prosthetic mitral valve replacement
valvular heart disease,SNOMED CT,432992007,Bacterial abscess of aortic valve
valvular heart disease,SNOMED CT,441873006,Percutaneous replacement of aortic valve using fluoroscopic guidance
valvular heart disease,SNOMED CT,441895005,Replacement of aortic valve with tissue graft
valvular heart disease,SNOMED CT,443887000,Grafting of aortic valve prosthesis by transapical approach
valvular heart disease,SNOMED CT,443916000,Grafting of aortic valve prosthesis by transluminal approach
valvular heart disease,SNOMED CT,444961009,Atrioventricular septal defect with common atrioventricular orifice (disorder)
valvular heart disease,SNOMED CT,445002005,Atrioventricular septal defect with separate atrioventricular orifices (disorder)
valvular heart disease,SNOMED CT,445264002,Atrioventricular septal defect with ventricular imbalance consisting of dominant left ventricle and hypoplastic right ventricle (disorder)
valvular heart disease,SNOMED CT,445270008,Aortic orifice left side by side with respect to pulmonary orifice
valvular heart disease,SNOMED CT,445298006,Aortic orifice anterior with respect to pulmonary orifice
valvular heart disease,SNOMED CT,445299003,Atrioventricular septal defect with ventricular imbalance consisting of dominant right ventricle and hypoplastic left ventricle (disorder)
valvular heart disease,SNOMED CT,445330003,Right atrioventricular valve leaflets absent in double inlet ventricle (unguarded orifice) (disorder)
valvular heart disease,SNOMED CT,445607003,Aortic orifice posterior left with respect to pulmonary orifice
valvular heart disease,SNOMED CT,445636003,Aortic orifice anterior right with respect to pulmonary orifice
valvular heart disease,SNOMED CT,445650008,Aortic orifice anterior left with respect to pulmonary orifice
valvular heart disease,SNOMED CT,446628002,Tricuspid leaflet gelatinous (disorder)
valvular heart disease,SNOMED CT,446630000,Tricuspid leaflet noncoapting (disorder)
valvular heart disease,SNOMED CT,446633003,Tricuspid leaflet thickened (disorder)
valvular heart disease,SNOMED CT,446670007,Aortic orifice right side by side with respect to pulmonary orifice
valvular heart disease,SNOMED CT,446699002,Tricuspid leaflet deficiency (disorder)
valvular heart disease,SNOMED CT,446781004,Tricuspid leaflet flail (disorder)
valvular heart disease,SNOMED CT,446786009,Tricuspid leaflet fenestration (disorder)
valvular heart disease,SNOMED CT,447670001,Ventricular septal defect with anterior malaligned outlet septum with overriding pulmonary valve (disorder)
valvular heart disease,SNOMED CT,447671002,Ventricular septal defect with posterior malaligned outlet septum with overriding aortic valve
valvular heart disease,SNOMED CT,447672009,Ventricular septal defect with posterior malaligned outlet septum with overriding pulmonary valve (disorder)
valvular heart disease,SNOMED CT,447681003,Continuity between mitral valve and pulmonary valve
valvular heart disease,SNOMED CT,447682005,Discontinuity between mitral valve and aortic valve
valvular heart disease,SNOMED CT,447683000,Discontinuity between mitral valve and pulmonary valve
valvular heart disease,SNOMED CT,447695000,Tricuspid truncal valve (disorder)
valvular heart disease,SNOMED CT,447696004,Unicommissural unicuspid aortic valve
valvular heart disease,SNOMED CT,447697008,Unicommissural unicuspid pulmonary valve (disorder)
valvular heart disease,SNOMED CT,447698003,Ventricular septal defect with anterior malaligned outlet septum with overriding aortic valve
valvular heart disease,SNOMED CT,447774002,Congenital midvalvar ring of mitral leaflet
valvular heart disease,SNOMED CT,447779007,Trifoliate left atrioventricular valve (disorder)
valvular heart disease,SNOMED CT,447822009,Congenital prolapse of aortic valve
valvular heart disease,SNOMED CT,447829000,Congenital abnormality of tricuspid chordae tendinae (disorder)
valvular heart disease,SNOMED CT,447830005,Congenital abnormality of tricuspid leaflet (disorder)
valvular heart disease,SNOMED CT,447838003,Pulmonary atresia and ventricular septal defect with aorta from left ventricle (disorder)
valvular heart disease,SNOMED CT,447839006,Pulmonary atresia and ventricular septal defect with aorta from right ventricle (disorder)
valvular heart disease,SNOMED CT,447847006,Prolapse of right coronary aortic valve cusp
valvular heart disease,SNOMED CT,447875008,Congenital mass of mitral leaflet
valvular heart disease,SNOMED CT,447915002,Ebstein's anomaly of left sided tricuspid valve with discordant atrioventricular connections (disorder)
valvular heart disease,SNOMED CT,447937009,Congenital abnormality of aortic valve cusp
valvular heart disease,SNOMED CT,448004007,Acommissural unicuspid pulmonary valve (disorder)
valvular heart disease,SNOMED CT,448026008,Left atrioventricular valve bifoliate with fused left sided superior and inferior bridging leaflet (disorder)
valvular heart disease,SNOMED CT,448073002,Congenital abnormality of tricuspid papillary muscle (disorder)
valvular heart disease,SNOMED CT,448074008,Ebstein's anomaly with functional tricuspid stenosis (disorder)
valvular heart disease,SNOMED CT,448085005,Acommissural unicuspid aortic valve
valvular heart disease,SNOMED CT,448102009,Quadricuspid truncal valve (disorder)
valvular heart disease,SNOMED CT,448118003,Atrioventricular septal defect with atrial and ventricular components and separate atrioventricular valves (disorder)
valvular heart disease,SNOMED CT,448119006,Atrioventricular septal defect with atrioventricular valve regurgitation (disorder)
valvular heart disease,SNOMED CT,448155003,Pulmonary atresia with ventricular septal defect of Fallot type (disorder)
valvular heart disease,SNOMED CT,448159009,Abnormality of tricuspid subvalvar apparatus (disorder)
valvular heart disease,SNOMED CT,448161000,Aortic valve overriding ventricular septum
valvular heart disease,SNOMED CT,448182006,Atrioventricular septal defect with ventricular component and interchordal shunting under inferior bridging leaflet (disorder)
valvular heart disease,SNOMED CT,448183001,Atrioventricular septal defect with ventricular component and interchordal shunting under superior bridging leaflet (disorder)
valvular heart disease,SNOMED CT,448184007,Atrioventricular septal defect with ventricular component and shunting under connecting tongue with separate orifices (disorder)
valvular heart disease,SNOMED CT,448331000,Atrioventricular septal defect with restrictive ventricular component (disorder)
valvular heart disease,SNOMED CT,448413002,Pulmonary valve overriding ventricular septum (disorder)
valvular heart disease,SNOMED CT,448475002,Absent pulmonary valve syndrome with ventricular septal defect of non Fallot type (disorder)
valvular heart disease,SNOMED CT,448497000,Congenital deformity of mitral valve annulus
valvular heart disease,SNOMED CT,448576004,Fenestration of aortic valve cusp
valvular heart disease,SNOMED CT,448604006,Congenital abnormality of pulmonary valve cusp (disorder)
valvular heart disease,SNOMED CT,448618004,Abnormality of mitral valve annulus
valvular heart disease,SNOMED CT,448626007,Gelatinous atrioventricular valve leaflet in atrioventricular septal defect (disorder)
valvular heart disease,SNOMED CT,448634001,Absent aortic valve cusp
valvular heart disease,SNOMED CT,448643005,Abnormality of pulmonary valve (disorder)
valvular heart disease,SNOMED CT,448684008,Prolapse of left coronary aortic valve cusp
valvular heart disease,SNOMED CT,448729006,Common atrioventricular valve in functionally univentricular heart (disorder)
valvular heart disease,SNOMED CT,448743001,Abnormality of aortic valve
valvular heart disease,SNOMED CT,448777006,Noncoapting atrioventricular valve leaflet in atrioventricular septal defect (disorder)
valvular heart disease,SNOMED CT,448780007,Ventricular septal defect with absent outlet septum and overriding truncal valve with extension of membranous septum (disorder)
valvular heart disease,SNOMED CT,448790004,Anterior-posterior orientation of bicuspid aortic valve
valvular heart disease,SNOMED CT,448793002,Bicuspid truncal valve (disorder)
valvular heart disease,SNOMED CT,448819009,Right-left orientation of bicuspid aortic valve
valvular heart disease,SNOMED CT,448820003,Thickened mitral leaflet
valvular heart disease,SNOMED CT,448821004,Abnormality of truncal valve cusp (disorder)
valvular heart disease,SNOMED CT,448822006,Deficiency of atrioventricular valve leaflet in atrioventricular septal defect (disorder)
valvular heart disease,SNOMED CT,448827000,Ventricular septal defect with absent outlet septum and overriding truncal valve with inferior muscular rim (disorder)
valvular heart disease,SNOMED CT,448828005,Deficiency of mitral leaflet
valvular heart disease,SNOMED CT,448836001,Thickened atrioventricular valve leaflet in atrioventricular septal defect (disorder)
valvular heart disease,SNOMED CT,448844001,Multiple mitral papillary muscles with hammock valve
valvular heart disease,SNOMED CT,448903003,Dilatation of annulus of aortic valve
valvular heart disease,SNOMED CT,448919005,Atrioventricular septal defect with ventricular component under superior bridging leaflet without chordal attachment to ventricular septal crest (disorder)
valvular heart disease,SNOMED CT,448946000,Anterior-posterior orientation of bicuspid pulmonary valve
valvular heart disease,SNOMED CT,448947009,Congenital abnormality of left atrioventricular valve in double inlet ventricle (disorder)
valvular heart disease,SNOMED CT,449005003,Absence of mitral chordae tendinae
valvular heart disease,SNOMED CT,449008001,Flail atrioventricular valve leaflet in atrioventricular septal defect (disorder)
valvular heart disease,SNOMED CT,449011000,Fenestration of atrioventricular valve leaflet in atrioventricular septal defect (disorder)
valvular heart disease,SNOMED CT,449031001,Congenital abnormality of right atrioventricular valve leaflet in double inlet ventricle (disorder)
valvular heart disease,SNOMED CT,449032008,Congenital abnormality of right atrioventricular valve papillary muscle in double inlet ventricle (disorder)
valvular heart disease,SNOMED CT,449037002,Truncal valve overriding ventricular septum (disorder)
valvular heart disease,SNOMED CT,449040002,Hypoplasia of right atrioventricular valve annulus in double inlet ventricle (disorder)
valvular heart disease,SNOMED CT,449086000,Ebstein's anomaly of left atrioventricular valve in functionally univentricular heart (disorder)
valvular heart disease,SNOMED CT,449087009,Ebstein's anomaly of right atrioventricular valve in functionally univentricular heart (disorder)
valvular heart disease,SNOMED CT,449098005,Congenital abnormality of left atrioventricular valve chordae tendinae in double inlet ventricle (disorder)
valvular heart disease,SNOMED CT,449099002,Left atrioventricular valve stenosis in double inlet ventricle (disorder)
valvular heart disease,SNOMED CT,449110001,Congenital billowing of mitral valve leaflet
valvular heart disease,SNOMED CT,449111002,Double orifice of right atrioventricular valve in double inlet ventricle (disorder)
valvular heart disease,SNOMED CT,449112009,Prolapse of noncoronary aortic valve cusp
valvular heart disease,SNOMED CT,449116007,Tricuspid but functionally bicuspid aortic valve
valvular heart disease,SNOMED CT,449123008,Eccentric opening of tricuspid aortic valve
valvular heart disease,SNOMED CT,449124002,Eccentric opening of tricuspid pulmonary valve (disorder)
valvular heart disease,SNOMED CT,449133000,Absence of pulmonary valve cusp (disorder)
valvular heart disease,SNOMED CT,449135007,Congenital stenosis of mitral subvalvular apparatus (disorder)
valvular heart disease,SNOMED CT,449136008,Fenestration of mitral leaflet
valvular heart disease,SNOMED CT,449139001,Commissural fusion of truncal valve (disorder)
valvular heart disease,SNOMED CT,449140004,Right-left orientation of bicuspid pulmonary valve
valvular heart disease,SNOMED CT,449149003,Deficiency of aortic valve cusp
valvular heart disease,SNOMED CT,449158005,Ebstein's anomaly of tricuspid valve with atrialization of right ventricular chamber (disorder)
valvular heart disease,SNOMED CT,449186002,Dilatation of pulmonary valve annulus (disorder)
valvular heart disease,SNOMED CT,449189009,Mass associated with atrioventricular valve leaflet in atrioventricular septal defect (disorder)
valvular heart disease,SNOMED CT,449228007,Hypoplasia of left atrioventricular valve annulus in double inlet ventricle (disorder)
valvular heart disease,SNOMED CT,449270002,Hypoplasia of mitral valve annulus
valvular heart disease,SNOMED CT,449315003,Congenital abnormality of right atrioventricular valve chordae tendinae in double inlet ventricle (disorder)
valvular heart disease,SNOMED CT,449316002,Congenital abnormality of right atrioventricular valve in double inlet ventricle (disorder)
valvular heart disease,SNOMED CT,449354002,Hypoplasia of pulmonary cusps of absent pulmonary valve type (disorder)
valvular heart disease,SNOMED CT,449379004,Atrioventricular septal defect with ventricular component under inferior bridging leaflet with chords to crest ventricular septum (disorder)
valvular heart disease,SNOMED CT,449382009,Congenital abnormality of atrioventricular valve leaflet in atrioventricular septal defect (disorder)
valvular heart disease,SNOMED CT,449383004,Congenital abnormality of atrioventricular valve papillary muscle in atrioventricular septal defect (disorder)
valvular heart disease,SNOMED CT,449388008,Abnormality of atrioventricular valve leaflet in atrioventricular septal defect (disorder)
valvular heart disease,SNOMED CT,449455000,Abnormal attachment of tricuspid chordae tendinae (disorder)
valvular heart disease,SNOMED CT,449456004,Atrioventricular septal defect with atrioventricular valve regurgitation through left septal commissure (disorder)
valvular heart disease,SNOMED CT,449457008,Atrioventricular septal defect with atrioventricular valve regurgitation through left superior bridging leaflet lateral mural commissure (disorder)
valvular heart disease,SNOMED CT,449459006,Atrioventricular septal defect with atrioventricular valve regurgitation through left inferior bridging leaflet lateral mural commissure (disorder)
valvular heart disease,SNOMED CT,449490008,Atrioventricular septal defect with atrioventricular valve regurgitation through right septal commissure (disorder)
valvular heart disease,SNOMED CT,449529003,Abnormality of pulmonary valve cusp (disorder)
valvular heart disease,SNOMED CT,449534004,Obstructed interchordal space of tricuspid chordae tendinae (disorder)
valvular heart disease,SNOMED CT,449537006,Atrioventricular septal defect with atrioventricular valve regurgitation through right anterosuperior inferior mural commissure (disorder)
valvular heart disease,SNOMED CT,449538001,Atrioventricular septal defect with atrioventricular valve regurgitation through right anterosuperior superior bridging leaflet commissure (disorder)
valvular heart disease,SNOMED CT,449539009,Atrioventricular septal defect with atrioventricular valve regurgitation through right inferior bridging leaflet inferior mural commissure (disorder)
valvular heart disease,SNOMED CT,449544002,Deficiency of truncal valve cusp (disorder)
valvular heart disease,SNOMED CT,449555002,Aortic valve commissural abnormality
valvular heart disease,SNOMED CT,449563001,Absence of primary mitral chordae tendinae
valvular heart disease,SNOMED CT,449564007,Fenestration of truncal valve cusp (disorder)
valvular heart disease,SNOMED CT,449601008,Fenestration of pulmonary valve cusp (disorder)
valvular heart disease,SNOMED CT,449605004,Deficiency of pulmonary valve cusp (disorder)
valvular heart disease,SNOMED CT,449843004,Biologic cardiac valve prosthesis in situ
valvular heart disease,SNOMED CT,457607008,Obstruction of tricuspid valve due to tumor
valvular heart disease,SNOMED CT,457612009,Thrombosis of tricuspid valve (disorder)
valvular heart disease,SNOMED CT,457617003,Perforation of tricuspid leaflet
valvular heart disease,SNOMED CT,457622003,Rupture of tricuspid papillary muscle
valvular heart disease,SNOMED CT,457632005,Obstruction of mitral valve due to neoplasm
valvular heart disease,SNOMED CT,457637004,Thrombosis of mitral valve
valvular heart disease,SNOMED CT,457642007,Obstruction of pulmonary valve due to tumor
valvular heart disease,SNOMED CT,457647001,Thrombosis of pulmonary valve (disorder)
valvular heart disease,SNOMED CT,457652006,Calcification of pulmonary valve (disorder)
valvular heart disease,SNOMED CT,457657000,Perforation of pulmonary cusp
valvular heart disease,SNOMED CT,457662004,Rupture of pulmonary cusp
valvular heart disease,SNOMED CT,457667005,Disruption of pulmonary valve annulus (disorder)
valvular heart disease,SNOMED CT,457672001,Calcification of pulmonary valve annulus (disorder)
valvular heart disease,SNOMED CT,457677007,Dehiscence of pulmonary valve annulus as complication of procedure
valvular heart disease,SNOMED CT,457682000,Obstruction of aortic valve due to neoplasm
valvular heart disease,SNOMED CT,457687006,Thrombosis of aortic valve
valvular heart disease,SNOMED CT,457692008,Disruption of aortic valve annulus
valvular heart disease,SNOMED CT,457697002,Dehiscence of aortic valve annulus as complication of procedure
valvular heart disease,SNOMED CT,457702006,Disorder of aortic valve prosthesis
valvular heart disease,SNOMED CT,457707000,Thrombosis of truncal valve (disorder)
valvular heart disease,SNOMED CT,457712004,Calcification of truncal valve (disorder)
valvular heart disease,SNOMED CT,457717005,Perforation of truncal valve cusp (disorder)
valvular heart disease,SNOMED CT,457722005,Rupture of truncal valve cusp (disorder)
valvular heart disease,SNOMED CT,457727004,Thrombosis of common atrioventricular valve (disorder)
valvular heart disease,SNOMED CT,457732003,Calcification of common atrioventricular valve (disorder)
valvular heart disease,SNOMED CT,457737009,Thrombosis of right atrioventricular (not morphologically tricuspid) valve (disorder)
valvular heart disease,SNOMED CT,457742001,Calcification of right atrioventricular (not morphologically tricuspid) valve (disorder)
valvular heart disease,SNOMED CT,457747007,Rupture of right atrioventricular (nontricuspid) valve chordae tendinae
valvular heart disease,SNOMED CT,457752002,Rupture of right atrioventricular (not morphologically tricuspid) valve papillary muscle
valvular heart disease,SNOMED CT,457757008,Myxomatous degeneration of right atrioventricular (not morphologically tricuspid) valve leaflet (disorder)
valvular heart disease,SNOMED CT,457762009,Thrombosis of left atrioventricular (not morphologically mitral) valve (disorder)
valvular heart disease,SNOMED CT,457767003,Myxomatous degeneration of left atrioventricular (not morphologically mitral) valve leaflet (disorder)
valvular heart disease,SNOMED CT,457772007,Calcification of left atrioventricular (not morphologically mitral) valve (disorder)
valvular heart disease,SNOMED CT,457777001,Rupture of left atrioventricular (not morphologically mitral) valve chordae tendinae (disorder)
valvular heart disease,SNOMED CT,457782008,Rupture of left atrioventricular (not morphologically mitral) valve papillary muscle (disorder)
valvular heart disease,SNOMED CT,458038006,Abscess of truncal valve (disorder)
valvular heart disease,SNOMED CT,459067002,Infective endocarditis of cardiac valve (disorder)
valvular heart disease,SNOMED CT,459068007,Infective endocarditis of aortic valve
valvular heart disease,SNOMED CT,459151006,Infective endocarditis of tricuspid valve (disorder)
valvular heart disease,SNOMED CT,459152004,Infective endocarditis of mitral valve
valvular heart disease,SNOMED CT,459153009,Infective endocarditis of pulmonary valve
valvular heart disease,SNOMED CT,459154003,Infective endocarditis of truncal valve
valvular heart disease,SNOMED CT,459158000,Infective endocarditis of left atrioventricular (nonmitral) valve
valvular heart disease,SNOMED CT,459159008,Infective endocarditis of right atrioventricular (nontricuspid) valve
valvular heart disease,SNOMED CT,459162006,Abscess of common atrioventricular valve (disorder)
valvular heart disease,SNOMED CT,459175006,Abscess of left atrioventricular (not morphologically mitral) valve (disorder)
valvular heart disease,SNOMED CT,459176007,Abscess of right atrioventricular (nontricuspid) valve
valvular heart disease,SNOMED CT,459178008,Infective endocarditis of common atrioventricular valve
valvular heart disease,SNOMED CT,460599007,Dysfunction of tricuspid valve papillary muscle
valvular heart disease,SNOMED CT,460600005,Dysfunction of left atrioventricular (not morphologically mitral) valve papillary muscle
valvular heart disease,SNOMED CT,460601009,Dysfunction of right atrioventricular (not morphologically tricuspid) valve papillary muscle (disorder)
valvular heart disease,SNOMED CT,460602002,Dilatation of right atrioventricular (not morphologically tricuspid) valve in double inlet ventricle (disorder)
valvular heart disease,SNOMED CT,460614005,Dilatation of left atrioventricular (not morphologically mitral) valve in double inlet ventricle
valvular heart disease,SNOMED CT,461108007,Disorder of left atrioventricular (not morphologically mitral) valve prosthesis (disorder)
valvular heart disease,SNOMED CT,461298006,Acquired abnormality of left atrioventricular (not morphologically mitral) valve (disorder)
valvular heart disease,SNOMED CT,461305001,Acquired abnormality of right atrioventricular (not morphologically tricuspid) valve
valvular heart disease,SNOMED CT,461431000,Prosthetic cardiac valve failure
valvular heart disease,SNOMED CT,461432007,Abscess at site of cardiac valve prosthesis
valvular heart disease,SNOMED CT,472828007,Disorder of atrioventricular (not morphologically mitral or tricuspid) valve
valvular heart disease,SNOMED CT,472829004,Disorder of atrioventricular (not morphologically mitral or tricuspid) valve prosthesis (disorder)
valvular heart disease,SNOMED CT,472830009,Disorder of right atrioventricular (nontricuspid) valve prosthesis
valvular heart disease,SNOMED CT,472831008,Disorder of tricuspid valve prosthesis (disorder)
valvular heart disease,SNOMED CT,472832001,Disorder of mitral valve prosthesis
valvular heart disease,SNOMED CT,472833006,Disorder of pulmonary valve prosthesis
valvular heart disease,SNOMED CT,472834000,Disorder of truncal valve prosthesis
valvular heart disease,SNOMED CT,472835004,Calcification of tricuspid valve
valvular heart disease,SNOMED CT,472840007,Regurgitation of fetal tricuspid valve
valvular heart disease,SNOMED CT,472841006,Stenosis of fetal tricuspid valve (disorder)
valvular heart disease,SNOMED CT,472842004,Regurgitation of fetal mitral valve
valvular heart disease,SNOMED CT,472843009,Stenosis of fetal mitral valve
valvular heart disease,SNOMED CT,472844003,Regurgitation of fetal pulmonary valve
valvular heart disease,SNOMED CT,472845002,Stenosis of fetal pulmonary valve
valvular heart disease,SNOMED CT,472846001,Regurgitation of fetal aortic valve (disorder)
valvular heart disease,SNOMED CT,472847005,Stenosis of fetal aortic valve
valvular heart disease,SNOMED CT,472848000,Regurgitation of foetal right atrioventricular (not morphologically tricuspid) valve
valvular heart disease,SNOMED CT,472849008,Stenosis of foetal right atrioventricular (nontricuspid) valve
valvular heart disease,SNOMED CT,472850008,Regurgitation of fetal left atrioventricular (not morphologically mitral) valve
valvular heart disease,SNOMED CT,472851007,Stenosis of fetal left atrioventricular (nonmitral) valve
valvular heart disease,SNOMED CT,472852000,Regurgitation of fetal common atrioventricular valve (disorder)
valvular heart disease,SNOMED CT,472853005,Stenosis of fetal common atrioventricular valve (disorder)
valvular heart disease,SNOMED CT,472854004,Regurgitation of foetal truncal valve
valvular heart disease,SNOMED CT,472855003,Stenosis of foetal truncal valve
valvular heart disease,SNOMED CT,473372009,Calcification of mitral valve
valvular heart disease,SNOMED CT,473373004,Calcification of aortic valve annulus
valvular heart disease,SNOMED CT,473374005,Perforation of mitral valve leaflet
valvular heart disease,SNOMED CT,473375006,Rupture of tricuspid valve leaflet
valvular heart disease,SNOMED CT,473376007,Rupture of right atrioventricular (not morphologically tricuspid) valve leaflet
valvular heart disease,SNOMED CT,473377003,Perforation of right atrioventricular (nontricuspid) valve leaflet
valvular heart disease,SNOMED CT,473379000,Rupture of left atrioventricular (not morphologically mitral) valve leaflet (disorder)
valvular heart disease,SNOMED CT,473380002,Perforation of left atrioventricular (not morphologically mitral) valve leaflet (disorder)
valvular heart disease,SNOMED CT,473454002,Disorder of left atrioventricular (nonmitral) valve
valvular heart disease,SNOMED CT,473455001,Disorder of right atrioventricular (not morphologically tricuspid) valve (disorder)
valvular heart disease,SNOMED CT,473458004,Regurgitation of atrioventricular (not morphologically mitral or tricuspid) valve
valvular heart disease,SNOMED CT,698446000,History of replacement of mitral valve with tissue graft
valvular heart disease,SNOMED CT,698545003,History of mechanical prosthetic mitral valve replacement
valvular heart disease,SNOMED CT,699347000,Mechanical heart valve replacement
valvular heart disease,SNOMED CT,703157002,Prosthetic mitral valve failure
valvular heart disease,SNOMED CT,703159004,Prosthetic mitral valve failure requiring replacement
valvular heart disease,SNOMED CT,703160009,Prosthetic mitral valve failure requiring revision
valvular heart disease,SNOMED CT,703167007,Prosthetic mitral valve stenosis
valvular heart disease,SNOMED CT,703168002,Prosthetic mitral valve stenosis and regurgitation
valvular heart disease,SNOMED CT,703169005,Acute prosthetic aortic valve regurgitation
valvular heart disease,SNOMED CT,703170006,Prosthetic aortic valve stenosis
valvular heart disease,SNOMED CT,703171005,Prosthetic aortic valve failure
valvular heart disease,SNOMED CT,703172003,Prosthetic aortic valve failure requiring revision
valvular heart disease,SNOMED CT,703173008,Prosthetic aortic valve failure requiring replacement
valvular heart disease,SNOMED CT,703175001,Acute prosthetic mitral valve regurgitation
valvular heart disease,SNOMED CT,703177009,Prosthetic mitral valve calcific stenosis
valvular heart disease,SNOMED CT,703178004,Non-rheumatic pulmonary valve stenosis with regurgitation
valvular heart disease,SNOMED CT,703179007,Endocarditis of prosthetic mitral valve
valvular heart disease,SNOMED CT,703181009,Postprocedural pulmonary valve regurgitation (disorder)
valvular heart disease,SNOMED CT,703185000,Neopulmonary valve regurgitation
valvular heart disease,SNOMED CT,703186004,Neopulmonary valve stenosis (disorder)
valvular heart disease,SNOMED CT,703187008,Prosthetic pulmonary valve failure (disorder)
valvular heart disease,SNOMED CT,703188003,Prosthetic pulmonary valve failure requiring replacement
valvular heart disease,SNOMED CT,703189006,Endocarditis of prosthetic aortic valve
valvular heart disease,SNOMED CT,703190002,Endocarditis of prosthetic tricuspid valve
valvular heart disease,SNOMED CT,703191003,Endocarditis of prosthetic pulmonary valve (disorder)
valvular heart disease,SNOMED CT,703192005,Postprocedural pulmonary valve stenosis
valvular heart disease,SNOMED CT,703194006,Postprocedural tricuspid regurgitation
valvular heart disease,SNOMED CT,703196008,Postprocedural tricuspid stenosis
valvular heart disease,SNOMED CT,703200003,Prosthetic tricuspid valve stenosis (disorder)
valvular heart disease,SNOMED CT,703222005,Postprocedural aortic valve regurgitation
valvular heart disease,SNOMED CT,703223000,Postprocedural aortic valve stenosis
valvular heart disease,SNOMED CT,703224006,Postprocedural mitral regurgitation
valvular heart disease,SNOMED CT,703225007,Postprocedural mitral valve stenosis (disorder)
valvular heart disease,SNOMED CT,703236000,Non-rheumatic aortic valve stenosis with regurgitation
valvular heart disease,SNOMED CT,703255000,Tricuspid valve stenosis due to carcinoid tumor
valvular heart disease,SNOMED CT,703259006,Mitral valve regurgitation due to cardiomyopathy
valvular heart disease,SNOMED CT,703287002,Prosthetic tricuspid valve failure (disorder)
valvular heart disease,SNOMED CT,703288007,Prosthetic tricuspid valve failure requiring revision (disorder)
valvular heart disease,SNOMED CT,703289004,Prosthetic tricuspid valve failure requiring replacement
valvular heart disease,SNOMED CT,703290008,Prosthetic pulmonary valve failure requiring revision (disorder)
valvular heart disease,SNOMED CT,703291007,Prosthetic pulmonary valve stenosis
valvular heart disease,SNOMED CT,703292000,Prosthetic tricuspid valve regurgitation
valvular heart disease,SNOMED CT,703293005,Prosthetic pulmonary valve regurgitation (disorder)
valvular heart disease,SNOMED CT,703296002,Acute prosthetic tricuspid valve regurgitation (disorder)
valvular heart disease,SNOMED CT,703297006,Prosthetic aortic valve stenosis and regurgitation
valvular heart disease,SNOMED CT,703318003,Neoaortic valve stenosis
valvular heart disease,SNOMED CT,703319006,Tricuspid valve stenosis with insufficiency
valvular heart disease,SNOMED CT,703320000,Non-rheumatic mitral valve stenosis with insufficiency
valvular heart disease,SNOMED CT,703321001,Tricuspid valve stenosis with regurgitation due to carcinoid tumor
valvular heart disease,SNOMED CT,703322008,Tricuspid valve regurgitation due to carcinoid tumor
valvular heart disease,SNOMED CT,703323003,Aortic valve regurgitation due to aortic dilation
valvular heart disease,SNOMED CT,703324009,Aortic valve regurgitation due to trauma
valvular heart disease,SNOMED CT,703325005,Aortic valve regurgitation due to aortic dissection
valvular heart disease,SNOMED CT,703327002,Mitral valve regurgitation due to infiltrative disease
valvular heart disease,SNOMED CT,703328007,Mitral valve regurgitation due to acute myocardial infarction without papillary muscle and chordal rupture
valvular heart disease,SNOMED CT,703330009,Mitral valve regurgitation due to acute myocardial infarction with papillary muscle and chordal rupture
valvular heart disease,SNOMED CT,703358001,Postprocedural mitral regurgitation due to papillary muscle and chordal damage
valvular heart disease,SNOMED CT,703359009,Degenerative mitral valve prolapse
valvular heart disease,SNOMED CT,705991002,Mechanical cardiac valve prosthesis
valvular heart disease,SNOMED CT,708121009,Non-rheumatic mitral valve disease
valvular heart disease,SNOMED CT,713511002,Acute endocarditis co-occurrent with human immunodeficiency virus infection (disorder)
valvular heart disease,SNOMED CT,716193004,Short stature with valvular heart disease and characteristic facies syndrome (disorder)
valvular heart disease,SNOMED CT,718128009,Congenital dysplasia of cardiac valve (disorder)
valvular heart disease,SNOMED CT,719955006,Atresia of pulmonary valve (disorder)
valvular heart disease,SNOMED CT,720583008,Transcatheter implantation of mitral valve using fluoroscopic guidance
valvular heart disease,SNOMED CT,720612000,Cardiospondylocarpofacial syndrome
valvular heart disease,SNOMED CT,720858001,Ehlers-Danlos syndrome cardiac valvular type (disorder)
valvular heart disease,SNOMED CT,721841001,Hypogonadism with mitral valve prolapse and intellectual disability syndrome (disorder)
valvular heart disease,SNOMED CT,723336008,Bindewald Ulmer Muller syndrome
valvular heart disease,SNOMED CT,723448007,Polyvalvular heart disease syndrome (disorder)
valvular heart disease,SNOMED CT,725351001,Transcatheter aortic valve replacement
valvular heart disease,SNOMED CT,726335002,Common atrioventricular junction (disorder)
valvular heart disease,SNOMED CT,726631002,Computed tomography angiography with contrast for transcatheter aortic valve implantation planning
valvular heart disease,SNOMED CT,736892002,Aortic bi-leaflet mechanical valve prosthesis
valvular heart disease,SNOMED CT,736893007,Aortic tri-leaflet mechanical valve prosthesis
valvular heart disease,SNOMED CT,736894001,Mitral bi-leaflet mechanical valve prosthesis
valvular heart disease,SNOMED CT,737155005,Congenital anomaly of atrioventricular valve
valvular heart disease,SNOMED CT,737277001,Prosthetic heart valve in situ
valvular heart disease,SNOMED CT,762254000,Congenital dysplasia of tricuspid valve
valvular heart disease,SNOMED CT,762433009,Tetralogy of Fallot with pulmonary atresia co-occurrent with systemic-to-pulmonary collateral artery
valvular heart disease,SNOMED CT,762538002,Disorder of cardiac valve following procedure
valvular heart disease,SNOMED CT,762539005,Endocarditis of neoaortic valve
valvular heart disease,SNOMED CT,762540007,Endocarditis of neopulmonary valve
valvular heart disease,SNOMED CT,762610001,Injury of cardiac valve (disorder)
valvular heart disease,SNOMED CT,764955006,Laubry Pezzi syndrome
valvular heart disease,SNOMED CT,766976003,"Pulmonary valve agenesis, tetralogy of Fallot, absence of ductus arteriosus syndrome (disorder)"
valvular heart disease,SNOMED CT,770435005,Familial bicuspid aortic valve (disorder)
valvular heart disease,SNOMED CT,771075004,Macrothrombocytopenia with mitral valve insufficiency
valvular heart disease,SNOMED CT,773996000,Transcatheter aortic valve implantation
valvular heart disease,SNOMED CT,782170002,Computed tomography triple phase angiography with contrast for transcatheter aortic valve implantation planning
valvular heart disease,SNOMED CT,782704000,Replacement of aortic valve using sutureless valve
valvular heart disease,SNOMED CT,784353002,"Pulmonary valve agenesis, intact ventricular septum, persistent ductus arteriosus syndrome (disorder)"
valvular heart disease,SNOMED CT,785847000,Arrhythmogenic bileaflet mitral prolapse
valvular heart disease,SNOMED CT,786040006,Mitral valve posterior leaflet prolapse
valvular heart disease,SNOMED CT,787162002,Percutaneous pulmonary valve implantation
valvular heart disease,SNOMED CT,836480008,Mild stenosis of aortic valve
valvular heart disease,SNOMED CT,836481007,Moderate stenosis of aortic valve
valvular heart disease,SNOMED CT,836482000,Severe stenosis of aortic valve
valvular heart disease,SNOMED CT,838333005,Atresia of mitral valve with absent atrioventricular connection
valvular heart disease,SNOMED CT,838448003,Mild mitral valve stenosis
valvular heart disease,SNOMED CT,838449006,Moderate mitral valve stenosis
valvular heart disease,SNOMED CT,838450006,Severe mitral valve stenosis
valvular heart disease,SNOMED CT,838451005,Mild mitral valve regurgitation
valvular heart disease,SNOMED CT,838452003,Moderate mitral valve regurgitation
valvular heart disease,SNOMED CT,838453008,Severe mitral valve regurgitation
valvular heart disease,SNOMED CT,838454002,Mild tricuspid valve regurgitation
valvular heart disease,SNOMED CT,838455001,Moderate tricuspid valve regurgitation
valvular heart disease,SNOMED CT,838456000,Severe tricuspid valve regurgitation
valvular heart disease,SNOMED CT,838535004,Mild tricuspid valve stenosis (disorder)
valvular heart disease,SNOMED CT,838536003,Moderate tricuspid valve stenosis
valvular heart disease,SNOMED CT,838537007,Severe tricuspid valve stenosis (disorder)
valvular heart disease,SNOMED CT,838538002,Mild pulmonary valve stenosis (disorder)
valvular heart disease,SNOMED CT,838539005,Moderate pulmonary valve stenosis
valvular heart disease,SNOMED CT,838540007,Severe pulmonary valve stenosis
valvular heart disease,SNOMED CT,838541006,Mild pulmonary valve regurgitation (disorder)
valvular heart disease,SNOMED CT,838542004,Moderate pulmonary valve regurgitation
valvular heart disease,SNOMED CT,838543009,Severe pulmonary valve regurgitation (disorder)
valvular heart disease,SNOMED CT,838544003,Mild aortic valve regurgitation
valvular heart disease,SNOMED CT,838545002,Moderate aortic valve regurgitation
valvular heart disease,SNOMED CT,838546001,Severe aortic valve regurgitation
valvular heart disease,SNOMED CT,840469002,Deficient mural leaflet of left ventricular component of common atrioventricular valve
valvular heart disease,SNOMED CT,840488009,Congenital truncal valvar regurgitation
valvular heart disease,SNOMED CT,840495000,Common atrioventricular junction with spontaneous fibrous closure of atrioventricular septal defect
valvular heart disease,SNOMED CT,840497008,Common atrioventricular valve with unbalanced commitment of valve to left ventricle
valvular heart disease,SNOMED CT,840517009,"Atrioventricular septal defect, atrial and ventricular components with common atrioventricular valve with unbalanced commitment of valve to right ventricle"
valvular heart disease,SNOMED CT,860667004,Aortic bi-leaflet mechanical valve prosthesis with biologic-polymer aorta graft
valvular heart disease,SNOMED CT,871583003,Congenital anomaly of left-sided atrioventricular valve in double inlet ventricle (disorder)
valvular heart disease,SNOMED CT,871585005,Congenital anomaly of right-sided atrioventricular valve in double inlet ventricle
valvular heart disease,SNOMED CT,871594004,Congenital truncal valvar stenosis
valvular heart disease,SNOMED CT,871597006,Congenital dysplasia of aortic valve
valvular heart disease,SNOMED CT,871599009,Double outlet right ventricle with subaortic or doubly committed ventricular septal defect and pulmonary stenosis Fallot type (disorder)
valvular heart disease,SNOMED CT,871601006,Double outlet right ventricle with subaortic ventricular septal defect and pulmonary stenosis Fallot type (disorder)
valvular heart disease,SNOMED CT,871618005,Congenital dysplastic truncal valve
valvular heart disease,SNOMED CT,871622000,Common atrioventricular valve with unbalanced commitment of valve to ventricle
valvular heart disease,SNOMED CT,871624004,Common atrioventricular valve with unbalanced commitment of valve to right ventricle (disorder)
valvular heart disease,SNOMED CT,871625003,Intermediate atrioventricular septal defect with atrial and ventricular components and separate atrioventricular valves
valvular heart disease,SNOMED CT,871627006,Common atrium with common atrioventricular junction (disorder)
valvular heart disease,SNOMED CT,871643004,Atrioventricular septal defect with balanced ventricles (disorder)
valvular heart disease,SNOMED CT,871652008,Mitral atresia with imperforate mitral valve
valvular heart disease,SNOMED CT,871654009,Congenital hypoplasia of annulus fibrosus of aorta
valvular heart disease,SNOMED CT,871655005,Tricuspid atresia with absent right atrioventricular connection
valvular heart disease,SNOMED CT,871666003,Atypical left ventricular component of common atrioventricular valve (disorder)
valvular heart disease,SNOMED CT,871672003,Atypical right ventricular component of common atrioventricular valve (disorder)
valvular heart disease,SNOMED CT,874782009,Acquired abnormality of atrioventricular (not morphologically mitral or tricuspid) following repair of atrioventricular septal defect
valvular heart disease,SNOMED CT,876846006,Congenital absence of chordae tendineae of tricuspid valve (disorder)
valvular heart disease,SNOMED CT,880007007,Acquired abnormality of right atrioventricular valve following repair of double inlet ventricle (disorder)
valvular heart disease,SNOMED CT,880009005,Acquired abnormality of left atrioventricular valve following repair of double inlet ventricle
valvular heart disease,SNOMED CT,880010000,Acquired abnormality of common atrioventricular valve following repair of biventricular atrioventricular connection
valvular heart disease,SNOMED CT,880045008,Acquired stenosis of right ventricular component of common atrioventricular valve following repair of biventricular connection
valvular heart disease,SNOMED CT,880046009,Acquired stenosis of common atrioventricular valve following repair of biventricular connection
valvular heart disease,SNOMED CT,880047000,Acquired stenosis of left ventricular component of common atrioventricular valve following repair of biventricular connection
valvular heart disease,SNOMED CT,880048005,Acquired regurgitation of left ventricular component of common atrioventricular valve following repair of biventricular connection
valvular heart disease,SNOMED CT,880049002,Acquired regurgitation of right ventricular component of common atrioventricular valve following repair of biventricular connection
valvular heart disease,SNOMED CT,880051003,Acquired regurgitation of common atrioventricular valve following repair of biventricular connection
valvular heart disease,SNOMED CT,890204008,Acquired abnormality of congenital malformed heart valve following repair (disorder)
valvular heart disease,SNOMED CT,890206005,Acquired abnormality of common atrioventricular valve following procedure (disorder)
valvular heart disease,SNOMED CT,890207001,Acquired common atrioventricular valve regurgitation following procedure
valvular heart disease,SNOMED CT,890220003,Bicuspid aortic valve-associated aortopathy (disorder)
valvular heart disease,SNOMED CT,890393009,Congenital prolapse of mitral valve
valvular heart disease,SNOMED CT,890402009,Congenital abnormality of truncal valve
valvular heart disease,SNOMED CT,1003863006,Stenosis of truncal valve following procedure
valvular heart disease,SNOMED CT,1003919001,Postprocedural common atrioventricular valvar stenosis
valvular heart disease,SNOMED CT,1119299008,Mitral regurgitation due to congenital abnormality of mitral subvalvular apparatus
valvular heart disease,SNOMED CT,1119300000,Mitral regurgitation due to acquired abnormality of mitral subvalvular apparatus
valvular heart disease,SNOMED CT,1137687006,Regurgitation of left (non-mitral) atrioventricular valve
valvular heart disease,SNOMED CT,1141647009,Infective endocarditis of cardiac valve with vegetation
valvular heart disease,SNOMED CT,1141742009,Regurgitation of right atrioventricular (not morphologically tricuspid) valve
valvular heart disease,SNOMED CT,1142043006,Late syphilitic pulmonary regurgitation
valvular heart disease,SNOMED CT,1142308000,Mitral valve regurgitation due to acute myocardial infarction
valvular heart disease,SNOMED CT,1144420008,Sclerosis of cusp of aortic valve
valvular heart disease,SNOMED CT,1155719000,Rheumatic mitral valve obstruction
valvular heart disease,SNOMED CT,1155721005,Rheumatic aortic valve obstruction
valvular heart disease,SNOMED CT,1162915007,Accessory tricuspid valve tissue
valvular heart disease,SNOMED CT,1186709006,FLNA-related X-linked myxomatous valvular dysplasia
valvular heart disease,SNOMED CT,1204210003,Inflammation of aortic valve
valvular heart disease,SNOMED CT,1208857001,Periprosthetic aortic valve regurgitation
valvular heart disease,SNOMED CT,1234910007,Congenital straddling and overriding tricuspid valve
valvular heart disease,SNOMED CT,1.231E+12,History of aortic valve replacement
valvular heart disease,SNOMED CT,1.241E+12,History of mitral valve replacement
valvular heart disease,SNOMED CT,3.3711E+13,History of mechanical heart valve replacement
valvular heart disease,SNOMED CT,3.6791E+13,History of tricuspid valve replacement
valvular heart disease,SNOMED CT,4.1371E+13,Shone complex
valvular heart disease,SNOMED CT,5.3391E+13,History of tissue graft aortic valve replacement
valvular heart disease,SNOMED CT,7.3941E+13,History of mitral valve prosthesis
valvular heart disease,SNOMED CT,9.4461E+13,History of pulmonary valve replacement
valvular heart disease,SNOMED CT,9.4851E+13,Syphilitic valvular endocarditis
valvular heart disease,SNOMED CT,9.6261E+13,History of tissue graft mitral valve replacement
valvular heart disease,SNOMED CT,9.6271E+13,History of mechanical mitral valve replacement
valvular heart disease,SNOMED CT,9.6331E+13,History of porcine mitral valve replacement
valvular heart disease,SNOMED CT,9.7021E+13,History of porcine aortic valve replacement
valvular heart disease,SNOMED CT,1.25411E+14,History of mechanical aortic valve replacement
valvular heart disease,SNOMED CT,2.23371E+14,Percutaneous transluminal pulmonary valve replacement
valvular heart disease,SNOMED CT,2.33601E+14,Aortic root replacement using pulmonary valve autograft with right ventricle to pulmonary artery valved conduit and aortoventriculoplasty
valvular heart disease,SNOMED CT,2.59261E+14,Percutaneous transluminal pulmonary valve replacement
valvular heart disease,SNOMED CT,2.85961E+14,Mechanical breakdown of prosthetic heart valve
valvular heart disease,SNOMED CT,2.86011E+14,Rheumatic mitral valve annular calcification
valvular heart disease,SNOMED CT,2.86031E+14,Rheumatic mitral valve prolapse
valvular heart disease,SNOMED CT,3.77141E+14,Percutaneous pulmonary valve replacement using fluoroscopic guidance
valvular heart disease,SNOMED CT,3.77151E+14,Percutaneous aortic valve replacement using fluoroscopic guidance
valvular heart disease,SNOMED CT,4.41401E+14,[X]Presence of other heart valve replacement
valvular heart disease,SNOMED CT,5.09951E+14,Transapical aortic valve implantation
valvular heart disease,SNOMED CT,5.10101E+14,Transluminal aortic valve implantation
valvular heart disease,SNOMED CT,6.09781E+14,Aortic valve replacement NOS
valvular heart disease,SNOMED CT,6.94511E+14,Mitral valve replacement NOS
valvular heart disease,SNOMED CT,7.26901E+14,Mitral valve atresia
valvular heart disease,SNOMED CT,7.27021E+14,Tricuspid valve imperforate
valvular heart disease,SNOMED CT,7.59461E+14,Congenital abnormality of leaflet of mitral valve
valvular heart disease,SNOMED CT,7.59521E+14,Congenital abnormality of mitral papillary muscle
valvular heart disease,SNOMED CT,7.59531E+14,Elongated mitral papillary muscle
valvular heart disease,SNOMED CT,7.59541E+14,Shortened mitral papillary muscle
valvular heart disease,SNOMED CT,7.59571E+14,Gelatinous right atrioventricular valve leaflet
valvular heart disease,SNOMED CT,7.59581E+14,Noncoapting right atrioventricular valve leaflet
valvular heart disease,SNOMED CT,7.59591E+14,Flail of right atrioventricular valve leaflet
valvular heart disease,SNOMED CT,7.59601E+14,Associated mass of right atrioventricular valve leaflet
valvular heart disease,SNOMED CT,7.59611E+14,Associated mass of left atrioventricular valve leaflet
valvular heart disease,SNOMED CT,7.59621E+14,Gelatinous left atrioventricular valve leaflet
valvular heart disease,SNOMED CT,7.59631E+14,Noncoapting left atrioventricular valve leaflet
valvular heart disease,SNOMED CT,7.59641E+14,Flail of left atrioventricular valve leaflet
valvular heart disease,SNOMED CT,7.59941E+14,Congenital subvalvar mitral stenosis
valvular heart disease,SNOMED CT,7.59971E+14,Accessory mitral leaflet
valvular heart disease,SNOMED CT,7.60021E+14,Gelatinous mitral leaflet
valvular heart disease,SNOMED CT,7.60031E+14,Noncoapting mitral leaflet
valvular heart disease,SNOMED CT,7.60041E+14,Flail of mitral leaflet
valvular heart disease,SNOMED CT,7.60051E+14,Congenital abnormality of mitral chordae tendinae
valvular heart disease,SNOMED CT,8.65411E+14,Thoracoscopic assisted repair of mitral valve
valvular heart disease,SNOMED CT,8.65421E+14,Thoracoscopic assisted replacement of mitral valve
valvular heart disease,SNOMED CT,1034211000000105,Transcatheter mitral valve implantation using fluoroscopic guidance
valvular heart disease,SNOMED CT,1086011000000102,Transcatheter aortic valve implantation
valvular heart disease,SNOMED CT,1095181000000101,Sutureless aortic valve replacement
valvular heart disease,SNOMED CT,10743121000119108,Aortic valve disorder in mother complicating childbirth
valvular heart disease,SNOMED CT,10809641000119100,Mitral valve disorder in mother complicating childbirth