name,terminology,code,term,DiabetesType
diabetes_drugs,DMD,5199411000001105,Actos 45mg tablets (Takeda UK Ltd) (product),general
diabetes_drugs,DMD,14753811000001102,Prandin 0.5mg tablets (Sigma Pharmaceuticals Plc) (product),general
diabetes_drugs,DMD,16187411000001102,Glucophage SR 500mg tablets (Lexon (UK) Ltd) (product),general
diabetes_drugs,DMD,3270511000001100,Mixtard 30 NovoLet 100units/ml suspension for injection (Novo Nordisk Pharmaceuticals Ltd) (product),general
diabetes_drugs,DMD,19489511000001102,Acarbose 100mg tablets (Alliance Healthcare (Distribution) Ltd) (product),general
diabetes_drugs,DMD,3273411000001107,Human Mixtard 50 Penfill 100units/ml suspension for injection 1.5ml cartridges (Novo Nordisk Pharmaceuticals Ltd) (product),general
diabetes_drugs,DMD,22226111000001104,Gliclazide 60mg modified-release tablets (product),general
diabetes_drugs,DMD,11149211000001102,Glimepiride 1mg tablets (Teva UK Ltd) (product),general
diabetes_drugs,DMD,698511000001103,Glipizide 5mg tablets (Sandoz Ltd) (product),general
diabetes_drugs,DMD,36832811000001104,Pioglitazone 15mg / Metformin 850mg tablets (Torrent Pharma (UK) Ltd) (product),general
diabetes_drugs,DMD,29853611000001101,Canagliflozin 100mg tablets (Niche Pharma Ltd) (product),general
diabetes_drugs,DMD,3269711000001107,Mixtard 10 NovoLet 100units/ml suspension for injection (Novo Nordisk Pharmaceuticals Ltd) (product),general
diabetes_drugs,DMD,61911000001108,Glimil 80mg tablets (Milpharm Ltd) (product),general
diabetes,SNOMED,49455004,Diabetic polyneuropathy,general
diabetes,SNOMED,408540003,Diabetes mellitus caused by non-steroid drugs (disorder),general
diabetes_drugs,DMD,10539711000001108,Glimepiride 3mg tablets (PI) (Waymade Ltd) (product),general
diabetes_drugs,DMD,11135611000001102,Mixtard 10 Penfill 100units/ml suspension for injection 3ml cartridges (Waymade Ltd) (product),general
diabetes_drugs,DMD,13100611000001109,Avandamet 4mg/1000mg tablets (Dowelhurst Ltd) (product),general
diabetes_drugs,DMD,22028211000001104,Glimepiride 4mg tablets (Waymade Healthcare Plc) (product),general
diabetes_drugs,DMD,4033111000001109,Insulin isophane biphasic porcine 30/70 100units/ml suspension for injection 3ml cartridges (product),general
diabetes_drugs,DMD,15374311000001101,Glucophage 1000mg oral powder sachets (Merck Serono Ltd) (product),general
diabetes_drugs,DMD,12200311000001108,Repaglinide 1mg tablets (PI) (Waymade Healthcare Plc) (product),general
diabetes_drugs,DMD,16520011000001106,Humulin I 100units/ml suspension for injection 3ml cartridges (Mawdsley-Brooks & Company Ltd) (product),general
diabetes_drugs,DMD,36763511000001102,Byetta 10micrograms/0.04ml solution for injection 2.4ml pre-filled pens (Originalis B.V.) (product),general
diabetes_drugs,DMD,14401211000001103,Starlix 180mg tablets (Sigma Pharmaceuticals Plc) (product),general
diabetes_drugs,DMD,5268911000001109,Humalog Mix25 100units/ml suspension for injection 3ml cartridges (PI) (Waymade Ltd) (product),general
diabetes_drugs,DMD,860011000001104,Gliclazide 80mg tablets (IVAX Pharmaceuticals UK Ltd) (product),general
diabetes,SNOMED,312905005,Severe non proliferative diabetic retinopathy,general
diabetes,SNOMED,791000119109,Angina associated with type II diabetes mellitus,type2
diabetes,SNOMED,33559001,Pineal hyperplasia AND diabetes mellitus syndrome (disorder),general
diabetes,SNOMED,773001000000103,Symptomatic diabetic peripheral neuropathy (disorder),general
diabetes_drugs,DMD,10898411000001103,Apidra 100units/ml solution for injection 3ml OptiClik cartridges (sanofi-aventis) (product),general
diabetes_drugs,DMD,12135811000001104,Glibenclamide 625micrograms/5ml oral suspension (product),general
diabetes_drugs,DMD,34188011000001100,Metformin 850mg/5ml oral solution sugar free (A A H Pharmaceuticals Ltd) (product),general
diabetes_drugs,DMD,36856611000001103,Pioglitazone 15mg tablets (Torrent Pharma (UK) Ltd) (product),general
diabetes_drugs,DMD,11133811000001102,Insulatard InnoLet 100units/ml suspension for injection 3ml pre-filled pens (Waymade Healthcare Plc) (product),general
diabetes,SNOMED,761000119102,Diabetic dyslipidemia associated with type 2 diabetes mellitus,type2
diabetes_drugs,DMD,26655811000001102,Insulin aspart 100units/ml solution for injection 1.6ml cartridges (product),general
diabetes_drugs,DMD,16256311000001100,Actos 30mg tablets (Mawdsley-Brooks & Company Ltd) (product),general
diabetes_drugs,DMD,22026311000001108,Glibenclamide 5mg tablets (Waymade Healthcare Plc) (product),general
diabetes_drugs,DMD,19613511000001104,Humalog Mix50 KwikPen 100units/ml suspension for injection 3ml pre-filled pens (DE Pharmaceuticals) (product),general
diabetes_drugs,DMD,28789611000001108,Dulaglutide 0.75mg/0.5ml solution for injection pre-filled disposable devices (product),general
diabetes_drugs,DMD,37440411000001105,Januvia 25mg tablets (CST Pharma Ltd) (product),general
diabetes,SNOMED,314010006,Diffuse diabetic maculopathy,general
diabetes,SNOMED,390853009,O/E - no left diabetic retinopathy (context-dependent category),general
diabetes,SNOMED,237619009,Diabetes-deafness syndrome maternally transmitted (disorder),general
diabetes_drugs,DMD,3284311000001105,Humalog 100units/ml solution for injection 3ml cartridges (Eli Lilly & Co Ltd) (product),general
diabetes_drugs,DMD,28044911000001109,Insulin human 500units/ml solution for injection 20ml vials (Special Order) (product),general
diabetes_drugs,DMD,3274011000001101,Hypurin Bovine Neutral 100units/ml solution for injection 1.5ml cartridges (C P Pharmaceuticals Ltd) (product),general
diabetes,SNOMED,426875007,Latent autoimmune diabetes mellitus in adult (disorder),other
diabetes,SNOMED,190412005,Malnutrition-related diabetes mellitus without complications (disorder),other
diabetes_drugs,DMD,34043011000001106,Fiasp FlexTouch 100units/ml solution for injection 3ml pre-filled pens (Novo Nordisk Ltd) (product),general
diabetes_drugs,DMD,8664611000001104,Metformin 850mg/5ml oral solution (product),general
diabetes_drugs,DMD,32492811000001102,Pioglitazone 15mg tablets (Brown & Burk UK Ltd) (product),general
diabetes_drugs,DMD,325070005,Insulin lispro 100units/mL injection solution 3mL prefilled pen (product),general
diabetes_drugs,DMD,31351711000001102,Alogliptin 12.5mg / Metformin 1g tablets (J M McGill Ltd) (product),general
diabetes_drugs,DMD,32182511000001103,Alogliptin 12.5mg tablets (Niche Pharma Ltd) (product),general
diabetes_drugs,DMD,37973011000001109,NovoRapid FlexPen 100units/ml solution for injection 3ml pre-filled pens (Pharmaram Ltd) (product),general
diabetes,SNOMED,44054006,Diabetes mellitus type II,type2
diabetes,SNOMED,134395001,Diabetic retinopathy screening,general
diabetes,SNOMED,190368000,Type I diabetes mellitus with ulcer,type1
diabetes,SNOMED,762489000,Acute complication with diabetes mellitus,general
diabetes,SNOMED,190407009,Malnutrition-related diabetes mellitus with renal complications (disorder),other
diabetes,SNOMED,1110921000000100,Quality and Outcomes Framework diabetes mellitus quality indicator-related care invitation (procedure),removed
diabetes_drugs,DMD,446711000001101,Actos 30mg tablets (Takeda UK Ltd) (product),general
diabetes_drugs,DMD,30100711000001104,Tolbutamide 500mg tablets (DE Pharmaceuticals) (product),general
diabetes_drugs,DMD,37428011000001101,Actos 15mg tablets (CST Pharma Ltd) (product),general
diabetes_drugs,DMD,16125711000001106,Glimepiride 2mg/5ml oral suspension (Special Order) (product),general
diabetes_drugs,DMD,16137811000001105,Amaryl 4mg tablets (Lexon (UK) Ltd) (product),general
diabetes_drugs,DMD,38530511000001107,Metformin 500mg modified-release tablets (Morningside Healthcare Ltd) (product),general
diabetes,SNOMED,420918009,Mononeuropathy associated with type I diabetes mellitus (disorder),type1
diabetes,SNOMED,279321000000104,Diabetes type 2 review (regime/therapy),type2
diabetes,SNOMED,112991000000101,Lipoatrophic diabetes mellitus without complication (disorder),general
diabetes_drugs,DMD,781411000001104,Glucobay 50 tablets (Bayer Plc) (product),general
diabetes_drugs,DMD,593911000001106,Metformin 500mg tablets (Sandoz Ltd) (product),general
diabetes_drugs,DMD,38238111000001109,Sukkarto SR 750mg tablets (Morningside Healthcare Ltd) (product),general
diabetes_drugs,DMD,12798011000001101,Metformin 1g/5ml oral solution (product),general
diabetes_drugs,DMD,13720911000001100,Glimepiride 3mg tablets (Ranbaxy (UK) Ltd) (product),general
diabetes_drugs,DMD,20916911000001104,Pioglitazone 15mg tablets (Zentiva) (product),general
diabetes_drugs,DMD,13180011000001101,NovoMix 30 FlexPen 100units/ml suspension for injection 3ml pre-filled pens (Dowelhurst Ltd) (product),general
diabetes_drugs,DMD,14584711000001101,Metformin 500mg modified-release tablets (A A H Pharmaceuticals Ltd) (product),general
diabetes_drugs,DMD,23487411000001107,Pioglitazone 15mg tablets (Accord Healthcare Ltd) (product),general
diabetes,SNOMED,707221002,Diabetic glomerulosclerosis,general
diabetes_drugs,DMD,325242002,Product containing precisely gliclazide 80 milligram/1 each conventional release oral tablet (clinical drug),general
diabetes_drugs,DMD,17608511000001103,Humulin I KwikPen 100units/ml suspension for injection 3ml pre-filled pens (Eli Lilly and Company Ltd) (product),general
diabetes_drugs,DMD,13412911000001100,Vildagliptin 50mg tablets (product),general
diabetes_drugs,DMD,21245011000001106,Linagliptin 2.5mg / Metformin 1g tablets (product),general
diabetes_drugs,DMD,36047811000001104,Insulin lispro 100units/ml solution for injection 3ml pre-filled disposable devices (product),general
diabetes_drugs,DMD,4029411000001100,Hypurin Porcine 30/70 Mix 100units/ml suspension for injection 3ml cartridges (C P Pharmaceuticals Ltd) (product),general
diabetes_drugs,DMD,11343511000001106,Glimepiride 3mg tablets (Sandoz Ltd) (product),general
diabetes_drugs,DMD,326056002,Product containing precisely rosiglitazone (as rosiglitazone maleate) 8 milligram/1 each conventional release oral tablet (clinical drug),general
diabetes_drugs,DMD,5269111000001104,Humalog Mix50 Pen 100units/ml suspension for injection 3ml pre-filled pens (Waymade Healthcare Plc) (product),general
diabetes_drugs,DMD,515111000001108,Glibenese 5mg tablets (Pfizer Ltd) (product),general
diabetes_drugs,DMD,8618911000001104,Metformin 850mg/5ml oral suspension (Special Order) (product),general
diabetes_drugs,DMD,8759611000001101,Metformin 850mg capsules (Special Order) (product),general
diabetes_drugs,DMD,35563111000001107,Insulin lispro 100units/ml solution for injection 3ml pre-filled pen (Sanofi Pasteur) (product),general
diabetes,SNOMED,190369008,Type 1 diabetes mellitus with gangrene,type1
diabetes,SNOMED,230579006,Diabetic thoracic radiculopathy,general
diabetes,SNOMED,10754881000119104,Diabetes mellitus in mother complicating childbirth (disorder),general
diabetes,SNOMED,367261000119100,Hyperosmolarity co-occurrent and due to drug induced diabetes mellitus (disorder),general
diabetes_drugs,DMD,21930011000001100,Tresiba FlexTouch 100units/ml solution for injection 3ml pre-filled pens (Novo Nordisk Ltd) (product),general
diabetes_drugs,DMD,20114811000001100,Januvia 50mg Tablets (Merck Sharp & Dohme Ltd) (product),general
diabetes_drugs,DMD,11494811000001109,Byetta 5micrograms/0.02ml solution for injection 1.2ml pre-filled pens (AstraZeneca UK Ltd) (product),general
diabetes_drugs,DMD,30175011000001102,Synjardy 12.5mg/850mg tablets (Boehringer Ingelheim Ltd) (product),general
diabetes_drugs,DMD,11118911000001106,Hypurin Bovine Neutral 100units/ml solution for injection 10ml vials (Waymade Ltd) (product),general
diabetes_drugs,DMD,14040211000001108,Actos 15mg tablets (Sigma Pharmaceuticals Plc) (product),general
diabetes_drugs,DMD,3472411000001104,Insulin isophane human 100units/ml suspension for injection 1.5ml cartridges (product),general
diabetes_drugs,DMD,903011000001101,Glibenclamide 5mg tablets (IVAX Pharmaceuticals UK Ltd) (product),general
diabetes_drugs,DMD,9763311000001104,Metformin 850mg tablets (The Boots Company) (product),general
diabetes_drugs,DMD,10617811000001106,Glimepiride 3mg tablets (Somex Pharma) (product),general
diabetes_drugs,DMD,17582711000001104,Amaryl 4mg tablets (Necessity Supplies Ltd) (product),general
diabetes_drugs,DMD,5465811000001107,Acarbose 50mg tablets (PI) (Dowelhurst Ltd) (product),general
diabetes_drugs,DMD,37636511000001108,Eucreas 50mg/1000mg tablets (Pilsco Ltd) (product),general
diabetes_drugs,DMD,21928511000001109,Tresiba Penfill 100units/ml solution for injection 3ml cartridges (Novo Nordisk Ltd) (product),general
diabetes_drugs,DMD,33547711000001103,Metformin 850mg/5ml oral solution sugar free (Colonis Pharma Ltd) (product),general
diabetes_drugs,DMD,10617511000001108,Glimepiride 2mg tablets (Somex Pharma) (product),general
diabetes_drugs,DMD,13823911000001105,Actos 30mg tablets (Doncaster Pharmaceuticals Ltd) (product),general
diabetes_drugs,DMD,14380511000001100,NovoMix 30 FlexPen 100units/ml suspension for injection 3ml pre-filled pens (Sigma Pharmaceuticals Plc) (product),general
diabetes_drugs,DMD,18286111000001104,Humalog Mix50 100units/ml suspension for injection 3ml cartridges (Waymade Healthcare Plc) (product),general
diabetes_drugs,DMD,29986011000001101,Pioglitazone 30mg tablets (Sigma Pharmaceuticals Plc) (product),general
diabetes_drugs,DMD,38067111000001106,Insulin soluble human 1unit/ml solution for infusion 30ml pre-filled syringes (Special Order) (product),general
diabetes_drugs,DMD,14313211000001105,Diamicron 30mg MR tablets (Sigma Pharmaceuticals Plc) (product),general
diabetes_drugs,DMD,16007611000001109,Pioglitazone 15mg/5ml oral suspension (Special Order) (product),general
diabetes_drugs,DMD,3469511000001103,Insulin isophane biphasic human 10/90 100units/ml suspension for injection 3ml pre-filled disposable devices (product),general
diabetes_drugs,DMD,409361001,Metformin hydrochloride 750mg m/r tablet (product),general
diabetes_drugs,DMD,3468911000001102,Insulin aspart biphasic 30/70 100units/ml suspension for injection 3ml pre-filled disposable devices (product),general
diabetes_drugs,DMD,17916711000001106,Glimepiride 2mg tablets (Phoenix Healthcare Distribution Ltd) (product),general
diabetes_drugs,DMD,371419004,Insulin soluble bovine 100u/mL injection solution 1.5mL cartridge (product),general
diabetes_drugs,DMD,37990211000001103,Januvia 100mg tablets (Pharmaram Ltd) (product),general
diabetes_drugs,DMD,13721211000001103,Glimepiride 4mg tablets (Ranbaxy (UK) Ltd) (product),general
diabetes_drugs,DMD,14190111000001102,Humulin S 100units/ml solution for injection 10ml vials (Waymade Healthcare Plc) (product),general
diabetes_drugs,DMD,147811000001105,Tolbutamide 500mg tablets (Kent Pharmaceuticals Ltd) (product),general
diabetes_drugs,DMD,21111411000001109,Acarbose 50mg tablets (Actavis UK Ltd) (product),general
diabetes_drugs,DMD,21848511000001103,Pioglitazone 45mg tablets (Waymade Healthcare Plc) (product),general
diabetes_drugs,DMD,24380811000001101,Metformin 1g modified-release tablets (DE Pharmaceuticals) (product),general
diabetes_drugs,DMD,3270611000001101,Human Mixtard 50 100units/ml suspension for injection 10ml vials (Novo Nordisk Pharmaceuticals Ltd) (product),general
diabetes_drugs,DMD,8523911000001109,Glibenclamide 7.5mg/5ml oral solution (product),general
diabetes,SNOMED,421847006,Ketoacidotic coma in type II diabetes mellitus (disorder),type2
diabetes_drugs,DMD,13413111000001109,Metformin 850mg / Vildagliptin 50mg tablets (product),general
diabetes_drugs,DMD,3471611000001107,Insulin isophane biphasic human 50/50 100units/ml suspension for injection 3ml cartridges (product),general
diabetes_drugs,DMD,10542811000001106,Humalog 100units/ml solution for injection 10ml vials (PI) (Waymade Ltd) (product),general
diabetes_drugs,DMD,10445511000001107,Glimepiride 3mg tablets (Niche Generics Ltd) (product),general
diabetes_drugs,DMD,25290611000001102,Empagliflozin 25mg tablets (product),general
diabetes_drugs,DMD,23637311000001105,Alogliptin 12.5mg tablets (product),general
diabetes_drugs,DMD,16530311000001107,Humalog Mix25 100units/ml suspension for injection 10ml vials (Eli Lilly and Company Ltd) (product),general
diabetes_drugs,DMD,21203911000001104,Lantus 100units/ml solution for injection 3ml pre-filled SoloStar pens (Waymade Healthcare Plc) (product),general
diabetes_drugs,DMD,325111000,Insulin isophane human 100units/mL injection suspension 3mL cartridge (product),general
diabetes_drugs,DMD,11135411000001100,Human Mixtard 20 Penfill 100units/ml suspension for injection 1.5ml cartridges (Waymade Ltd) (product),general
diabetes_drugs,DMD,17940011000001100,Metformin 500mg tablets (Phoenix Healthcare Distribution Ltd) (product),general
diabetes_drugs,DMD,33428211000001102,Gliclazide 40mg tablets (Alliance Healthcare (Distribution) Ltd) (product),general
diabetes_drugs,DMD,8712011000001107,Tolbutamide 500mg/5ml oral suspension (Special Order) (product),general
diabetes_drugs,DMD,795311000001107,Metformin 850mg tablets (Generics (UK) Ltd) (product),general
diabetes_drugs,DMD,11018911000001102,Glimepiride 2mg tablets (Dr Reddys Labs) (product),general
diabetes_drugs,DMD,3471811000001106,Insulin isophane biphasic human 50/50 100units/ml suspension for injection 5ml vials (product),general
diabetes_drugs,DMD,36889711000001106,Januvia 25mg tablets (Pharmaram Ltd) (product),general
diabetes,SNOMED,314537004,Diabetic optic papillopathy,general
diabetes_drugs,DMD,882811000001109,Metformin 500mg tablets (Alpharma Limited) (product),general
diabetes_drugs,DMD,10956911000001107,Prandin 1mg tablets (Novo Nordisk Ltd) (product),general
diabetes_drugs,DMD,23920511000001101,Gliclazide 30mg modified-release tablets (Phoenix Healthcare Distribution Ltd) (product),general
diabetes_drugs,DMD,24135111000001101,Pioglitazone 45mg tablets (Morningside Healthcare Ltd) (product),general
diabetes_drugs,DMD,5270511000001105,NovoRapid Penfill 100units/ml solution for injection 3ml cartridges (PI) (Waymade Ltd) (product),general
diabetes_drugs,DMD,887211000001106,Glibenclamide 5mg tablets (Generics (UK) Ltd) (product),general
diabetes_drugs,DMD,37550411000001100,Humalog Mix50 KwikPen 100units/ml suspension for injection 3ml pre-filled pens (CST Pharma Ltd) (product),general
diabetes_drugs,DMD,37709511000001100,Vipidia 25mg tablets (Pilsco Ltd) (product),general
diabetes_drugs,DMD,8175511000001106,Metformin 1g / Rosiglitazone 4mg tablets (product),general
diabetes_drugs,DMD,551111000001104,Gliclazide 80mg tablets (Unichem Plc) (product),general
diabetes_drugs,DMD,38074811000001104,Tresiba FlexTouch 200units/ml solution for injection 3ml pre-filled pens (Pharmaram Ltd) (product),general
diabetes_drugs,DMD,38142711000001108,Jentadueto 2.5mg/850mg tablets (DE Pharmaceuticals) (product),general
diabetes,SNOMED,422034002,Diabetic retinopathy associated with type II diabetes mellitus (disorder),type2
diabetes,SNOMED,413184002,Fibrocalculous pancreatopathy without complication (disorder),general
diabetes_drugs,DMD,3282211000001106,NovoRapid FlexPen 100units/ml solution for injection 3ml pre-filled pens (Novo Nordisk Ltd) (product),general
diabetes_drugs,DMD,533211000001108,Gliclazide 80mg tablets (Generics (UK) Ltd) (product),general
diabetes_drugs,DMD,20357611000001105,Pioglitazone 30mg tablets (Actavis UK Ltd) (product),general
diabetes_drugs,DMD,30875711000001107,Repaglinide 1mg tablets (Mawdsley-Brooks & Company Ltd) (product),general
diabetes_drugs,DMD,33769011000001104,Metformin 850mg/5ml oral solution sugar free (Alliance Healthcare (Distribution) Ltd) (product),general
diabetes,SNOMED,199230006,Pre-existing diabetes mellitus - non-insulin-dependent,type2
diabetes,SNOMED,420436000,Mononeuropathy associated with type II diabetes mellitus (disorder),type2
diabetes,SNOMED,420683009,Neurological disorder associated with malnutrition-related diabetes mellitus (disorder),other
diabetes_drugs,DMD,21705311000001107,Komboglyze 2.5mg/850mg tablets (Bristol-Myers Squibb Pharmaceuticals Ltd) (product),general
diabetes_drugs,DMD,16125411000001100,Glimepiride 2mg/5ml oral solution (Special Order) (product),general
diabetes_drugs,DMD,22027111000001109,Glimepiride 1mg tablets (Waymade Healthcare Plc) (product),general
diabetes_drugs,DMD,16037911000001107,Saxagliptin 5mg tablets (product),general
diabetes_drugs,DMD,14248611000001101,Humalog Mix25 Pen 100units/ml suspension for injection 3ml pre-filled pens (Sigma Pharmaceuticals Plc) (product),general
diabetes_drugs,DMD,15973311000001105,Metformin 500mg tablets (Zanza Laboratories Ltd) (product),general
diabetes,SNOMED,705072004,Diabetes monitoring invitation by short message service text messaging (procedure),removed
diabetes_drugs,DMD,3311311000001101,Humulin S 100units/ml solution for injection 3ml cartridges (Eli Lilly & Co Ltd) (product),general
diabetes_drugs,DMD,3271311000001101,Hypurin Bovine Neutral 100units/ml solution for injection 10ml vials (C P Pharmaceuticals Ltd) (product),general
diabetes_drugs,DMD,14122511000001102,Glimepiride 3mg tablets (Consilient Health Ltd) (product),general
diabetes_drugs,DMD,37069611000001104,Glimepiride 1mg tablets (Mawdsley-Brooks & Company Ltd) (product),general
diabetes_drugs,DMD,18678711000001108,Vitile XL 30mg tablets (Actavis UK Ltd) (product),general
diabetes_drugs,DMD,30089311000001102,Repaglinide 2mg tablets (DE Pharmaceuticals) (product),general
diabetes,SNOMED,190331003,Diabetes mellitus - adult onset - with hyperosmolar coma,general
diabetes,SNOMED,399866003,Diabetic retinal venous beading (disorder),general
diabetes_drugs,DMD,7589411000001100,Levemir FlexPen 100units/ml solution for injection 3ml pre-filled pens (Novo Nordisk Ltd) (product),general
diabetes_drugs,DMD,14723311000001105,Prandin 1mg tablets (Sigma Pharmaceuticals Plc) (product),general
diabetes_drugs,DMD,24130611000001101,Acarbose 50mg tablets (Morningside Healthcare Ltd) (product),general
diabetes_drugs,DMD,38116611000001105,Apidra 100units/ml solution for injection 3ml pre-filled SoloStar pens (DE Pharmaceuticals) (product),general
diabetes_drugs,DMD,12793011000001108,Metformin 5mg/5ml oral solution (Special Order) (product),general
diabetes_drugs,DMD,129411000001101,Glipizide 5mg tablets (Pfizer Ltd) (product),general
diabetes_drugs,DMD,19362011000001109,Repaglinide 1mg tablets (A A H Pharmaceuticals Ltd) (product),general
diabetes_drugs,DMD,622811000001108,Gliclazide 80mg tablets (C P Pharmaceuticals Ltd) (product),general
diabetes_drugs,DMD,15373711000001104,Glucophage 500mg oral powder sachets (Merck Serono Ltd) (product),general
diabetes_drugs,DMD,12136111000001100,Gliclazide 20mg/5ml oral suspension (product),general
diabetes_drugs,DMD,10486711000001101,Avandamet 1mg/500mg tablets (PI) (Waymade Ltd) (product),general
diabetes_drugs,DMD,14711111000001101,Minodiab 5mg tablets (Sigma Pharmaceuticals Plc) (product),general
diabetes_drugs,DMD,16061711000001105,Metformin 850mg tablets (Bristol Laboratories Ltd) (product),general
diabetes_drugs,DMD,37716411000001108,Byetta 10micrograms/0.04ml solution for injection 2.4ml pre-filled pens (Pilsco Ltd) (product),general
diabetes,SNOMED,398140007,Somogyi phenomenon (disorder),general
diabetes,SNOMED,421326000,Neurologic disorder associated with type II diabetes mellitus (disorder),type2
diabetes_drugs,DMD,3272411000001103,Insuman Comb 50 100units/ml suspension for injection 3ml cartridges (Aventis Pharma) (product),general
diabetes_drugs,DMD,10703011000001101,Insulin human 1mg inhalation powder blisters (product),general
diabetes_drugs,DMD,29988911000001103,Acarbose 100mg tablets (Mawdsley-Brooks & Company Ltd) (product),general
diabetes_drugs,DMD,36889911000001108,Januvia 50mg tablets (Pharmaram Ltd) (product),general
diabetes,SNOMED,237620003,Abnormal metabolic state in diabetes mellitus,general
diabetes,SNOMED,314014002,Ischaemic diabetic maculopathy,general
diabetes,SNOMED,754121000000107,Type II diabetic dietary review (regime/therapy),type2
diabetes_drugs,DMD,443713000,Product containing precisely saxagliptin 5 milligram/1 each conventional release oral tablet (clinical drug),general
diabetes_drugs,DMD,3310711000001105,Actrapid Penfill 100units/ml solution for injection 3ml cartridges (Novo Nordisk Pharmaceuticals Ltd) (product),general
diabetes_drugs,DMD,695711000001101,Glibenclamide 5mg tablets (Alpharma Limited) (product),general
diabetes_drugs,DMD,37665511000001108,Forxiga 10mg tablets (Pilsco Ltd) (product),general
diabetes_drugs,DMD,14199911000001105,Avandamet 2mg/1000mg tablets (Sigma Pharmaceuticals Plc) (product),general
diabetes,SNOMED,70694009,Diabetes mellitus AND insipidus with optic atrophy AND deafness (disorder),general
diabetes_drugs,DMD,325278007,Product containing precisely metformin hydrochloride 500 milligram/1 each conventional release oral tablet (clinical drug),general
diabetes_drugs,DMD,325259007,Product containing precisely glimepiride 2 milligram/1 each conventional release oral tablet (clinical drug),general
diabetes_drugs,DMD,3274811000001107,Humulin M3 100units/ml suspension for injection 10ml vials (Eli Lilly & Co Ltd) (product),general
diabetes_drugs,DMD,10155511000001105,Glimepiride 4mg tablets (Alpharma Ltd) (product),general
diabetes_drugs,DMD,13462811000001109,Gliclazide 30mg/5ml oral suspension (Special Order) (product),general
diabetes_drugs,DMD,28776011000001103,Liraglutide 6mg/ml solution for injection 3ml pre-filled disposable devices (Colorama Pharmaceuticals Ltd) (product),general
diabetes_drugs,DMD,37972211000001105,Humalog Mix25 100units/ml suspension for injection 3ml cartridges (Pharmaram Ltd) (product),general
diabetes_drugs,DMD,29986211000001106,Pioglitazone 45mg tablets (Sigma Pharmaceuticals Plc) (product),general
diabetes_drugs,DMD,38018511000001102,Lamzarin 60mg modified-release tablets (Key Pharmaceuticals Ltd) (product),general
diabetes_drugs,DMD,386047000,Metformin hydrochloride 500mg m/r tablet (product),general
diabetes_drugs,DMD,13411611000001100,Galvus 50mg tablets (Novartis Pharmaceuticals UK Ltd) (product),general
diabetes_drugs,DMD,19469611000001100,Pioglitazone 45mg tablets (Alliance Healthcare (Distribution) Ltd) (product),general
diabetes_drugs,DMD,197511000001103,Metformin 500mg tablets (Unichem Plc) (product),general
diabetes_drugs,DMD,20163611000001101,NovoRapid Penfill 100units/ml solution for injection 3ml cartridges (Doncaster Pharmaceuticals Ltd) (product),general
diabetes,SNOMED,775841000000109,Diabetic retinopathy detected by national screening programme (disorder),general
diabetes_drugs,DMD,18141911000001101,Metabet SR 500mg tablets (Morningside Healthcare Ltd) (product),general
diabetes_drugs,DMD,36048711000001108,Insulin soluble porcine 100units/ml solution for injection 10ml vials (product),general
diabetes_drugs,DMD,14664711000001106,NovoRapid Penfill 100units/ml solution for injection 3ml cartridges (Sigma Pharmaceuticals Plc) (product),general
diabetes_drugs,DMD,5330011000001109,Actos 30mg tablets (PI) (Waymade Ltd) (product),general
diabetes_drugs,DMD,37695011000001103,NovoMix 30 Penfill 100units/ml suspension for injection 3ml cartridges (Pilsco Ltd) (product),general
diabetes_drugs,DMD,21793711000001108,Metformin 500mg tablets (Waymade Healthcare Plc) (product),general
diabetes_drugs,DMD,37436211000001107,Eucreas 50mg/1000mg tablets (CST Pharma Ltd) (product),general
diabetes,SNOMED,739681000,Diabetic oculopathy due to type I diabetes mellitus,type1
diabetes,SNOMED,385051000000106,Pre-existing diabetes mellitus (disorder),general
diabetes_drugs,DMD,24054611000001100,Dapagliflozin 5mg / Metformin 1g tablets (product),general
diabetes_drugs,DMD,731211000001105,Glipizide 5mg tablets (A A H Pharmaceuticals Ltd) (product),general
diabetes_drugs,DMD,13186611000001105,Prandin 0.5mg tablets (Dowelhurst Ltd) (product),general
diabetes_drugs,DMD,18630911000001105,Lantus 100units/ml solution for injection 3ml pre-filled OptiSet pens (Mawdsley-Brooks & Company Ltd) (product),general
diabetes_drugs,DMD,21880311000001102,Repaglinide 1mg tablets (Waymade Healthcare Plc) (product),general
diabetes_drugs,DMD,38171211000001107,Tresiba FlexTouch 200units/ml solution for injection 3ml pre-filled pens (DE Pharmaceuticals) (product),general
diabetes_drugs,DMD,32493411000001108,Glimepiride 1mg tablets (Brown & Burk UK Ltd) (product),general
diabetes_drugs,DMD,37695811000001109,NovoRapid Penfill 100units/ml solution for injection 3ml cartridges (Pilsco Ltd) (product),general
diabetes,SNOMED,232020009,Diabetic maculopathy,general
diabetes_drugs,DMD,36082811000001107,Semglee 100units/ml solution for injection 3ml pre-filled pens (Mylan) (product),general
diabetes_drugs,DMD,36931811000001104,Insulin glargine 300units/ml solution for injection 3ml pre-filled disposable devices (product),general
diabetes_drugs,DMD,3271611000001106,Mixtard 30 InnoLet 100units/ml suspension for injection 3ml pre-filled pens (Novo Nordisk Ltd) (product),general
diabetes_drugs,DMD,16137211000001109,Amaryl 1mg tablets (Lexon (UK) Ltd) (product),general
diabetes_drugs,DMD,30876011000001101,Repaglinide 2mg tablets (Mawdsley-Brooks & Company Ltd) (product),general
diabetes_drugs,DMD,3469811000001100,Insulin isophane biphasic human 15/85 100units/ml suspension for injection 5ml vials (product),general
diabetes_drugs,DMD,325064004,Insulin soluble human 100units/mL injection solution 10mL vial (product),general
diabetes_drugs,DMD,10688811000001107,Glimepiride 1mg tablets (Pliva Pharma Ltd) (product),general
diabetes_drugs,DMD,14040411000001107,Actos 30mg tablets (Sigma Pharmaceuticals Plc) (product),general
diabetes,SNOMED,190330002,Diabetes mellitus - juvenile type - with hyperosmolar coma,type1
diabetes,SNOMED,314011005,Focal diabetic maculopathy,general
diabetes,SNOMED,769222008,Clinically significant macular oedema of left eye co-occurrent and due to diabetes mellitus,general
diabetes,SNOMED,445353002,Brittle type II diabetes mellitus (finding),type2
diabetes_drugs,DMD,3468711000001104,Insulin aspart 100units/ml solution for injection 3ml pre-filled disposable devices (product),general
diabetes_drugs,DMD,12110211000001101,Gliclazide 60mg/5ml oral suspension (Special Order) (product),general
diabetes_drugs,DMD,14773811000001100,Metformin 500mg tablets (LPC Medical (UK) Ltd) (product),general
diabetes_drugs,DMD,8617611000001106,Metformin 850mg/5ml oral solution (Special Order) (product),general
diabetes_drugs,DMD,36910511000001100,Glydex 160mg tablets (Medreich Plc) (product),general
diabetes,SNOMED,170766006,Loss of hypoglycemic warning,general
diabetes_drugs,DMD,326047005,Product containing precisely repaglinide 500 microgram/1 each conventional release oral tablet (clinical drug),general
diabetes_drugs,DMD,3273111000001102,Mixtard 30 Penfill 100units/ml suspension for injection 3ml cartridges (Novo Nordisk Pharmaceuticals Ltd) (product),general
diabetes_drugs,DMD,21022811000001104,Janumet 50mg/1000mg tablets (Waymade Healthcare Plc) (product),general
diabetes_drugs,DMD,23372211000001107,Glidipion 45mg tablets (Actavis UK Ltd) (product),general
diabetes_drugs,DMD,409121008,Product containing precisely metformin hydrochloride 500 milligram and rosiglitazone (as rosiglitazone maleate) 1 milligram/1 each conventional release oral tablet (clinical drug),general
diabetes_drugs,DMD,32183011000001102,Alogliptin 6.25mg tablets (Niche Pharma Ltd) (product),general
diabetes_drugs,DMD,36047911000001109,Insulin protamine zinc bovine 100units/ml suspension for injection 10ml vials (product),general
diabetes_drugs,DMD,28775211000001102,Canagliflozin 100mg tablets (Colorama Pharmaceuticals Ltd) (product),general
diabetes_drugs,DMD,24137211000001104,Pioglitazone 15mg tablets (Morningside Healthcare Ltd) (product),general
diabetes_drugs,DMD,8093711000001103,Glimepiride 2mg tablets (Unichem Plc) (product),general
diabetes_drugs,DMD,21635211000001102,Dapagliflozin 5mg tablets (product),general
diabetes_drugs,DMD,37971811000001102,Humalog 100units/ml solution for injection 3ml cartridges (Pharmaram Ltd) (product),general
diabetes,SNOMED,111552007,Diabetes mellitus without complication,general
diabetes_drugs,DMD,21953711000001106,Lyxumia 10micrograms/0.2ml solution for injection 3ml pre-filled pen and Lyxumia 20micrograms/0.2ml solution for injection 3ml pre-filled pen (Sanofi) (product),general
diabetes_drugs,DMD,5283711000001103,NovoMix 30 FlexPen 100units/ml suspension for injection 3ml pre-filled pens (Waymade Healthcare Plc) (product),general
diabetes,SNOMED,532411000000102,Diabetes mellitus - adult onset - with no mention of complication (disorder),general
diabetes_drugs,DMD,21939711000001105,Insulin degludec 200units/ml solution for injection 3ml pre-filled disposable devices (product),general
diabetes_drugs,DMD,3275011000001102,Mixtard 30 ge 100units/ml suspension for injection 10ml vials (Novo Nordisk Pharmaceuticals Ltd) (product),general
diabetes_drugs,DMD,14389911000001101,NovoRapid FlexPen 100units/ml solution for injection 3ml pre-filled pens (Sigma Pharmaceuticals Plc) (product),general
diabetes_drugs,DMD,233411000001102,Euglucon 2.5mg tablets (Aventis Pharma) (product),general
diabetes_drugs,DMD,17559111000001102,Humulin I 100units/ml suspension for injection 3ml cartridges (Sigma Pharmaceuticals Plc) (product),general
diabetes_drugs,DMD,37512811000001108,Invokana 300mg tablets (Mawdsley-Brooks & Company Ltd) (product),general
diabetes,SNOMED,408413000,O/E - right eye proliferative diabetic retinopathy (context-dependent category),general
diabetes,SNOMED,429729007,Diabetic education completed (situation),removed
diabetes_drugs,DMD,18586911000001108,Januvia 100mg tablets (Doncaster Pharmaceuticals Ltd) (product),general
diabetes_drugs,DMD,29918411000001109,Metformin 500mg/5ml oral solution sugar free (Sigma Pharmaceuticals Plc) (product),general
diabetes_drugs,DMD,37666211000001104,Humalog Mix25 100units/ml suspension for injection 3ml cartridges (Pilsco Ltd) (product),general
diabetes,SNOMED,238983004,Diabetic thick skin syndrome,general
diabetes,SNOMED,311782002,Advanced diabetic retinal disease,general
diabetes_drugs,DMD,21711411000001100,Saxagliptin 2.5mg / Metformin 1g tablets (product),general
diabetes_drugs,DMD,23636011000001109,Vipidia 12.5mg tablets (Takeda UK Ltd) (product),general
diabetes_drugs,DMD,325248003,Product containing precisely glipizide 2.5 milligram/1 each conventional release oral tablet (clinical drug),general
diabetes_drugs,DMD,16536211000001102,Dacadis MR 30mg tablets (Generics (UK) Ltd) (product),general
diabetes_drugs,DMD,17880511000001107,Gliclazide 40mg tablets (A A H Pharmaceuticals Ltd) (product),general
diabetes_drugs,DMD,30928411000001102,Liraglutide 6mg/ml solution for injection 3ml pre-filled disposable devices (DE Pharmaceuticals) (product),general
diabetes_drugs,DMD,4470711000001109,Tolbutamide 500mg tablets (Generics (UK) Ltd) (product),general
diabetes_drugs,DMD,35672911000001103,Pioglitazone 15mg / Metformin 850mg tablets (A A H Pharmaceuticals Ltd) (product),general
diabetes_drugs,DMD,10459011000001104,Actos 30mg tablets (PI) (Dowelhurst Ltd) (product),general
diabetes_drugs,DMD,33613711000001105,Repaglinide 500microgram tablets (Mylan Ltd) (product),general
diabetes_drugs,DMD,811811000001103,Glipizide 5mg tablets (Kent Pharmaceuticals Ltd) (product),general
diabetes,SNOMED,308106006,O/E - Left diabetic foot at risk,general
diabetes,SNOMED,314893005,Type 1 diabetes mellitus with arthropathy,type1
diabetes,SNOMED,420514000,Persistent proteinuria associated with type I diabetes mellitus (disorder),type1
diabetes,SNOMED,31211000119101,Peripheral vascular disease due to type I diabetes,type1
diabetes_drugs,DMD,34043411000001102,Fiasp 100units/ml solution for injection 10ml vials (Novo Nordisk Ltd) (product),general
diabetes_drugs,DMD,35548011000001105,Yaltormin SR 750mg tablets (Wockhardt UK Ltd) (product),general
diabetes_drugs,DMD,16517211000001106,Humalog Pen 100units/ml solution for injection 3ml pre-filled pens (Mawdsley-Brooks & Company Ltd) (product),general
diabetes_drugs,DMD,20917311000001102,Pioglitazone 45mg tablets (Zentiva) (product),general
diabetes_drugs,DMD,22105211000001106,Metformin 500mg/5ml oral solution sugar free (Zentiva) (product),general
diabetes_drugs,DMD,8724011000001106,Tolbutamide 500mg/5ml oral suspension (product),general
diabetes,SNOMED,361216007,Diabetic femoral mononeuropathy,general
diabetes,SNOMED,609563008,Pre-existing diabetes mellitus in pregnancy (disorder),general
diabetes,SNOMED,754461000000105,Referral to type I diabetes structured education programme (procedure),removed
diabetes_drugs,DMD,24568211000001104,Sukkarto SR 1000mg tablets (Morningside Healthcare Ltd) (product),general
diabetes_drugs,DMD,3277211000001104,NovoMix 30 FlexPen 100units/ml suspension for injection 3ml pre-filled pens (Novo Nordisk Ltd) (product),general
diabetes_drugs,DMD,15411311000001103,Metformin 500mg oral powder sachets sugar free (product),general
diabetes_drugs,DMD,10487311000001102,NovoNorm 2mg tablets (PI) (Dowelhurst Ltd) (product),general
diabetes_drugs,DMD,17918011000001108,Glipizide 5mg tablets (Phoenix Healthcare Distribution Ltd) (product),general
diabetes_drugs,DMD,20022911000001104,Glizofar 15mg tablets (Arrow Generics Ltd) (product),general
diabetes_drugs,DMD,3264411000001100,Mixtard 20 Penfill 100units/ml suspension for injection 3ml cartridges (Novo Nordisk Pharmaceuticals Ltd) (product),general
diabetes,SNOMED,11530004,Brittle diabetes,general
diabetes,SNOMED,197605007,Nephrotic syndrome in diabetes mellitus,general
diabetes_drugs,DMD,859811000001106,Metformin 850mg tablets (Kent Pharmaceuticals Ltd) (product),general
diabetes_drugs,DMD,7463711000001104,Metformin 850mg tablets (Ranbaxy (UK) Ltd) (product),general
diabetes_drugs,DMD,152311000001101,NovoNorm 500microgram tablets (Novo Nordisk Pharmaceuticals Ltd) (product),general
diabetes_drugs,DMD,27990411000001100,Forxiga 10mg tablets (Waymade Healthcare Plc) (product),general
diabetes_drugs,DMD,32625911000001109,Sitagliptin 50mg/5ml oral solution (Special Order) (product),general
diabetes_drugs,DMD,10925511000001108,Metformin 850mg / Pioglitazone 15mg tablets (product),general
diabetes_drugs,DMD,22082511000001109,Gliclazide 30mg modified-release tablets (Waymade Healthcare Plc) (product),general
diabetes,SNOMED,199231005,Pre-existing malnutrition-related diabetes mellitus,other
diabetes,SNOMED,280137006,Diabetic foot,general
diabetes,SNOMED,237613005,Hyperproinsulinemia (disorder),general
diabetes_drugs,DMD,9555911000001109,Metformin 500mg tablets (Wockhardt UK Ltd) (product),general
diabetes_drugs,DMD,17970111000001100,Metformin 500mg/5ml oral solution sugar free (Almus Pharmaceuticals Ltd) (product),general
diabetes_drugs,DMD,107311000001107,Glibenclamide 2.5mg tablets (Kent Pharmaceuticals Ltd) (product),general
diabetes_drugs,DMD,10458811000001103,Actos 15mg tablets (PI) (Dowelhurst Ltd) (product),general
diabetes_drugs,DMD,10543211000001104,NovoRapid FlexPen 100units/ml solution for injection 3ml pre-filled pens (Waymade Healthcare Plc) (product),general
diabetes_drugs,DMD,13833511000001100,Avandamet 4mg/1000mg tablets (Doncaster Pharmaceuticals Ltd) (product),general
diabetes_drugs,DMD,17622711000001102,Prandin 2mg tablets (Necessity Supplies Ltd) (product),general
diabetes_drugs,DMD,10542911000001101,NovoMix 30 Penfill 100units/ml suspension for injection 3ml cartridges (PI) (Waymade Ltd) (product),general
diabetes_drugs,DMD,326062007,Product containing precisely pioglitazone (as pioglitazone hydrochloride) 15 milligram/1 each conventional release oral tablet (clinical drug),general
diabetes_drugs,DMD,745911000001103,Diamicron 80mg tablets (Servier Laboratories Limited) (product),general
diabetes_drugs,DMD,36618311000001109,Suliqua 100units/ml / 50micrograms/ml solution for injection 3ml pre-filled SoloStar pens (Sanofi) (product),general
diabetes_drugs,DMD,30173411000001107,Synjardy 5mg/850mg tablets (Boehringer Ingelheim Ltd) (product),general
diabetes_drugs,DMD,32413911000001101,Gliclazide 80mg tablets (Genesis Pharmaceuticals Ltd) (product),general
diabetes_drugs,DMD,648011000001102,Glibenclamide 2.5mg tablets (A A H Pharmaceuticals Ltd) (product),general
diabetes_drugs,DMD,37696411000001103,Onglyza 5mg tablets (Pilsco Ltd) (product),general
diabetes_drugs,DMD,10487711000001103,Avandamet 2mg/500mg tablets (PI) (Waymade Ltd) (product),general
diabetes_drugs,DMD,12135711000001107,Glibenclamide 625micrograms/5ml oral solution (product),general
diabetes_drugs,DMD,24381111000001102,Metformin 500mg modified-release tablets (DE Pharmaceuticals) (product),general
diabetes,SNOMED,50620007,Diabetic autonomic neuropathy,general
diabetes,SNOMED,303059007,Postpancreatectomy hypoinsulinemia (disorder),general
diabetes_drugs,DMD,22225011000001109,Laaglyda MR 60 mg tablets (Consilient Health Ltd) (product),general
diabetes_drugs,DMD,9801011000001101,Tolbutamide 500mg tablets (Almus Pharmaceutical Ltd) (product),general
diabetes_drugs,DMD,12813711000001107,Metformin 5mg/5ml oral solution (product),general
diabetes_drugs,DMD,5268611000001103,Humalog Mix25 Pen 100units/ml suspension for injection 3ml pre-filled pens (Waymade Healthcare Plc) (product),general
diabetes_drugs,DMD,11122611000001109,Mixtard 50 Penfill 100units/ml suspension for injection 3ml cartridges (Waymade Ltd) (product),general
diabetes_drugs,DMD,16727911000001107,Levemir InnoLet 100units/ml solution for injection 3ml pre-filled pens (Waymade Healthcare Plc) (product),general
diabetes_drugs,DMD,19527011000001101,Actos 45mg tablets (Waymade Healthcare Plc) (product),general
diabetes,SNOMED,713705003,Polyneuropathy due to type 1 diabetes mellitus,type1
diabetes,SNOMED,770097006,Clinically significant macular edema co-occurrent and due to diabetes mellitus (disorder),general
diabetes_drugs,DMD,26209611000001109,NovoRapid PumpCart 100units/ml solution for injection 1.6ml cartridges (Novo Nordisk Ltd) (product),general
diabetes_drugs,DMD,19570211000001106,NovoRapid FlexTouch 100units/ml solution for injection 3ml pre-filled pens (Novo Nordisk Ltd) (product),general
diabetes_drugs,DMD,3311611000001106,Insuman Rapid 100units/ml solution for injection 3ml cartridges (Aventis Pharma) (product),general
diabetes_drugs,DMD,652411000001107,Minodiab 5mg tablets (Pfizer Ltd) (product),general
diabetes_drugs,DMD,21764211000001101,Pioglitazone 30mg tablets (Teva UK Ltd) (product),general
diabetes_drugs,DMD,17420011000001100,Prandin 0.5mg tablets (Mawdsley-Brooks & Company Ltd) (product),general
diabetes_drugs,DMD,23487811000001109,Pioglitazone 45mg tablets (Accord Healthcare Ltd) (product),general
diabetes_drugs,DMD,35776811000001100,Insulin lispro Sanofi 100units/ml solution for injection 3ml pre-filled pens (Sanofi) (product),general
diabetes_drugs,DMD,20115111000001106,Januvia 25mg Tablets (Merck Sharp & Dohme Ltd) (product),general
diabetes_drugs,DMD,3471011000001100,Insulin isophane biphasic human 30/70 100units/ml suspension for injection 3ml pre-filled disposable devices (product),general
diabetes_drugs,DMD,10155111000001101,Glimepiride 2mg tablets (Alpharma Ltd) (product),general
diabetes_drugs,DMD,37668511000001100,Jardiance 10mg tablets (Pilsco Ltd) (product),general
diabetes_drugs,DMD,19307311000001105,Enyglid 2mg tablets (Consilient Health Ltd) (product),general
diabetes_drugs,DMD,21793311000001109,Metformin 1g modified-release tablets (Waymade Healthcare Plc) (product),general
diabetes_drugs,DMD,3469411000001102,Insulin isophane biphasic human 10/90 100units/ml suspension for injection 3ml cartridges (product),general
diabetes_drugs,DMD,8615911000001105,Metformin 500mg/5ml oral solution (Special Order) (product),general
diabetes_drugs,DMD,38018211000001100,Lamzarin 30mg modified-release tablets (Key Pharmaceuticals Ltd) (product),general
diabetes_drugs,DMD,38158011000001106,Onglyza 5mg tablets (DE Pharmaceuticals) (product),general
diabetes,SNOMED,140391000119101,Ulcer of toe due to type 2 diabetes mellitus (disorder),type2
diabetes_drugs,DMD,24054711000001109,Dapagliflozin 5mg / Metformin 850mg tablets (product),general
diabetes_drugs,DMD,28277811000001100,Victoza 6mg/ml solution for injection 3ml pre-filled pens (Waymade Healthcare Plc) (product),general
diabetes_drugs,DMD,3274511000001109,Insuman Comb 50 100units/ml suspension for injection 5ml vials (Aventis Pharma) (product),general
diabetes_drugs,DMD,20778911000001102,Repaglinide 2mg tablets (Accord Healthcare Ltd) (product),general
diabetes,SNOMED,127014009,Diabetic peripheral angiopathy,general
diabetes,SNOMED,312904009,Moderate non proliferative diabetic retinopathy,general
diabetes_drugs,DMD,11599411000001100,Metformin 500mg/5ml oral solution sugar free (Rosemont Pharmaceuticals Ltd) (product),general
diabetes_drugs,DMD,28940811000001104,Glidipion 15mg tablets (Actavis UK Ltd) (product),general
diabetes_drugs,DMD,14760811000001101,Lantus 100units/ml solution for injection 3ml OptiClik cartridges (Sigma Pharmaceuticals Plc) (product),general
diabetes_drugs,DMD,16053711000001101,Glimepiride 2mg tablets (Bristol Laboratories Ltd) (product),general
diabetes_drugs,DMD,19489311000001108,Acarbose 50mg tablets (Alliance Healthcare (Distribution) Ltd) (product),general
diabetes_drugs,DMD,10534811000001104,NovoRapid 100units/ml solution for injection 10ml vials (PI) (Waymade Ltd) (product),general
diabetes_drugs,DMD,17496211000001101,Byetta 5micrograms/0.02ml solution for injection 1.2ml pre-filled pens (Mawdsley-Brooks & Company Ltd) (product),general
diabetes_drugs,DMD,17503511000001103,Eucreas 50mg/1000mg tablets (Mawdsley-Brooks & Company Ltd) (product),general
diabetes_drugs,DMD,30269611000001101,Byetta 5micrograms/0.02ml solution for injection 1.2ml pre-filled pens (Waymade Healthcare Plc) (product),general
diabetes_drugs,DMD,3312411000001103,Velosulin 100units/ml solution for injection 10ml vials (Novo Nordisk Pharmaceuticals Ltd) (product),general
diabetes_drugs,DMD,37709111000001109,Vipidia 12.5mg tablets (Pilsco Ltd) (product),general
diabetes_drugs,DMD,325143000,Insulin protamine zinc bovine 100units/mL injection 10mL vial (product),general
diabetes,SNOMED,421920002,Diabetic cataract associated with type I diabetes mellitus (disorder),type1
diabetes_drugs,DMD,10097211000001102,Insulin glulisine 100units/ml solution for injection 3ml pre-filled disposable devices (product),general
diabetes_drugs,DMD,3273911000001104,Insuman Comb 15 100units/ml suspension for injection 3ml cartridges (Aventis Pharma) (product),general
diabetes_drugs,DMD,3290411000001108,HumaJect S Pen 100units/ml solution for injection (Eli Lilly & Co Ltd) (product),general
diabetes_drugs,DMD,3470111000001105,Insulin isophane biphasic human 20/80 100units/ml suspension for injection 3ml pre-filled disposable devices (product),general
diabetes_drugs,DMD,12109611000001107,Gliclazide 20mg/5ml oral suspension (Special Order) (product),general
diabetes_drugs,DMD,17899911000001105,Humulin M3 100units/ml suspension for injection 3ml cartridges (Sigma Pharmaceuticals Plc) (product),general
diabetes_drugs,DMD,20319611000001106,Pioglitazone 15mg tablets (Sandoz Ltd) (product),general
diabetes_drugs,DMD,32432111000001103,Alogliptin 25mg tablets (Colorama Pharmaceuticals Ltd) (product),general
diabetes,SNOMED,236500003,Clinical diabetic nephropathy,general
diabetes,SNOMED,312910009,Diabetic vitreous hemorrhage,general
diabetes,SNOMED,713706002,Polyneuropathy due to type 2 diabetes mellitus,type2
diabetes,SNOMED,190416008,Steroid-induced diabetes mellitus without complication (disorder),other
diabetes_drugs,DMD,10250211000001101,Lantus OptiClik 100units/ml solution for injection 3ml cartridges (sanofi-aventis) (product),general
diabetes_drugs,DMD,17595011000001105,Avandia 8mg tablets (Necessity Supplies Ltd) (product),general
diabetes_drugs,DMD,19469211000001102,Pioglitazone 15mg tablets (Alliance Healthcare (Distribution) Ltd) (product),general
diabetes_drugs,DMD,33599111000001102,Pioglitazone 15mg tablets (Mylan Ltd) (product),general
diabetes_drugs,DMD,5532711000001108,Daonil 5mg tablets (PI) (Dowelhurst Ltd) (product),general
diabetes,SNOMED,193141005,Diabetic mononeuritis multiplex,general
diabetes_drugs,DMD,3468611000001108,Insulin aspart 100units/ml solution for injection 3ml cartridges (product),general
diabetes_drugs,DMD,21409811000001105,Metabet SR 500mg tablets (Actavis UK Ltd) (product),general
diabetes_drugs,DMD,29985811000001104,Pioglitazone 15mg tablets (Sigma Pharmaceuticals Plc) (product),general
diabetes_drugs,DMD,5520811000001103,Amaryl 3mg tablets (PI) (Dowelhurst Ltd) (product),general
diabetes_drugs,DMD,38067711000001107,Insulin soluble human 1unit/ml solution for infusion 30ml pre-filled syringes (product),general
diabetes_drugs,DMD,38143211000001107,Jentadueto 2.5mg/1000mg tablets (DE Pharmaceuticals) (product),general
diabetes_drugs,DMD,13833111000001109,Avandamet 2mg/500mg tablets (Doncaster Pharmaceuticals Ltd) (product),general
diabetes_drugs,DMD,15359011000001101,Competact 15mg/850mg tablets (Waymade Healthcare Plc) (product),general
diabetes_drugs,DMD,23678111000001107,Sitagliptin 100mg tablets (Waymade Healthcare Plc) (product),general
diabetes,SNOMED,399865004,Very severe proliferative diabetic retinopathy (disorder),general
diabetes_drugs,DMD,21939611000001101,Insulin degludec 100units/ml solution for injection 3ml pre-filled disposable devices (product),general
diabetes_drugs,DMD,8663911000001108,Metformin 250mg/5ml oral solution (product),general
diabetes_drugs,DMD,12135911000001109,Gliclazide 100mg/5ml oral suspension (product),general
diabetes_drugs,DMD,15019811000001104,Metformin 500mg modified-release tablets (Kent Pharmaceuticals Ltd) (product),general
diabetes_drugs,DMD,21027911000001106,Acarbose 50mg tablets (Arrow Generics Ltd) (product),general
diabetes_drugs,DMD,37337211000001101,Amglidia 0.6mg/ml oral suspension with 5ml oral syringe (Amring Pharmaceuticals Ltd) (product),general
diabetes_drugs,DMD,3469111000001107,Insulin glargine 100units/ml solution for injection 3ml cartridges (product),general
diabetes_drugs,DMD,371430001,Insulin soluble porcine 100u/mL injection solution 10mL vial (product),general
diabetes_drugs,DMD,412448008,Insulin glulisine 100units/mL injection 10mL vial (product),general
diabetes_drugs,DMD,535811000001108,Glibenclamide 5mg tablets (Approved Prescription Services) (product),general
diabetes_drugs,DMD,38141711000001101,Januvia 25mg tablets (DE Pharmaceuticals) (product),general
diabetes,SNOMED,769183005,Mild nonproliferative diabetic retinopathy of right eye,general
diabetes_drugs,DMD,11148111000001101,Levemir InnoLet 100units/ml solution for injection 3ml pre-filled pens (Novo Nordisk Ltd) (product),general
diabetes_drugs,DMD,3312111000001108,Actrapid 100units/ml solution for injection 10ml vials (Novo Nordisk Pharmaceuticals Ltd) (product),general
diabetes_drugs,DMD,23632611000001103,Vipdomet 12.5mg/1000mg tablets (Takeda UK Ltd) (product),general
diabetes_drugs,DMD,9437511000001101,Humulin M3 Pen 100units/ml suspension for injection 3ml pre-filled pens (Eli Lilly and Company Ltd) (product),general
diabetes_drugs,DMD,3263011000001107,Insuman Comb 25 100units/ml suspension for injection 5ml vials (Aventis Pharma) (product),general
diabetes_drugs,DMD,808711000001104,Minodiab 2.5mg tablets (Pfizer Ltd) (product),general
diabetes_drugs,DMD,11119311000001104,Hypurin Bovine Lente 100units/ml suspension for injection 10ml vials (Waymade Ltd) (product),general
diabetes_drugs,DMD,11124611000001101,Mixtard 20 Penfill 100units/ml suspension for injection 3ml cartridges (Waymade Ltd) (product),general
diabetes_drugs,DMD,13833811000001102,Avandia 4mg tablets (Doncaster Pharmaceuticals Ltd) (product),general
diabetes_drugs,DMD,17511111000001108,Levemir FlexPen 100units/ml solution for injection 3ml pre-filled pens (Mawdsley-Brooks & Company Ltd) (product),general
diabetes_drugs,DMD,30318211000001103,Empagliflozin 12.5mg / Metformin 850mg tablets (product),general
diabetes_drugs,DMD,13864511000001107,Diamicron 30mg MR tablets (Doncaster Pharmaceuticals Ltd) (product),general
diabetes_drugs,DMD,37708911000001104,Victoza 6mg/ml solution for injection 3ml pre-filled pens (Pilsco Ltd) (product),general
diabetes_drugs,DMD,11765811000001100,Prandin 0.5mg tablets (Waymade Healthcare Plc) (product),general
diabetes_drugs,DMD,5337611000001103,Avandia 8mg tablets (PI) (Waymade Ltd) (product),general
diabetes_drugs,DMD,21245111000001107,Linagliptin 2.5mg / Metformin 850mg tablets (product),general
diabetes_drugs,DMD,12135411000001101,Glibenclamide 15mg/5ml oral suspension (product),general
diabetes_drugs,DMD,17536111000001109,Competact 15mg/850mg tablets (Sigma Pharmaceuticals Plc) (product),general
diabetes_drugs,DMD,5396211000001105,NovoNorm 2mg tablets (PI) (Waymade Ltd) (product),general
diabetes_drugs,DMD,16053911000001104,Glimepiride 3mg tablets (Bristol Laboratories Ltd) (product),general
diabetes_drugs,DMD,20566811000001102,Repaglinide 2mg tablets (Creo Pharma Ltd) (product),general
diabetes_drugs,DMD,8991411000001102,Metformin 500mg modified-release tablets (product),general
diabetes,SNOMED,719216001,Hypoglycemic coma co-occurrent and due to diabetes mellitus type II (disorder),type2
diabetes_drugs,DMD,35548311000001108,Yaltormin SR 1000mg tablets (Wockhardt UK Ltd) (product),general
diabetes_drugs,DMD,21931911000001108,Tresiba FlexTouch 200units/ml solution for injection 3ml pre-filled pens (Novo Nordisk Ltd) (product),general
diabetes_drugs,DMD,3470311000001107,Insulin isophane biphasic human 25/75 100units/ml suspension for injection 3ml pre-filled disposable devices (product),general
diabetes_drugs,DMD,18061311000001104,Januvia 100mg tablets (Lexon (UK) Ltd) (product),general
diabetes_drugs,DMD,27990611000001102,Galvus 50mg tablets (Waymade Healthcare Plc) (product),general
diabetes_drugs,DMD,33549711000001106,Acarbose 100mg tablets (Mylan Ltd) (product),general
diabetes_drugs,DMD,11124211000001103,Mixtard 30 Penfill 100units/ml suspension for injection 3ml cartridges (Waymade Ltd) (product),general
diabetes_drugs,DMD,17601611000001107,NovoMix 30 Penfill 100units/ml suspension for injection 3ml cartridges (Necessity Supplies Ltd) (product),general
diabetes_drugs,DMD,21028111000001109,Acarbose 100mg tablets (Arrow Generics Ltd) (product),general
diabetes_drugs,DMD,38144011000001100,Komboglyze 2.5mg/1000mg tablets (DE Pharmaceuticals) (product),general
diabetes,SNOMED,443694000,Type II diabetes mellitus uncontrolled (finding),type2
diabetes_drugs,DMD,3258411000001104,Insuman Basal 100units/ml suspension for injection 5ml vials (Aventis Pharma) (product),general
diabetes_drugs,DMD,8523711000001107,Glibenclamide 5mg/5ml oral solution (product),general
diabetes_drugs,DMD,15100511000001103,Nazdol MR 30mg tablets (Generics (UK) Ltd) (product),general
diabetes_drugs,DMD,12147711000001102,Glimepiride 4mg tablets (Kent Pharmaceuticals Ltd) (product),general
diabetes_drugs,DMD,14249011000001103,Humalog Pen 100units/ml solution for injection 3ml pre-filled pens (Sigma Pharmaceuticals Plc) (product),general
diabetes_drugs,DMD,12200111000001106,Repaglinide 500microgram tablets (PI) (Waymade Healthcare Plc) (product),general
diabetes_drugs,DMD,31352311000001105,Alogliptin 6.25mg tablets (J M McGill Ltd) (product),general
diabetes,SNOMED,420789003,Diabetic retinopathy associated with type I diabetes mellitus (disorder),type1
diabetes_drugs,DMD,23636311000001107,Vipidia 25mg tablets (Takeda UK Ltd) (product),general
diabetes_drugs,DMD,19300511000001103,Repaglinide 1mg tablets (Actavis UK Ltd) (product),general
diabetes_drugs,DMD,20917111000001104,Pioglitazone 30mg tablets (Zentiva) (product),general
diabetes_drugs,DMD,3472811000001102,Insulin isophane human 100units/ml suspension for injection 5ml vials (product),general
diabetes_drugs,DMD,11119811000001108,Hypurin Bovine Isophane 100units/ml suspension for injection 1.5ml cartridges (Waymade Ltd) (product),general
diabetes_drugs,DMD,371418007,Insulin soluble bovine 100u/mL injection solution 10mL vial (product),general
diabetes_drugs,DMD,38157811000001104,Onglyza 2.5mg tablets (DE Pharmaceuticals) (product),general
diabetes_drugs,DMD,11018611000001108,Glimepiride 3mg tablets (Dr Reddys Labs) (product),general
diabetes_drugs,DMD,16187611000001104,Glucophage 850mg tablets (Lexon (UK) Ltd) (product),general
diabetes_drugs,DMD,22026711000001107,Gliclazide 80mg tablets (Waymade Healthcare Plc) (product),general
diabetes,SNOMED,421631007,Gangrene associated with type II diabetes mellitus (disorder),type2
diabetes,SNOMED,422014003,Disorder associated with type II diabetes melliltus (disorder),type2
diabetes,SNOMED,769184004,Mild nonproliferative retinopathy of left eye,general
diabetes,SNOMED,24481000000101,Type 2 diabetic on diet only (finding),type2
diabetes,SNOMED,237618001,Insulin-dependent diabetes mellitus secretory diarrhea syndrome (disorder),type1
diabetes_drugs,DMD,7461611000001109,Metformin 500mg tablets (Ranbaxy (UK) Ltd) (product),general
diabetes_drugs,DMD,16519611000001103,Humalog Mix50 Pen 100units/ml suspension for injection 3ml pre-filled pens (Mawdsley-Brooks & Company Ltd) (product),general
diabetes_drugs,DMD,37440811000001107,Jardiance 10mg tablets (CST Pharma Ltd) (product),general
diabetes_drugs,DMD,37527211000001101,Onglyza 2.5mg tablets (CST Pharma Ltd) (product),general
diabetes_drugs,DMD,22026011000001105,Glibenclamide 2.5mg tablets (Waymade Healthcare Plc) (product),general
diabetes_drugs,DMD,34346811000001105,Metformin 850mg tablets (Crescent Pharma Ltd) (product),general
diabetes_drugs,DMD,37974111000001107,Vipidia 6.25mg tablets (Pharmaram Ltd) (product),general
diabetes_drugs,DMD,38145111000001100,Lantus 100units/ml solution for injection 10ml vials (DE Pharmaceuticals) (product),general
diabetes,SNOMED,731000119105,Chronic kidney disease stage 3 associated with type 2 diabetes mellitus,type2
diabetes_drugs,DMD,11123611000001104,Human Mixtard 40 Penfill 100units/ml suspension for injection 1.5ml cartridges (Waymade Ltd) (product),general
diabetes_drugs,DMD,16519811000001104,Mixtard 30 Penfill 100units/ml suspension for injection 3ml cartridges (Mawdsley-Brooks & Company Ltd) (product),general
diabetes_drugs,DMD,17592711000001103,Avandamet 2mg/1000mg tablets (Necessity Supplies Ltd) (product),general
diabetes_drugs,DMD,36048811000001100,Insulin zinc crystalline human 100units/ml suspension for injection 10ml vials (product),general
diabetes,SNOMED,8801005,Secondary diabetes mellitus,general
diabetes_drugs,DMD,134609007,Product containing precisely nateglinide 120 milligram/1 each conventional release oral tablet (clinical drug),general
diabetes_drugs,DMD,259611000001101,Amaryl 4mg tablets (Aventis Pharma) (product),general
diabetes_drugs,DMD,17940411000001109,Metformin 850mg tablets (Phoenix Healthcare Distribution Ltd) (product),general
diabetes_drugs,DMD,19700511000001104,Acarbose 50mg tablets (Doncaster Pharmaceuticals Ltd) (product),general
diabetes_drugs,DMD,5331011000001100,Amaryl 4mg tablets (PI) (Waymade Ltd) (product),general
diabetes_drugs,DMD,21880611000001107,Repaglinide 2mg tablets (Waymade Healthcare Plc) (product),general
diabetes_drugs,DMD,30204011000001106,Glipizide 5mg tablets (Mawdsley-Brooks & Company Ltd) (product),general
diabetes_drugs,DMD,32423011000001106,Metformin 1g modified-release tablets (Kent Pharmaceuticals Ltd) (product),general
diabetes_drugs,DMD,37437511000001107,Forxiga 10mg tablets (CST Pharma Ltd) (product),general
diabetes_drugs,DMD,12144611000001100,Apidra 100units/ml solution for injection 3ml pre-filled SoloStar pens (Sanofi) (product),general
diabetes_drugs,DMD,3265011000001108,Insuman Basal 100units/ml suspension for injection 3ml cartridges (Aventis Pharma) (product),general
diabetes_drugs,DMD,464111000001100,Glipizide 5mg tablets (Generics (UK) Ltd) (product),general
diabetes_drugs,DMD,20163311000001106,NovoMix 30 Penfill 100units/ml suspension for injection 3ml cartridges (Doncaster Pharmaceuticals Ltd) (product),general
diabetes_drugs,DMD,37538511000001102,Xigduo 5mg/1000mg tablets (CST Pharma Ltd) (product),general
diabetes_drugs,DMD,13850511000001105,Humulin R 100units/ml solution for injection 10ml vials (Imported (United States)) (product),general
diabetes_drugs,DMD,16701411000001101,Metformin 850mg tablets (Pfizer Ltd) (product),general
diabetes_drugs,DMD,28425111000001103,Forxiga 5mg tablets (Waymade Healthcare Plc) (product),general
diabetes_drugs,DMD,32638311000001101,Sitagliptin 50mg/5ml oral solution (product),general
diabetes_drugs,DMD,5449611000001101,Glimepiride 3mg tablets (PI) (Dowelhurst Ltd) (product),general
diabetes_drugs,DMD,38142411000001102,Jardiance 25mg tablets (DE Pharmaceuticals) (product),general
diabetes_drugs,DMD,325219009,Product containing precisely glibenclamide 5 milligram/1 each conventional release oral tablet (clinical drug),general
diabetes_drugs,DMD,10274011000001101,Glimepiride 2mg tablets (A A H Pharmaceuticals Ltd) (product),general
diabetes_drugs,DMD,18462411000001106,Glimepiride 1mg tablets (Accord Healthcare Ltd) (product),general
diabetes_drugs,DMD,30933611000001109,Alogliptin 6.25mg tablets (Ennogen Healthcare Ltd) (product),general
diabetes_drugs,DMD,13772811000001105,Humulin I 100units/ml suspension for injection 3ml cartridges (Waymade Healthcare Plc) (product),general
diabetes_drugs,DMD,18745311000001105,Humalog KwikPen 100units/ml solution for injection 3ml pre-filled pens (Sigma Pharmaceuticals Plc) (product),general
diabetes_drugs,DMD,37550311000001107,Onglyza 2.5mg tablets (Mawdsley-Brooks & Company Ltd) (product),general
diabetes_drugs,DMD,37591211000001101,Bydureon 2mg powder and solvent for prolonged-release suspension for injection pre-filled pens (CST Pharma Ltd) (product),general
diabetes_drugs,DMD,37750911000001109,Tresiba Penfill 100units/ml solution for injection 3ml cartridges (CST Pharma Ltd) (product),general
diabetes,SNOMED,201250006,Ischaemic ulcer diabetic foot,general
diabetes_drugs,DMD,17559311000001100,Humulin I 100units/ml suspension for injection 10ml vials (Sigma Pharmaceuticals Plc) (product),general
diabetes_drugs,DMD,5371611000001105,Glucobay 50 tablets (PI) (Waymade Ltd) (product),general
diabetes_drugs,DMD,371483009,Insulin soluble human 100u/mL injection solution 5mL vial (product),general
diabetes_drugs,DMD,12136411000001105,Gliclazide 60mg/5ml oral suspension (product),general
diabetes_drugs,DMD,14400811000001105,Starlix 120mg tablets (Sigma Pharmaceuticals Plc) (product),general
diabetes_drugs,DMD,17593011000001109,Avandamet 2mg/500mg tablets (Necessity Supplies Ltd) (product),general
diabetes_drugs,DMD,24106911000001102,Glimepiride 4mg tablets (DE Pharmaceuticals) (product),general
diabetes_drugs,DMD,3259411000001107,Human Insulatard Penfill 100units/ml suspension for injection 1.5ml cartridges (Novo Nordisk Pharmaceuticals Ltd) (product),general
diabetes,SNOMED,769182000,Preproliferative diabetic retinopathy of left eye,general
diabetes_drugs,DMD,365111000001109,Glucophage 850mg tablets (Merck Pharmaceuticals) (product),general
diabetes_drugs,DMD,690811000001103,Metformin 500mg tablets (Kent Pharmaceuticals Ltd) (product),general
diabetes_drugs,DMD,13456711000001106,Nazdol MR 30mg tablets (Consilient Health Ltd) (product),general
diabetes_drugs,DMD,3883511000001107,Starlix 180mg tablets (Novartis Pharmaceuticals UK Ltd) (product),general
diabetes_drugs,DMD,822911000001107,Glibenclamide 5mg tablets (Kent Pharmaceuticals Ltd) (product),general
diabetes_drugs,DMD,14247811000001101,Humalog 100units/ml solution for injection 3ml cartridges (Sigma Pharmaceuticals Plc) (product),general
diabetes_drugs,DMD,14763111000001101,Lantus 100units/ml solution for injection 3ml pre-filled OptiSet pens (Sigma Pharmaceuticals Plc) (product),general
diabetes_drugs,DMD,24106311000001103,Glimepiride 1mg tablets (DE Pharmaceuticals) (product),general
diabetes_drugs,DMD,3264711000001106,Mixtard 10 Penfill 100units/ml suspension for injection 3ml cartridges (Novo Nordisk Pharmaceuticals Ltd) (product),general
diabetes_drugs,DMD,37550911000001108,Humalog Mix25 100units/ml suspension for injection 3ml cartridges (CST Pharma Ltd) (product),general
diabetes_drugs,DMD,353987005,Insulin soluble human 100units/mL injection solution 3mL prefilled pen (product),general
diabetes_drugs,DMD,37973311000001107,NovoRapid Penfill 100units/ml solution for injection 3ml cartridges (Pharmaram Ltd) (product),general
diabetes_drugs,DMD,38144911000001101,Lantus 100units/ml solution for injection 3ml cartridges (DE Pharmaceuticals) (product),general
diabetes_drugs,DMD,257011000001104,Metformin 500mg tablets (Generics (UK) Ltd) (product),general
diabetes_drugs,DMD,10518311000001105,Glimepiride 4mg tablets (Winthrop Pharmaceuticals UK Ltd) (product),general
diabetes_drugs,DMD,3281211000001104,Mixtard 40 Penfill 100units/ml suspension for injection 3ml cartridges (Novo Nordisk Pharmaceuticals Ltd) (product),general
diabetes_drugs,DMD,7016011000001104,Metformin 500mg tablets (IVAX Pharmaceuticals UK Ltd) (product),general
diabetes_drugs,DMD,38533711000001106,Metformin 750mg modified-release tablets (Morningside Healthcare Ltd) (product),general
diabetes_drugs,DMD,10470611000001102,Avandamet 2mg/500mg tablets (PI) (Dowelhurst Ltd) (product),general
diabetes_drugs,DMD,16522311000001108,NovoRapid FlexPen 100units/ml solution for injection 3ml pre-filled pens (Mawdsley-Brooks & Company Ltd) (product),general
diabetes,SNOMED,237621004,Diabetic severe hyperglycemia,general
diabetes_drugs,DMD,34043211000001101,Fiasp Penfill 100units/ml solution for injection 3ml cartridges (Novo Nordisk Ltd) (product),general
diabetes_drugs,DMD,21609511000001105,Forxiga 5mg tablets (Bristol-Myers Squibb Pharmaceuticals Ltd) (product),general
diabetes_drugs,DMD,3285011000001106,Hypurin Porcine Neutral 100units/ml solution for injection 10ml vials (C P Pharmaceuticals Ltd) (product),general
diabetes_drugs,DMD,21705611000001102,Komboglyze 2.5mg/1000mg tablets (Bristol-Myers Squibb Pharmaceuticals Ltd) (product),general
diabetes_drugs,DMD,3278611000001103,Insuman Comb 50 100units/ml suspension for injection 3ml pre-filled OptiSet pens (Sanofi) (product),general
diabetes_drugs,DMD,14200411000001107,Avandamet 2mg/500mg tablets (Sigma Pharmaceuticals Plc) (product),general
diabetes_drugs,DMD,22393411000001104,Metformin 500mg/5ml oral solution sugar free (Waymade Healthcare Plc) (product),general
diabetes_drugs,DMD,29869311000001101,Glibenclamide 2.5mg tablets (Sigma Pharmaceuticals Plc) (product),general
diabetes_drugs,DMD,18631911000001103,Onglyza 5mg tablets (Mawdsley-Brooks & Company Ltd) (product),general
diabetes,SNOMED,735200002,Absence of lower limb due to diabetes mellitus (disorder),general
diabetes,SNOMED,335621000000101,Maternally inherited diabetes mellitus (disorder),general
diabetes,SNOMED,83728000,Polyglandular autoimmune syndrome - type 2 (disorder),general
diabetes_drugs,DMD,13756411000001106,Metformin 500mg tablets (Tillomed Laboratories Ltd) (product),general
diabetes_drugs,DMD,10539511000001103,Glimepiride 2mg tablets (PI) (Waymade Ltd) (product),general
diabetes_drugs,DMD,15091411000001103,Glimepiride 3mg tablets (Sigma Pharmaceuticals Plc) (product),general
diabetes_drugs,DMD,37525711000001102,Januvia 50mg tablets (Mawdsley-Brooks & Company Ltd) (product),general
diabetes_drugs,DMD,11118411000001103,Hypurin Porcine Isophane 100units/ml suspension for injection 10ml vials (Waymade Ltd) (product),general
diabetes_drugs,DMD,18362011000001106,Metformin 500mg modified-release tablets (Mawdsley-Brooks & Company Ltd) (product),general
diabetes_drugs,DMD,28789711000001104,Dulaglutide 1.5mg/0.5ml solution for injection pre-filled disposable devices (product),general
diabetes_drugs,DMD,35547511000001101,Yaltormin SR 500mg tablets (Wockhardt UK Ltd) (product),general
diabetes_drugs,DMD,7597611000001106,Insulin detemir 100units/ml solution for injection 3ml cartridges (product),general
diabetes_drugs,DMD,29903611000001103,Insulin glargine 300units/ml solution for injection 1.5ml pre-filled disposable devices (product),general
diabetes_drugs,DMD,19614111000001105,Humalog 100units/ml solution for injection 10ml vials (Doncaster Pharmaceuticals Ltd) (product),general
diabetes_drugs,DMD,37537911000001108,Vipidia 12.5mg tablets (CST Pharma Ltd) (product),general
diabetes_drugs,DMD,3470011000001109,Insulin isophane biphasic human 20/80 100units/ml suspension for injection 3ml cartridges (product),general
diabetes_drugs,DMD,36904411000001107,Victoza 6mg/ml solution for injection 3ml pre-filled pens (Originalis B.V.) (product),general
diabetes,SNOMED,238984005,Diabetic rubeosis,general
diabetes,SNOMED,185760009,Diabetes monitoring telephone invite (procedure),removed
diabetes_drugs,DMD,33550811000001105,Metformin 1g/5ml oral solution sugar free (product),general
diabetes_drugs,DMD,19593311000001102,Pioglitazone 45mg tablets (Dr Reddys Laboratories (UK) Ltd) (product),general
diabetes_drugs,DMD,19469411000001103,Pioglitazone 30mg tablets (Alliance Healthcare (Distribution) Ltd) (product),general
diabetes_drugs,DMD,19614311000001107,Humulin I 100units/ml suspension for injection 10ml vials (Doncaster Pharmaceuticals Ltd) (product),general
diabetes_drugs,DMD,30268411000001107,Apidra 100units/ml solution for injection 3ml pre-filled SoloStar pens (Waymade Healthcare Plc) (product),general
diabetes_drugs,DMD,37853211000001108,Synjardy 12.5mg/1000mg tablets (CST Pharma Ltd) (product),general
diabetes_drugs,DMD,16053211000001108,Gliclazide 80mg tablets (Bristol Laboratories Ltd) (product),general
diabetes_drugs,DMD,24554511000001102,Metformin 1g modified-release tablets (Actavis UK Ltd) (product),general
diabetes,SNOMED,201723002,Diabetic hand syndrome,general
diabetes,SNOMED,421986006,Persistent proteinuria associated with type II diabetes mellitus (disorder),type2
diabetes_drugs,DMD,3284011000001107,Hypurin Porcine Isophane 100units/ml suspension for injection 10ml vials (C P Pharmaceuticals Ltd) (product),general
diabetes_drugs,DMD,20357411000001107,Pioglitazone 15mg tablets (Actavis UK Ltd) (product),general
diabetes_drugs,DMD,12135311000001108,Glibenclamide 15mg/5ml oral solution (product),general
diabetes_drugs,DMD,19476611000001101,Pioglitazone 45mg tablets (Consilient Health Ltd) (product),general
diabetes_drugs,DMD,21848111000001107,Pioglitazone 15mg tablets (Waymade Healthcare Plc) (product),general
diabetes_drugs,DMD,8496711000001104,Gliclazide 80mg/5ml oral suspension (Special Order) (product),general
diabetes,SNOMED,724136006,Diabetic mastopathy,general
diabetes_drugs,DMD,498911000001107,Gliclazide 80mg tablets (Alpharma Limited) (product),general
diabetes_drugs,DMD,19179511000001106,Repaglinide 1mg tablets (Teva UK Ltd) (product),general
diabetes_drugs,DMD,14055711000001109,Amaryl 4mg tablets (Sigma Pharmaceuticals Plc) (product),general
diabetes_drugs,DMD,30208411000001106,Eucreas 50mg/850mg tablets (Waymade Healthcare Plc) (product),general
diabetes_drugs,DMD,37974511000001103,Vipidia 12.5mg tablets (Pharmaram Ltd) (product),general
diabetes_drugs,DMD,17567211000001106,Januvia 100mg tablets (Sigma Pharmaceuticals Plc) (product),general
diabetes,SNOMED,420868002,Disorder associated with type I diabetes mellitus (disorder),type1
diabetes,SNOMED,81531005,Diabetes mellitus type 2 in obese (disorder),type2
diabetes_drugs,DMD,35849011000001104,Metuxtan SR 500mg tablets (Accord Healthcare Ltd) (product),general
diabetes_drugs,DMD,15611411000001108,Insulin human 500units/ml solution for injection 20ml vials (product),general
diabetes_drugs,DMD,11406411000001102,Gliclazide 80mg tablets (Pliva Pharma Ltd) (product),general
diabetes_drugs,DMD,37512111000001101,Apidra 100units/ml solution for injection 3ml pre-filled SoloStar pens (Mawdsley-Brooks & Company Ltd) (product),general
diabetes_drugs,DMD,13883911000001104,Glucophage 850mg tablets (Doncaster Pharmaceuticals Ltd) (product),general
diabetes_drugs,DMD,17821311000001104,Tolbutamide 500mg tablets (Phoenix Healthcare Distribution Ltd) (product),general
diabetes_drugs,DMD,24134911000001102,Pioglitazone 30mg tablets (Morningside Healthcare Ltd) (product),general
diabetes_drugs,DMD,36857411000001104,Pioglitazone 45mg tablets (Torrent Pharma (UK) Ltd) (product),general
diabetes_drugs,DMD,37440611000001108,Januvia 50mg tablets (CST Pharma Ltd) (product),general
diabetes,SNOMED,190410002,Malnutrition-related diabetes mellitus with peripheral circulatory complications,other
diabetes,SNOMED,769185003,Moderate non-proliferative diabetic retinopathy of right eye,general
diabetes_drugs,DMD,3277811000001103,NovoMix 30 Penfill 100units/ml suspension for injection 3ml cartridges (Novo Nordisk Pharmaceuticals Ltd) (product),general
diabetes_drugs,DMD,134610002,Product containing precisely nateglinide 60 milligram/1 each conventional release oral tablet (clinical drug),general
diabetes_drugs,DMD,34552811000001109,Meijumet 750mg modified-release tablets (Medreich Plc) (product),general
diabetes_drugs,DMD,3288511000001106,Actrapid NovoLet 100units/ml solution for injection (Novo Nordisk Pharmaceuticals Ltd) (product),general
diabetes_drugs,DMD,11019211000001101,Glimepiride 1mg tablets (Dr Reddys Labs) (product),general
diabetes_drugs,DMD,35563311000001109,Insulin lispro 100units/ml solution for injection 3ml cartridges (Sanofi Pasteur) (product),general
diabetes_drugs,DMD,27879911000001104,Metformin 500mg/5ml oral solution sugar free (Pinewood Healthcare) (product),general
diabetes_drugs,DMD,3275311000001104,Human Mixtard 30 Penfill 100units/ml suspension for injection 1.5ml cartridges (Novo Nordisk Pharmaceuticals Ltd) (product),general
diabetes,SNOMED,408414006,O/E - left eye proliferative diabetic retinopathy (context-dependent category),general
diabetes,SNOMED,71771000119100,Type 1 diabetes mellitus with neuropathic arthropathy,type1
diabetes,SNOMED,703138006,Type II diabetes mellitus in remission (disorder),type2
diabetes_drugs,DMD,11933011000001106,Lantus 100units/ml solution for injection 3ml pre-filled SoloStar pens (Sanofi) (product),general
diabetes_drugs,DMD,374897009,Product containing precisely pioglitazone (as pioglitazone hydrochloride) 45 milligram/1 each conventional release oral tablet (clinical drug),general
diabetes_drugs,DMD,8524111000001108,Gliclazide 160mg/5ml oral suspension (product),general
diabetes_drugs,DMD,29754211000001103,Acarbose 100mg tablets (Sigma Pharmaceuticals Plc) (product),general
diabetes_drugs,DMD,30829111000001109,Repaglinide 500microgram tablets (DE Pharmaceuticals) (product),general
diabetes_drugs,DMD,8495911000001109,Glibenclamide 7.5mg/5ml oral suspension (Special Order) (product),general
diabetes_drugs,DMD,140711000001103,Semi-Daonil 2.5mg tablets (Aventis Pharma) (product),general
diabetes_drugs,DMD,8497111000001102,Gliclazide 40mg/5ml oral suspension (Special Order) (product),general
diabetes_drugs,DMD,37509111000001108,Glucophage 850mg tablets (Mawdsley-Brooks & Company Ltd) (product),general
diabetes,SNOMED,735538002,Lactic acidosis co-occurrent and due to diabetes mellitus (disorder),general
diabetes_drugs,DMD,13884711000001104,Humalog Mix25 KwikPen 100units/ml suspension for injection 3ml pre-filled pens (Eli Lilly and Company Ltd) (product),general
diabetes_drugs,DMD,19274811000001108,Bydureon 2mg powder and solvent for suspension for injection vials (Eli Lilly and Company Ltd) (product),general
diabetes_drugs,DMD,18544011000001109,Actos 45mg tablets (Doncaster Pharmaceuticals Ltd) (product),general
diabetes_drugs,DMD,8664111000001107,Metformin 425mg/5ml oral solution (product),general
diabetes,SNOMED,279291000000109,Diabetes type 1 review (regime/therapy),type1
diabetes,SNOMED,237616002,Hypogonadism - diabetes mellitus - alopecia - mental retardation and electrocardiographic abnormalities (disorder),general
diabetes_drugs,DMD,19276911000001106,Repaglinide 1mg tablets (Aspire Pharma Ltd) (product),general
diabetes_drugs,DMD,14248811000001102,Humalog Mix50 Pen 100units/ml suspension for injection 3ml pre-filled pens (Sigma Pharmaceuticals Plc) (product),general
diabetes_drugs,DMD,32493611000001106,Glimepiride 2mg tablets (Brown & Burk UK Ltd) (product),general
diabetes_drugs,DMD,5330811000001103,Amaryl 3mg tablets (PI) (Waymade Ltd) (product),general
diabetes_drugs,DMD,37120611000001109,Metformin 850mg tablets (Mawdsley-Brooks & Company Ltd) (product),general
diabetes_drugs,DMD,443067000,Product containing precisely saxagliptin 2.5 milligram/1 each conventional release oral tablet (clinical drug),general
diabetes_drugs,DMD,38082811000001104,Exenatide 2mg/0.85ml prolonged-release suspension for injection pre-filled disposable devices (product),general
diabetes_drugs,DMD,17510311000001100,Insulatard InnoLet 100units/ml suspension for injection 3ml pre-filled pens (Mawdsley-Brooks & Company Ltd) (product),general
diabetes_drugs,DMD,21884111000001108,Tolbutamide 500mg tablets (Waymade Healthcare Plc) (product),general
diabetes_drugs,DMD,30933211000001107,Alogliptin 12.5mg tablets (Ennogen Healthcare Ltd) (product),general
diabetes_drugs,DMD,16256611000001105,Diamicron 30mg MR tablets (Mawdsley-Brooks & Company Ltd) (product),general
diabetes_drugs,DMD,37625811000001101,Competact 15mg/850mg tablets (Pilsco Ltd) (product),general
diabetes,SNOMED,193183000,Acute painful diabetic neuropathy,general
diabetes,SNOMED,390855002,O/E - diabetic maculopathy absent both eyes (context-dependent category),general
diabetes,SNOMED,414910007,O/E - right eye stable treated proliferative diabetic retinopathy (context-dependent category),general
diabetes_drugs,DMD,15858611000001101,Victoza 6mg/ml solution for injection 3ml pre-filled pens (Novo Nordisk Ltd) (product),general
diabetes_drugs,DMD,22308811000001109,Bolamyn SR 1000mg tablets (Teva UK Ltd) (product),general
diabetes_drugs,DMD,30983711000001109,Bilxona 60mg modified-release tablets (Actavis UK Ltd) (product),general
diabetes_drugs,DMD,10517911000001105,Glimepiride 2mg tablets (Winthrop Pharmaceuticals UK Ltd) (product),general
diabetes_drugs,DMD,35653211000001103,Pioglitazone 15mg / Metformin 850mg tablets (Teva UK Ltd) (product),general
diabetes_drugs,DMD,10378111000001100,Gliclazide 80mg tablets (Arrow Generics Ltd) (product),general
diabetes_drugs,DMD,22949511000001102,Pioglitazone 45mg tablets (Ranbaxy (UK) Ltd) (product),general
diabetes_drugs,DMD,5295811000001106,Humalog 100units/ml solution for injection 1.5ml cartridges (PI) (Dowelhurst Ltd) (product),general
diabetes_drugs,DMD,38140911000001106,Invokana 100mg tablets (DE Pharmaceuticals) (product),general
diabetes,SNOMED,193185007,Asymptomatic diabetic neuropathy,general
diabetes,SNOMED,367991000119101,Hyperglycemia due to type 1 diabetes mellitus,type1
diabetes,SNOMED,111307005,Leprechaunism syndrome (disorder),other
diabetes_drugs,DMD,13877811000001105,Humalog KwikPen 100units/ml solution for injection 3ml pre-filled pens (Eli Lilly and Company Ltd) (product),general
diabetes_drugs,DMD,28461011000001109,Trulicity 0.75mg/0.5ml solution for injection pre-filled pens (Eli Lilly and Company Ltd) (product),general
diabetes_drugs,DMD,36047111000001106,Insulin glargine 100units/ml solution for injection 10ml vials (product),general
diabetes_drugs,DMD,444311000001106,Glucobay 100 tablets (Bayer Plc) (product),general
diabetes_drugs,DMD,21994711000001102,Lixisenatide 10micrograms/0.2ml solution for injection 3ml pre-filled disposable devices and Lixisenatide 20micrograms/0.2ml solution for injection 3ml pre-filled disposable devices (product),general
diabetes_drugs,DMD,24018111000001106,Xigduo 5mg/850mg tablets (Bristol-Myers Squibb Pharmaceuticals Ltd) (product),general
diabetes_drugs,DMD,32493211000001109,Pioglitazone 45mg tablets (Brown & Burk UK Ltd) (product),general
diabetes_drugs,DMD,409125004,Product containing precisely metformin hydrochloride 1 gram and rosiglitazone (as rosiglitazone maleate) 4 milligram/1 each conventional release oral tablet (clinical drug),general
diabetes,SNOMED,232023006,Diabetic traction retinal detachment,general
diabetes,SNOMED,140521000119107,Ischemic foot ulcer due to type 2 diabetes mellitus (disorder),type2
diabetes_drugs,DMD,18150311000001109,Insuman Comb 25 100units/ml suspension for injection 3ml pre-filled SoloStar pens (Sanofi) (product),general
diabetes_drugs,DMD,3661311000001107,Diamicron 30mg MR tablets (Servier Laboratories Limited) (product),general
diabetes_drugs,DMD,36047211000001100,Insulin glulisine 100units/ml solution for injection 10ml vials (product),general
diabetes_drugs,DMD,120811000001108,Glibenclamide 5mg tablets (C P Pharmaceuticals Ltd) (product),general
diabetes_drugs,DMD,326057006,Product containing precisely rosiglitazone (as rosiglitazone maleate) 4 milligram/1 each conventional release oral tablet (clinical drug),general
diabetes_drugs,DMD,38141511000001106,Janumet 50mg/1000mg tablets (DE Pharmaceuticals) (product),general
diabetes_drugs,DMD,10690511000001105,Exubera 1mg inhalation powder blisters (Pfizer Ltd) (product),general
diabetes_drugs,DMD,29906011000001102,Metformin 500mg tablets (Sigma Pharmaceuticals Plc) (product),general
diabetes_drugs,DMD,3469311000001109,Insulin isophane biphasic human 10/90 100units/ml suspension for injection 1.5ml cartridges (product),general
diabetes_drugs,DMD,32861211000001101,Tolazamide 500mg tablets (Imported (United States)) (product),general
diabetes,SNOMED,237633009,Hypoglycemic state in diabetes,general
diabetes,SNOMED,390834004,Non proliferative diabetic retinopathy (disorder),general
diabetes_drugs,DMD,9801911000001102,Gliclazide 80mg tablets (Almus Pharmaceutical Ltd) (product),general
diabetes_drugs,DMD,15984111000001102,Metformin 500mg/5ml oral solution sugar free (Actavis UK Ltd) (product),general
diabetes_drugs,DMD,8614411000001103,Metformin 250mg/5ml oral solution (Special Order) (product),general
diabetes_drugs,DMD,38139711000001103,Humulin M3 100units/ml suspension for injection 3ml cartridges (DE Pharmaceuticals) (product),general
diabetes_drugs,DMD,16256011000001103,Actos 15mg tablets (Mawdsley-Brooks & Company Ltd) (product),general
diabetes_drugs,DMD,19957811000001101,Glizofar 15mg tablets (Teva UK Ltd) (product),general
diabetes_drugs,DMD,24104511000001103,Canagliflozin 300mg tablets (product),general
diabetes_drugs,DMD,3287911000001100,Lantus 100units/ml solution for injection 10ml vials (Aventis Pharma) (product),general
diabetes_drugs,DMD,11149411000001103,Glimepiride 2mg tablets (Teva UK Ltd) (product),general
diabetes_drugs,DMD,543011000001102,Glyformin 500mg tablets (Dr Reddys Labs) (product),general
diabetes_drugs,DMD,37747911000001108,Jentadueto 2.5mg/1000mg tablets (CST Pharma Ltd) (product),general
diabetes_drugs,DMD,21501311000001109,Glucophage SR 1000mg tablets (Waymade Healthcare Plc) (product),general
diabetes_drugs,DMD,3470511000001101,Insulin isophane biphasic human 30/70 100units/ml suspension for injection 1.5ml cartridges (product),general
diabetes_drugs,DMD,38145311000001103,Lantus 100units/ml solution for injection 3ml pre-filled SoloStar pens (DE Pharmaceuticals) (product),general
diabetes,SNOMED,26298008,Diabetic coma with ketoacidosis,general
diabetes_drugs,DMD,703682001,Product containing precisely canagliflozin 100 milligram/1 each conventional release oral tablet (clinical drug),general
diabetes_drugs,DMD,11473711000001108,Januvia 100mg tablets (Merck Sharp & Dohme Ltd) (product),general
diabetes_drugs,DMD,28420911000001109,Vamju 60mg modified-release tablets (AMCo) (product),general
diabetes_drugs,DMD,18596311000001108,Onglyza 2.5mg tablets (Bristol-Myers Squibb Pharmaceuticals Ltd) (product),general
diabetes_drugs,DMD,16520211000001101,Humulin I 100units/ml suspension for injection 10ml vials (Mawdsley-Brooks & Company Ltd) (product),general
diabetes_drugs,DMD,28785111000001102,Metformin 1g oral powder sachets sugar free (J M McGill Ltd) (product),general
diabetes_drugs,DMD,11119511000001105,Hypurin Bovine Isophane 100units/ml suspension for injection 10ml vials (Waymade Ltd) (product),general
diabetes_drugs,DMD,37668011000001108,Januvia 25mg tablets (Pilsco Ltd) (product),general
diabetes_drugs,DMD,38138411000001101,Glucophage SR 1000mg tablets (DE Pharmaceuticals) (product),general
diabetes,SNOMED,312908007,Proliferative diabetic retinopathy - quiescent,general
diabetes,SNOMED,10660471000119109,Ulcer of left foot co-occurrent and due to diabetes mellitus type 2 (disorder),type2
diabetes_drugs,DMD,17510111000001102,Humalog 100units/ml solution for injection 10ml vials (Mawdsley-Brooks & Company Ltd) (product),general
diabetes_drugs,DMD,16053511000001106,Glimepiride 1mg tablets (Bristol Laboratories Ltd) (product),general
diabetes_drugs,DMD,3469211000001101,Insulin glargine 100units/ml solution for injection 3ml pre-filled disposable devices (product),general
diabetes,SNOMED,530558861000132104,Atypical diabetes mellitus (disorder),general
diabetes_drugs,DMD,424345005,Product containing precisely sitagliptin (as sitagliptin phosphate) 100 milligram/1 each conventional release oral tablet (clinical drug),general
diabetes_drugs,DMD,30175711000001100,Synjardy 12.5mg/1000mg tablets (Boehringer Ingelheim Ltd) (product),general
diabetes_drugs,DMD,19613111000001108,Humalog KwikPen 100units/ml solution for injection 3ml pre-filled pens (DE Pharmaceuticals) (product),general
diabetes_drugs,DMD,30137811000001100,Glimepiride 2mg tablets (Mawdsley-Brooks & Company Ltd) (product),general
diabetes_drugs,DMD,30138311000001105,Glimepiride 3mg tablets (Mawdsley-Brooks & Company Ltd) (product),general
diabetes_drugs,DMD,36048011000001106,Insulin soluble bovine 100units/ml solution for injection 1.5ml cartridges (product),general
diabetes_drugs,DMD,37751111000001100,Tresiba FlexTouch 200units/ml solution for injection 3ml pre-filled pens (CST Pharma Ltd) (product),general
diabetes_drugs,DMD,11117211000001101,Hypurin Porcine Neutral 100units/ml solution for injection 1.5ml cartridges (Waymade Ltd) (product),general
diabetes_drugs,DMD,3469711000001108,Insulin isophane biphasic human 15/85 100units/ml suspension for injection 3ml pre-filled disposable devices (product),general
diabetes_drugs,DMD,21635011000001107,Dapagliflozin 10mg tablets (product),general
diabetes,SNOMED,230572002,Diabetic neuropathy,general
diabetes,SNOMED,267467004,Diabetes mellitus (& [ketoacidosis]) (disorder),general
diabetes_drugs,DMD,34823611000001100,Gliclazide 40mg tablets (Teva UK Ltd) (product),general
diabetes_drugs,DMD,8523811000001104,Glibenclamide 5mg/5ml oral suspension (product),general
diabetes_drugs,DMD,36048311000001109,Insulin soluble human 100units/ml solution for injection 10ml vials (product),general
diabetes_drugs,DMD,12107511000001101,Glibenclamide 625micrograms/5ml oral solution (Special Order) (product),general
diabetes_drugs,DMD,19612811000001109,Galvus 50mg tablets (Doncaster Pharmaceuticals Ltd) (product),general
diabetes_drugs,DMD,3278311000001108,Mixtard 50 NovoLet 100units/ml suspension for injection (Novo Nordisk Pharmaceuticals Ltd) (product),general
diabetes_drugs,DMD,3282711000001104,Humalog 100units/ml solution for injection 1.5ml cartridges (Eli Lilly & Co Ltd) (product),general
diabetes_drugs,DMD,8495311000001108,Glibenclamide 7.5mg/5ml oral solution (Special Order) (product),general
diabetes_drugs,DMD,35316811000001107,Gliclazide 40mg tablets (NorthStar Healthcare Unlimited Company) (product),general
diabetes_drugs,DMD,38175011000001100,Vipidia 12.5mg tablets (DE Pharmaceuticals) (product),general
diabetes_drugs,DMD,10344911000001108,Humalog Mix50 100units/ml suspension for injection 3ml cartridges (Eli Lilly & Co Ltd) (product),general
diabetes_drugs,DMD,656211000001109,Glibenclamide 2.5mg tablets (Unichem Plc) (product),general
diabetes_drugs,DMD,8524011000001107,Glibenclamide 7.5mg/5ml oral suspension (product),general
diabetes_drugs,DMD,14056511000001106,Amaryl 2mg tablets (Sigma Pharmaceuticals Plc) (product),general
diabetes_drugs,DMD,17900111000001109,Onglyza 5mg tablets (Sigma Pharmaceuticals Plc) (product),general
diabetes_drugs,DMD,30077211000001109,Pioglitazone 15mg tablets (DE Pharmaceuticals) (product),general
diabetes_drugs,DMD,3284111000001108,Monotard 100units/ml suspension for injection 10ml vials (Novo Nordisk Pharmaceuticals Ltd) (product),general
diabetes_drugs,DMD,37528111000001108,Jentadueto 2.5mg/850mg tablets (Mawdsley-Brooks & Company Ltd) (product),general
diabetes,SNOMED,421893009,Renal disorder associated with type I diabetes mellitus (disorder),type1
diabetes,SNOMED,424736006,Diabetic peripheral neuropathy (disorder),general
diabetes,SNOMED,894741000000107,Hypoglycaemic warning absent (disorder),general
diabetes_drugs,DMD,19299911000001107,Repaglinide 500microgram tablets (Actavis UK Ltd) (product),general
diabetes_drugs,DMD,3272011000001107,Mixtard 40 NovoLet 100units/ml suspension for injection (Novo Nordisk Pharmaceuticals Ltd) (product),general
diabetes_drugs,DMD,37417011000001108,Humulin I 100units/ml suspension for injection 3ml cartridges (CST Pharma Ltd) (product),general
diabetes_drugs,DMD,17593811000001103,Avandamet 4mg/1000mg tablets (Necessity Supplies Ltd) (product),general
diabetes,SNOMED,312903003,Mild non proliferative diabetic retinopathy,general
diabetes,SNOMED,421895002,Peripheral circulatory disorder associated with diabetes mellitus (disorder),general
diabetes,SNOMED,703136005,Diabetes mellitus in remission (disorder),general
diabetes_drugs,DMD,21764511000001103,Pioglitazone 45mg tablets (Teva UK Ltd) (product),general
diabetes_drugs,DMD,33548011000001104,Metformin 1g/5ml oral solution sugar free (Colonis Pharma Ltd) (product),general
diabetes_drugs,DMD,22028411000001100,Glipizide 5mg tablets (Waymade Healthcare Plc) (product),general
diabetes_drugs,DMD,30134511000001106,Glibenclamide 2.5mg tablets (Mawdsley-Brooks & Company Ltd) (product),general
diabetes_drugs,DMD,393311000001107,Tolbutamide 500mg tablets (Unichem Plc) (product),general
diabetes_drugs,DMD,37449011000001109,Metformin 500mg/5ml oral solution sugar free (DE Pharmaceuticals) (product),general
diabetes_drugs,DMD,30982411000001107,Bilxona 30mg modified-release tablets (Accord Healthcare Ltd) (product),general
diabetes_drugs,DMD,202611000001102,Metformin 500mg tablets (A A H Pharmaceuticals Ltd) (product),general
diabetes_drugs,DMD,24018511000001102,Xigduo 5mg/1000mg tablets (Bristol-Myers Squibb Pharmaceuticals Ltd) (product),general
diabetes_drugs,DMD,20552511000001105,Diagemet XL 500mg tablets (Genus Pharmaceuticals Ltd) (product),general
diabetes_drugs,DMD,409197000,Product containing precisely metformin hydrochloride 100 milligram/1 milliliter conventional release oral solution (clinical drug),general
diabetes_drugs,DMD,3271011000001104,Humulin M5 100units/ml suspension for injection 10ml vials (Eli Lilly & Co Ltd) (product),general
diabetes_drugs,DMD,36804511000001101,Jardiance 10mg tablets (Originalis B.V.) (product),general
diabetes_drugs,DMD,16036811000001104,Pioglitazone 15mg/5ml oral suspension (product),general
diabetes_drugs,DMD,20566211000001103,Repaglinide 500microgram tablets (Creo Pharma Ltd) (product),general
diabetes_drugs,DMD,29855111000001105,Metformin 1g oral powder sachets sugar free (Niche Pharma Ltd) (product),general
diabetes_drugs,DMD,30857211000001105,Pioglitazone 30mg tablets (Mawdsley-Brooks & Company Ltd) (product),general
diabetes_drugs,DMD,34188211000001105,Metformin 1g/5ml oral solution sugar free (A A H Pharmaceuticals Ltd) (product),general
diabetes,SNOMED,230575000,Diabetic chronic painful polyneuropathy,general
diabetes,SNOMED,290002008,Unstable type I diabetes mellitus,type1
diabetes,SNOMED,421075007,Ketoacidotic coma in type I diabetes mellitus (disorder),type1
diabetes_drugs,DMD,15859111000001102,Liraglutide 18mg/3ml solution for injection pre-filled disposable devices (product),general
diabetes_drugs,DMD,10155311000001104,Glimepiride 3mg tablets (Alpharma Ltd) (product),general
diabetes_drugs,DMD,15973711000001109,Metformin 850mg tablets (Zanza Laboratories Ltd) (product),general
diabetes_drugs,DMD,37508611000001109,Glucophage SR 750mg tablets (Mawdsley-Brooks & Company Ltd) (product),general
diabetes_drugs,DMD,13626911000001106,Niddaryl 3mg tablets (Dee Pharmaceuticals Ltd) (product),general
diabetes_drugs,DMD,18224311000001100,Competact 15mg/850mg tablets (Necessity Supplies Ltd) (product),general
diabetes_drugs,DMD,23943611000001108,Gliclazide 80mg tablets (Doncaster Pharmaceuticals Ltd) (product),general
diabetes,SNOMED,609561005,Maturity-onset diabetes of the young (disorder),MODY
diabetes_drugs,DMD,3261411000001102,Insulatard InnoLet 100units/ml suspension for injection 3ml pre-filled pens (Novo Nordisk Ltd) (product),general
diabetes_drugs,DMD,30318411000001104,Empagliflozin 5mg / Metformin 850mg tablets (product),general
diabetes_drugs,DMD,3650611000001102,Starlix 60mg tablets (Novartis Pharmaceuticals UK Ltd) (product),general
diabetes_drugs,DMD,14248011000001108,Humalog Mix25 100units/ml suspension for injection 3ml cartridges (Sigma Pharmaceuticals Plc) (product),general
diabetes_drugs,DMD,18266611000001109,Humalog 100units/ml solution for injection 3ml cartridges (Necessity Supplies Ltd) (product),general
diabetes_drugs,DMD,20166811000001106,Glimepiride 2mg tablets (Accord Healthcare Ltd) (product),general
diabetes_drugs,DMD,32493011000001104,Pioglitazone 30mg tablets (Brown & Burk UK Ltd) (product),general
diabetes_drugs,DMD,16520511000001103,Humulin M3 100units/ml suspension for injection 10ml vials (Mawdsley-Brooks & Company Ltd) (product),general
diabetes_drugs,DMD,17510911000001104,Levemir Penfill 100units/ml solution for injection 3ml cartridges (Mawdsley-Brooks & Company Ltd) (product),general
diabetes_drugs,DMD,18462611000001109,Glimepiride 3mg tablets (Accord Healthcare Ltd) (product),general
diabetes_drugs,DMD,21848311000001109,Pioglitazone 30mg tablets (Waymade Healthcare Plc) (product),general
diabetes_drugs,DMD,8664011000001106,Metformin 250mg/5ml oral suspension (product),general
diabetes_drugs,DMD,38174611000001106,Vipdomet 12.5mg/1000mg tablets (DE Pharmaceuticals) (product),general
diabetes,SNOMED,312909004,Proliferative diabetic retinopathy - iris neovascularisation,general
diabetes_drugs,DMD,7589911000001108,Levemir Penfill 100units/ml solution for injection 3ml cartridges (Novo Nordisk Pharmaceuticals Ltd) (product),general
diabetes_drugs,DMD,25239711000001108,Jardiance 25mg tablets (Boehringer Ingelheim Ltd) (product),general
diabetes_drugs,DMD,3263611000001100,Humulin M2 100units/ml suspension for injection 3ml cartridges (Eli Lilly & Co Ltd) (product),general
diabetes_drugs,DMD,10548611000001109,Lantus 100units/ml solution for injection 3ml pre-filled OptiSet pens (Waymade Healthcare Plc) (product),general
diabetes_drugs,DMD,19360811000001104,Repaglinide 1mg tablets (Alliance Healthcare (Distribution) Ltd) (product),general
diabetes_drugs,DMD,38170711000001108,Trajenta 5mg tablets (DE Pharmaceuticals) (product),general
diabetes_drugs,DMD,3950411000001101,Chlorpropamide 250mg tablets (The Boots Company) (product),general
diabetes_drugs,DMD,37439411000001104,Humalog Mix25 KwikPen 100units/ml suspension for injection 3ml pre-filled pens (CST Pharma Ltd) (product),general
diabetes,SNOMED,313435000,Type I diabetes mellitus without complication,type1
diabetes,SNOMED,401191002,Diabetic foot examination (regime/therapy),general
diabetes_drugs,DMD,3264211000001104,Humulin Isophane 100units/ml suspension for injection 3ml cartridges (Eli Lilly & Co Ltd) (product),general
diabetes_drugs,DMD,38060511000001101,Bydureon BCise 2mg/0.85ml prolonged-release suspension for injection pre-filled pens (AstraZeneca UK Ltd) (product),general
diabetes_drugs,DMD,11134711000001107,Insulatard 100units/ml suspension for injection 10ml vials (Waymade Ltd) (product),general
diabetes_drugs,DMD,20946611000001103,Gliclazide 30mg modified-release tablets (Actavis UK Ltd) (product),general
diabetes_drugs,DMD,10618111000001103,Glimepiride 4mg tablets (Somex Pharma) (product),general
diabetes_drugs,DMD,11123011000001106,Human Mixtard 50 Penfill 100units/ml suspension for injection 1.5ml cartridges (Waymade Ltd) (product),general
diabetes_drugs,DMD,18462811000001108,Glimepiride 4mg tablets (Accord Healthcare Ltd) (product),general
diabetes_drugs,DMD,287811000001101,Diabetamide 5mg tablets (Ashbourne Pharmaceuticals Ltd) (product),general
diabetes_drugs,DMD,325279004,Product containing precisely metformin hydrochloride 850 milligram/1 each conventional release oral tablet (clinical drug),general
diabetes_drugs,DMD,3312611000001100,Humulin S 100units/ml solution for injection 10ml vials (Eli Lilly & Co Ltd) (product),general
diabetes_drugs,DMD,10957811000001100,Prandin 2mg tablets (Novo Nordisk Ltd) (product),general
diabetes_drugs,DMD,35593311000001106,Metformin 500mg tablets (RX Farma) (product),general
diabetes_drugs,DMD,37428411000001105,Actos 45mg tablets (CST Pharma Ltd) (product),general
diabetes_drugs,DMD,7034411000001106,Metformin 850mg tablets (IVAX Pharmaceuticals UK Ltd) (product),general
diabetes_drugs,DMD,37437811000001105,Forxiga 5mg tablets (CST Pharma Ltd) (product),general
diabetes,SNOMED,87451000119102,Heel AND/OR midfoot ulcer due to type 2 diabetes mellitus,type2
diabetes,SNOMED,24471000000103,Type 2 diabetic on insulin (finding),type2
diabetes_drugs,DMD,18309611000001107,Acarbose 50mg tablets (A A H Pharmaceuticals Ltd) (product),general
diabetes_drugs,DMD,17972811000001108,Glibenclamide 2.5mg tablets (Almus Pharmaceuticals Ltd) (product),general
diabetes_drugs,DMD,37852711000001109,Synjardy 5mg/1000mg tablets (CST Pharma Ltd) (product),general
diabetes_drugs,DMD,13823711000001108,Actos 15mg tablets (Doncaster Pharmaceuticals Ltd) (product),general
diabetes_drugs,DMD,16152911000001101,Competact 15mg/850mg tablets (Lexon (UK) Ltd) (product),general
diabetes_drugs,DMD,18554111000001108,Humalog Mix50 KwikPen 100units/ml suspension for injection 3ml pre-filled pens (Waymade Healthcare Plc) (product),general
diabetes_drugs,DMD,12108111000001106,Glibenclamide 15mg/5ml oral solution (Special Order) (product),general
diabetes_drugs,DMD,30992711000001100,Insulin soluble human 1unit/ml solution for injection 50ml pre-filled syringes (product),general
diabetes_drugs,DMD,3471511000001108,Insulin isophane biphasic human 50/50 100units/ml suspension for injection 10ml vials (product),general
diabetes,SNOMED,399870006,Non-high-risk proliferative diabetic retinopathy with no macular edema (disorder),general
diabetes_drugs,DMD,9528811000001107,Apidra 100units/ml solution for injection 10ml vials (sanofi-aventis) (product),general
diabetes_drugs,DMD,21366911000001103,Glimepiride 6mg/5ml oral suspension (product),general
diabetes_drugs,DMD,5296011000001109,Humalog 100units/ml solution for injection 10ml vials (PI) (Dowelhurst Ltd) (product),general
diabetes_drugs,DMD,8176311000001105,Avandamet 2mg/1000mg tablets (GlaxoSmithKline) (product),general
diabetes_drugs,DMD,11982811000001104,Chlorpropamide 250mg/5ml oral suspension (Special Order) (product),general
diabetes,SNOMED,127012008,Lipoatrophic diabetes,general
diabetes_drugs,DMD,889611000001103,Metformin 500mg tablets (Approved Prescription Services) (product),general
diabetes_drugs,DMD,4034911000001109,Hypurin Porcine Neutral 100units/ml suspension for injection 3ml cartridges (C P Pharmaceuticals Ltd) (product),general
diabetes_drugs,DMD,14712111000001106,Mixtard 30 Penfill 100units/ml suspension for injection 3ml cartridges (Sigma Pharmaceuticals Plc) (product),general
diabetes_drugs,DMD,18048711000001100,Humalog Mix25 KwikPen 100units/ml suspension for injection 3ml pre-filled pens (Sigma Pharmaceuticals Plc) (product),general
diabetes_drugs,DMD,22949011000001105,Pioglitazone 15mg tablets (Ranbaxy (UK) Ltd) (product),general
diabetes_drugs,DMD,37387311000001101,Gliclazide 40mg tablets (DE Pharmaceuticals) (product),general
diabetes_drugs,DMD,30993011000001106,Insulin soluble human 1unit/ml solution for injection 50ml pre-filled syringes (Special Order) (product),general
diabetes,SNOMED,200687002,Cellulitis in diabetic foot,general
diabetes,SNOMED,267471001,Diabetes + eye manifestation (& [cataract] or [retinopathy]) (disorder),general
diabetes_drugs,DMD,17609511000001109,Humulin M3 KwikPen 100units/ml suspension for injection 3ml pre-filled pens (Eli Lilly and Company Ltd) (product),general
diabetes_drugs,DMD,10548211000001107,Lantus 100units/ml solution for injection 10ml vials (PI) (Waymade Ltd) (product),general
diabetes_drugs,DMD,16130611000001107,Glimepiride 2mg/5ml oral solution (product),general
diabetes_drugs,DMD,3267811000001107,Human Mixtard 20 Penfill 100units/ml suspension for injection 1.5ml cartridges (Novo Nordisk Pharmaceuticals Ltd) (product),general
diabetes_drugs,DMD,8495611000001103,Glibenclamide 5mg/5ml oral suspension (Special Order) (product),general
diabetes_drugs,DMD,37527411000001102,Onglyza 5mg tablets (CST Pharma Ltd) (product),general
diabetes_drugs,DMD,14592411000001101,Humulin I 100units/ml suspension for injection 10ml vials (Waymade Healthcare Plc) (product),general
diabetes_drugs,DMD,31014611000001101,Eperzan 50mg powder and solvent for solution for injection pre-filled pens (GlaxoSmithKline UK Ltd) (product),general
diabetes,SNOMED,309426007,Diabetic glomerulopathy,general
diabetes,SNOMED,769219006,Macular edema due to type 1 diabetes mellitus,type1
diabetes_drugs,DMD,892811000001108,Gliclazide 80mg tablets (Approved Prescription Services) (product),general
diabetes_drugs,DMD,30174111000001100,Synjardy 5mg/1000mg tablets (Boehringer Ingelheim Ltd) (product),general
diabetes_drugs,DMD,34956911000001107,Gliclazide 40mg tablets (Almus Pharmaceuticals Ltd) (product),general
diabetes_drugs,DMD,16137411000001108,Amaryl 2mg tablets (Lexon (UK) Ltd) (product),general
diabetes_drugs,DMD,234011000001108,Daonil 5mg tablets (Aventis Pharma) (product),general
diabetes_drugs,DMD,29699911000001109,Canagliflozin 100mg tablets (J M McGill Ltd) (product),general
diabetes_drugs,DMD,3283411000001101,Hypurin Porcine Neutral 100units/ml suspension for injection 1.5ml cartridges (C P Pharmaceuticals Ltd) (product),general
diabetes_drugs,DMD,37508911000001103,Glucophage 500mg tablets (Mawdsley-Brooks & Company Ltd) (product),general
diabetes_drugs,DMD,38135711000001100,Forxiga 10mg tablets (DE Pharmaceuticals) (product),general
diabetes_drugs,DMD,29743011000001108,Diabiom 30mg tablets (Tillomed Laboratories Ltd) (product),general
diabetes_drugs,DMD,30112311000001101,Pioglitazone 45mg tablets (DE Pharmaceuticals) (product),general
diabetes_drugs,DMD,5372211000001101,Glucobay 100 tablets (PI) (Waymade Ltd) (product),general
diabetes_drugs,DMD,5520411000001100,Amaryl 2mg tablets (PI) (Dowelhurst Ltd) (product),general
diabetes_drugs,DMD,38139511000001108,Humulin I 100units/ml suspension for injection 3ml cartridges (DE Pharmaceuticals) (product),general
diabetes,SNOMED,185758007,Diabetes monitoring third letter (procedure),removed
diabetes_drugs,DMD,19306711000001106,Enyglid 0.5mg tablets (Consilient Health Ltd) (product),general
diabetes_drugs,DMD,30134711000001101,Glibenclamide 5mg tablets (Mawdsley-Brooks & Company Ltd) (product),general
diabetes_drugs,DMD,23943211000001106,Glibenclamide 2.5mg tablets (Doncaster Pharmaceuticals Ltd) (product),general
diabetes_drugs,DMD,3474911000001103,Insulin zinc mixed bovine 100units/ml suspension for injection 10ml vials (product),general
diabetes_drugs,DMD,894411000001104,Glibenclamide 2.5mg tablets (C P Pharmaceuticals Ltd) (product),general
diabetes_drugs,DMD,37428211000001106,Actos 30mg tablets (CST Pharma Ltd) (product),general
diabetes_drugs,DMD,38123811000001106,Byetta 5micrograms/0.02ml solution for injection 1.2ml pre-filled pens (DE Pharmaceuticals) (product),general
diabetes,SNOMED,268519009,Diabetic - poor control,general
diabetes,SNOMED,308105005,O/E - Right diabetic foot at risk,general
diabetes,SNOMED,314015001,Mixed diabetic maculopathy,general
diabetes,SNOMED,420422005,Ketoacidosis in diabetes mellitus (disorder),general
diabetes_drugs,DMD,134587001,Gliclazide 30mg m/r tablet (product),general
diabetes_drugs,DMD,3260811000001108,Humulin I Pen 100units/ml suspension for injection 3ml pre-filled pens (Eli Lilly and Company Ltd) (product),general
diabetes_drugs,DMD,4028311000001101,Hypurin Bovine Isophane 100units/ml suspension for injection 3ml cartridges (C P Pharmaceuticals Ltd) (product),general
diabetes_drugs,DMD,5302911000001102,Avandamet 1mg/500mg tablets (GlaxoSmithKline) (product),general
diabetes_drugs,DMD,868111000001101,Vivazide 80mg tablets (Lexon UK Ltd) (product),general
diabetes_drugs,DMD,36739111000001104,Gliclazide 40mg tablets (Flamingo Pharma (UK) Ltd) (product),general
diabetes_drugs,DMD,353988000,Insulin isophane human 100units/mL injection suspension 3mL prefilled pen (product),general
diabetes_drugs,DMD,16271111000001109,Avandamet 2mg/500mg tablets (Mawdsley-Brooks & Company Ltd) (product),general
diabetes_drugs,DMD,29980811000001105,Byetta 10micrograms/0.04ml solution for injection 2.4ml pre-filled pens (Lexon (UK) Ltd) (product),general
diabetes_drugs,DMD,30208211000001107,Eucreas 50mg/1000mg tablets (Waymade Healthcare Plc) (product),general
diabetes_drugs,DMD,8614211000001102,Metformin 425mg/5ml oral solution (Special Order) (product),general
diabetes,SNOMED,237651005,Insulin resistance - type A (disorder),general
diabetes_drugs,DMD,24568411000001100,Sukkarto SR 500mg tablets (Morningside Healthcare Ltd) (product),general
diabetes_drugs,DMD,13413011000001108,Metformin 1g / Vildagliptin 50mg tablets (product),general
diabetes_drugs,DMD,8524211000001102,Gliclazide 40mg/5ml oral suspension (product),general
diabetes_drugs,DMD,28415811000001101,Metformin 500mg/5ml oral solution sugar free (Focus Pharmaceuticals Ltd) (product),general
diabetes_drugs,DMD,16259811000001103,Amaryl 1mg tablets (Mawdsley-Brooks & Company Ltd) (product),general
diabetes_drugs,DMD,37337711000001108,Amglidia 6mg/ml oral suspension with 5ml oral syringe (Amring Pharmaceuticals Ltd) (product),general
diabetes_drugs,DMD,37405911000001104,Glibenclamide 600micrograms/ml oral suspension sugar free (product),general
diabetes_drugs,DMD,14200111000001102,Avandamet 4mg/1000mg tablets (Sigma Pharmaceuticals Plc) (product),general
diabetes_drugs,DMD,36047511000001102,Insulin lispro 100units/ml solution for injection 1.5ml cartridges (product),general
diabetes_drugs,DMD,37419911000001100,Humulin M3 100units/ml suspension for injection 10ml vials (CST Pharma Ltd) (product),general
diabetes,SNOMED,73211009,Diabetes mellitus,general
diabetes,SNOMED,1083111000000108,Diabetes monitoring invitation email (procedure),removed
diabetes_drugs,DMD,10750111000001100,Metformin 500mg/5ml oral solution sugar free (product),general
diabetes_drugs,DMD,21994811000001105,Lixisenatide 20micrograms/0.2ml solution for injection 3ml pre-filled disposable devices (product),general
diabetes_drugs,DMD,21711511000001101,Saxagliptin 2.5mg / Metformin 850mg tablets (product),general
diabetes_drugs,DMD,228111000001101,Amaryl 1mg tablets (Aventis Pharma) (product),general
diabetes_drugs,DMD,13833311000001106,Avandamet 2mg/1000mg tablets (Doncaster Pharmaceuticals Ltd) (product),general
diabetes_drugs,DMD,27692911000001108,Chlorpropamide 100mg tablets (Special Order) (product),general
diabetes_drugs,DMD,13834011000001105,Avandia 8mg tablets (Doncaster Pharmaceuticals Ltd) (product),general
diabetes_drugs,DMD,11494111000001102,Exenatide 10micrograms/0.04ml solution for injection 2.4ml pre-filled disposable devices (product),general
diabetes_drugs,DMD,10952411000001100,Prandin 0.5mg tablets (Novo Nordisk Ltd) (product),general
diabetes_drugs,DMD,4028811000001105,Hypurin Bovine Neutral 100units/ml solution for injection 3ml cartridges (C P Pharmaceuticals Ltd) (product),general
diabetes_drugs,DMD,18309811000001106,Acarbose 100mg tablets (A A H Pharmaceuticals Ltd) (product),general
diabetes_drugs,DMD,27957011000001101,Ziclaseg 30mg modified-release tablets (Lupin (Europe) Ltd) (product),general
diabetes_drugs,DMD,17915111000001104,Glibenclamide 5mg tablets (Phoenix Healthcare Distribution Ltd) (product),general
diabetes_drugs,DMD,18570911000001104,Competact 15mg/850mg tablets (Doncaster Pharmaceuticals Ltd) (product),general
diabetes_drugs,DMD,5369511000001101,Glibenese 5mg tablets (PI) (Waymade Ltd) (product),general
diabetes_drugs,DMD,5270711000001100,NovoRapid Novolet 100units/ml solution for injection (PI) (Waymade Ltd) (product),general
diabetes_drugs,DMD,840811000001100,NovoNorm 2mg tablets (Novo Nordisk Pharmaceuticals Ltd) (product),general
diabetes,SNOMED,25412000,Diabetic retinal microaneurysm,general
diabetes,SNOMED,170745003,Diabetic on diet only,general
diabetes,SNOMED,420756003,Diabetic cataract associated with type II diabetes mellitus (disorder),type2
diabetes_drugs,DMD,30172211000001102,Abasaglar 100units/ml solution for injection 3ml cartridges (Eli Lilly and Company Ltd) (product),general
diabetes_drugs,DMD,3256111000001105,Insulatard ge 100units/ml suspension for injection 10ml vials (Novo Nordisk Pharmaceuticals Ltd) (product),general
diabetes_drugs,DMD,33548911000001100,Metformin 500mg/5ml oral solution sugar free (Colonis Pharma Ltd) (product),general
diabetes_drugs,DMD,922211000001106,Avandia 4mg tablets (GlaxoSmithKline) (product),general
diabetes_drugs,DMD,10703111000001100,Insulin human 3mg inhalation powder blisters (product),general
diabetes_drugs,DMD,36804811000001103,Jardiance 25mg tablets (Originalis B.V.) (product),general
diabetes_drugs,DMD,5355711000001102,Daonil 5mg tablets (PI) (Waymade Ltd) (product),general
diabetes_drugs,DMD,15090711000001101,Gliclazide 30mg modified-release tablets (Sigma Pharmaceuticals Plc) (product),general
diabetes_drugs,DMD,17509911000001108,Apidra 100units/ml solution for injection 3ml cartridges (Mawdsley-Brooks & Company Ltd) (product),general
diabetes_drugs,DMD,22350011000001105,Metformin 850mg tablets (Aurobindo Pharma Ltd) (product),general
diabetes_drugs,DMD,9528311000001103,Apidra 100units/ml solution for injection 3ml cartridges (sanofi-aventis) (product),general
diabetes_drugs,DMD,36620611000001107,Suliqua 100units/ml / 33micrograms/ml solution for injection 3ml pre-filled SoloStar pens (Sanofi) (product),general
diabetes_drugs,DMD,19179811000001109,Repaglinide 2mg tablets (Teva UK Ltd) (product),general
diabetes_drugs,DMD,10093311000001103,Apidra 100units/ml solution for injection 3ml pre-filled OptiSet pens (Sanofi) (product),general
diabetes_drugs,DMD,19873911000001106,Eucreas 50mg/1000mg tablets (Doncaster Pharmaceuticals Ltd) (product),general
diabetes_drugs,DMD,20566511000001100,Repaglinide 1mg tablets (Creo Pharma Ltd) (product),general
diabetes_drugs,DMD,322511000001103,Euglucon 5mg tablets (Aventis Pharma) (product),general
diabetes_drugs,DMD,3279311000001102,Hypurin Bovine Isophane 100units/ml suspension for injection 1.5ml cartridges (C P Pharmaceuticals Ltd) (product),general
diabetes_drugs,DMD,12792711000001102,Metformin 1g/5ml oral solution (Special Order) (product),general
diabetes_drugs,DMD,16503111000001106,Glucophage SR 500mg tablets (Mawdsley-Brooks & Company Ltd) (product),general
diabetes_drugs,DMD,409122001,Product containing precisely metformin hydrochloride 500 milligram and rosiglitazone (as rosiglitazone maleate) 2 milligram/1 each conventional release oral tablet (clinical drug),general
diabetes,SNOMED,193350004,Advanced diabetic maculopathy,general
diabetes,SNOMED,185756006,Diabetes monitoring first letter (procedure),removed
diabetes_drugs,DMD,18885611000001108,Metabet SR 1000mg tablets (Morningside Healthcare Ltd) (product),general
diabetes_drugs,DMD,28049311000001109,Canagliflozin 50mg / Metformin 850mg tablets (product),general
diabetes_drugs,DMD,3473711000001102,Insulin lispro biphasic 25/75 100units/ml suspension for injection 3ml cartridges (product),general
diabetes_drugs,DMD,756411000001104,Glipizide 5mg tablets (Alpharma Limited) (product),general
diabetes_drugs,DMD,3471711000001103,Insulin isophane biphasic human 50/50 100units/ml suspension for injection 3ml pre-filled disposable devices (product),general
diabetes_drugs,DMD,17582511000001109,Amaryl 3mg tablets (Necessity Supplies Ltd) (product),general
diabetes_drugs,DMD,18490711000001101,Lantus 100units/ml solution for injection 3ml OptiClik cartridges (Necessity Supplies Ltd) (product),general
diabetes_drugs,DMD,8496611000001108,Gliclazide 160mg/5ml oral suspension (Special Order) (product),general
diabetes_drugs,DMD,325063005,Insulin soluble human 100units/mL injection solution 3mL cartridge (product),general
diabetes_drugs,DMD,10529511000001101,Diamicron 30mg MR tablets (PI) (Waymade Ltd) (product),general
diabetes_drugs,DMD,15091611000001100,Glimepiride 4mg tablets (Sigma Pharmaceuticals Plc) (product),general
diabetes_drugs,DMD,29700111000001107,Liraglutide 6mg/ml solution for injection 3ml pre-filled disposable devices (J M McGill Ltd) (product),general
diabetes_drugs,DMD,5335311000001100,Amaryl 1mg tablets (PI) (Waymade Ltd) (product),general
diabetes_drugs,DMD,30933411000001106,Alogliptin 25mg tablets (Ennogen Healthcare Ltd) (product),general
diabetes_drugs,DMD,400877001,Insulin glargine 100units/mL injection solution 3mL prefilled disposable injection device (product),general
diabetes_drugs,DMD,3472311000001106,Insulin isophane bovine 100units/ml suspension for injection 10ml vials (product),general
diabetes_drugs,DMD,37337011000001106,Amglidia 0.6mg/ml oral suspension with 1ml oral syringe (Amring Pharmaceuticals Ltd) (product),general
diabetes_drugs,DMD,19593111000001104,Pioglitazone 30mg tablets (Dr Reddys Laboratories (UK) Ltd) (product),general
diabetes_drugs,DMD,3262511000001106,Insulatard NovoLet 100units/ml suspension for injection (Novo Nordisk Pharmaceuticals Ltd) (product),general
diabetes_drugs,DMD,11411000001101,Gliclazide 80mg tablets (Kent Pharmaceuticals Ltd) (product),general
diabetes_drugs,DMD,18265111000001107,Glucobay 100mg tablets (Necessity Supplies Ltd) (product),general
diabetes_drugs,DMD,18745511000001104,Humalog Mix50 KwikPen 100units/ml suspension for injection 3ml pre-filled pens (Sigma Pharmaceuticals Plc) (product),general
diabetes_drugs,DMD,30989911000001109,Metformin 500mg modified-release tablets (Alliance Healthcare (Distribution) Ltd) (product),general
diabetes_drugs,DMD,371485002,Insulin soluble human 100u/mL injection solution 1.5mL cartridge (product),general
diabetes,SNOMED,230577008,Diabetic mononeuropathy,general
diabetes,SNOMED,769244003,Diabetic maculopathy of right eye,general
diabetes_drugs,DMD,326038002,Product containing precisely acarbose 100 milligram/1 each conventional release oral tablet (clinical drug),general
diabetes_drugs,DMD,10963611000001104,Metformin 500mg/5ml oral solution sugar free (A A H Pharmaceuticals Ltd) (product),general
diabetes_drugs,DMD,17199311000001101,Gliclazide 80mg tablets (Sovereign Medical Ltd) (product),general
diabetes_drugs,DMD,16533211000001109,Januvia 100mg tablets (Mawdsley-Brooks & Company Ltd) (product),general
diabetes_drugs,DMD,37668211000001103,Januvia 50mg tablets (Pilsco Ltd) (product),general
diabetes_drugs,DMD,19863911000001104,Actos 45mg tablets (Lexon (UK) Ltd) (product),general
diabetes_drugs,DMD,33425611000001106,Metformin 750mg modified-release tablets (A A H Pharmaceuticals Ltd) (product),general
diabetes_drugs,DMD,925311000001109,Gliclazide 80mg tablets (Genus Pharmaceuticals) (product),general
diabetes_drugs,DMD,36048111000001107,Insulin soluble bovine 100units/ml solution for injection 10ml vials (product),general
diabetes,SNOMED,48951005,Bullosis diabeticorum,general
diabetes,SNOMED,768792007,Cataract of right eye co-occurrent and due to diabetes mellitus,general
diabetes,SNOMED,237627000,Pregnancy and type 2 diabetes mellitus (disorder),type2
diabetes,SNOMED,237612000,Photomyoclonus - diabetes mellitus - deafness - nephropathy and cerebral dysfunction (disorder),general
diabetes_drugs,DMD,11494211000001108,Exenatide 5micrograms/0.02ml solution for injection 1.2ml pre-filled disposable devices (product),general
diabetes_drugs,DMD,16272811000001106,Avandia 4mg tablets (Mawdsley-Brooks & Company Ltd) (product),general
diabetes_drugs,DMD,30138511000001104,Glimepiride 4mg tablets (Mawdsley-Brooks & Company Ltd) (product),general
diabetes_drugs,DMD,37355411000001109,Byetta 10micrograms/0.04ml solution for injection 2.4ml pre-filled pens (Mawdsley-Brooks & Company Ltd) (product),general
diabetes_drugs,DMD,10272911000001106,Glimepiride 4mg tablets (Unichem Plc) (product),general
diabetes_drugs,DMD,10690811000001108,Exubera 3mg inhalation powder blisters (Pfizer Ltd) (product),general
diabetes_drugs,DMD,11113611000001107,Pork Actrapid 100units/ml solution for injection 10ml vials (Waymade Ltd) (product),general
diabetes_drugs,DMD,16518411000001109,Humalog Mix25 Pen 100units/ml suspension for injection 3ml pre-filled pens (Mawdsley-Brooks & Company Ltd) (product),general
diabetes,SNOMED,39058009,Diabetic amyotrophy,general
diabetes,SNOMED,419100001,Infection of foot associated with diabetes (disorder),general
diabetes_drugs,DMD,424513004,Product containing precisely sitagliptin (as sitagliptin phosphate) 50 milligram/1 each conventional release oral tablet (clinical drug),general
diabetes_drugs,DMD,37439111000001109,Humalog KwikPen 100units/ml solution for injection 3ml pre-filled pens (CST Pharma Ltd) (product),general
diabetes_drugs,DMD,3763311000001102,Glurenorm 30mg tablets (Sanofi-Synthelabo Ltd) (product),general
diabetes_drugs,DMD,14248411000001104,Humalog Mix50 100units/ml suspension for injection 3ml cartridges (Sigma Pharmaceuticals Plc) (product),general
diabetes_drugs,DMD,16137611000001106,Amaryl 3mg tablets (Lexon (UK) Ltd) (product),general
diabetes_drugs,DMD,20320611000001105,Pioglitazone 45mg tablets (Sandoz Ltd) (product),general
diabetes_drugs,DMD,5548011000001108,Glucobay 50 tablets (PI) (Dowelhurst Ltd) (product),general
diabetes_drugs,DMD,700011000001100,Glibenclamide 2.5mg tablets (Alpharma Limited) (product),general
diabetes,SNOMED,43959009,Diabetic cataract,general
diabetes,SNOMED,609572000,Maturity-onset diabetes of the young - type 5 (disorder),MODY
diabetes_drugs,DMD,19492811000001108,Trajenta 5mg tablets (Boehringer Ingelheim Ltd) (product),general
diabetes_drugs,DMD,14061411000001105,Amaryl 3mg tablets (Sigma Pharmaceuticals Plc) (product),general
diabetes_drugs,DMD,37719711000001107,Humulin M3 100units/ml suspension for injection 10ml vials (Pilsco Ltd) (product),general
diabetes_drugs,DMD,13324411000001101,Tolbutamide 250mg/5ml oral suspension (product),general
diabetes_drugs,DMD,33769211000001109,Metformin 1g/5ml oral solution sugar free (Alliance Healthcare (Distribution) Ltd) (product),general
diabetes_drugs,DMD,36047011000001105,Insulin aspart 100units/ml solution for injection 10ml vials (product),general
diabetes_drugs,DMD,19573011000001106,Metformin 1g modified-release tablets (A A H Pharmaceuticals Ltd) (product),general
diabetes_drugs,DMD,29854711000001107,Liraglutide 6mg/ml solution for injection 3ml pre-filled disposable devices (Niche Pharma Ltd) (product),general
diabetes_drugs,DMD,3277711000001106,Hypurin Porcine 30/70 Mix 100units/ml suspension for injection 1.5ml cartridges (C P Pharmaceuticals Ltd) (product),general
diabetes_drugs,DMD,10464711000001107,Avandia 4mg tablets (PI) (Dowelhurst Ltd) (product),general
diabetes_drugs,DMD,16516311000001101,Humalog 100units/ml solution for injection 3ml cartridges (Mawdsley-Brooks & Company Ltd) (product),general
diabetes_drugs,DMD,30763311000001100,Metformin 500mg modified-release tablets (Almus Pharmaceuticals Ltd) (product),general
diabetes_drugs,DMD,450011000001104,Tolbutamide 500mg tablets (A A H Pharmaceuticals Ltd) (product),general
diabetes_drugs,DMD,12147311000001101,Glimepiride 2mg tablets (Kent Pharmaceuticals Ltd) (product),general
diabetes_drugs,DMD,37512611000001109,Invokana 100mg tablets (Mawdsley-Brooks & Company Ltd) (product),general
diabetes_drugs,DMD,16521911000001103,Humulin S 100units/ml solution for injection 10ml vials (Mawdsley-Brooks & Company Ltd) (product),general
diabetes_drugs,DMD,30134911000001104,Gliclazide 80mg tablets (Mawdsley-Brooks & Company Ltd) (product),general
diabetes_drugs,DMD,918011000001106,Glibenclamide 2.5mg tablets (Approved Prescription Services) (product),general
diabetes_drugs,DMD,37590811000001108,Apidra 100units/ml solution for injection 3ml cartridges (CST Pharma Ltd) (product),general
diabetes,SNOMED,408412005,O/E - left eye preproliferative diabetic retinopathy (context-dependent category),general
diabetes,SNOMED,237610008,Acrorenal field defect - ectodermal dysplasia - and lipoatrophic diabetes (disorder),general
diabetes_drugs,DMD,3280111000001104,Humalog 100units/ml solution for injection 10ml vials (Eli Lilly & Co Ltd) (product),general
diabetes_drugs,DMD,386011000001102,Glibenclamide 2.5mg tablets (Generics (UK) Ltd) (product),general
diabetes_drugs,DMD,3291711000001105,Insuman Rapid 100units/ml solution for injection 3ml pre-filled OptiSet pens (Sanofi) (product),general
diabetes_drugs,DMD,13466811000001105,Gliclazide 30mg/5ml oral suspension (product),general
diabetes_drugs,DMD,19592911000001108,Pioglitazone 15mg tablets (Dr Reddys Laboratories (UK) Ltd) (product),general
diabetes_drugs,DMD,38379411000001103,Saxenda 6mg/ml solution for injection 3ml pre-filled pens (CST Pharma Ltd) (product),general
diabetes_drugs,DMD,3268711000001103,Human Mixtard 10 Penfill 100units/ml suspension for injection 1.5ml cartridges (Novo Nordisk Pharmaceuticals Ltd) (product),general
diabetes_drugs,DMD,3272811000001101,Mixtard 50 Penfill 100units/ml suspension for injection 3ml cartridges (Novo Nordisk Pharmaceuticals Ltd) (product),general
diabetes_drugs,DMD,11766211000001107,Prandin 2mg tablets (Waymade Healthcare Plc) (product),general
diabetes_drugs,DMD,38141911000001104,Januvia 50mg tablets (DE Pharmaceuticals) (product),general
diabetes_drugs,DMD,23677911000001109,Sitagliptin 50mg tablets (Waymade Healthcare Plc) (product),general
diabetes_drugs,DMD,30857411000001109,Pioglitazone 45mg tablets (Mawdsley-Brooks & Company Ltd) (product),general
diabetes_drugs,DMD,28024411000001103,Vokanamet 50mg/1000mg tablets (Janssen-Cilag Ltd) (product),general
diabetes_drugs,DMD,30012311000001107,Glucient SR 1000mg tablets (Consilient Health Ltd) (product),general
diabetes_drugs,DMD,10377711000001100,Glibenclamide 5mg tablets (Arrow Generics Ltd) (product),general
diabetes_drugs,DMD,24380011000001107,Metformin 500mg tablets (DE Pharmaceuticals) (product),general
diabetes_drugs,DMD,33549511000001101,Acarbose 50mg tablets (Mylan Ltd) (product),general
diabetes_drugs,DMD,374078008,Product containing precisely tolazamide 500 milligram/1 each conventional release oral tablet (clinical drug),general
diabetes_drugs,DMD,8093911000001101,Glimepiride 3mg tablets (Unichem Plc) (product),general
diabetes_drugs,DMD,34347311000001103,Metformin 500mg tablets (Crescent Pharma Ltd) (product),general
diabetes_drugs,DMD,37989211000001109,Forxiga 5mg tablets (Pharmaram Ltd) (product),general
diabetes,SNOMED,237622006,Poor glycemic control (disorder),general
diabetes_drugs,DMD,21208511000001102,Jentadueto 2.5mg/1000mg tablets (Boehringer Ingelheim Ltd) (product),general
diabetes_drugs,DMD,10486511000001106,NovoNorm 500microgram tablets (PI) (Dowelhurst Ltd) (product),general
diabetes_drugs,DMD,14201211000001102,Avandia 8mg tablets (Sigma Pharmaceuticals Plc) (product),general
diabetes_drugs,DMD,23943411000001105,Glibenclamide 5mg tablets (Doncaster Pharmaceuticals Ltd) (product),general
diabetes_drugs,DMD,11135211000001104,Human Mixtard 10 Penfill 100units/ml suspension for injection 1.5ml cartridges (Waymade Ltd) (product),general
diabetes_drugs,DMD,31015811000001101,Albiglutide 50mg powder and solvent for solution for injection pre-filled disposable devices (product),general
diabetes,SNOMED,230574001,Diabetic acute painful polyneuropathy,general
diabetes,SNOMED,371087003,Diabetic foot ulcer (disorder),general
diabetes_drugs,DMD,13884911000001102,Humalog Mix50 KwikPen 100units/ml suspension for injection 3ml pre-filled pens (Eli Lilly and Company Ltd) (product),general
diabetes_drugs,DMD,419873003,Product containing precisely metformin hydrochloride 850 milligram and pioglitazone (as pioglitazone hydrochloride) 15 milligram/1 each conventional release oral tablet (clinical drug),general
diabetes_drugs,DMD,10488111000001103,Avandamet 4mg/1000mg tablets (PI) (Waymade Ltd) (product),general
diabetes_drugs,DMD,13627211000001100,Niddaryl 4mg tablets (Dee Pharmaceuticals Ltd) (product),general
diabetes_drugs,DMD,10486811000001109,NovoNorm 1mg tablets (PI) (Dowelhurst Ltd) (product),general
diabetes_drugs,DMD,18567011000001105,Pioglitazone 45mg/5ml oral suspension (Special Order) (product),general
diabetes,SNOMED,185759004,Diabetes monitoring verbal invite (procedure),removed
diabetes_drugs,DMD,325263000,Product containing precisely glimepiride 4 milligram/1 each conventional release oral tablet (clinical drug),general
diabetes_drugs,DMD,34552411000001107,Meijumet 500mg modified-release tablets (Medreich Plc) (product),general
diabetes_drugs,DMD,11492211000001104,Gliclazide 80mg tablets (Winthrop Pharmaceuticals UK Ltd) (product),general
diabetes_drugs,DMD,15871011000001104,Insulin human 100units/ml solution for injection 10ml vials (Special Order) (product),general
diabetes_drugs,DMD,38135511000001105,Forxiga 5mg tablets (DE Pharmaceuticals) (product),general
diabetes,SNOMED,190406000,Malnutrition-related diabetes mellitus with ketoacidosis,other
diabetes,SNOMED,408411003,O/E - right eye preproliferative diabetic retinopathy (context-dependent category),general
diabetes,SNOMED,1067201000000106,Eating disorder co-occurrent with diabetes mellitus type 1 (disorder),type1
diabetes,SNOMED,771571000000102,History of secondary diabetes mellitus (situation),general
diabetes_drugs,DMD,3259811000001109,Insuman Comb 25 100units/ml suspension for injection 3ml pre-filled OptiSet pens (Sanofi) (product),general
diabetes_drugs,DMD,16271611000001101,Avandamet 2mg/1000mg tablets (Mawdsley-Brooks & Company Ltd) (product),general
diabetes_drugs,DMD,18553911000001109,Humalog Mix25 KwikPen 100units/ml suspension for injection 3ml pre-filled pens (Waymade Healthcare Plc) (product),general
diabetes_drugs,DMD,33619611000001104,Repaglinide 2mg tablets (Mylan Ltd) (product),general
diabetes_drugs,DMD,37440011000001101,Janumet 50mg/1000mg tablets (CST Pharma Ltd) (product),general
diabetes,SNOMED,75524006,Malnutrition related diabetes mellitus,other
diabetes,SNOMED,111556005,Diabetic ketoacidosis without coma,general
diabetes,SNOMED,170747006,Diabetic on insulin,general
diabetes,SNOMED,472972006,History of autosomal dominant diabetes mellitus,general
diabetes_drugs,DMD,8524311000001105,Gliclazide 80mg/5ml oral suspension (product),general
diabetes_drugs,DMD,14386011000001106,NovoMix 30 Penfill 100units/ml suspension for injection 3ml cartridges (Sigma Pharmaceuticals Plc) (product),general
diabetes_drugs,DMD,18048911000001103,Humulin M3 100units/ml suspension for injection 10ml vials (Sigma Pharmaceuticals Plc) (product),general
diabetes_drugs,DMD,18083911000001104,Insulin human 100units/ml solution for injection 3.15ml cartridges (product),general
diabetes_drugs,DMD,21734711000001103,Acarbose 50mg tablets (Waymade Healthcare Plc) (product),general
diabetes_drugs,DMD,14665711000001105,NovoRapid 100units/ml solution for injection 10ml vials (Sigma Pharmaceuticals Plc) (product),general
diabetes_drugs,DMD,30088811000001104,Repaglinide 1mg tablets (DE Pharmaceuticals) (product),general
diabetes_drugs,DMD,5521211000001105,Amaryl 4mg tablets (PI) (Dowelhurst Ltd) (product),general
diabetes,SNOMED,408409007,O/E - right eye background diabetic retinopathy (context-dependent category),general
diabetes_drugs,DMD,23637211000001102,Alogliptin 12.5mg / Metformin 1g tablets (product),general
diabetes_drugs,DMD,19300811000001100,Repaglinide 2mg tablets (Actavis UK Ltd) (product),general
diabetes_drugs,DMD,3309511000001105,Human Actrapid Penfill 100units/ml solution for injection 1.5ml cartridges (Novo Nordisk Pharmaceuticals Ltd) (product),general
diabetes_drugs,DMD,10689011000001106,Glimepiride 2mg tablets (Pliva Pharma Ltd) (product),general
diabetes_drugs,DMD,16130711000001103,Glimepiride 2mg/5ml oral suspension (product),general
diabetes_drugs,DMD,13324311000001108,Tolbutamide 1g/5ml oral suspension (product),general
diabetes_drugs,DMD,19362311000001107,Repaglinide 2mg tablets (A A H Pharmaceuticals Ltd) (product),general
diabetes_drugs,DMD,22026511000001102,Gliclazide 40mg tablets (Waymade Healthcare Plc) (product),general
diabetes_drugs,DMD,30214611000001101,Vipidia 12.5mg tablets (Waymade Healthcare Plc) (product),general
diabetes_drugs,DMD,8174611000001109,Avandamet 4mg/1000mg tablets (GlaxoSmithKline) (product),general
diabetes_drugs,DMD,38543111000001106,Metformin 1g modified-release tablets (Morningside Healthcare Ltd) (product),general
diabetes,SNOMED,310505005,Diabetic hyperosmolar non-ketotic state,general
diabetes,SNOMED,421779007,Exudative maculopathy associated with type II diabetes mellitus (disorder),type2
diabetes_drugs,DMD,17601411000001109,NovoMix 30 FlexPen 100units/ml suspension for injection 3ml pre-filled pens (Necessity Supplies Ltd) (product),general
diabetes_drugs,DMD,16061411000001104,Metformin 500mg tablets (Bristol Laboratories Ltd) (product),general
diabetes_drugs,DMD,19700011000001107,Acarbose 100mg tablets (Doncaster Pharmaceuticals Ltd) (product),general
diabetes_drugs,DMD,10542211000001105,Humalog Pen 100units/ml solution for injection 3ml pre-filled pens (Waymade Healthcare Plc) (product),general
diabetes_drugs,DMD,5440011000001100,Glucobay 100 tablets (PI) (Dowelhurst Ltd) (product),general
diabetes_drugs,DMD,5211211000001108,Pioglitazone 45mg tablets (product),general
diabetes,SNOMED,190389009,Type 2 diabetes mellitus with ulcer,type2
diabetes,SNOMED,267604001,Myasthenic syndrome due to diabetic amyotrophy,general
diabetes,SNOMED,237617006,Megaloblastic anemia - thiamine-responsive - with diabetes mellitus and sensorineural deafness (disorder),general
diabetes_drugs,DMD,33747711000001102,Saxenda 6mg/ml solution for injection 3ml pre-filled pens (Novo Nordisk Ltd) (product),general
diabetes_drugs,DMD,4034311000001108,Hypurin Porcine Isophane 100units/ml suspension for injection 3ml cartridges (C P Pharmaceuticals Ltd) (product),general
diabetes_drugs,DMD,28420711000001107,Vamju 30mg modified-release tablets (AMCo) (product),general
diabetes_drugs,DMD,3272211000001102,Humaject M3 Pen 100units/ml suspension for injection (Eli Lilly & Co Ltd) (product),general
diabetes_drugs,DMD,22349811000001106,Metformin 500mg tablets (Aurobindo Pharma Ltd) (product),general
diabetes_drugs,DMD,14723511000001104,Prandin 2mg tablets (Sigma Pharmaceuticals Plc) (product),general
diabetes_drugs,DMD,17510711000001101,Lantus 100units/ml solution for injection 3ml OptiClik cartridges (Mawdsley-Brooks & Company Ltd) (product),general
diabetes_drugs,DMD,29906411000001106,Metformin 850mg tablets (Sigma Pharmaceuticals Plc) (product),general
diabetes_drugs,DMD,13168311000001103,Januvia 100mg tablets (Dowelhurst Ltd) (product),general
diabetes_drugs,DMD,27117211000001103,Tolbutamide 500mg tablets (Genesis Pharmaceuticals Ltd) (product),general
diabetes_drugs,DMD,325251005,Product containing precisely gliquidone 30 milligram/1 each conventional release oral tablet (clinical drug),general
diabetes_drugs,DMD,3472911000001107,Insulin isophane porcine 100units/ml suspension for injection 1.5ml cartridges (product),general
diabetes,SNOMED,232021008,Proliferative diabetic retinopathy new vessels on disc,general
diabetes,SNOMED,237604008,Diabetes mellitus autosomal dominant type II,type2
diabetes,SNOMED,314903002,Non-insulin dependent diabetes mellitus with arthropathy,general
diabetes,SNOMED,421468001,Neurological disorder associated with type I diabetes mellitus (disorder),type1
diabetes,SNOMED,1491000119102,Diabetic vitreous haemorrhage associated with type II diabetes mellitus,type2
diabetes_drugs,DMD,33550911000001100,Metformin 850mg/5ml oral solution sugar free (product),general
diabetes_drugs,DMD,19275411000001107,Exenatide 2mg powder and solvent for suspension for injection vials (product),general
diabetes_drugs,DMD,21941511000001102,Lyxumia 10micrograms/0.2ml solution for injection 3ml pre-filled pens (Sanofi) (product),general
diabetes_drugs,DMD,21763311000001107,Pioglitazone 15mg tablets (Teva UK Ltd) (product),general
diabetes_drugs,DMD,409124000,Product containing precisely metformin hydrochloride 1 gram and rosiglitazone (as rosiglitazone maleate) 2 milligram/1 each conventional release oral tablet (clinical drug),general
diabetes_drugs,DMD,3270211000001103,Insuman Comb 15 100units/ml suspension for injection 3ml pre-filled OptiSet pens (Sanofi) (product),general
diabetes_drugs,DMD,14122711000001107,Glimepiride 4mg tablets (Consilient Health Ltd) (product),general
diabetes,SNOMED,314771006,Type 1 diabetes mellitus with hypoglycaemic coma,type1
diabetes,SNOMED,768794008,Bilateral diabetic cataracts,general
diabetes,SNOMED,140381000119104,Neuropathic toe ulcer due to type 2 diabetes mellitus (disorder),type2
diabetes_drugs,DMD,24088311000001106,Invokana 300mg tablets (Janssen-Cilag Ltd) (product),general
diabetes_drugs,DMD,21324011000001103,Glimepiride 6mg/5ml oral suspension (Special Order) (product),general
diabetes_drugs,DMD,17503711000001108,Eucreas 50mg/850mg tablets (Mawdsley-Brooks & Company Ltd) (product),general
diabetes_drugs,DMD,20925511000001107,Onglyza 5mg tablets (Waymade Healthcare Plc) (product),general
diabetes_drugs,DMD,37432611000001108,Byetta 10micrograms/0.04ml solution for injection 2.4ml pre-filled pens (CST Pharma Ltd) (product),general
diabetes_drugs,DMD,38191211000001101,Repaglinide 2mg tablets (Rivopharm (UK) Ltd) (product),general
diabetes_drugs,DMD,8796711000001107,Metformin 850mg capsules (product),general
diabetes_drugs,DMD,18265411000001102,Glucobay 50mg tablets (Necessity Supplies Ltd) (product),general
diabetes_drugs,DMD,18490511000001106,Lantus 100units/ml solution for injection 3ml cartridges (Necessity Supplies Ltd) (product),general
diabetes_drugs,DMD,19476211000001103,Pioglitazone 15mg tablets (Consilient Health Ltd) (product),general
diabetes_drugs,DMD,23487611000001105,Pioglitazone 30mg tablets (Accord Healthcare Ltd) (product),general
diabetes_drugs,DMD,15091211000001102,Glimepiride 2mg tablets (Sigma Pharmaceuticals Plc) (product),general
diabetes_drugs,DMD,18030311000001100,Insuman Infusat 100units/ml solution for injection 10ml vials (Imported (Germany)) (product),general
diabetes_drugs,DMD,3282311000001103,Ultratard 100units/ml suspension for injection 10ml vials (Novo Nordisk Pharmaceuticals Ltd) (product),general
diabetes_drugs,DMD,37337511000001103,Amglidia 6mg/ml oral suspension with 1ml oral syringe (Amring Pharmaceuticals Ltd) (product),general
diabetes_drugs,DMD,37528511000001104,Komboglyze 2.5mg/1000mg tablets (Mawdsley-Brooks & Company Ltd) (product),general
diabetes,SNOMED,237601000,Secondary endocrine diabetes mellitus (disorder),general
diabetes,SNOMED,408539000,Insulin autoimmune syndrome (disorder),general
diabetes_drugs,DMD,36911311000001101,Toujeo 300units/ml solution for injection 3ml pre-filled DoubleStar pens (Sanofi) (product),general
diabetes_drugs,DMD,8664411000001102,Metformin 500mg/5ml oral suspension (product),general
diabetes_drugs,DMD,30012111000001105,Glucient SR 750mg tablets (Consilient Health Ltd) (product),general
diabetes_drugs,DMD,3468811000001107,Insulin aspart biphasic 30/70 100units/ml suspension for injection 3ml cartridges (product),general
diabetes_drugs,DMD,20133211000001106,Januvia 100mg tablets (Waymade Healthcare Plc) (product),general
diabetes_drugs,DMD,37438411000001107,Galvus 50mg tablets (CST Pharma Ltd) (product),general
diabetes_drugs,DMD,12109011000001100,Gliclazide 100mg/5ml oral suspension (Special Order) (product),general
diabetes_drugs,DMD,13626511000001104,Niddaryl 2mg tablets (Dee Pharmaceuticals Ltd) (product),general
diabetes_drugs,DMD,3469611000001104,Insulin isophane biphasic human 15/85 100units/ml suspension for injection 3ml cartridges (product),general
diabetes,SNOMED,236499007,Microalbuminuric diabetic nephropathy,general
diabetes,SNOMED,724997001,Lumbosacral plexopathy co-occurrent and due to diabetes mellitus (disorder),general
diabetes_drugs,DMD,13318011000001109,Tolbutamide 250mg/5ml oral suspension (Special Order) (product),general
diabetes_drugs,DMD,16521311000001104,Humulin S 100units/ml solution for injection 3ml cartridges (Mawdsley-Brooks & Company Ltd) (product),general
diabetes_drugs,DMD,18624811000001107,Acarbose 50mg tablets (Phoenix Healthcare Distribution Ltd) (product),general
diabetes_drugs,DMD,5330711000001106,Amaryl 2mg tablets (PI) (Waymade Ltd) (product),general
diabetes_drugs,DMD,35563711000001108,Insulin lispro 100units/ml solution for injection 10ml vials (Sanofi Pasteur) (product),general
diabetes_drugs,DMD,19354411000001104,Insuman Basal 100units/ml suspension for injection 3ml pre-filled SoloStar pens (Sanofi) (product),general
diabetes_drugs,DMD,9556111000001100,Metformin 850mg tablets (Wockhardt UK Ltd) (product),general
diabetes_drugs,DMD,11343211000001108,Glimepiride 2mg tablets (Sandoz Ltd) (product),general
diabetes_drugs,DMD,19818611000001102,Glipizide 5mg tablets (Almus Pharmaceuticals Ltd) (product),general
diabetes_drugs,DMD,12135511000001102,Glibenclamide 2.5mg/5ml oral solution (product),general
diabetes_drugs,DMD,31351911000001100,Alogliptin 12.5mg tablets (J M McGill Ltd) (product),general
diabetes_drugs,DMD,8664211000001101,Metformin 425mg/5ml oral suspension (product),general
diabetes_drugs,DMD,30056811000001105,Gliclazide 30mg modified-release tablets (DE Pharmaceuticals) (product),general
diabetes_drugs,DMD,37695311000001100,NovoRapid FlexPen 100units/ml solution for injection 3ml pre-filled pens (Pilsco Ltd) (product),general
diabetes,SNOMED,312907002,Proliferative diabetic retinopathy - high risk,general
diabetes,SNOMED,420996007,Coma associated with malnutrition-related diabetes mellitus (disorder),other
diabetes,SNOMED,422126006,Hyperosmolar coma associated with diabetes mellitus (disorder),general
diabetes_drugs,DMD,411533003,Metformin hydrochloride 1g m/r tablet (product),general
diabetes_drugs,DMD,325261003,Product containing precisely glimepiride 1 milligram/1 each conventional release oral tablet (clinical drug),general
diabetes_drugs,DMD,3255911000001101,Humulin Isophane 100units/ml suspension for injection 10ml vials (Eli Lilly & Co Ltd) (product),general
diabetes_drugs,DMD,16225011000001106,Prandin 0.5mg tablets (Lexon (UK) Ltd) (product),general
diabetes_drugs,DMD,21792811000001108,Metformin 500mg modified-release tablets (Waymade Healthcare Plc) (product),general
diabetes_drugs,DMD,11115011000001104,Levemir FlexPen 100units/ml solution for injection 3ml pre-filled pens (Waymade Healthcare Plc) (product),general
diabetes_drugs,DMD,12107811000001103,Glibenclamide 15mg/5ml oral suspension (Special Order) (product),general
diabetes_drugs,DMD,12109311000001102,Gliclazide 120mg/5ml oral suspension (Special Order) (product),general
diabetes_drugs,DMD,18595311000001103,Pioglitazone 45mg/5ml oral suspension (product),general
diabetes,SNOMED,422099009,Diabetic oculopathy associated with type II diabetes mellitus (disorder),type2
diabetes_drugs,DMD,12108711000001107,Glibenclamide 2.5mg/5ml oral solution (Special Order) (product),general
diabetes_drugs,DMD,32431911000001106,Alogliptin 12.5mg tablets (Colorama Pharmaceuticals Ltd) (product),general
diabetes_drugs,DMD,36925911000001109,Gliclazide 80mg tablets (Relonchem Ltd) (product),general
diabetes_drugs,DMD,37428811000001107,Apidra 100units/ml solution for injection 3ml pre-filled SoloStar pens (CST Pharma Ltd) (product),general
diabetes_drugs,DMD,13317511000001100,Tolbutamide 1g/5ml oral suspension (Special Order) (product),general
diabetes_drugs,DMD,184711000001100,Gliclazide 80mg tablets (Sterwin Medicines) (product),general
diabetes,SNOMED,46635009,Insulin dependent diabetes mellitus,general
diabetes,SNOMED,420715001,Persistent microalbuminuria associated with type II diabetes mellitus (disorder),type2
diabetes_drugs,DMD,35776411000001102,Insulin lispro Sanofi 100units/ml solution for injection 10ml vials (Sanofi) (product),general
diabetes_drugs,DMD,15411211000001106,Metformin 1g oral powder sachets sugar free (product),general
diabetes_drugs,DMD,19276711000001109,Repaglinide 2mg tablets (Aspire Pharma Ltd) (product),general
diabetes_drugs,DMD,18580011000001106,Glucophage SR 500mg tablets (Doncaster Pharmaceuticals Ltd) (product),general
diabetes_drugs,DMD,10549011000001107,Lantus 100units/ml solution for injection 3ml cartridges (PI) (Waymade Ltd) (product),general
diabetes_drugs,DMD,10832711000001103,Metformin 500mg/5ml oral solution sugar free (Unichem Plc) (product),general
diabetes_drugs,DMD,14762411000001102,Lantus 100units/ml solution for injection 10ml vials (Sigma Pharmaceuticals Plc) (product),general
diabetes_drugs,DMD,17917111000001108,Glimepiride 3mg tablets (Phoenix Healthcare Distribution Ltd) (product),general
diabetes_drugs,DMD,36048211000001101,Insulin soluble human 100units/ml solution for injection 1.5ml cartridges (product),general
diabetes_drugs,DMD,400847007,Insulin glargine 100units/mL injection solution 10mL vial (product),general
diabetes_drugs,DMD,8664311000001109,Metformin 500mg/5ml oral solution (product),general
diabetes,SNOMED,193184006,Chronic painful diabetic neuropathy,general
diabetes,SNOMED,421256007,Ophthalmic complication of malnutrition-related diabetes mellitus (disorder),other
diabetes_drugs,DMD,30171811000001105,Abasaglar KwikPen 100units/ml solution for injection 3ml pre-filled pens (Eli Lilly and Company Ltd) (product),general
diabetes_drugs,DMD,3280611000001107,Hypurin Bovine Lente 100units/ml suspension for injection 10ml vials (C P Pharmaceuticals Ltd) (product),general
diabetes_drugs,DMD,11132611000001106,Actrapid 100units/ml solution for injection 10ml vials (Waymade Ltd) (product),general
diabetes_drugs,DMD,34553311000001105,Meijumet 1000mg modified-release tablets (Medreich Plc) (product),general
diabetes_drugs,DMD,3284911000001106,Humulin Lente 100units/ml suspension for injection 10ml vials (Eli Lilly & Co Ltd) (product),general
diabetes_drugs,DMD,29869711000001102,Gliclazide 80mg tablets (Sigma Pharmaceuticals Plc) (product),general
diabetes_drugs,DMD,3282611000001108,Hypurin Porcine Isophane 100units/ml suspension for injection 1.5ml cartridges (C P Pharmaceuticals Ltd) (product),general
diabetes_drugs,DMD,3470411000001100,Insulin isophane biphasic human 25/75 100units/ml suspension for injection 5ml vials (product),general
diabetes,SNOMED,713702000,Gastroparesis due to type 1 diabetes mellitus,type1
diabetes_drugs,DMD,326061000,Product containing precisely pioglitazone (as pioglitazone hydrochloride) 30 milligram/1 each conventional release oral tablet (clinical drug),general
diabetes_drugs,DMD,36914911000001102,Gliclazide 160mg tablets (product),general
diabetes_drugs,DMD,3266811000001105,Hypurin Porcine 30/70 Mix 100units/ml suspension for injection 10ml vials (C P Pharmaceuticals Ltd) (product),general
diabetes_drugs,DMD,3651211000001105,Starlix 120mg tablets (Novartis Pharmaceuticals UK Ltd) (product),general
diabetes_drugs,DMD,30857011000001100,Pioglitazone 15mg tablets (Mawdsley-Brooks & Company Ltd) (product),general
diabetes_drugs,DMD,325258004,Product containing precisely tolazamide 250 milligram/1 each conventional release oral tablet (clinical drug),general
diabetes_drugs,DMD,19306911000001108,Enyglid 1mg tablets (Consilient Health Ltd) (product),general
diabetes_drugs,DMD,3271711000001102,Insuman Comb 15 100units/ml suspension for injection 5ml vials (Aventis Pharma) (product),general
diabetes,SNOMED,312912001,Diabetic macular edema,general
diabetes,SNOMED,422088007,Neurologic disorder associated with diabetes mellitus (disorder),general
diabetes_drugs,DMD,3275711000001100,Humalog Mix25 100units/ml suspension for injection 3ml cartridges (Eli Lilly & Co Ltd) (product),general
diabetes_drugs,DMD,14190311000001100,Humulin M3 100units/ml suspension for injection 3ml cartridges (Waymade Healthcare Plc) (product),general
diabetes_drugs,DMD,16517411000001105,Competact 15mg/850mg tablets (Mawdsley-Brooks & Company Ltd) (product),general
diabetes_drugs,DMD,16521011000001102,Humulin M3 100units/ml suspension for injection 3ml cartridges (Mawdsley-Brooks & Company Ltd) (product),general
diabetes_drugs,DMD,16701111000001106,Metformin 500mg tablets (Pfizer Ltd) (product),general
diabetes_drugs,DMD,38292411000001105,Acarbose 50mg tablets (Rivopharm (UK) Ltd) (product),general
diabetes_drugs,DMD,11134011000001105,Insulatard Penfill 100units/ml suspension for injection 3ml cartridges (Waymade Ltd) (product),general
diabetes_drugs,DMD,20773611000001101,Repaglinide 500microgram tablets (Accord Healthcare Ltd) (product),general
diabetes,SNOMED,106281000119103,Pre-existing diabetes mellitus in mother complicating childbirth (disorder),general
diabetes_drugs,DMD,16702011000001102,Gliclazide 40mg tablets (product),general
diabetes_drugs,DMD,3281611000001102,NovoRapid Novolet 100units/ml solution for injection (Novo Nordisk Pharmaceuticals Ltd) (product),general
diabetes_drugs,DMD,24380511000001104,Metformin 850mg tablets (DE Pharmaceuticals) (product),general
diabetes_drugs,DMD,697811000001104,Glipizide 5mg tablets (IVAX Pharmaceuticals UK Ltd) (product),general
diabetes_drugs,DMD,16273111000001105,Avandia 8mg tablets (Mawdsley-Brooks & Company Ltd) (product),general
diabetes_drugs,DMD,19726511000001106,Actos 45mg tablets (Mawdsley-Brooks & Company Ltd) (product),general
diabetes_drugs,DMD,20023411000001103,Glizofar 45mg tablets (Arrow Generics Ltd) (product),general
diabetes_drugs,DMD,37525111000001103,Januvia 25mg tablets (Mawdsley-Brooks & Company Ltd) (product),general
diabetes,SNOMED,170763003,Diabetic - good control,general
diabetes,SNOMED,238981002,Soft tissue complication of diabetes mellitus,general
diabetes,SNOMED,408397002,Diabetic foot examination not indicated (context-dependent category),general
diabetes,SNOMED,609562003,Maturity onset diabetes of the young - type 1 (disorder),type1
diabetes_drugs,DMD,28054311000001106,Xultophy 100units/ml / 3.6mg/ml solution for injection 3ml pre-filled pens (Novo Nordisk Ltd) (product),general
diabetes_drugs,DMD,36047711000001107,Insulin lispro 100units/ml solution for injection 3ml cartridges (product),general
diabetes_drugs,DMD,10689211000001101,Glimepiride 3mg tablets (Pliva Pharma Ltd) (product),general
diabetes_drugs,DMD,37989911000001100,Janumet 50mg/1000mg tablets (Pharmaram Ltd) (product),general
diabetes_drugs,DMD,10487411000001109,Avandamet 2mg/1000mg tablets (PI) (Waymade Ltd) (product),general
diabetes_drugs,DMD,17621611000001100,Prandin 0.5mg tablets (Necessity Supplies Ltd) (product),general
diabetes_drugs,DMD,21880011000001100,Repaglinide 500microgram tablets (Waymade Healthcare Plc) (product),general
diabetes_drugs,DMD,325214004,Product containing precisely chlorpropamide 250 milligram/1 each conventional release oral tablet (clinical drug),general
diabetes_drugs,DMD,14122111000001106,Glimepiride 1mg tablets (Consilient Health Ltd) (product),general
diabetes_drugs,DMD,788811000001108,Glipizide 5mg tablets (Unichem Plc) (product),general
diabetes_drugs,DMD,13435011000001104,Pioglitazone 30mg/5ml oral suspension (Special Order) (product),general
diabetes_drugs,DMD,22027911000001107,Glimepiride 3mg tablets (Waymade Healthcare Plc) (product),general
diabetes_drugs,DMD,8616711000001100,Metformin 500mg/5ml oral suspension (Special Order) (product),general
diabetes_drugs,DMD,28926811000001100,Humalog KwikPen 200units/ml solution for injection 3ml pre-filled pens (Eli Lilly and Company Ltd) (product),general
diabetes_drugs,DMD,10273811000001109,Glimepiride 1mg tablets (A A H Pharmaceuticals Ltd) (product),general
diabetes_drugs,DMD,11149611000001100,Glimepiride 3mg tablets (Teva UK Ltd) (product),general
diabetes_drugs,DMD,23369611000001106,Glidipion 30mg tablets (Actavis UK Ltd) (product),general
diabetes,SNOMED,185757002,Diabetes monitoring second letter (procedure),removed
diabetes_drugs,DMD,326037007,Product containing precisely acarbose 50 milligram/1 each conventional release oral tablet (clinical drug),general
diabetes_drugs,DMD,938211000001105,Amaryl 2mg tablets (Aventis Pharma) (product),general
diabetes_drugs,DMD,15100211000001101,Nazdol MR 30mg tablets (Teva UK Ltd) (product),general
diabetes_drugs,DMD,15091011000001107,Glimepiride 1mg tablets (Sigma Pharmaceuticals Plc) (product),general
diabetes_drugs,DMD,18266811000001108,Humalog 100units/ml solution for injection 10ml vials (Necessity Supplies Ltd) (product),general
diabetes_drugs,DMD,14249211000001108,Humalog 100units/ml solution for injection 10ml vials (Sigma Pharmaceuticals Plc) (product),general
diabetes,SNOMED,412752009,Diabetic foot examination declined (context-dependent category),general
diabetes,SNOMED,472969004,History of diabetes mellitus type 2 (situation),type2
diabetes,SNOMED,769217008,Diabetic macular edema of right eye,general
diabetes,SNOMED,190447002,Steroid-induced diabetes (disorder),other
diabetes_drugs,DMD,29866811000001104,Toujeo 300units/ml solution for injection 1.5ml pre-filled SoloStar pens (Sanofi) (product),general
diabetes_drugs,DMD,11342811000001101,Glimepiride 1mg tablets (Sandoz Ltd) (product),general
diabetes_drugs,DMD,3473611000001106,Insulin lispro biphasic 50/50 100units/ml suspension for injection 3ml pre-filled disposable devices (product),general
diabetes_drugs,DMD,30933011000001102,Alogliptin 12.5mg / Metformin 1g tablets (Ennogen Healthcare Ltd) (product),general
diabetes_drugs,DMD,29981611000001101,Bydureon 2mg powder and solvent for suspension for injection vials (Lexon (UK) Ltd) (product),general
diabetes_drugs,DMD,32494011000001102,Glimepiride 4mg tablets (Brown & Burk UK Ltd) (product),general
diabetes_drugs,DMD,38190911000001103,Repaglinide 1mg tablets (Rivopharm (UK) Ltd) (product),general
diabetes,SNOMED,190372001,Type I diabetes mellitus maturity onset,type1
diabetes,SNOMED,417677008,O/E - sight threatening diabetic retinopathy (context-dependent category),general
diabetes,SNOMED,713704004,Gastroparesis due to diabetes mellitus (disorder),general
diabetes_drugs,DMD,378911000001109,Gliclazide 80mg tablets (A A H Pharmaceuticals Ltd) (product),general
diabetes_drugs,DMD,9752811000001105,Gliclazide 80mg tablets (Milpharm Ltd) (product),general
diabetes_drugs,DMD,37618711000001109,Bilxona 60mg modified-release tablets (Accord Healthcare Ltd) (product),general
diabetes_drugs,DMD,30214411000001104,Vipdomet 12.5mg/1000mg tablets (Waymade Healthcare Plc) (product),general
diabetes_drugs,DMD,36048611000001104,Insulin soluble human 100units/ml solution for injection 5ml vials (product),general
diabetes,SNOMED,420662003,Coma associated with diabetes mellitus (disorder),general
diabetes,SNOMED,658011000000104,Diabetes mellitus with other specified manifestation (disorder),general
diabetes_drugs,DMD,10274511000001109,Glimepiride 4mg tablets (A A H Pharmaceuticals Ltd) (product),general
diabetes_drugs,DMD,10352711000001104,Insulin lispro biphasic 50/50 100units/ml suspension for injection 3ml cartridges (product),general
diabetes_drugs,DMD,36048411000001102,Insulin soluble human 100units/ml solution for injection 3ml cartridges (product),general
diabetes_drugs,DMD,37667311000001105,Janumet 50mg/1000mg tablets (Pilsco Ltd) (product),general
diabetes_drugs,DMD,13440011000001109,Pioglitazone 30mg/5ml oral suspension (product),general
diabetes_drugs,DMD,37536011000001106,Trajenta 5mg tablets (CST Pharma Ltd) (product),general
diabetes,SNOMED,420486006,Exudative maculopathy associated with type I diabetes mellitus (disorder),type1
diabetes_drugs,DMD,3273611000001105,Humulin M3 100units/ml suspension for injection 3ml cartridges (Eli Lilly & Co Ltd) (product),general
diabetes_drugs,DMD,400780006,Insulin glargine 100units/mL injection solution 3mL cartridge (product),general
diabetes_drugs,DMD,17572711000001109,Actos 30mg tablets (Necessity Supplies Ltd) (product),general
diabetes_drugs,DMD,17622211000001109,Prandin 1mg tablets (Necessity Supplies Ltd) (product),general
diabetes_drugs,DMD,29754711000001105,Acarbose 50mg tablets (Sigma Pharmaceuticals Plc) (product),general
diabetes_drugs,DMD,3469911000001105,Insulin isophane biphasic human 20/80 100units/ml suspension for injection 1.5ml cartridges (product),general
diabetes_drugs,DMD,5396011000001100,NovoNorm 1mg tablets (PI) (Waymade Ltd) (product),general
diabetes_drugs,DMD,37992711000001109,Onglyza 2.5mg tablets (Pharmaram Ltd) (product),general
diabetes,SNOMED,75682002,Diabetes mellitus caused by insulin receptor antibodies (disorder),general
diabetes_drugs,DMD,325011000001101,Metformin 850mg tablets (A A H Pharmaceuticals Ltd) (product),general
diabetes_drugs,DMD,36048911000001105,Insulin zinc mixed human 100units/ml suspension for injection 10ml vials (product),general
diabetes_drugs,DMD,31014311000001106,Eperzan 30mg powder and solvent for solution for injection pre-filled pens (GlaxoSmithKline UK Ltd) (product),general
diabetes_drugs,DMD,13511000001103,Diabetamide 2.5mg tablets (Ashbourne Pharmaceuticals Ltd) (product),general
diabetes_drugs,DMD,16523811000001107,NovoMix 30 Penfill 100units/ml suspension for injection 3ml cartridges (Mawdsley-Brooks & Company Ltd) (product),general
diabetes_drugs,DMD,17572311000001105,Actos 15mg tablets (Necessity Supplies Ltd) (product),general
diabetes_drugs,DMD,24554311000001108,Metformin 500mg modified-release tablets (Actavis UK Ltd) (product),general
diabetes_drugs,DMD,8494911000001105,Glibenclamide 5mg/5ml oral solution (Special Order) (product),general
diabetes_drugs,DMD,23634111000001103,Vipidia 6.25mg tablets (Takeda UK Ltd) (product),general
diabetes_drugs,DMD,4053611000001100,Insulin isophane porcine 100units/ml suspension for injection 3ml cartridges (product),general
diabetes_drugs,DMD,3280011000001100,Hypurin Bovine Isophane 100units/ml suspension for injection 10ml vials (C P Pharmaceuticals Ltd) (product),general
diabetes_drugs,DMD,864711000001108,Tolbutamide 500mg tablets (Alpharma Limited) (product),general
diabetes_drugs,DMD,11124411000001104,Mixtard 30 InnoLet 100units/ml suspension for injection 3ml pre-filled pens (Waymade Healthcare Plc) (product),general
diabetes_drugs,DMD,21112511000001100,Acarbose 100mg tablets (Actavis UK Ltd) (product),general
diabetes_drugs,DMD,18155911000001101,Starlix 120mg tablets (Mawdsley-Brooks & Company Ltd) (product),general
diabetes_drugs,DMD,36630511000001105,Insulin glargine 100units/ml / Lixisenatide 33micrograms/ml solution for injection 3ml pre-filled disposable devices (product),general
diabetes_drugs,DMD,12108411000001101,Glibenclamide 2.5mg/5ml oral suspension (Special Order) (product),general
diabetes_drugs,DMD,11116811000001102,Hypurin Porcine Neutral 100units/ml solution for injection 10ml vials (Waymade Ltd) (product),general
diabetes_drugs,DMD,29737811000001107,Onglyza 2.5mg tablets (Waymade Healthcare Plc) (product),general
diabetes_drugs,DMD,32498311000001109,Gliclazide 40mg tablets (Actavis UK Ltd) (product),general
diabetes_drugs,DMD,33598711000001105,Pioglitazone 45mg tablets (Mylan Ltd) (product),general
diabetes_drugs,DMD,33614311000001108,Repaglinide 1mg tablets (Mylan Ltd) (product),general
diabetes_drugs,DMD,5329011000001103,Actos 15mg tablets (PI) (Waymade Ltd) (product),general
diabetes_drugs,DMD,37512311000001104,Victoza 6mg/ml solution for injection 3ml pre-filled pens (Mawdsley-Brooks & Company Ltd) (product),general
diabetes_drugs,DMD,37992911000001106,Onglyza 5mg tablets (Pharmaram Ltd) (product),general
diabetes,SNOMED,230576004,Diabetic asymmetric polyneuropathy,general
diabetes_drugs,DMD,30318311000001106,Empagliflozin 5mg / Metformin 1g tablets (product),general
diabetes_drugs,DMD,32857511000001104,Sitagliptin 50mg/5ml oral suspension (Special Order) (product),general
diabetes_drugs,DMD,32182811000001100,Alogliptin 25mg tablets (Niche Pharma Ltd) (product),general
diabetes_drugs,DMD,325065003,Insulin lispro 100units/mL injection solution 10mL vial (product),general
diabetes,SNOMED,201251005,Neuropathic diabetic ulcer - foot,general
diabetes_drugs,DMD,7594211000001102,Insulin detemir 100units/ml solution for injection 3ml pre-filled disposable devices (product),general
diabetes_drugs,DMD,18046311000001103,Insuman Infusat 100units/ml solution for injection 3.15ml cartridges (Imported (Germany)) (product),general
diabetes_drugs,DMD,13549911000001105,Gliclazide 30mg modified-release tablets (Kent Pharmaceuticals Ltd) (product),general
diabetes_drugs,DMD,29742811000001105,Diabiom 15mg tablets (Tillomed Laboratories Ltd) (product),general
diabetes_drugs,DMD,37667611000001100,Januvia 100mg tablets (Pilsco Ltd) (product),general
diabetes_drugs,DMD,5322611000001103,Metformin 500mg / Rosiglitazone 1mg tablets (product),general
diabetes_drugs,DMD,13158411000001100,Diamicron 30mg MR tablets (Dowelhurst Ltd) (product),general
diabetes,SNOMED,426705001,Diabetes mellitus associated with cystic fibrosis (disorder),general
diabetes,SNOMED,23045005,Insulin dependent diabetes mellitus type IA (disorder),type1
diabetes_drugs,DMD,21939511000001100,Insulin degludec 100units/ml solution for injection 3ml cartridges (product),general
diabetes_drugs,DMD,15334511000001109,Edicil MR 30mg tablets (Ratiopharm UK Ltd) (product),general
diabetes_drugs,DMD,14200811000001109,Avandia 4mg tablets (Sigma Pharmaceuticals Plc) (product),general
diabetes_drugs,DMD,5456111000001104,Glibenclamide 5mg tablets (PI) (Dowelhurst Ltd) (product),general
diabetes_drugs,DMD,36893611000001103,Trajenta 5mg tablets (Pharmaram Ltd) (product),general
diabetes_drugs,DMD,28462311000001103,Trulicity 1.5mg/0.5ml solution for injection pre-filled pens (Eli Lilly and Company Ltd) (product),general
diabetes_drugs,DMD,35216811000001101,Humalog Junior KwikPen 100units/ml solution for injection 3ml pre-filled pens (Eli Lilly and Company Ltd) (product),general
diabetes_drugs,DMD,19361511000001109,Pioglitazone 30mg tablets (A A H Pharmaceuticals Ltd) (product),general
diabetes_drugs,DMD,30112111000001103,Pioglitazone 30mg tablets (DE Pharmaceuticals) (product),general
diabetes_drugs,DMD,12136011000001101,Gliclazide 120mg/5ml oral suspension (product),general
diabetes,SNOMED,232022001,Proliferative diabetic retinopathy with new vessels elsewhere than on disc,general
diabetes,SNOMED,237599002,Insulin-treated non-insulin-dependent diabetes mellitus,general
diabetes,SNOMED,2751001,Fibrocalculous pancreatic diabetes (disorder),general
diabetes_drugs,DMD,17060511000001108,Janumet 50mg/1000mg tablets (Merck Sharp & Dohme Ltd) (product),general
diabetes_drugs,DMD,24088611000001101,Invokana 100mg tablets (Janssen-Cilag Ltd) (product),general
diabetes_drugs,DMD,134608004,Product containing precisely nateglinide 180 milligram/1 each conventional release oral tablet (clinical drug),general
diabetes_drugs,DMD,157911000001103,Metformin 850mg tablets (Approved Prescription Services) (product),general
diabetes_drugs,DMD,909311000001100,Metformin 850mg tablets (Sandoz Ltd) (product),general
diabetes_drugs,DMD,19361311000001103,Pioglitazone 15mg tablets (A A H Pharmaceuticals Ltd) (product),general
diabetes_drugs,DMD,270611000001105,Avandia 8mg tablets (GlaxoSmithKline) (product),general
diabetes_drugs,DMD,13720511000001107,Glimepiride 2mg tablets (Ranbaxy (UK) Ltd) (product),general
diabetes_drugs,DMD,19476411000001104,Pioglitazone 30mg tablets (Consilient Health Ltd) (product),general
diabetes_drugs,DMD,21794511000001100,Metformin 850mg tablets (Waymade Healthcare Plc) (product),general
diabetes_drugs,DMD,24106711000001104,Glimepiride 3mg tablets (DE Pharmaceuticals) (product),general
diabetes_drugs,DMD,36048511000001103,Insulin soluble human 100units/ml solution for injection 3ml pre-filled disposable devices (product),general
diabetes_drugs,DMD,37538111000001106,Vipidia 6.25mg tablets (CST Pharma Ltd) (product),general
diabetes,SNOMED,201724008,Diabetic Charcots arthropathy,general
diabetes,SNOMED,399864000,Diabetic macular edema not clinically significant (disorder),general
diabetes,SNOMED,422166005,Peripheral circulatory disorder associated with type II diabetes mellitus (disorder),type2
diabetes,SNOMED,284449005,Congenital total lipodystrophy (disorder),general
diabetes,SNOMED,5969009,Diabetes mellitus associated with genetic syndrome (disorder),general
diabetes_drugs,DMD,11124011000001108,Mixtard 30 100units/ml suspension for injection 10ml vials (Waymade Ltd) (product),general
diabetes_drugs,DMD,22879311000001103,Januvia 50mg tablets (Waymade Healthcare Plc) (product),general
diabetes_drugs,DMD,30214811000001102,Vipidia 25mg tablets (Waymade Healthcare Plc) (product),general
diabetes_drugs,DMD,32431711000001109,Alogliptin 12.5mg / Metformin 1g tablets (Colorama Pharmaceuticals Ltd) (product),general
diabetes_drugs,DMD,745211000001107,Glibenclamide 5mg tablets (A A H Pharmaceuticals Ltd) (product),general
diabetes_drugs,DMD,85711000001106,Metformin 850mg tablets (Unichem Plc) (product),general
diabetes,SNOMED,126534007,Diabetic mixed sensory-motor polyneuropathy,general
diabetes_drugs,DMD,25290511000001101,Empagliflozin 10mg tablets (product),general
diabetes_drugs,DMD,8990711000001100,Glucophage SR 500mg tablets (Merck Pharmaceuticals) (product),general
diabetes_drugs,DMD,9532111000001100,Insulin glulisine 100units/ml solution for injection 3ml cartridges (product),general
diabetes_drugs,DMD,3472511000001100,Insulin isophane human 100units/ml suspension for injection 10ml vials (product),general
diabetes_drugs,DMD,10518111000001108,Glimepiride 3mg tablets (Winthrop Pharmaceuticals UK Ltd) (product),general
diabetes_drugs,DMD,4033211000001103,Insulin isophane bovine 100units/ml suspension for injection 3ml cartridges (product),general
diabetes_drugs,DMD,10390811000001101,Metformin 850mg tablets (Arrow Generics Ltd) (product),general
diabetes_drugs,DMD,11018411000001105,Glimepiride 4mg tablets (Dr Reddys Labs) (product),general
diabetes_drugs,DMD,11121911000001109,Velosulin 100units/ml solution for injection 10ml vials (Waymade Ltd) (product),general
diabetes_drugs,DMD,13613911000001109,Gliclazide 30mg modified-release tablets (A A H Pharmaceuticals Ltd) (product),general
diabetes_drugs,DMD,20777611000001109,Repaglinide 1mg tablets (Accord Healthcare Ltd) (product),general
diabetes_drugs,DMD,35593611000001101,Metformin 850mg tablets (RX Farma) (product),general
diabetes_drugs,DMD,3471411000001109,Insulin isophane biphasic human 50/50 100units/ml suspension for injection 1.5ml cartridges (product),general
diabetes,SNOMED,62260007,Pretibial pigmental patches in diabetes,general
diabetes,SNOMED,127011001,Diabetic sensory polyneuropathy,general
diabetes,SNOMED,5368009,Drug-induced diabetes mellitus (disorder),other
diabetes_drugs,DMD,637811000001108,Metformin 850mg tablets (Sterwin Medicines) (product),general
diabetes_drugs,DMD,11116211000001103,Pork Mixtard 30 100units/ml suspension for injection 10ml vials (Waymade Ltd) (product),general
diabetes_drugs,DMD,16518911000001101,Humalog Mix50 100units/ml suspension for injection 3ml cartridges (Mawdsley-Brooks & Company Ltd) (product),general
diabetes_drugs,DMD,5268311000001108,Humalog 100units/ml solution for injection 3ml cartridges (PI) (Waymade Ltd) (product),general
diabetes_drugs,DMD,5336711000001109,Avandia 4mg tablets (PI) (Waymade Ltd) (product),general
diabetes_drugs,DMD,18462111000001101,Gliclazide 80mg tablets (Accord Healthcare Ltd) (product),general
diabetes_drugs,DMD,38175211000001105,Vipidia 25mg tablets (DE Pharmaceuticals) (product),general
diabetes,SNOMED,769186002,Moderate nonproliferative diabetic retinopathy of left eye,general
diabetes,SNOMED,110181000119105,Peripheral sensory neuropathy due to type 2 diabetes mellitus,type2
diabetes_drugs,DMD,3262011000001103,Insulatard FlexPen 100units/ml suspension for injection (Novo Nordisk Pharmaceuticals Ltd) (product),general
diabetes_drugs,DMD,16523211000001106,NovoMix 30 FlexPen 100units/ml suspension for injection 3ml pre-filled pens (Mawdsley-Brooks & Company Ltd) (product),general
diabetes_drugs,DMD,17602211000001103,NovoRapid Penfill 100units/ml solution for injection 3ml cartridges (Necessity Supplies Ltd) (product),general
diabetes_drugs,DMD,19360311000001108,Repaglinide 500microgram tablets (Alliance Healthcare (Distribution) Ltd) (product),general
diabetes_drugs,DMD,32493811000001105,Glimepiride 3mg tablets (Brown & Burk UK Ltd) (product),general
diabetes_drugs,DMD,3474611000001109,Insulin soluble porcine 100units/ml suspension for injection 1.5ml cartridges (product),general
diabetes_drugs,DMD,8615611000001104,Metformin 250mg/5ml oral suspension (Special Order) (product),general
diabetes_drugs,DMD,37120411000001106,Metformin 500mg tablets (Mawdsley-Brooks & Company Ltd) (product),general
diabetes_drugs,DMD,37526411000001104,Jardiance 10mg tablets (Mawdsley-Brooks & Company Ltd) (product),general
diabetes,SNOMED,80660001,Mauriacs syndrome (disorder),type1
diabetes,SNOMED,1066921000000106,Diabetes monitoring short message service text message second invitation (procedure),removed
diabetes_drugs,DMD,33766211000001100,Zicron PR 30mg tablets (Bristol Laboratories Ltd) (product),general
diabetes_drugs,DMD,10517711000001108,Glimepiride 1mg tablets (Winthrop Pharmaceuticals UK Ltd) (product),general
diabetes_drugs,DMD,10390211000001102,Metformin 500mg tablets (Arrow Generics Ltd) (product),general
diabetes_drugs,DMD,3285511000001103,Human Mixtard 40 Penfill 100units/ml suspension for injection 1.5ml cartridges (Novo Nordisk Pharmaceuticals Ltd) (product),general
diabetes,SNOMED,25093002,Diabetic oculopathy,general
diabetes,SNOMED,59276001,Proliferative diabetic retinopathy,general
diabetes,SNOMED,420825003,Gangrene associated with type I diabetes mellitus (disorder),type1
diabetes_drugs,DMD,28440211000001102,Exenatide 2mg powder and solvent for suspension for injection pre-filled disposable devices (product),general
diabetes_drugs,DMD,31015711000001109,Albiglutide 30mg powder and solvent for solution for injection pre-filled disposable devices (product),general
diabetes_drugs,DMD,18491611000001100,Lantus 100units/ml solution for injection 3ml pre-filled SoloStar pens (Necessity Supplies Ltd) (product),general
diabetes_drugs,DMD,5303611000001103,Avandamet 2mg/500mg tablets (GlaxoSmithKline) (product),general
diabetes_drugs,DMD,10445311000001101,Glimepiride 2mg tablets (Niche Generics Ltd) (product),general
diabetes_drugs,DMD,8664711000001108,Metformin 850mg/5ml oral suspension (product),general
diabetes_drugs,DMD,115811000001106,Metformin 850mg tablets (Alpharma Limited) (product),general
diabetes_drugs,DMD,12135611000001103,Glibenclamide 2.5mg/5ml oral suspension (product),general
diabetes_drugs,DMD,19611511000001103,Eucreas 50mg/850mg tablets (Doncaster Pharmaceuticals Ltd) (product),general
diabetes_drugs,DMD,37406011000001107,Glibenclamide 6mg/ml oral suspension sugar free (product),general
diabetes_drugs,DMD,37694811000001108,NovoMix 30 FlexPen 100units/ml suspension for injection 3ml pre-filled pens (Pilsco Ltd) (product),general
diabetes_drugs,DMD,423962004,Product containing precisely sitagliptin (as sitagliptin phosphate) 25 milligram/1 each conventional release oral tablet (clinical drug),general
diabetes_drugs,DMD,703679006,Product containing precisely dapagliflozin propanediol 5 milligram/1 each conventional release oral tablet (clinical drug),general
diabetes_drugs,DMD,22027411000001104,Glimepiride 2mg tablets (Waymade Healthcare Plc) (product),general
diabetes_drugs,DMD,5481211000001105,Minodiab 5mg tablets (PI) (Waymade Ltd) (product),general
diabetes,SNOMED,421365002,Peripheral circulatory disorder associated with type I diabetes mellitus (disorder),type1
diabetes_drugs,DMD,21609811000001108,Forxiga 10mg tablets (Bristol-Myers Squibb Pharmaceuticals Ltd) (product),general
diabetes_drugs,DMD,325218001,Product containing precisely glibenclamide 2.5 milligram/1 each conventional release oral tablet (clinical drug),general
diabetes_drugs,DMD,3470911000001108,Insulin isophane biphasic human 30/70 100units/ml suspension for injection 3ml cartridges (product),general
diabetes_drugs,DMD,11766011000001102,Prandin 1mg tablets (Waymade Healthcare Plc) (product),general
diabetes_drugs,DMD,32181311000001100,Alogliptin 12.5mg / Metformin 1g tablets (Niche Pharma Ltd) (product),general
diabetes_drugs,DMD,325100008,Insulin zinc extended release 100units/mL injection 10mL vial (product),general
diabetes,SNOMED,313436004,Non-insulin-dependent diabetes mellitus without complication,general
diabetes,SNOMED,724810001,Radiculoplexoneuropathy due to diabetes mellitus (disorder),general
diabetes_drugs,DMD,17205711000001104,Tolbutamide 500mg tablets (Sovereign Medical Ltd) (product),general
diabetes_drugs,DMD,12136211000001106,Gliclazide 50mg/5ml oral suspension (product),general
diabetes_drugs,DMD,30875411000001101,Repaglinide 500microgram tablets (Mawdsley-Brooks & Company Ltd) (product),general
diabetes_drugs,DMD,5414811000001105,Starlix 120mg tablets (PI) (Waymade Ltd) (product),general
diabetes_drugs,DMD,5519911000001107,Amaryl 1mg tablets (PI) (Dowelhurst Ltd) (product),general
diabetes,SNOMED,314902007,Type II diabetes mellitus with peripheral angiopathy,type2
diabetes,SNOMED,722161008,Diabetic retinal eye exam (procedure),general
diabetes,SNOMED,368601000119102,Hyperosmolar coma due to secondary diabetes mellitus,general
diabetes_drugs,DMD,15367811000001105,Glucophage SR 1000mg tablets (Merck Serono Ltd) (product),general
diabetes_drugs,DMD,15603111000001104,Humulin R 500units/ml solution for injection 20ml vials (Imported (United States)) (product),general
diabetes_drugs,DMD,13180611000001108,NovoMix 30 Penfill 100units/ml suspension for injection 3ml cartridges (Dowelhurst Ltd) (product),general
diabetes_drugs,DMD,10445111000001103,Glimepiride 1mg tablets (Niche Generics Ltd) (product),general
diabetes_drugs,DMD,30828011000001103,Metformin 1g modified-release tablets (Mawdsley-Brooks & Company Ltd) (product),general
diabetes_drugs,DMD,37672511000001109,Lantus 100units/ml solution for injection 3ml pre-filled SoloStar pens (Pilsco Ltd) (product),general
diabetes_drugs,DMD,37989011000001104,Eucreas 50mg/1000mg tablets (Pharmaram Ltd) (product),general
diabetes_drugs,DMD,38142111000001107,Jardiance 10mg tablets (DE Pharmaceuticals) (product),general
diabetes_drugs,DMD,10741611000001100,Metsol 500mg/5ml oral solution (Orbis Consumer Products Ltd) (product),general
diabetes_drugs,DMD,19361711000001104,Repaglinide 500microgram tablets (A A H Pharmaceuticals Ltd) (product),general
diabetes_drugs,DMD,21409211000001109,Gliclazide 80mg tablets (Medreich Plc) (product),general
diabetes,SNOMED,74627003,Diabetic complication,general
diabetes,SNOMED,420279001,Renal disorder associated with type II diabetes mellitus (disorder),type2
diabetes,SNOMED,421750000,Ketoacidosis in type II diabetes mellitus (disorder),type2
diabetes,SNOMED,237632004,Hypoglycemic event in diabetes (disorder),general
diabetes,SNOMED,763325000,Insulin resistance (disorder),general
diabetes,SNOMED,1066911000000100,Diabetes monitoring short message service text message first invitation (procedure),removed
diabetes_drugs,DMD,19525211000001103,Linagliptin 5mg tablets (product),general
diabetes_drugs,DMD,28049211000001101,Canagliflozin 50mg / Metformin 1g tablets (product),general
diabetes_drugs,DMD,35776511000001103,Insulin lispro Sanofi 100units/ml solution for injection 3ml cartridges (Sanofi) (product),general
diabetes_drugs,DMD,3260611000001109,Insuman Basal 100units/ml suspension for injection 3ml pre-filled OptiSet pens (Sanofi) (product),general
diabetes_drugs,DMD,16548811000001104,Insulin lispro biphasic 25/75 100units/ml suspension for injection 10ml vials (product),general
diabetes_drugs,DMD,10272611000001100,Glimepiride 1mg tablets (Unichem Plc) (product),general
diabetes_drugs,DMD,18049911000001106,Actos 15mg tablets (Lexon (UK) Ltd) (product),general
diabetes_drugs,DMD,19958211000001103,Glizofar 45mg tablets (Teva UK Ltd) (product),general
diabetes_drugs,DMD,3471211000001105,Insulin isophane biphasic human 40/60 100units/ml suspension for injection 3ml cartridges (product),general
diabetes,SNOMED,399871005,Visually threatening diabetic retinopathy (disorder),general
diabetes,SNOMED,420270002,Ketoacidosis in type I diabetes mellitus (disorder),type1
diabetes_drugs,DMD,363211000001102,Glucophage 500mg tablets (Merck Pharmaceuticals) (product),general
diabetes_drugs,DMD,28279611000001109,Insulin degludec 100units/ml / Liraglutide 3.6mg/ml solution for injection 3ml pre-filled disposable devices (product),general
diabetes_drugs,DMD,3266111000001103,Mixtard 20 NovoLet 100units/ml suspension for injection (Novo Nordisk Pharmaceuticals Ltd) (product),general
diabetes_drugs,DMD,5395711000001106,NovoNorm 500microgram tablets (PI) (Waymade Ltd) (product),general
diabetes_drugs,DMD,37667011000001107,Invokana 100mg tablets (Pilsco Ltd) (product),general
diabetes_drugs,DMD,17914711000001102,Glibenclamide 2.5mg tablets (Phoenix Healthcare Distribution Ltd) (product),general
diabetes_drugs,DMD,19277111000001106,Repaglinide 500microgram tablets (Aspire Pharma Ltd) (product),general
diabetes_drugs,DMD,3473011000001104,Insulin isophane porcine 100units/ml suspension for injection 10ml vials (product),general
diabetes_drugs,DMD,17455811000001101,Starlix 60mg tablets (Mawdsley-Brooks & Company Ltd) (product),general
diabetes_drugs,DMD,24106511000001109,Glimepiride 2mg tablets (DE Pharmaceuticals) (product),general
diabetes_drugs,DMD,11123311000001109,Mixtard 40 Penfill 100units/ml suspension for injection 3ml cartridges (Waymade Ltd) (product),general
diabetes_drugs,DMD,17915611000001107,Gliclazide 80mg tablets (Phoenix Healthcare Distribution Ltd) (product),general
diabetes_drugs,DMD,29743211000001103,Diabiom 45mg tablets (Tillomed Laboratories Ltd) (product),general
diabetes,SNOMED,390850007,O/E - no right diabetic retinopathy (context-dependent category),general
diabetes,SNOMED,385041000000108,Diabetes mellitus with multiple complications (disorder),general
diabetes_drugs,DMD,703680009,Product containing precisely dapagliflozin propanediol 10 milligram/1 each conventional release oral tablet (clinical drug),general
diabetes_drugs,DMD,3284211000001102,Lantus 100units/ml solution for injection 3ml cartridges (Aventis Pharma) (product),general
diabetes_drugs,DMD,28426011000001108,Bydureon 2mg powder and solvent for prolonged-release suspension for injection pre-filled pens (AstraZeneca UK Ltd) (product),general
diabetes_drugs,DMD,326049008,Product containing precisely repaglinide 2 milligram/1 each conventional release oral tablet (clinical drug),general
diabetes_drugs,DMD,3470711000001106,Insulin isophane biphasic human 30/70 100units/ml suspension for injection 10ml vials (product),general
diabetes_drugs,DMD,17895211000001104,Actos 45mg tablets (Sigma Pharmaceuticals Plc) (product),general
diabetes_drugs,DMD,3949611000001107,Chlorpropamide 100mg tablets (The Boots Company) (product),general
diabetes_drugs,DMD,20023111000001108,Glizofar 30mg tablets (Arrow Generics Ltd) (product),general
diabetes,SNOMED,51002006,Diabetes mellitus associated with pancreatic disease,general
diabetes,SNOMED,238982009,Diabetic dermopathy,general
diabetes,SNOMED,408410002,O/E - left eye background diabetic retinopathy (context-dependent category),general
diabetes,SNOMED,198131000000101,Hypoglycaemic warning good (disorder),general
diabetes,SNOMED,310425007,Diabetes monitoring invitation (procedure),removed
diabetes_drugs,DMD,21994611000001106,Lixisenatide 10micrograms/0.2ml solution for injection 3ml pre-filled disposable devices (product),general
diabetes_drugs,DMD,19308111000001109,Glucient SR 500mg tablets (Consilient Health Ltd) (product),general
diabetes_drugs,DMD,785311000001108,Metformin 500mg tablets (Sterwin Medicines) (product),general
diabetes_drugs,DMD,13626011000001107,Niddaryl 1mg tablets (Dee Pharmaceuticals Ltd) (product),general
diabetes_drugs,DMD,22949311000001108,Pioglitazone 30mg tablets (Ranbaxy (UK) Ltd) (product),general
diabetes_drugs,DMD,8614811000001101,Metformin 425mg/5ml oral suspension (Special Order) (product),general
diabetes_drugs,DMD,38123611000001107,Byetta 10micrograms/0.04ml solution for injection 2.4ml pre-filled pens (DE Pharmaceuticals) (product),general
diabetes_drugs,DMD,13205311000001109,Starlix 120mg tablets (Dowelhurst Ltd) (product),general
diabetes_drugs,DMD,13578511000001105,Glipizide 5mg tablets (Doncaster Pharmaceuticals Ltd) (product),general
diabetes_drugs,DMD,20320211000001108,Pioglitazone 30mg tablets (Sandoz Ltd) (product),general
diabetes_drugs,DMD,28775411000001103,Canagliflozin 300mg tablets (Colorama Pharmaceuticals Ltd) (product),general
diabetes_drugs,DMD,400844000,Insulin zinc suspension mixed human 100units/ml injection 10ml vial (product),general
diabetes,SNOMED,127013003,Diabetic renal disease,general
diabetes,SNOMED,472970003,History of diabetes mellitus type 1 (situation),type1
diabetes_drugs,DMD,14183911000001108,Bolamyn SR 500mg tablets (Teva UK Ltd) (product),general
diabetes_drugs,DMD,35214311000001104,Humulin R KwikPen 500units/ml solution for injection 3ml pre-filled pens (Imported (United States)) (product),general
diabetes_drugs,DMD,10539211000001101,Glimepiride 1mg tablets (PI) (Waymade Ltd) (product),general
diabetes_drugs,DMD,3471311000001102,Insulin isophane biphasic human 40/60 100units/ml suspension for injection 3ml pre-filled disposable devices (product),general
diabetes_drugs,DMD,5441111000001105,Acarbose 100mg tablets (PI) (Dowelhurst Ltd) (product),general
diabetes_drugs,DMD,5448611000001105,Glimepiride 1mg tablets (PI) (Dowelhurst Ltd) (product),general
diabetes_drugs,DMD,13182011000001102,NovoRapid Penfill 100units/ml solution for injection 3ml cartridges (Dowelhurst Ltd) (product),general
diabetes_drugs,DMD,17558911000001107,Glucobay 100mg tablets (Sigma Pharmaceuticals Plc) (product),general
diabetes,SNOMED,4855003,Diabetic retinopathy,general
diabetes_drugs,DMD,3279211000001105,NovoRapid Penfill 100units/ml solution for injection 3ml cartridges (Novo Nordisk Pharmaceuticals Ltd) (product),general
diabetes_drugs,DMD,11494611000001105,Byetta 10micrograms/0.04ml solution for injection 2.4ml pre-filled pens (AstraZeneca UK Ltd) (product),general
diabetes_drugs,DMD,28989711000001106,Insulin lispro 200units/ml solution for injection 3ml pre-filled disposable devices (product),general
diabetes_drugs,DMD,10154911000001102,Glimepiride 1mg tablets (Alpharma Ltd) (product),general
diabetes_drugs,DMD,17510511000001106,Lantus 100units/ml solution for injection 3ml cartridges (Mawdsley-Brooks & Company Ltd) (product),general
diabetes_drugs,DMD,19179211000001108,Repaglinide 500microgram tablets (Teva UK Ltd) (product),general
diabetes_drugs,DMD,49111000001103,Diaglyk 80mg tablets (Ashbourne Pharmaceuticals Ltd) (product),general
diabetes_drugs,DMD,38176411000001100,Xigduo 5mg/1000mg tablets (DE Pharmaceuticals) (product),general
diabetes_drugs,DMD,12147111000001103,Glimepiride 1mg tablets (Kent Pharmaceuticals Ltd) (product),general
diabetes_drugs,DMD,31352111000001108,Alogliptin 25mg tablets (J M McGill Ltd) (product),general
diabetes_drugs,DMD,32860911000001103,Tolazamide 250mg tablets (Imported (United States)) (product),general
diabetes,SNOMED,422275004,Gangrene associated with diabetes mellitus (disorder),general
diabetes,SNOMED,444073006,Type I diabetes mellitus uncontrolled (finding),type1
diabetes_drugs,DMD,23677111000001106,Januvia 25mg tablets (Waymade Healthcare Plc) (product),general
diabetes_drugs,DMD,37420411000001107,Humulin I 100units/ml suspension for injection 10ml vials (CST Pharma Ltd) (product),general
diabetes_drugs,DMD,16158211000001107,Diamicron 30mg MR tablets (Lexon (UK) Ltd) (product),general
diabetes_drugs,DMD,36047311000001108,Insulin isophane human 100units/ml suspension for injection 3ml cartridges (product),general
diabetes_drugs,DMD,164511000001108,Amaryl 3mg tablets (Aventis Pharma) (product),general
diabetes_drugs,DMD,18251011000001100,Diamicron 30mg MR tablets (Necessity Supplies Ltd) (product),general
diabetes_drugs,DMD,18491811000001101,Lantus 100units/ml solution for injection 10ml vials (Necessity Supplies Ltd) (product),general
diabetes_drugs,DMD,18624411000001105,Acarbose 100mg tablets (Phoenix Healthcare Distribution Ltd) (product),general
diabetes_drugs,DMD,3267911000001102,Pork Mixtard 30 100units/ml suspension for injection 10ml vials (Novo Nordisk Pharmaceuticals Ltd) (product),general
diabetes_drugs,DMD,13181211000001100,NovoRapid FlexPen 100units/ml solution for injection 3ml pre-filled pens (Dowelhurst Ltd) (product),general
diabetes_drugs,DMD,16522711000001107,NovoRapid Penfill 100units/ml solution for injection 3ml cartridges (Mawdsley-Brooks & Company Ltd) (product),general
diabetes_drugs,DMD,17601911000001101,NovoRapid FlexPen 100units/ml solution for injection 3ml pre-filled pens (Necessity Supplies Ltd) (product),general
diabetes_drugs,DMD,494111000001103,NovoNorm 1mg tablets (Novo Nordisk Pharmaceuticals Ltd) (product),general
diabetes_drugs,DMD,718311000001102,Glibenclamide 5mg tablets (Unichem Plc) (product),general
diabetes_drugs,DMD,3280711000001103,NovoRapid 100units/ml solution for injection 10ml vials (Novo Nordisk Pharmaceuticals Ltd) (product),general
diabetes_drugs,DMD,25238811000001107,Jardiance 10mg tablets (Boehringer Ingelheim Ltd) (product),general
diabetes_drugs,DMD,3264111000001105,Insuman Comb 25 100units/ml suspension for injection 3ml cartridges (Aventis Pharma) (product),general
diabetes_drugs,DMD,3472011000001108,Insulin isophane biphasic porcine 30/70 100units/ml suspension for injection 10ml vials (product),general
diabetes_drugs,DMD,19613711000001109,Humalog Mix25 100units/ml suspension for injection 3ml cartridges (Doncaster Pharmaceuticals Ltd) (product),general
diabetes_drugs,DMD,36857111000001109,Pioglitazone 30mg tablets (Torrent Pharma (UK) Ltd) (product),general
diabetes_drugs,DMD,37972011000001100,Humalog 100units/ml solution for injection 10ml vials (Pharmaram Ltd) (product),general
diabetes_drugs,DMD,17582111000001100,Amaryl 2mg tablets (Necessity Supplies Ltd) (product),general
diabetes_drugs,DMD,19361111000001100,Repaglinide 2mg tablets (Alliance Healthcare (Distribution) Ltd) (product),general
diabetes,SNOMED,157141000119108,Proteinuria due to type 2 diabetes mellitus,type2
diabetes_drugs,DMD,16677511000001108,Zicron 40mg tablets (Bristol Laboratories Ltd) (product),general
diabetes_drugs,DMD,58011000001106,Actos 15mg tablets (Takeda UK Ltd) (product),general
diabetes_drugs,DMD,35215111000001102,Insulin human 500units/ml solution for injection 3ml pre-filled disposable devices (product),general
diabetes_drugs,DMD,10437311000001105,Glimepiride 4mg tablets (Niche Generics Ltd) (product),general
diabetes_drugs,DMD,36893111000001106,Forxiga 10mg tablets (Pharmaram Ltd) (product),general
diabetes_drugs,DMD,11473511000001103,Sitagliptin 100mg tablets (product),general
diabetes,SNOMED,769245002,Disorder of left macula co-occurrent and due to diabetes mellitus (disorder),general
diabetes_drugs,DMD,23637411000001103,Alogliptin 25mg tablets (product),general
diabetes_drugs,DMD,11114611000001105,Levemir Penfill 100units/ml solution for injection 3ml cartridges (Waymade Ltd) (product),general
diabetes_drugs,DMD,38174811000001105,Vipidia 6.25mg tablets (DE Pharmaceuticals) (product),general
diabetes_drugs,DMD,12147511000001107,Glimepiride 3mg tablets (Kent Pharmaceuticals Ltd) (product),general
diabetes_drugs,DMD,18212011000001102,Lantus 100units/ml solution for injection 10ml vials (Mawdsley-Brooks & Company Ltd) (product),general
diabetes_drugs,DMD,21735211000001106,Acarbose 100mg tablets (Waymade Healthcare Plc) (product),general
diabetes_drugs,DMD,30135211000001109,Gliclazide 30mg modified-release tablets (Mawdsley-Brooks & Company Ltd) (product),general
diabetes_drugs,DMD,3333111000001107,Pork Insulatard 100units/ml suspension for injection 10ml vials (Novo Nordisk Pharmaceuticals Ltd) (product),general
diabetes_drugs,DMD,37527011000001106,Jentadueto 2.5mg/1000mg tablets (Mawdsley-Brooks & Company Ltd) (product),general
diabetes,SNOMED,190411003,Malnutrition-related diabetes mellitus with multiple complications,other
diabetes,SNOMED,769181007,Preproliferative retinopathy of right eye co-occurrent and due to diabetes mellitus (disorder),general
diabetes_drugs,DMD,3276911000001105,Humalog Mix50 Pen 100units/ml suspension for injection 3ml pre-filled pens (Eli Lilly and Company Ltd) (product),general
diabetes_drugs,DMD,19613311000001105,Humalog Mix25 KwikPen 100units/ml suspension for injection 3ml pre-filled pens (DE Pharmaceuticals) (product),general
diabetes_drugs,DMD,3470211000001104,Insulin isophane biphasic human 25/75 100units/ml suspension for injection 3ml cartridges (product),general
diabetes_drugs,DMD,36468511000001101,Pioglitazone 15mg / Metformin 850mg tablets (Alliance Healthcare (Distribution) Ltd) (product),general
diabetes_drugs,DMD,325076004,Insulin aspart 100units/mL injection solution 10mL vial (product),general
diabetes_drugs,DMD,3472211000001103,Insulin isophane bovine 100units/ml suspension for injection 1.5ml cartridges (product),general
diabetes_drugs,DMD,37992511000001104,NovoMix 30 FlexPen 100units/ml suspension for injection 3ml pre-filled pens (Pharmaram Ltd) (product),general
diabetes,SNOMED,190388001,Type II diabetes mellitus with multiple complications,type2
diabetes_drugs,DMD,17071811000001108,Metformin 1g / Sitagliptin 50mg tablets (product),general
diabetes_drugs,DMD,3278511000001102,Humalog Pen 100units/ml solution for injection 3ml pre-filled pens (Eli Lilly and Company Ltd) (product),general
diabetes_drugs,DMD,13772611000001106,Glucophage SR 500mg tablets (Waymade Healthcare Plc) (product),general
diabetes_drugs,DMD,639511000001103,Tolbutamide 500mg tablets (Approved Prescription Services) (product),general
diabetes_drugs,DMD,8285611000001103,Metformin 1g / Rosiglitazone 2mg tablets (product),general
diabetes_drugs,DMD,13883511000001106,Glucophage 500mg tablets (Doncaster Pharmaceuticals Ltd) (product),general
diabetes_drugs,DMD,17973211000001101,Glibenclamide 5mg tablets (Almus Pharmaceuticals Ltd) (product),general
diabetes_drugs,DMD,3281811000001103,Humulin Zn 100units/ml suspension for injection 10ml vials (Eli Lilly & Co Ltd) (product),general
diabetes_drugs,DMD,37526711000001105,Jardiance 25mg tablets (Mawdsley-Brooks & Company Ltd) (product),general
diabetes,SNOMED,237652003,Insulin resistance - type B (disorder),general
diabetes_drugs,DMD,36047611000001103,Insulin lispro 100units/ml solution for injection 10ml vials (product),general
diabetes_drugs,DMD,9797311000001109,Metformin 500mg tablets (Almus Pharmaceutical Ltd) (product),general
diabetes_drugs,DMD,19301211000001107,Metabet SR 1000mg tablets (Actavis UK Ltd) (product),general
diabetes_drugs,DMD,13757811000001105,Metformin 850mg tablets (Tillomed Laboratories Ltd) (product),general
diabetes_drugs,DMD,36630611000001109,Insulin glargine 100units/ml / Lixisenatide 50micrograms/ml solution for injection 3ml pre-filled disposable devices (product),general
diabetes_drugs,DMD,28022511000001109,Vokanamet 50mg/850mg tablets (Janssen-Cilag Ltd) (product),general
diabetes_drugs,DMD,5415211000001105,Starlix 180mg tablets (PI) (Waymade Ltd) (product),general
diabetes_drugs,DMD,37989611000001106,Invokana 100mg tablets (Pharmaram Ltd) (product),general
diabetes_drugs,DMD,10292611000001107,Metformin 500mg tablets (Relonchem Ltd) (product),general
diabetes_drugs,DMD,38074211000001100,Byetta 10micrograms/0.04ml solution for injection 2.4ml pre-filled pens (Pharmaram Ltd) (product),general
diabetes,SNOMED,390854003,O/E - diabetic maculopathy present both eyes (context-dependent category),general
diabetes_drugs,DMD,12109911000001101,Gliclazide 50mg/5ml oral suspension (Special Order) (product),general
diabetes_drugs,DMD,12200511000001102,Repaglinide 2mg tablets (PI) (Waymade Healthcare Plc) (product),general
diabetes_drugs,DMD,29960011000001101,Apidra 100units/ml solution for injection 3ml pre-filled SoloStar pens (Lexon (UK) Ltd) (product),general
diabetes_drugs,DMD,12019111000001108,Chlorpropamide 250mg/5ml oral suspension (product),general
diabetes_drugs,DMD,37523211000001105,Janumet 50mg/1000mg tablets (Mawdsley-Brooks & Company Ltd) (product),general
diabetes_drugs,DMD,38293311000001108,Acarbose 100mg tablets (Rivopharm (UK) Ltd) (product),general
diabetes,SNOMED,314904008,Type II diabetes mellitus with neuropathic arthropathy,type2
diabetes,SNOMED,401110002,Type 1 diabetes mellitus with persistent microalbuminuria (disorder),type1
diabetes,SNOMED,441656006,Hyperglycaemic crisis in diabetes mellitus,general
diabetes,SNOMED,713703005,Gastroparesis due to type 2 diabetes mellitus (disorder),type2
diabetes,SNOMED,104941000119109,Retinal ischemia due to type 1 diabetes mellitus,type1
diabetes,SNOMED,703137001,Type I diabetes mellitus in remission (disorder),type1
diabetes_drugs,DMD,3263711000001109,Insulatard Penfill 100units/ml suspension for injection 3ml cartridges (Novo Nordisk Pharmaceuticals Ltd) (product),general
diabetes_drugs,DMD,10922311000001108,Competact 15mg/850mg tablets (Takeda UK Ltd) (product),general
diabetes_drugs,DMD,13412611000001106,Eucreas 50mg/850mg tablets (Novartis Pharmaceuticals UK Ltd) (product),general
diabetes_drugs,DMD,16054111000001100,Glimepiride 4mg tablets (Bristol Laboratories Ltd) (product),general
diabetes_drugs,DMD,16517711000001104,Humalog Mix25 100units/ml suspension for injection 3ml cartridges (Mawdsley-Brooks & Company Ltd) (product),general
diabetes_drugs,DMD,17916311000001107,Glimepiride 1mg tablets (Phoenix Healthcare Distribution Ltd) (product),general
diabetes_drugs,DMD,24130811000001102,Acarbose 100mg tablets (Morningside Healthcare Ltd) (product),general
diabetes_drugs,DMD,29869511000001107,Glibenclamide 5mg tablets (Sigma Pharmaceuticals Plc) (product),general
diabetes_drugs,DMD,3294911000001105,Insuman Rapid 100units/ml solution for injection 5ml vials (Aventis Pharma) (product),general
diabetes_drugs,DMD,325067006,Insulin lispro 100units/mL injection solution 3mL cartridge (product),general
diabetes_drugs,DMD,371496005,Insulin lispro 100u/mL injection solution 1.5mL cartridge (product),general
diabetes_drugs,DMD,38170511000001103,Toujeo 300units/ml solution for injection 1.5ml pre-filled SoloStar pens (DE Pharmaceuticals) (product),general
diabetes_drugs,DMD,10617311000001102,Glimepiride 1mg tablets (Somex Pharma) (product),general
diabetes_drugs,DMD,13588911000001108,Gliclazide 30mg modified-release tablets (UniChem Ltd) (product),general
diabetes,SNOMED,769218003,Macular oedema of left eye co-occurrent and due to diabetes mellitus,general
diabetes,SNOMED,413183008,Diabetes mellitus caused by non-steroid drugs without complication (disorder),general
diabetes_drugs,DMD,13859411000001101,Insulin human 100units/ml solution for injection 10ml vials (product),general
diabetes_drugs,DMD,16133711000001107,Actos 30mg tablets (Lexon (UK) Ltd) (product),general
diabetes_drugs,DMD,32879911000001101,Sitagliptin 50mg/5ml oral suspension (product),general
diabetes_drugs,DMD,325213005,Product containing precisely chlorpropamide 100 milligram/1 each conventional release oral tablet (clinical drug),general
diabetes_drugs,DMD,37441111000001106,Jardiance 25mg tablets (CST Pharma Ltd) (product),general
diabetes_drugs,DMD,12107211000001104,Glibenclamide 625micrograms/5ml oral suspension (Special Order) (product),general
diabetes_drugs,DMD,18490911000001104,Lantus 100units/ml solution for injection 3ml pre-filled OptiSet pens (Necessity Supplies Ltd) (product),general
diabetes,SNOMED,422228004,Multiple complications of type I diabetes mellitus (disorder),type1
diabetes,SNOMED,198121000000103,Hypoglycaemic warning impaired (disorder),general
diabetes_drugs,DMD,326048000,Product containing precisely repaglinide 1 milligram/1 each conventional release oral tablet (clinical drug),general
diabetes_drugs,DMD,929811000001102,Gliclazide 80mg tablets (Sandoz Ltd) (product),general
diabetes_drugs,DMD,3276011000001106,Humalog Mix25 Pen 100units/ml suspension for injection 3ml pre-filled pens (Eli Lilly and Company Ltd) (product),general
diabetes_drugs,DMD,10377311000001104,Glibenclamide 2.5mg tablets (Arrow Generics Ltd) (product),general
diabetes_drugs,DMD,19613911000001106,Humalog Mix50 100units/ml suspension for injection 3ml cartridges (Doncaster Pharmaceuticals Ltd) (product),general
diabetes_drugs,DMD,10508511000001101,Glibenese 5mg tablets (PI) (Dowelhurst Ltd) (product),general
diabetes_drugs,DMD,29988711000001100,Acarbose 50mg tablets (Mawdsley-Brooks & Company Ltd) (product),general
diabetes_drugs,DMD,33598911000001107,Pioglitazone 30mg tablets (Mylan Ltd) (product),general
diabetes_drugs,DMD,38139911000001101,Humulin M3 100units/ml suspension for injection 10ml vials (DE Pharmaceuticals) (product),general
diabetes,SNOMED,312906006,Proliferative diabetic retinopathy - non high risk,general
diabetes,SNOMED,1066931000000108,Diabetes monitoring short message service text message third invitation (procedure),removed
diabetes_drugs,DMD,325267004,Product containing precisely tolbutamide 500 milligram/1 each conventional release oral tablet (clinical drug),general
diabetes_drugs,DMD,14774311000001106,Metformin 850mg tablets (LPC Medical (UK) Ltd) (product),general
diabetes_drugs,DMD,37775311000001103,Pioglitazone 15mg / Metformin 850mg tablets (DE Pharmaceuticals) (product),general
diabetes_drugs,DMD,13773011000001108,Humulin S 100units/ml solution for injection 3ml cartridges (Waymade Healthcare Plc) (product),general
diabetes,SNOMED,414894003,O/E - left eye stable treated proliferative diabetic retinopathy (context-dependent category),general
diabetes_drugs,DMD,325262005,Product containing precisely glimepiride 3 milligram/1 each conventional release oral tablet (clinical drug),general
diabetes_drugs,DMD,23637511000001104,Alogliptin 6.25mg tablets (product),general
diabetes_drugs,DMD,923911000001109,Glibenclamide 2.5mg tablets (IVAX Pharmaceuticals UK Ltd) (product),general
diabetes,SNOMED,1511000119107,Diabetic peripheral neuropathy associated with type II diabetes mellitus,type2
diabetes_drugs,DMD,325243007,Product containing precisely glipizide 5 milligram/1 each conventional release oral tablet (clinical drug),general
diabetes_drugs,DMD,21941011000001105,Lyxumia 20micrograms/0.2ml solution for injection 3ml pre-filled pens (Sanofi) (product),general
diabetes_drugs,DMD,21208211000001100,Jentadueto 2.5mg/850mg tablets (Boehringer Ingelheim Ltd) (product),general
diabetes_drugs,DMD,3473511000001107,Insulin lispro biphasic 25/75 100units/ml suspension for injection 3ml pre-filled disposable devices (product),general
diabetes_drugs,DMD,4033311000001106,Insulin soluble bovine 100units/ml solution for injection 3ml cartridges (product),general
diabetes_drugs,DMD,37417211000001103,Humulin M3 100units/ml suspension for injection 3ml cartridges (CST Pharma Ltd) (product),general
diabetes_drugs,DMD,38138111000001106,Glucophage SR 750mg tablets (DE Pharmaceuticals) (product),general
diabetes_drugs,DMD,16272111000001104,Avandamet 4mg/1000mg tablets (Mawdsley-Brooks & Company Ltd) (product),general
diabetes_drugs,DMD,5322711000001107,Metformin 500mg / Rosiglitazone 2mg tablets (product),general
diabetes_drugs,DMD,13412311000001101,Eucreas 50mg/1000mg tablets (Novartis Pharmaceuticals UK Ltd) (product),general
diabetes_drugs,DMD,11149811000001101,Glimepiride 4mg tablets (Teva UK Ltd) (product),general
diabetes_drugs,DMD,3283211000001100,Lantus 100units/ml solution for injection 3ml pre-filled OptiSet pens (Sanofi) (product),general
diabetes_drugs,DMD,4053711000001109,Insulin soluble porcine 100units/ml suspension for injection 3ml cartridges (product),general
diabetes_drugs,DMD,10293511000001101,Metformin 850mg tablets (Relonchem Ltd) (product),general
diabetes_drugs,DMD,37672211000001106,Lantus 100units/ml solution for injection 3ml cartridges (Pilsco Ltd) (product),general
diabetes_drugs,DMD,17506511000001106,Galvus 50mg tablets (Mawdsley-Brooks & Company Ltd) (product),general
diabetes_drugs,DMD,29870011000001101,Glipizide 5mg tablets (Sigma Pharmaceuticals Plc) (product),general
diabetes_drugs,DMD,3471111000001104,Insulin isophane biphasic human 40/60 100units/ml suspension for injection 1.5ml cartridges (product),general
diabetes_drugs,DMD,24104411000001102,Canagliflozin 100mg tablets (product),general
diabetes_drugs,DMD,30318111000001109,Empagliflozin 12.5mg / Metformin 1g tablets (product),general
diabetes_drugs,DMD,15993011000001101,Onglyza 5mg tablets (Bristol-Myers Squibb Pharmaceuticals Ltd) (product),general
diabetes_drugs,DMD,19473511000001108,Pioglitazone 45mg tablets (A A H Pharmaceuticals Ltd) (product),general
diabetes_drugs,DMD,9798211000001102,Metformin 850mg tablets (Almus Pharmaceutical Ltd) (product),general
diabetes_drugs,DMD,36047411000001101,Insulin isophane human 100units/ml suspension for injection 3ml pre-filled disposable devices (product),general
diabetes_drugs,DMD,11344011000001101,Glimepiride 4mg tablets (Sandoz Ltd) (product),general
diabetes_drugs,DMD,3285611000001104,Pork Actrapid 100units/ml solution for injection 10ml vials (Novo Nordisk Pharmaceuticals Ltd) (product),general
diabetes_drugs,DMD,14056111000001102,Amaryl 1mg tablets (Sigma Pharmaceuticals Plc) (product),general
diabetes_drugs,DMD,11114411000001107,Pork Insulatard 100units/ml suspension for injection 10ml vials (Waymade Ltd) (product),general
diabetes_drugs,DMD,13100411000001106,Avandamet 2mg/1000mg tablets (Dowelhurst Ltd) (product),general
diabetes_drugs,DMD,14122311000001108,Glimepiride 2mg tablets (Consilient Health Ltd) (product),general
diabetes_drugs,DMD,14759411000001102,Lantus 100units/ml solution for injection 3ml cartridges (Sigma Pharmaceuticals Plc) (product),general
diabetes_drugs,DMD,29750011000001101,Sitagliptin 25mg tablets (Waymade Healthcare Plc) (product),general
diabetes_drugs,DMD,3471911000001101,Insulin isophane biphasic porcine 30/70 100units/ml suspension for injection 1.5ml cartridges (product),general
diabetes,SNOMED,422183001,Skin ulcer associated with diabetes mellitus (disorder),general
diabetes_drugs,DMD,20357811000001109,Pioglitazone 45mg tablets (Actavis UK Ltd) (product),general
diabetes_drugs,DMD,10540011000001104,Glimepiride 4mg tablets (PI) (Waymade Ltd) (product),general
diabetes_drugs,DMD,18553711000001107,Humalog KwikPen 100units/ml solution for injection 3ml pre-filled pens (Waymade Healthcare Plc) (product),general
diabetes_drugs,DMD,36906311000001106,Vipidia 6.25mg tablets (Originalis B.V.) (product),general
diabetes_drugs,DMD,17581511000001101,Amaryl 1mg tablets (Necessity Supplies Ltd) (product),general
diabetes_drugs,DMD,22643511000001100,Lantus 100units/ml solution for injection 3ml OptiClik cartridges (Waymade Healthcare Plc) (product),general
diabetes,SNOMED,193349004,Preproliferative diabetic retinopathy,general
diabetes,SNOMED,395204000,Hyperosmolar non-ketotic state in type 2 diabetes mellitus (disorder),type2
diabetes,SNOMED,769221001,Clinically significant macular edema of right eye co-occurrent and due to diabetes mellitus (disorder),general
diabetes,SNOMED,754101000000103,Type I diabetic dietary review (regime/therapy),type1
diabetes_drugs,DMD,13748611000001107,Glucophage SR 750mg tablets (Merck Serono Ltd) (product),general
diabetes_drugs,DMD,10274311000001103,Glimepiride 3mg tablets (A A H Pharmaceuticals Ltd) (product),general
diabetes_drugs,DMD,3269911000001109,Hypurin Bovine Protamine Zinc 100units/ml suspension for injection 10ml vials (C P Pharmaceuticals Ltd) (product),general
diabetes_drugs,DMD,10465111000001105,Avandia 8mg tablets (PI) (Dowelhurst Ltd) (product),general
diabetes_drugs,DMD,17917511000001104,Glimepiride 4mg tablets (Phoenix Healthcare Distribution Ltd) (product),general
diabetes_drugs,DMD,19958011000001108,Glizofar 30mg tablets (Teva UK Ltd) (product),general
diabetes_drugs,DMD,17594311000001109,Avandia 4mg tablets (Necessity Supplies Ltd) (product),general
diabetes_drugs,DMD,9745811000001100,Glipizide 5mg tablets (Teva UK Ltd) (product),general
diabetes_drugs,DMD,37440211000001106,Januvia 100mg tablets (CST Pharma Ltd) (product),general
diabetes,SNOMED,193489006,Diabetic iritis,general
diabetes,SNOMED,237608006,Lipodystrophy - partial - with Rieger anomaly - short stature - and insulinopenic diabetes mellitus (disorder),general
diabetes,ICD10,E10,Insulin-dependent diabetes mellitus,type1
diabetes,ICD10,E11,Non-insulin-dependent diabetes mellitus,type2
diabetes,ICD10,E12,Malnutrition-related diabetes mellitus,other
diabetes,ICD10,E13,Other specified diabetes mellitus,other
diabetes,ICD10,E14,Unspecified diabetes mellitus,general
diabetes,ICD10,G590,Diabetic mononeuropathy,general
diabetes,ICD10,G632,Diabetic polyneuropathy,general
diabetes,ICD10,H280,Diabetic cataract,general
diabetes,ICD10,H360,Diabetic retinopathy,general
diabetes,ICD10,M142,Diabetic arthropathy,general
diabetes,ICD10,N083,Glomerular disorders in diabetes mellitus,general
diabetes,ICD10,O240,Diabetes mellitus in pregnancy: Pre-existing diabetes mellitus - insulin-dependent,type1
diabetes,ICD10,O242,Diabetes mellitus in pregnancy: Pre-existing malnutrition-related diabetes mellitus,other
diabetes,ICD10,O241,Diabetes mellitus in pregnancy: Pre-existing diabetes mellitus - non-insulin-dependent,type2
diabetes,ICD10,O243,Diabetes mellitus in pregnancy: Pre-existing diabetes mellitus - unspecified,general
