MSOA11CD,LAD17CD,LAD17NM,LACCD,LACNM,LACLASS,TCITY15CD,TCITY15NM
E02000001,E09000001,City of London,5a1r,London Cosmopolitan,London_Cosmopolitan,J01000055,London
E02000002,E09000002,Barking and Dagenham,4a1r,Ethnically Diverse Metropolitan  Living,Urban_Non_London,J01000055,London
E02000003,E09000002,Barking and Dagenham,4a1r,Ethnically Diverse Metropolitan  Living,Urban_Non_London,J01000055,London
E02000004,E09000002,Barking and Dagenham,4a1r,Ethnically Diverse Metropolitan  Living,Urban_Non_London,J01000055,London
E02000005,E09000002,Barking and Dagenham,4a1r,Ethnically Diverse Metropolitan  Living,Urban_Non_London,J01000055,London
E02000007,E09000002,Barking and Dagenham,4a1r,Ethnically Diverse Metropolitan  Living,Urban_Non_London,J01000055,London
E02000008,E09000002,Barking and Dagenham,4a1r,Ethnically Diverse Metropolitan  Living,Urban_Non_London,J01000055,London
E02000009,E09000002,Barking and Dagenham,4a1r,Ethnically Diverse Metropolitan  Living,Urban_Non_London,J01000055,London
E02000010,E09000002,Barking and Dagenham,4a1r,Ethnically Diverse Metropolitan  Living,Urban_Non_London,J01000055,London
E02000011,E09000002,Barking and Dagenham,4a1r,Ethnically Diverse Metropolitan  Living,Urban_Non_London,J01000055,London
E02000012,E09000002,Barking and Dagenham,4a1r,Ethnically Diverse Metropolitan  Living,Urban_Non_London,J01000055,London
E02000013,E09000002,Barking and Dagenham,4a1r,Ethnically Diverse Metropolitan  Living,Urban_Non_London,J01000055,London
E02000014,E09000002,Barking and Dagenham,4a1r,Ethnically Diverse Metropolitan  Living,Urban_Non_London,J01000055,London
E02000015,E09000002,Barking and Dagenham,4a1r,Ethnically Diverse Metropolitan  Living,Urban_Non_London,J01000055,London
E02000016,E09000002,Barking and Dagenham,4a1r,Ethnically Diverse Metropolitan  Living,Urban_Non_London,J01000055,London
E02000017,E09000002,Barking and Dagenham,4a1r,Ethnically Diverse Metropolitan  Living,Urban_Non_London,J01000055,London
E02000018,E09000002,Barking and Dagenham,4a1r,Ethnically Diverse Metropolitan  Living,Urban_Non_London,J01000055,London
E02000019,E09000002,Barking and Dagenham,4a1r,Ethnically Diverse Metropolitan  Living,Urban_Non_London,J01000055,London
E02000020,E09000002,Barking and Dagenham,4a1r,Ethnically Diverse Metropolitan  Living,Urban_Non_London,J01000055,London
E02000021,E09000002,Barking and Dagenham,4a1r,Ethnically Diverse Metropolitan  Living,Urban_Non_London,J01000055,London
E02000022,E09000002,Barking and Dagenham,4a1r,Ethnically Diverse Metropolitan  Living,Urban_Non_London,J01000055,London
E02000023,E09000002,Barking and Dagenham,4a1r,Ethnically Diverse Metropolitan  Living,Urban_Non_London,J01000055,London
E02000024,E09000003,Barnet,4a1r,Ethnically Diverse Metropolitan  Living,Urban_Non_London,J01000055,London
E02000025,E09000003,Barnet,4a1r,Ethnically Diverse Metropolitan  Living,Urban_Non_London,J01000055,London
E02000026,E09000003,Barnet,4a1r,Ethnically Diverse Metropolitan  Living,Urban_Non_London,J01000055,London
E02000027,E09000003,Barnet,4a1r,Ethnically Diverse Metropolitan  Living,Urban_Non_London,J01000055,London
E02000028,E09000003,Barnet,4a1r,Ethnically Diverse Metropolitan  Living,Urban_Non_London,J01000055,London
E02000029,E09000003,Barnet,4a1r,Ethnically Diverse Metropolitan  Living,Urban_Non_London,J01000055,London
E02000030,E09000003,Barnet,4a1r,Ethnically Diverse Metropolitan  Living,Urban_Non_London,J01000055,London
E02000031,E09000003,Barnet,4a1r,Ethnically Diverse Metropolitan  Living,Urban_Non_London,J01000055,London
E02000032,E09000003,Barnet,4a1r,Ethnically Diverse Metropolitan  Living,Urban_Non_London,J01000055,London
E02000033,E09000003,Barnet,4a1r,Ethnically Diverse Metropolitan  Living,Urban_Non_London,J01000055,London
E02000034,E09000003,Barnet,4a1r,Ethnically Diverse Metropolitan  Living,Urban_Non_London,J01000055,London
E02000035,E09000003,Barnet,4a1r,Ethnically Diverse Metropolitan  Living,Urban_Non_London,J01000055,London
E02000036,E09000003,Barnet,4a1r,Ethnically Diverse Metropolitan  Living,Urban_Non_London,J01000055,London
E02000037,E09000003,Barnet,4a1r,Ethnically Diverse Metropolitan  Living,Urban_Non_London,J01000055,London
E02000038,E09000003,Barnet,4a1r,Ethnically Diverse Metropolitan  Living,Urban_Non_London,J01000055,London
E02000039,E09000003,Barnet,4a1r,Ethnically Diverse Metropolitan  Living,Urban_Non_London,J01000055,London
E02000040,E09000003,Barnet,4a1r,Ethnically Diverse Metropolitan  Living,Urban_Non_London,J01000055,London
E02000041,E09000003,Barnet,4a1r,Ethnically Diverse Metropolitan  Living,Urban_Non_London,J01000055,London
E02000042,E09000003,Barnet,4a1r,Ethnically Diverse Metropolitan  Living,Urban_Non_London,J01000055,London
E02000043,E09000003,Barnet,4a1r,Ethnically Diverse Metropolitan  Living,Urban_Non_London,J01000055,London
E02000044,E09000003,Barnet,4a1r,Ethnically Diverse Metropolitan  Living,Urban_Non_London,J01000055,London
E02000045,E09000003,Barnet,4a1r,Ethnically Diverse Metropolitan  Living,Urban_Non_London,J01000055,London
E02000046,E09000003,Barnet,4a1r,Ethnically Diverse Metropolitan  Living,Urban_Non_London,J01000055,London
E02000047,E09000003,Barnet,4a1r,Ethnically Diverse Metropolitan  Living,Urban_Non_London,J01000055,London
E02000048,E09000003,Barnet,4a1r,Ethnically Diverse Metropolitan  Living,Urban_Non_London,J01000055,London
E02000049,E09000003,Barnet,4a1r,Ethnically Diverse Metropolitan  Living,Urban_Non_London,J01000055,London
E02000050,E09000003,Barnet,4a1r,Ethnically Diverse Metropolitan  Living,Urban_Non_London,J01000055,London
E02000051,E09000003,Barnet,4a1r,Ethnically Diverse Metropolitan  Living,Urban_Non_London,J01000055,London
E02000052,E09000003,Barnet,4a1r,Ethnically Diverse Metropolitan  Living,Urban_Non_London,J01000055,London
E02000053,E09000003,Barnet,4a1r,Ethnically Diverse Metropolitan  Living,Urban_Non_London,J01000055,London
E02000054,E09000003,Barnet,4a1r,Ethnically Diverse Metropolitan  Living,Urban_Non_London,J01000055,London
E02000055,E09000003,Barnet,4a1r,Ethnically Diverse Metropolitan  Living,Urban_Non_London,J01000055,London
E02000056,E09000003,Barnet,4a1r,Ethnically Diverse Metropolitan  Living,Urban_Non_London,J01000055,London
E02000057,E09000003,Barnet,4a1r,Ethnically Diverse Metropolitan  Living,Urban_Non_London,J01000055,London
E02000058,E09000003,Barnet,4a1r,Ethnically Diverse Metropolitan  Living,Urban_Non_London,J01000055,London
E02000059,E09000003,Barnet,4a1r,Ethnically Diverse Metropolitan  Living,Urban_Non_London,J01000055,London
E02000060,E09000003,Barnet,4a1r,Ethnically Diverse Metropolitan  Living,Urban_Non_London,J01000055,London
E02000061,E09000003,Barnet,4a1r,Ethnically Diverse Metropolitan  Living,Urban_Non_London,J01000055,London
E02000062,E09000003,Barnet,4a1r,Ethnically Diverse Metropolitan  Living,Urban_Non_London,J01000055,London
E02000063,E09000003,Barnet,4a1r,Ethnically Diverse Metropolitan  Living,Urban_Non_London,J01000055,London
E02000064,E09000003,Barnet,4a1r,Ethnically Diverse Metropolitan  Living,Urban_Non_London,J01000055,London
E02000065,E09000004,Bexley,8b1r,City Periphery,Urban_Non_London,J01000055,London
E02000066,E09000004,Bexley,8b1r,City Periphery,Urban_Non_London,J01000055,London
E02000067,E09000004,Bexley,8b1r,City Periphery,Urban_Non_London,J01000055,London
E02000068,E09000004,Bexley,8b1r,City Periphery,Urban_Non_London,J01000055,London
E02000069,E09000004,Bexley,8b1r,City Periphery,Urban_Non_London,J01000055,London
E02000070,E09000004,Bexley,8b1r,City Periphery,Urban_Non_London,J01000055,London
E02000071,E09000004,Bexley,8b1r,City Periphery,Urban_Non_London,J01000055,London
E02000072,E09000004,Bexley,8b1r,City Periphery,Urban_Non_London,J01000055,London
E02000073,E09000004,Bexley,8b1r,City Periphery,Urban_Non_London,J01000055,London
E02000074,E09000004,Bexley,8b1r,City Periphery,Urban_Non_London,J01000055,London
E02000075,E09000004,Bexley,8b1r,City Periphery,Urban_Non_London,J01000055,London
E02000077,E09000004,Bexley,8b1r,City Periphery,Urban_Non_London,J01000055,London
E02000078,E09000004,Bexley,8b1r,City Periphery,Urban_Non_London,J01000055,London
E02000079,E09000004,Bexley,8b1r,City Periphery,Urban_Non_London,J01000055,London
E02000080,E09000004,Bexley,8b1r,City Periphery,Urban_Non_London,J01000055,London
E02000081,E09000004,Bexley,8b1r,City Periphery,Urban_Non_London,J01000055,London
E02000082,E09000004,Bexley,8b1r,City Periphery,Urban_Non_London,J01000055,London
E02000083,E09000004,Bexley,8b1r,City Periphery,Urban_Non_London,J01000055,London
E02000084,E09000004,Bexley,8b1r,City Periphery,Urban_Non_London,J01000055,London
E02000085,E09000004,Bexley,8b1r,City Periphery,Urban_Non_London,J01000055,London
E02000086,E09000004,Bexley,8b1r,City Periphery,Urban_Non_London,J01000055,London
E02000087,E09000004,Bexley,8b1r,City Periphery,Urban_Non_London,J01000055,London
E02000088,E09000004,Bexley,8b1r,City Periphery,Urban_Non_London,J01000055,London
E02000089,E09000004,Bexley,8b1r,City Periphery,Urban_Non_London,J01000055,London
E02000090,E09000004,Bexley,8b1r,City Periphery,Urban_Non_London,J01000055,London
E02000091,E09000004,Bexley,8b1r,City Periphery,Urban_Non_London,J01000055,London
E02000092,E09000004,Bexley,8b1r,City Periphery,Urban_Non_London,J01000055,London
E02000093,E09000005,Brent,4a1r,Ethnically Diverse Metropolitan  Living,Urban_Non_London,J01000055,London
E02000094,E09000005,Brent,4a1r,Ethnically Diverse Metropolitan  Living,Urban_Non_London,J01000055,London
E02000095,E09000005,Brent,4a1r,Ethnically Diverse Metropolitan  Living,Urban_Non_London,J01000055,London
E02000096,E09000005,Brent,4a1r,Ethnically Diverse Metropolitan  Living,Urban_Non_London,J01000055,London
E02000097,E09000005,Brent,4a1r,Ethnically Diverse Metropolitan  Living,Urban_Non_London,J01000055,London
E02000098,E09000005,Brent,4a1r,Ethnically Diverse Metropolitan  Living,Urban_Non_London,J01000055,London
E02000099,E09000005,Brent,4a1r,Ethnically Diverse Metropolitan  Living,Urban_Non_London,J01000055,London
E02000100,E09000005,Brent,4a1r,Ethnically Diverse Metropolitan  Living,Urban_Non_London,J01000055,London
E02000101,E09000005,Brent,4a1r,Ethnically Diverse Metropolitan  Living,Urban_Non_London,J01000055,London
E02000102,E09000005,Brent,4a1r,Ethnically Diverse Metropolitan  Living,Urban_Non_London,J01000055,London
E02000103,E09000005,Brent,4a1r,Ethnically Diverse Metropolitan  Living,Urban_Non_London,J01000055,London
E02000104,E09000005,Brent,4a1r,Ethnically Diverse Metropolitan  Living,Urban_Non_London,J01000055,London
E02000105,E09000005,Brent,4a1r,Ethnically Diverse Metropolitan  Living,Urban_Non_London,J01000055,London
E02000106,E09000005,Brent,4a1r,Ethnically Diverse Metropolitan  Living,Urban_Non_London,J01000055,London
E02000107,E09000005,Brent,4a1r,Ethnically Diverse Metropolitan  Living,Urban_Non_London,J01000055,London
E02000108,E09000005,Brent,4a1r,Ethnically Diverse Metropolitan  Living,Urban_Non_London,J01000055,London
E02000109,E09000005,Brent,4a1r,Ethnically Diverse Metropolitan  Living,Urban_Non_London,J01000055,London
E02000110,E09000005,Brent,4a1r,Ethnically Diverse Metropolitan  Living,Urban_Non_London,J01000055,London
E02000111,E09000005,Brent,4a1r,Ethnically Diverse Metropolitan  Living,Urban_Non_London,J01000055,London
E02000112,E09000005,Brent,4a1r,Ethnically Diverse Metropolitan  Living,Urban_Non_London,J01000055,London
E02000113,E09000005,Brent,4a1r,Ethnically Diverse Metropolitan  Living,Urban_Non_London,J01000055,London
E02000114,E09000005,Brent,4a1r,Ethnically Diverse Metropolitan  Living,Urban_Non_London,J01000055,London
E02000115,E09000005,Brent,4a1r,Ethnically Diverse Metropolitan  Living,Urban_Non_London,J01000055,London
E02000116,E09000005,Brent,4a1r,Ethnically Diverse Metropolitan  Living,Urban_Non_London,J01000055,London
E02000117,E09000005,Brent,4a1r,Ethnically Diverse Metropolitan  Living,Urban_Non_London,J01000055,London
E02000118,E09000005,Brent,4a1r,Ethnically Diverse Metropolitan  Living,Urban_Non_London,J01000055,London
E02000119,E09000005,Brent,4a1r,Ethnically Diverse Metropolitan  Living,Urban_Non_London,J01000055,London
E02000120,E09000005,Brent,4a1r,Ethnically Diverse Metropolitan  Living,Urban_Non_London,J01000055,London
E02000121,E09000005,Brent,4a1r,Ethnically Diverse Metropolitan  Living,Urban_Non_London,J01000055,London
E02000122,E09000005,Brent,4a1r,Ethnically Diverse Metropolitan  Living,Urban_Non_London,J01000055,London
E02000123,E09000005,Brent,4a1r,Ethnically Diverse Metropolitan  Living,Urban_Non_London,J01000055,London
E02000124,E09000005,Brent,4a1r,Ethnically Diverse Metropolitan  Living,Urban_Non_London,J01000055,London
E02000125,E09000005,Brent,4a1r,Ethnically Diverse Metropolitan  Living,Urban_Non_London,J01000055,London
E02000126,E09000005,Brent,4a1r,Ethnically Diverse Metropolitan  Living,Urban_Non_London,J01000055,London
E02000127,E09000006,Bromley,1a1r,Rural-Urban Fringe,Rural_Prosperous,J01000055,London
E02000128,E09000006,Bromley,1a1r,Rural-Urban Fringe,Rural_Prosperous,J01000055,London
E02000130,E09000006,Bromley,1a1r,Rural-Urban Fringe,Rural_Prosperous,J01000055,London
E02000131,E09000006,Bromley,1a1r,Rural-Urban Fringe,Rural_Prosperous,J01000055,London
E02000132,E09000006,Bromley,1a1r,Rural-Urban Fringe,Rural_Prosperous,J01000055,London
E02000133,E09000006,Bromley,1a1r,Rural-Urban Fringe,Rural_Prosperous,J01000055,London
E02000134,E09000006,Bromley,1a1r,Rural-Urban Fringe,Rural_Prosperous,J01000055,London
E02000135,E09000006,Bromley,1a1r,Rural-Urban Fringe,Rural_Prosperous,J01000055,London
E02000136,E09000006,Bromley,1a1r,Rural-Urban Fringe,Rural_Prosperous,J01000055,London
E02000137,E09000006,Bromley,1a1r,Rural-Urban Fringe,Rural_Prosperous,J01000055,London
E02000138,E09000006,Bromley,1a1r,Rural-Urban Fringe,Rural_Prosperous,J01000055,London
E02000139,E09000006,Bromley,1a1r,Rural-Urban Fringe,Rural_Prosperous,J01000055,London
E02000140,E09000006,Bromley,1a1r,Rural-Urban Fringe,Rural_Prosperous,J01000055,London
E02000141,E09000006,Bromley,1a1r,Rural-Urban Fringe,Rural_Prosperous,J01000055,London
E02000142,E09000006,Bromley,1a1r,Rural-Urban Fringe,Rural_Prosperous,J01000055,London
E02000144,E09000006,Bromley,1a1r,Rural-Urban Fringe,Rural_Prosperous,J01000055,London
E02000145,E09000006,Bromley,1a1r,Rural-Urban Fringe,Rural_Prosperous,J01000055,London
E02000146,E09000006,Bromley,1a1r,Rural-Urban Fringe,Rural_Prosperous,J01000055,London
E02000147,E09000006,Bromley,1a1r,Rural-Urban Fringe,Rural_Prosperous,J01000055,London
E02000148,E09000006,Bromley,1a1r,Rural-Urban Fringe,Rural_Prosperous,J01000055,London
E02000149,E09000006,Bromley,1a1r,Rural-Urban Fringe,Rural_Prosperous,J01000055,London
E02000150,E09000006,Bromley,1a1r,Rural-Urban Fringe,Rural_Prosperous,J01000055,London
E02000151,E09000006,Bromley,1a1r,Rural-Urban Fringe,Rural_Prosperous,J01000055,London
E02000152,E09000006,Bromley,1a1r,Rural-Urban Fringe,Rural_Prosperous,J01000055,London
E02000153,E09000006,Bromley,1a1r,Rural-Urban Fringe,Rural_Prosperous,J01000055,London
E02000154,E09000006,Bromley,1a1r,Rural-Urban Fringe,Rural_Prosperous,J01000055,London
E02000155,E09000006,Bromley,1a1r,Rural-Urban Fringe,Rural_Prosperous,J01000055,London
E02000156,E09000006,Bromley,1a1r,Rural-Urban Fringe,Rural_Prosperous,J01000055,London
E02000157,E09000006,Bromley,1a1r,Rural-Urban Fringe,Rural_Prosperous,J01000055,London
E02000158,E09000006,Bromley,1a1r,Rural-Urban Fringe,Rural_Prosperous,J01000055,London
E02000159,E09000006,Bromley,1a1r,Rural-Urban Fringe,Rural_Prosperous,J01000055,London
E02000160,E09000006,Bromley,1a1r,Rural-Urban Fringe,Rural_Prosperous,J01000055,London
E02000161,E09000006,Bromley,1a1r,Rural-Urban Fringe,Rural_Prosperous,J01000055,London
E02000162,E09000006,Bromley,1a1r,Rural-Urban Fringe,Rural_Prosperous,J01000055,London
E02000163,E09000006,Bromley,1a1r,Rural-Urban Fringe,Rural_Prosperous,J01000055,London
E02000165,E09000006,Bromley,1a1r,Rural-Urban Fringe,Rural_Prosperous,J01000055,London
E02000166,E09000007,Camden,5a1r,London Cosmopolitan,London_Cosmopolitan,J01000055,London
E02000167,E09000007,Camden,5a1r,London Cosmopolitan,London_Cosmopolitan,J01000055,London
E02000168,E09000007,Camden,5a1r,London Cosmopolitan,London_Cosmopolitan,J01000055,London
E02000169,E09000007,Camden,5a1r,London Cosmopolitan,London_Cosmopolitan,J01000055,London
E02000170,E09000007,Camden,5a1r,London Cosmopolitan,London_Cosmopolitan,J01000055,London
E02000171,E09000007,Camden,5a1r,London Cosmopolitan,London_Cosmopolitan,J01000055,London
E02000172,E09000007,Camden,5a1r,London Cosmopolitan,London_Cosmopolitan,J01000055,London
E02000173,E09000007,Camden,5a1r,London Cosmopolitan,London_Cosmopolitan,J01000055,London
E02000174,E09000007,Camden,5a1r,London Cosmopolitan,London_Cosmopolitan,J01000055,London
E02000175,E09000007,Camden,5a1r,London Cosmopolitan,London_Cosmopolitan,J01000055,London
E02000176,E09000007,Camden,5a1r,London Cosmopolitan,London_Cosmopolitan,J01000055,London
E02000177,E09000007,Camden,5a1r,London Cosmopolitan,London_Cosmopolitan,J01000055,London
E02000178,E09000007,Camden,5a1r,London Cosmopolitan,London_Cosmopolitan,J01000055,London
E02000179,E09000007,Camden,5a1r,London Cosmopolitan,London_Cosmopolitan,J01000055,London
E02000180,E09000007,Camden,5a1r,London Cosmopolitan,London_Cosmopolitan,J01000055,London
E02000181,E09000007,Camden,5a1r,London Cosmopolitan,London_Cosmopolitan,J01000055,London
E02000182,E09000007,Camden,5a1r,London Cosmopolitan,London_Cosmopolitan,J01000055,London
E02000183,E09000007,Camden,5a1r,London Cosmopolitan,London_Cosmopolitan,J01000055,London
E02000184,E09000007,Camden,5a1r,London Cosmopolitan,London_Cosmopolitan,J01000055,London
E02000185,E09000007,Camden,5a1r,London Cosmopolitan,London_Cosmopolitan,J01000055,London
E02000186,E09000007,Camden,5a1r,London Cosmopolitan,London_Cosmopolitan,J01000055,London
E02000187,E09000007,Camden,5a1r,London Cosmopolitan,London_Cosmopolitan,J01000055,London
E02000188,E09000007,Camden,5a1r,London Cosmopolitan,London_Cosmopolitan,J01000055,London
E02000189,E09000007,Camden,5a1r,London Cosmopolitan,London_Cosmopolitan,J01000055,London
E02000190,E09000007,Camden,5a1r,London Cosmopolitan,London_Cosmopolitan,J01000055,London
E02000191,E09000007,Camden,5a1r,London Cosmopolitan,London_Cosmopolitan,J01000055,London
E02000192,E09000007,Camden,5a1r,London Cosmopolitan,London_Cosmopolitan,J01000055,London
E02000193,E09000007,Camden,5a1r,London Cosmopolitan,London_Cosmopolitan,J01000055,London
E02000194,E09000008,Croydon,4a1r,Ethnically Diverse Metropolitan  Living,Urban_Non_London,J01000055,London
E02000195,E09000008,Croydon,4a1r,Ethnically Diverse Metropolitan  Living,Urban_Non_London,J01000055,London
E02000196,E09000008,Croydon,4a1r,Ethnically Diverse Metropolitan  Living,Urban_Non_London,J01000055,London
E02000197,E09000008,Croydon,4a1r,Ethnically Diverse Metropolitan  Living,Urban_Non_London,J01000055,London
E02000198,E09000008,Croydon,4a1r,Ethnically Diverse Metropolitan  Living,Urban_Non_London,J01000055,London
E02000199,E09000008,Croydon,4a1r,Ethnically Diverse Metropolitan  Living,Urban_Non_London,J01000055,London
E02000200,E09000008,Croydon,4a1r,Ethnically Diverse Metropolitan  Living,Urban_Non_London,J01000055,London
E02000201,E09000008,Croydon,4a1r,Ethnically Diverse Metropolitan  Living,Urban_Non_London,J01000055,London
E02000202,E09000008,Croydon,4a1r,Ethnically Diverse Metropolitan  Living,Urban_Non_London,J01000055,London
E02000203,E09000008,Croydon,4a1r,Ethnically Diverse Metropolitan  Living,Urban_Non_London,J01000055,London
E02000204,E09000008,Croydon,4a1r,Ethnically Diverse Metropolitan  Living,Urban_Non_London,J01000055,London
E02000206,E09000008,Croydon,4a1r,Ethnically Diverse Metropolitan  Living,Urban_Non_London,J01000055,London
E02000207,E09000008,Croydon,4a1r,Ethnically Diverse Metropolitan  Living,Urban_Non_London,J01000055,London
E02000208,E09000008,Croydon,4a1r,Ethnically Diverse Metropolitan  Living,Urban_Non_London,J01000055,London
E02000209,E09000008,Croydon,4a1r,Ethnically Diverse Metropolitan  Living,Urban_Non_London,J01000055,London
E02000210,E09000008,Croydon,4a1r,Ethnically Diverse Metropolitan  Living,Urban_Non_London,J01000055,London
E02000211,E09000008,Croydon,4a1r,Ethnically Diverse Metropolitan  Living,Urban_Non_London,J01000055,London
E02000212,E09000008,Croydon,4a1r,Ethnically Diverse Metropolitan  Living,Urban_Non_London,J01000055,London
E02000213,E09000008,Croydon,4a1r,Ethnically Diverse Metropolitan  Living,Urban_Non_London,J01000055,London
E02000214,E09000008,Croydon,4a1r,Ethnically Diverse Metropolitan  Living,Urban_Non_London,J01000055,London
E02000215,E09000008,Croydon,4a1r,Ethnically Diverse Metropolitan  Living,Urban_Non_London,J01000055,London
E02000216,E09000008,Croydon,4a1r,Ethnically Diverse Metropolitan  Living,Urban_Non_London,J01000055,London
E02000217,E09000008,Croydon,4a1r,Ethnically Diverse Metropolitan  Living,Urban_Non_London,J01000055,London
E02000218,E09000008,Croydon,4a1r,Ethnically Diverse Metropolitan  Living,Urban_Non_London,J01000055,London
E02000219,E09000008,Croydon,4a1r,Ethnically Diverse Metropolitan  Living,Urban_Non_London,J01000055,London
E02000220,E09000008,Croydon,4a1r,Ethnically Diverse Metropolitan  Living,Urban_Non_London,J01000055,London
E02000221,E09000008,Croydon,4a1r,Ethnically Diverse Metropolitan  Living,Urban_Non_London,J01000055,London
E02000222,E09000008,Croydon,4a1r,Ethnically Diverse Metropolitan  Living,Urban_Non_London,J01000055,London
E02000223,E09000008,Croydon,4a1r,Ethnically Diverse Metropolitan  Living,Urban_Non_London,NA,NA
E02000224,E09000008,Croydon,4a1r,Ethnically Diverse Metropolitan  Living,Urban_Non_London,J01000055,London
E02000225,E09000008,Croydon,4a1r,Ethnically Diverse Metropolitan  Living,Urban_Non_London,NA,NA
E02000226,E09000008,Croydon,4a1r,Ethnically Diverse Metropolitan  Living,Urban_Non_London,J01000055,London
E02000227,E09000008,Croydon,4a1r,Ethnically Diverse Metropolitan  Living,Urban_Non_London,J01000055,London
E02000228,E09000008,Croydon,4a1r,Ethnically Diverse Metropolitan  Living,Urban_Non_London,J01000055,London
E02000229,E09000008,Croydon,4a1r,Ethnically Diverse Metropolitan  Living,Urban_Non_London,NA,NA
E02000230,E09000008,Croydon,4a1r,Ethnically Diverse Metropolitan  Living,Urban_Non_London,J01000055,London
E02000231,E09000008,Croydon,4a1r,Ethnically Diverse Metropolitan  Living,Urban_Non_London,J01000055,London
E02000232,E09000008,Croydon,4a1r,Ethnically Diverse Metropolitan  Living,Urban_Non_London,J01000055,London
E02000233,E09000008,Croydon,4a1r,Ethnically Diverse Metropolitan  Living,Urban_Non_London,J01000055,London
E02000234,E09000008,Croydon,4a1r,Ethnically Diverse Metropolitan  Living,Urban_Non_London,J01000055,London
E02000235,E09000008,Croydon,4a1r,Ethnically Diverse Metropolitan  Living,Urban_Non_London,J01000055,London
E02000236,E09000008,Croydon,4a1r,Ethnically Diverse Metropolitan  Living,Urban_Non_London,J01000055,London
E02000237,E09000008,Croydon,4a1r,Ethnically Diverse Metropolitan  Living,Urban_Non_London,J01000055,London
E02000238,E09000009,Ealing,4a1r,Ethnically Diverse Metropolitan  Living,Urban_Non_London,J01000055,London
E02000239,E09000009,Ealing,4a1r,Ethnically Diverse Metropolitan  Living,Urban_Non_London,J01000055,London
E02000240,E09000009,Ealing,4a1r,Ethnically Diverse Metropolitan  Living,Urban_Non_London,J01000055,London
E02000241,E09000009,Ealing,4a1r,Ethnically Diverse Metropolitan  Living,Urban_Non_London,J01000055,London
E02000242,E09000009,Ealing,4a1r,Ethnically Diverse Metropolitan  Living,Urban_Non_London,J01000055,London
E02000243,E09000009,Ealing,4a1r,Ethnically Diverse Metropolitan  Living,Urban_Non_London,J01000055,London
E02000244,E09000009,Ealing,4a1r,Ethnically Diverse Metropolitan  Living,Urban_Non_London,J01000055,London
E02000245,E09000009,Ealing,4a1r,Ethnically Diverse Metropolitan  Living,Urban_Non_London,J01000055,London
E02000246,E09000009,Ealing,4a1r,Ethnically Diverse Metropolitan  Living,Urban_Non_London,J01000055,London
E02000247,E09000009,Ealing,4a1r,Ethnically Diverse Metropolitan  Living,Urban_Non_London,J01000055,London
E02000248,E09000009,Ealing,4a1r,Ethnically Diverse Metropolitan  Living,Urban_Non_London,J01000055,London
E02000249,E09000009,Ealing,4a1r,Ethnically Diverse Metropolitan  Living,Urban_Non_London,J01000055,London
E02000250,E09000009,Ealing,4a1r,Ethnically Diverse Metropolitan  Living,Urban_Non_London,J01000055,London
E02000251,E09000009,Ealing,4a1r,Ethnically Diverse Metropolitan  Living,Urban_Non_London,J01000055,London
E02000252,E09000009,Ealing,4a1r,Ethnically Diverse Metropolitan  Living,Urban_Non_London,J01000055,London
E02000253,E09000009,Ealing,4a1r,Ethnically Diverse Metropolitan  Living,Urban_Non_London,J01000055,London
E02000254,E09000009,Ealing,4a1r,Ethnically Diverse Metropolitan  Living,Urban_Non_London,J01000055,London
E02000255,E09000009,Ealing,4a1r,Ethnically Diverse Metropolitan  Living,Urban_Non_London,J01000055,London
E02000256,E09000009,Ealing,4a1r,Ethnically Diverse Metropolitan  Living,Urban_Non_London,J01000055,London
E02000257,E09000009,Ealing,4a1r,Ethnically Diverse Metropolitan  Living,Urban_Non_London,J01000055,London
E02000258,E09000009,Ealing,4a1r,Ethnically Diverse Metropolitan  Living,Urban_Non_London,J01000055,London
E02000259,E09000009,Ealing,4a1r,Ethnically Diverse Metropolitan  Living,Urban_Non_London,J01000055,London
E02000260,E09000009,Ealing,4a1r,Ethnically Diverse Metropolitan  Living,Urban_Non_London,J01000055,London
E02000261,E09000009,Ealing,4a1r,Ethnically Diverse Metropolitan  Living,Urban_Non_London,J01000055,London
E02000262,E09000009,Ealing,4a1r,Ethnically Diverse Metropolitan  Living,Urban_Non_London,J01000055,London
E02000263,E09000009,Ealing,4a1r,Ethnically Diverse Metropolitan  Living,Urban_Non_London,J01000055,London
E02000264,E09000009,Ealing,4a1r,Ethnically Diverse Metropolitan  Living,Urban_Non_London,J01000055,London
E02000265,E09000009,Ealing,4a1r,Ethnically Diverse Metropolitan  Living,Urban_Non_London,J01000055,London
E02000266,E09000009,Ealing,4a1r,Ethnically Diverse Metropolitan  Living,Urban_Non_London,J01000055,London
E02000267,E09000009,Ealing,4a1r,Ethnically Diverse Metropolitan  Living,Urban_Non_London,J01000055,London
E02000268,E09000009,Ealing,4a1r,Ethnically Diverse Metropolitan  Living,Urban_Non_London,J01000055,London
E02000269,E09000009,Ealing,4a1r,Ethnically Diverse Metropolitan  Living,Urban_Non_London,J01000055,London
E02000270,E09000009,Ealing,4a1r,Ethnically Diverse Metropolitan  Living,Urban_Non_London,J01000055,London
E02000271,E09000009,Ealing,4a1r,Ethnically Diverse Metropolitan  Living,Urban_Non_London,J01000055,London
E02000272,E09000009,Ealing,4a1r,Ethnically Diverse Metropolitan  Living,Urban_Non_London,J01000055,London
E02000274,E09000009,Ealing,4a1r,Ethnically Diverse Metropolitan  Living,Urban_Non_London,J01000055,London
E02000275,E09000009,Ealing,4a1r,Ethnically Diverse Metropolitan  Living,Urban_Non_London,J01000055,London
E02000276,E09000009,Ealing,4a1r,Ethnically Diverse Metropolitan  Living,Urban_Non_London,J01000055,London
E02000277,E09000010,Enfield,4a1r,Ethnically Diverse Metropolitan  Living,Urban_Non_London,J01000055,London
E02000278,E09000010,Enfield,4a1r,Ethnically Diverse Metropolitan  Living,Urban_Non_London,J01000055,London
E02000279,E09000010,Enfield,4a1r,Ethnically Diverse Metropolitan  Living,Urban_Non_London,J01000055,London
E02000280,E09000010,Enfield,4a1r,Ethnically Diverse Metropolitan  Living,Urban_Non_London,J01000055,London
E02000281,E09000010,Enfield,4a1r,Ethnically Diverse Metropolitan  Living,Urban_Non_London,J01000055,London
E02000282,E09000010,Enfield,4a1r,Ethnically Diverse Metropolitan  Living,Urban_Non_London,J01000055,London
E02000283,E09000010,Enfield,4a1r,Ethnically Diverse Metropolitan  Living,Urban_Non_London,J01000055,London
E02000284,E09000010,Enfield,4a1r,Ethnically Diverse Metropolitan  Living,Urban_Non_London,J01000055,London
E02000285,E09000010,Enfield,4a1r,Ethnically Diverse Metropolitan  Living,Urban_Non_London,J01000055,London
E02000286,E09000010,Enfield,4a1r,Ethnically Diverse Metropolitan  Living,Urban_Non_London,J01000055,London
E02000287,E09000010,Enfield,4a1r,Ethnically Diverse Metropolitan  Living,Urban_Non_London,J01000055,London
E02000288,E09000010,Enfield,4a1r,Ethnically Diverse Metropolitan  Living,Urban_Non_London,J01000055,London
E02000289,E09000010,Enfield,4a1r,Ethnically Diverse Metropolitan  Living,Urban_Non_London,J01000055,London
E02000290,E09000010,Enfield,4a1r,Ethnically Diverse Metropolitan  Living,Urban_Non_London,J01000055,London
E02000291,E09000010,Enfield,4a1r,Ethnically Diverse Metropolitan  Living,Urban_Non_London,J01000055,London
E02000292,E09000010,Enfield,4a1r,Ethnically Diverse Metropolitan  Living,Urban_Non_London,J01000055,London
E02000293,E09000010,Enfield,4a1r,Ethnically Diverse Metropolitan  Living,Urban_Non_London,J01000055,London
E02000294,E09000010,Enfield,4a1r,Ethnically Diverse Metropolitan  Living,Urban_Non_London,J01000055,London
E02000295,E09000010,Enfield,4a1r,Ethnically Diverse Metropolitan  Living,Urban_Non_London,J01000055,London
E02000296,E09000010,Enfield,4a1r,Ethnically Diverse Metropolitan  Living,Urban_Non_London,J01000055,London
E02000297,E09000010,Enfield,4a1r,Ethnically Diverse Metropolitan  Living,Urban_Non_London,J01000055,London
E02000298,E09000010,Enfield,4a1r,Ethnically Diverse Metropolitan  Living,Urban_Non_London,J01000055,London
E02000299,E09000010,Enfield,4a1r,Ethnically Diverse Metropolitan  Living,Urban_Non_London,J01000055,London
E02000300,E09000010,Enfield,4a1r,Ethnically Diverse Metropolitan  Living,Urban_Non_London,J01000055,London
E02000301,E09000010,Enfield,4a1r,Ethnically Diverse Metropolitan  Living,Urban_Non_London,J01000055,London
E02000302,E09000010,Enfield,4a1r,Ethnically Diverse Metropolitan  Living,Urban_Non_London,J01000055,London
E02000303,E09000010,Enfield,4a1r,Ethnically Diverse Metropolitan  Living,Urban_Non_London,J01000055,London
E02000304,E09000010,Enfield,4a1r,Ethnically Diverse Metropolitan  Living,Urban_Non_London,J01000055,London
E02000305,E09000010,Enfield,4a1r,Ethnically Diverse Metropolitan  Living,Urban_Non_London,J01000055,London
E02000306,E09000010,Enfield,4a1r,Ethnically Diverse Metropolitan  Living,Urban_Non_London,J01000055,London
E02000307,E09000010,Enfield,4a1r,Ethnically Diverse Metropolitan  Living,Urban_Non_London,J01000055,London
E02000308,E09000010,Enfield,4a1r,Ethnically Diverse Metropolitan  Living,Urban_Non_London,J01000055,London
E02000309,E09000010,Enfield,4a1r,Ethnically Diverse Metropolitan  Living,Urban_Non_London,J01000055,London
E02000311,E09000010,Enfield,4a1r,Ethnically Diverse Metropolitan  Living,Urban_Non_London,J01000055,London
E02000312,E09000010,Enfield,4a1r,Ethnically Diverse Metropolitan  Living,Urban_Non_London,J01000055,London
E02000313,E09000011,Greenwich,4a1r,Ethnically Diverse Metropolitan  Living,Urban_Non_London,J01000055,London
E02000314,E09000011,Greenwich,4a1r,Ethnically Diverse Metropolitan  Living,Urban_Non_London,J01000055,London
E02000315,E09000011,Greenwich,4a1r,Ethnically Diverse Metropolitan  Living,Urban_Non_London,J01000055,London
E02000316,E09000011,Greenwich,4a1r,Ethnically Diverse Metropolitan  Living,Urban_Non_London,J01000055,London
E02000317,E09000011,Greenwich,4a1r,Ethnically Diverse Metropolitan  Living,Urban_Non_London,J01000055,London
E02000318,E09000011,Greenwich,4a1r,Ethnically Diverse Metropolitan  Living,Urban_Non_London,J01000055,London
E02000319,E09000011,Greenwich,4a1r,Ethnically Diverse Metropolitan  Living,Urban_Non_London,J01000055,London
E02000320,E09000011,Greenwich,4a1r,Ethnically Diverse Metropolitan  Living,Urban_Non_London,J01000055,London
E02000321,E09000011,Greenwich,4a1r,Ethnically Diverse Metropolitan  Living,Urban_Non_London,J01000055,London
E02000323,E09000011,Greenwich,4a1r,Ethnically Diverse Metropolitan  Living,Urban_Non_London,J01000055,London
E02000324,E09000011,Greenwich,4a1r,Ethnically Diverse Metropolitan  Living,Urban_Non_London,J01000055,London
E02000326,E09000011,Greenwich,4a1r,Ethnically Diverse Metropolitan  Living,Urban_Non_London,J01000055,London
E02000327,E09000011,Greenwich,4a1r,Ethnically Diverse Metropolitan  Living,Urban_Non_London,J01000055,London
E02000328,E09000011,Greenwich,4a1r,Ethnically Diverse Metropolitan  Living,Urban_Non_London,J01000055,London
E02000329,E09000011,Greenwich,4a1r,Ethnically Diverse Metropolitan  Living,Urban_Non_London,J01000055,London
E02000331,E09000011,Greenwich,4a1r,Ethnically Diverse Metropolitan  Living,Urban_Non_London,J01000055,London
E02000332,E09000011,Greenwich,4a1r,Ethnically Diverse Metropolitan  Living,Urban_Non_London,J01000055,London
E02000333,E09000011,Greenwich,4a1r,Ethnically Diverse Metropolitan  Living,Urban_Non_London,J01000055,London
E02000334,E09000011,Greenwich,4a1r,Ethnically Diverse Metropolitan  Living,Urban_Non_London,J01000055,London
E02000335,E09000011,Greenwich,4a1r,Ethnically Diverse Metropolitan  Living,Urban_Non_London,J01000055,London
E02000337,E09000011,Greenwich,4a1r,Ethnically Diverse Metropolitan  Living,Urban_Non_London,J01000055,London
E02000339,E09000011,Greenwich,4a1r,Ethnically Diverse Metropolitan  Living,Urban_Non_London,J01000055,London
E02000340,E09000011,Greenwich,4a1r,Ethnically Diverse Metropolitan  Living,Urban_Non_London,J01000055,London
E02000341,E09000011,Greenwich,4a1r,Ethnically Diverse Metropolitan  Living,Urban_Non_London,J01000055,London
E02000342,E09000011,Greenwich,4a1r,Ethnically Diverse Metropolitan  Living,Urban_Non_London,J01000055,London
E02000343,E09000011,Greenwich,4a1r,Ethnically Diverse Metropolitan  Living,Urban_Non_London,J01000055,London
E02000344,E09000011,Greenwich,4a1r,Ethnically Diverse Metropolitan  Living,Urban_Non_London,J01000055,London
E02000345,E09000012,Hackney,5a1r,London Cosmopolitan,London_Cosmopolitan,J01000055,London
E02000346,E09000012,Hackney,5a1r,London Cosmopolitan,London_Cosmopolitan,J01000055,London
E02000347,E09000012,Hackney,5a1r,London Cosmopolitan,London_Cosmopolitan,J01000055,London
E02000348,E09000012,Hackney,5a1r,London Cosmopolitan,London_Cosmopolitan,J01000055,London
E02000350,E09000012,Hackney,5a1r,London Cosmopolitan,London_Cosmopolitan,J01000055,London
E02000351,E09000012,Hackney,5a1r,London Cosmopolitan,London_Cosmopolitan,J01000055,London
E02000352,E09000012,Hackney,5a1r,London Cosmopolitan,London_Cosmopolitan,J01000055,London
E02000353,E09000012,Hackney,5a1r,London Cosmopolitan,London_Cosmopolitan,J01000055,London
E02000354,E09000012,Hackney,5a1r,London Cosmopolitan,London_Cosmopolitan,J01000055,London
E02000355,E09000012,Hackney,5a1r,London Cosmopolitan,London_Cosmopolitan,J01000055,London
E02000356,E09000012,Hackney,5a1r,London Cosmopolitan,London_Cosmopolitan,J01000055,London
E02000357,E09000012,Hackney,5a1r,London Cosmopolitan,London_Cosmopolitan,J01000055,London
E02000358,E09000012,Hackney,5a1r,London Cosmopolitan,London_Cosmopolitan,J01000055,London
E02000359,E09000012,Hackney,5a1r,London Cosmopolitan,London_Cosmopolitan,J01000055,London
E02000360,E09000012,Hackney,5a1r,London Cosmopolitan,London_Cosmopolitan,J01000055,London
E02000361,E09000012,Hackney,5a1r,London Cosmopolitan,London_Cosmopolitan,J01000055,London
E02000362,E09000012,Hackney,5a1r,London Cosmopolitan,London_Cosmopolitan,J01000055,London
E02000363,E09000012,Hackney,5a1r,London Cosmopolitan,London_Cosmopolitan,J01000055,London
E02000364,E09000012,Hackney,5a1r,London Cosmopolitan,London_Cosmopolitan,J01000055,London
E02000365,E09000012,Hackney,5a1r,London Cosmopolitan,London_Cosmopolitan,J01000055,London
E02000366,E09000012,Hackney,5a1r,London Cosmopolitan,London_Cosmopolitan,J01000055,London
E02000367,E09000012,Hackney,5a1r,London Cosmopolitan,London_Cosmopolitan,J01000055,London
E02000368,E09000012,Hackney,5a1r,London Cosmopolitan,London_Cosmopolitan,J01000055,London
E02000369,E09000012,Hackney,5a1r,London Cosmopolitan,London_Cosmopolitan,J01000055,London
E02000370,E09000012,Hackney,5a1r,London Cosmopolitan,London_Cosmopolitan,J01000055,London
E02000371,E09000012,Hackney,5a1r,London Cosmopolitan,London_Cosmopolitan,J01000055,London
E02000372,E09000013,Hammersmith and Fulham,5a1r,London Cosmopolitan,London_Cosmopolitan,J01000055,London
E02000373,E09000013,Hammersmith and Fulham,5a1r,London Cosmopolitan,London_Cosmopolitan,J01000055,London
E02000374,E09000013,Hammersmith and Fulham,5a1r,London Cosmopolitan,London_Cosmopolitan,J01000055,London
E02000375,E09000013,Hammersmith and Fulham,5a1r,London Cosmopolitan,London_Cosmopolitan,J01000055,London
E02000376,E09000013,Hammersmith and Fulham,5a1r,London Cosmopolitan,London_Cosmopolitan,J01000055,London
E02000377,E09000013,Hammersmith and Fulham,5a1r,London Cosmopolitan,London_Cosmopolitan,J01000055,London
E02000378,E09000013,Hammersmith and Fulham,5a1r,London Cosmopolitan,London_Cosmopolitan,J01000055,London
E02000379,E09000013,Hammersmith and Fulham,5a1r,London Cosmopolitan,London_Cosmopolitan,J01000055,London
E02000380,E09000013,Hammersmith and Fulham,5a1r,London Cosmopolitan,London_Cosmopolitan,J01000055,London
E02000381,E09000013,Hammersmith and Fulham,5a1r,London Cosmopolitan,London_Cosmopolitan,J01000055,London
E02000382,E09000013,Hammersmith and Fulham,5a1r,London Cosmopolitan,London_Cosmopolitan,J01000055,London
E02000383,E09000013,Hammersmith and Fulham,5a1r,London Cosmopolitan,London_Cosmopolitan,J01000055,London
E02000384,E09000013,Hammersmith and Fulham,5a1r,London Cosmopolitan,London_Cosmopolitan,J01000055,London
E02000385,E09000013,Hammersmith and Fulham,5a1r,London Cosmopolitan,London_Cosmopolitan,J01000055,London
E02000386,E09000013,Hammersmith and Fulham,5a1r,London Cosmopolitan,London_Cosmopolitan,J01000055,London
E02000387,E09000013,Hammersmith and Fulham,5a1r,London Cosmopolitan,London_Cosmopolitan,J01000055,London
E02000388,E09000013,Hammersmith and Fulham,5a1r,London Cosmopolitan,London_Cosmopolitan,J01000055,London
E02000389,E09000013,Hammersmith and Fulham,5a1r,London Cosmopolitan,London_Cosmopolitan,J01000055,London
E02000390,E09000013,Hammersmith and Fulham,5a1r,London Cosmopolitan,London_Cosmopolitan,J01000055,London
E02000391,E09000013,Hammersmith and Fulham,5a1r,London Cosmopolitan,London_Cosmopolitan,J01000055,London
E02000392,E09000013,Hammersmith and Fulham,5a1r,London Cosmopolitan,London_Cosmopolitan,J01000055,London
E02000393,E09000013,Hammersmith and Fulham,5a1r,London Cosmopolitan,London_Cosmopolitan,J01000055,London
E02000394,E09000013,Hammersmith and Fulham,5a1r,London Cosmopolitan,London_Cosmopolitan,J01000055,London
E02000395,E09000013,Hammersmith and Fulham,5a1r,London Cosmopolitan,London_Cosmopolitan,J01000055,London
E02000396,E09000013,Hammersmith and Fulham,5a1r,London Cosmopolitan,London_Cosmopolitan,J01000055,London
E02000397,E09000014,Haringey,5a1r,London Cosmopolitan,London_Cosmopolitan,J01000055,London
E02000398,E09000014,Haringey,5a1r,London Cosmopolitan,London_Cosmopolitan,J01000055,London
E02000400,E09000014,Haringey,5a1r,London Cosmopolitan,London_Cosmopolitan,J01000055,London
E02000401,E09000014,Haringey,5a1r,London Cosmopolitan,London_Cosmopolitan,J01000055,London
E02000402,E09000014,Haringey,5a1r,London Cosmopolitan,London_Cosmopolitan,J01000055,London
E02000403,E09000014,Haringey,5a1r,London Cosmopolitan,London_Cosmopolitan,J01000055,London
E02000404,E09000014,Haringey,5a1r,London Cosmopolitan,London_Cosmopolitan,J01000055,London
E02000405,E09000014,Haringey,5a1r,London Cosmopolitan,London_Cosmopolitan,J01000055,London
E02000406,E09000014,Haringey,5a1r,London Cosmopolitan,London_Cosmopolitan,J01000055,London
E02000407,E09000014,Haringey,5a1r,London Cosmopolitan,London_Cosmopolitan,J01000055,London
E02000408,E09000014,Haringey,5a1r,London Cosmopolitan,London_Cosmopolitan,J01000055,London
E02000409,E09000014,Haringey,5a1r,London Cosmopolitan,London_Cosmopolitan,J01000055,London
E02000410,E09000014,Haringey,5a1r,London Cosmopolitan,London_Cosmopolitan,J01000055,London
E02000411,E09000014,Haringey,5a1r,London Cosmopolitan,London_Cosmopolitan,J01000055,London
E02000412,E09000014,Haringey,5a1r,London Cosmopolitan,London_Cosmopolitan,J01000055,London
E02000413,E09000014,Haringey,5a1r,London Cosmopolitan,London_Cosmopolitan,J01000055,London
E02000414,E09000014,Haringey,5a1r,London Cosmopolitan,London_Cosmopolitan,J01000055,London
E02000415,E09000014,Haringey,5a1r,London Cosmopolitan,London_Cosmopolitan,J01000055,London
E02000416,E09000014,Haringey,5a1r,London Cosmopolitan,London_Cosmopolitan,J01000055,London
E02000417,E09000014,Haringey,5a1r,London Cosmopolitan,London_Cosmopolitan,J01000055,London
E02000418,E09000014,Haringey,5a1r,London Cosmopolitan,London_Cosmopolitan,J01000055,London
E02000419,E09000014,Haringey,5a1r,London Cosmopolitan,London_Cosmopolitan,J01000055,London
E02000420,E09000014,Haringey,5a1r,London Cosmopolitan,London_Cosmopolitan,J01000055,London
E02000421,E09000014,Haringey,5a1r,London Cosmopolitan,London_Cosmopolitan,J01000055,London
E02000422,E09000014,Haringey,5a1r,London Cosmopolitan,London_Cosmopolitan,J01000055,London
E02000423,E09000014,Haringey,5a1r,London Cosmopolitan,London_Cosmopolitan,J01000055,London
E02000424,E09000014,Haringey,5a1r,London Cosmopolitan,London_Cosmopolitan,J01000055,London
E02000425,E09000014,Haringey,5a1r,London Cosmopolitan,London_Cosmopolitan,J01000055,London
E02000426,E09000014,Haringey,5a1r,London Cosmopolitan,London_Cosmopolitan,J01000055,London
E02000427,E09000014,Haringey,5a1r,London Cosmopolitan,London_Cosmopolitan,J01000055,London
E02000428,E09000014,Haringey,5a1r,London Cosmopolitan,London_Cosmopolitan,J01000055,London
E02000429,E09000014,Haringey,5a1r,London Cosmopolitan,London_Cosmopolitan,J01000055,London
E02000430,E09000014,Haringey,5a1r,London Cosmopolitan,London_Cosmopolitan,J01000055,London
E02000431,E09000014,Haringey,5a1r,London Cosmopolitan,London_Cosmopolitan,J01000055,London
E02000432,E09000014,Haringey,5a1r,London Cosmopolitan,London_Cosmopolitan,J01000055,London
E02000433,E09000015,Harrow,4a1r,Ethnically Diverse Metropolitan  Living,Urban_Non_London,J01000055,London
E02000434,E09000015,Harrow,4a1r,Ethnically Diverse Metropolitan  Living,Urban_Non_London,J01000055,London
E02000435,E09000015,Harrow,4a1r,Ethnically Diverse Metropolitan  Living,Urban_Non_London,J01000055,London
E02000436,E09000015,Harrow,4a1r,Ethnically Diverse Metropolitan  Living,Urban_Non_London,J01000055,London
E02000437,E09000015,Harrow,4a1r,Ethnically Diverse Metropolitan  Living,Urban_Non_London,J01000055,London
E02000438,E09000015,Harrow,4a1r,Ethnically Diverse Metropolitan  Living,Urban_Non_London,J01000055,London
E02000439,E09000015,Harrow,4a1r,Ethnically Diverse Metropolitan  Living,Urban_Non_London,J01000055,London
E02000440,E09000015,Harrow,4a1r,Ethnically Diverse Metropolitan  Living,Urban_Non_London,J01000055,London
E02000441,E09000015,Harrow,4a1r,Ethnically Diverse Metropolitan  Living,Urban_Non_London,J01000055,London
E02000442,E09000015,Harrow,4a1r,Ethnically Diverse Metropolitan  Living,Urban_Non_London,J01000055,London
E02000443,E09000015,Harrow,4a1r,Ethnically Diverse Metropolitan  Living,Urban_Non_London,J01000055,London
E02000444,E09000015,Harrow,4a1r,Ethnically Diverse Metropolitan  Living,Urban_Non_London,J01000055,London
E02000445,E09000015,Harrow,4a1r,Ethnically Diverse Metropolitan  Living,Urban_Non_London,J01000055,London
E02000447,E09000015,Harrow,4a1r,Ethnically Diverse Metropolitan  Living,Urban_Non_London,J01000055,London
E02000448,E09000015,Harrow,4a1r,Ethnically Diverse Metropolitan  Living,Urban_Non_London,J01000055,London
E02000449,E09000015,Harrow,4a1r,Ethnically Diverse Metropolitan  Living,Urban_Non_London,J01000055,London
E02000451,E09000015,Harrow,4a1r,Ethnically Diverse Metropolitan  Living,Urban_Non_London,J01000055,London
E02000452,E09000015,Harrow,4a1r,Ethnically Diverse Metropolitan  Living,Urban_Non_London,J01000055,London
E02000453,E09000015,Harrow,4a1r,Ethnically Diverse Metropolitan  Living,Urban_Non_London,J01000055,London
E02000454,E09000015,Harrow,4a1r,Ethnically Diverse Metropolitan  Living,Urban_Non_London,J01000055,London
E02000455,E09000015,Harrow,4a1r,Ethnically Diverse Metropolitan  Living,Urban_Non_London,J01000055,London
E02000456,E09000015,Harrow,4a1r,Ethnically Diverse Metropolitan  Living,Urban_Non_London,J01000055,London
E02000457,E09000015,Harrow,4a1r,Ethnically Diverse Metropolitan  Living,Urban_Non_London,J01000055,London
E02000459,E09000015,Harrow,4a1r,Ethnically Diverse Metropolitan  Living,Urban_Non_London,J01000055,London
E02000460,E09000015,Harrow,4a1r,Ethnically Diverse Metropolitan  Living,Urban_Non_London,J01000055,London
E02000461,E09000015,Harrow,4a1r,Ethnically Diverse Metropolitan  Living,Urban_Non_London,J01000055,London
E02000462,E09000015,Harrow,4a1r,Ethnically Diverse Metropolitan  Living,Urban_Non_London,J01000055,London
E02000463,E09000015,Harrow,4a1r,Ethnically Diverse Metropolitan  Living,Urban_Non_London,J01000055,London
E02000464,E09000016,Havering,8b1r,City Periphery,Urban_Non_London,J01000055,London
E02000465,E09000016,Havering,8b1r,City Periphery,Urban_Non_London,J01000055,London
E02000466,E09000016,Havering,8b1r,City Periphery,Urban_Non_London,J01000055,London
E02000467,E09000016,Havering,8b1r,City Periphery,Urban_Non_London,J01000055,London
E02000468,E09000016,Havering,8b1r,City Periphery,Urban_Non_London,J01000055,London
E02000469,E09000016,Havering,8b1r,City Periphery,Urban_Non_London,J01000055,London
E02000470,E09000016,Havering,8b1r,City Periphery,Urban_Non_London,J01000055,London
E02000471,E09000016,Havering,8b1r,City Periphery,Urban_Non_London,J01000055,London
E02000472,E09000016,Havering,8b1r,City Periphery,Urban_Non_London,J01000055,London
E02000473,E09000016,Havering,8b1r,City Periphery,Urban_Non_London,J01000055,London
E02000474,E09000016,Havering,8b1r,City Periphery,Urban_Non_London,J01000055,London
E02000475,E09000016,Havering,8b1r,City Periphery,Urban_Non_London,J01000055,London
E02000476,E09000016,Havering,8b1r,City Periphery,Urban_Non_London,J01000055,London
E02000477,E09000016,Havering,8b1r,City Periphery,Urban_Non_London,J01000055,London
E02000478,E09000016,Havering,8b1r,City Periphery,Urban_Non_London,J01000055,London
E02000479,E09000016,Havering,8b1r,City Periphery,Urban_Non_London,J01000055,London
E02000480,E09000016,Havering,8b1r,City Periphery,Urban_Non_London,J01000055,London
E02000481,E09000016,Havering,8b1r,City Periphery,Urban_Non_London,J01000055,London
E02000482,E09000016,Havering,8b1r,City Periphery,Urban_Non_London,J01000055,London
E02000483,E09000016,Havering,8b1r,City Periphery,Urban_Non_London,J01000055,London
E02000484,E09000016,Havering,8b1r,City Periphery,Urban_Non_London,J01000055,London
E02000485,E09000016,Havering,8b1r,City Periphery,Urban_Non_London,J01000055,London
E02000486,E09000016,Havering,8b1r,City Periphery,Urban_Non_London,J01000055,London
E02000487,E09000016,Havering,8b1r,City Periphery,Urban_Non_London,J01000055,London
E02000488,E09000016,Havering,8b1r,City Periphery,Urban_Non_London,J01000055,London
E02000489,E09000016,Havering,8b1r,City Periphery,Urban_Non_London,J01000055,London
E02000490,E09000016,Havering,8b1r,City Periphery,Urban_Non_London,J01000055,London
E02000491,E09000016,Havering,8b1r,City Periphery,Urban_Non_London,J01000055,London
E02000492,E09000016,Havering,8b1r,City Periphery,Urban_Non_London,J01000055,London
E02000493,E09000016,Havering,8b1r,City Periphery,Urban_Non_London,J01000055,London
E02000494,E09000017,Hillingdon,4a1r,Ethnically Diverse Metropolitan  Living,Urban_Non_London,J01000055,London
E02000495,E09000017,Hillingdon,4a1r,Ethnically Diverse Metropolitan  Living,Urban_Non_London,J01000055,London
E02000496,E09000017,Hillingdon,4a1r,Ethnically Diverse Metropolitan  Living,Urban_Non_London,NA,NA
E02000497,E09000017,Hillingdon,4a1r,Ethnically Diverse Metropolitan  Living,Urban_Non_London,J01000055,London
E02000498,E09000017,Hillingdon,4a1r,Ethnically Diverse Metropolitan  Living,Urban_Non_London,J01000055,London
E02000499,E09000017,Hillingdon,4a1r,Ethnically Diverse Metropolitan  Living,Urban_Non_London,J01000055,London
E02000500,E09000017,Hillingdon,4a1r,Ethnically Diverse Metropolitan  Living,Urban_Non_London,J01000055,London
E02000501,E09000017,Hillingdon,4a1r,Ethnically Diverse Metropolitan  Living,Urban_Non_London,J01000055,London
E02000502,E09000017,Hillingdon,4a1r,Ethnically Diverse Metropolitan  Living,Urban_Non_London,J01000055,London
E02000503,E09000017,Hillingdon,4a1r,Ethnically Diverse Metropolitan  Living,Urban_Non_London,J01000055,London
E02000504,E09000017,Hillingdon,4a1r,Ethnically Diverse Metropolitan  Living,Urban_Non_London,J01000055,London
E02000506,E09000017,Hillingdon,4a1r,Ethnically Diverse Metropolitan  Living,Urban_Non_London,J01000055,London
E02000507,E09000017,Hillingdon,4a1r,Ethnically Diverse Metropolitan  Living,Urban_Non_London,J01000055,London
E02000508,E09000017,Hillingdon,4a1r,Ethnically Diverse Metropolitan  Living,Urban_Non_London,J01000055,London
E02000509,E09000017,Hillingdon,4a1r,Ethnically Diverse Metropolitan  Living,Urban_Non_London,J01000055,London
E02000510,E09000017,Hillingdon,4a1r,Ethnically Diverse Metropolitan  Living,Urban_Non_London,J01000055,London
E02000511,E09000017,Hillingdon,4a1r,Ethnically Diverse Metropolitan  Living,Urban_Non_London,J01000055,London
E02000512,E09000017,Hillingdon,4a1r,Ethnically Diverse Metropolitan  Living,Urban_Non_London,J01000055,London
E02000513,E09000017,Hillingdon,4a1r,Ethnically Diverse Metropolitan  Living,Urban_Non_London,J01000055,London
E02000514,E09000017,Hillingdon,4a1r,Ethnically Diverse Metropolitan  Living,Urban_Non_London,J01000055,London
E02000515,E09000017,Hillingdon,4a1r,Ethnically Diverse Metropolitan  Living,Urban_Non_London,J01000055,London
E02000516,E09000017,Hillingdon,4a1r,Ethnically Diverse Metropolitan  Living,Urban_Non_London,J01000055,London
E02000517,E09000017,Hillingdon,4a1r,Ethnically Diverse Metropolitan  Living,Urban_Non_London,J01000055,London
E02000518,E09000017,Hillingdon,4a1r,Ethnically Diverse Metropolitan  Living,Urban_Non_London,J01000055,London
E02000519,E09000017,Hillingdon,4a1r,Ethnically Diverse Metropolitan  Living,Urban_Non_London,J01000055,London
E02000520,E09000017,Hillingdon,4a1r,Ethnically Diverse Metropolitan  Living,Urban_Non_London,J01000055,London
E02000521,E09000017,Hillingdon,4a1r,Ethnically Diverse Metropolitan  Living,Urban_Non_London,J01000055,London
E02000522,E09000017,Hillingdon,4a1r,Ethnically Diverse Metropolitan  Living,Urban_Non_London,J01000055,London
E02000523,E09000017,Hillingdon,4a1r,Ethnically Diverse Metropolitan  Living,Urban_Non_London,J01000055,London
E02000524,E09000017,Hillingdon,4a1r,Ethnically Diverse Metropolitan  Living,Urban_Non_London,J01000055,London
E02000525,E09000017,Hillingdon,4a1r,Ethnically Diverse Metropolitan  Living,Urban_Non_London,J01000055,London
E02000526,E09000018,Hounslow,4a1r,Ethnically Diverse Metropolitan  Living,Urban_Non_London,J01000055,London
E02000528,E09000018,Hounslow,4a1r,Ethnically Diverse Metropolitan  Living,Urban_Non_London,J01000055,London
E02000529,E09000018,Hounslow,4a1r,Ethnically Diverse Metropolitan  Living,Urban_Non_London,J01000055,London
E02000530,E09000018,Hounslow,4a1r,Ethnically Diverse Metropolitan  Living,Urban_Non_London,J01000055,London
E02000531,E09000018,Hounslow,4a1r,Ethnically Diverse Metropolitan  Living,Urban_Non_London,J01000055,London
E02000532,E09000018,Hounslow,4a1r,Ethnically Diverse Metropolitan  Living,Urban_Non_London,J01000055,London
E02000533,E09000018,Hounslow,4a1r,Ethnically Diverse Metropolitan  Living,Urban_Non_London,J01000055,London
E02000534,E09000018,Hounslow,4a1r,Ethnically Diverse Metropolitan  Living,Urban_Non_London,J01000055,London
E02000535,E09000018,Hounslow,4a1r,Ethnically Diverse Metropolitan  Living,Urban_Non_London,J01000055,London
E02000536,E09000018,Hounslow,4a1r,Ethnically Diverse Metropolitan  Living,Urban_Non_London,J01000055,London
E02000537,E09000018,Hounslow,4a1r,Ethnically Diverse Metropolitan  Living,Urban_Non_London,J01000055,London
E02000538,E09000018,Hounslow,4a1r,Ethnically Diverse Metropolitan  Living,Urban_Non_London,J01000055,London
E02000539,E09000018,Hounslow,4a1r,Ethnically Diverse Metropolitan  Living,Urban_Non_London,J01000055,London
E02000540,E09000018,Hounslow,4a1r,Ethnically Diverse Metropolitan  Living,Urban_Non_London,J01000055,London
E02000541,E09000018,Hounslow,4a1r,Ethnically Diverse Metropolitan  Living,Urban_Non_London,J01000055,London
E02000542,E09000018,Hounslow,4a1r,Ethnically Diverse Metropolitan  Living,Urban_Non_London,J01000055,London
E02000543,E09000018,Hounslow,4a1r,Ethnically Diverse Metropolitan  Living,Urban_Non_London,J01000055,London
E02000544,E09000018,Hounslow,4a1r,Ethnically Diverse Metropolitan  Living,Urban_Non_London,J01000055,London
E02000545,E09000018,Hounslow,4a1r,Ethnically Diverse Metropolitan  Living,Urban_Non_London,J01000055,London
E02000546,E09000018,Hounslow,4a1r,Ethnically Diverse Metropolitan  Living,Urban_Non_London,J01000055,London
E02000547,E09000018,Hounslow,4a1r,Ethnically Diverse Metropolitan  Living,Urban_Non_London,J01000055,London
E02000548,E09000018,Hounslow,4a1r,Ethnically Diverse Metropolitan  Living,Urban_Non_London,J01000055,London
E02000549,E09000018,Hounslow,4a1r,Ethnically Diverse Metropolitan  Living,Urban_Non_London,J01000055,London
E02000550,E09000018,Hounslow,4a1r,Ethnically Diverse Metropolitan  Living,Urban_Non_London,J01000055,London
E02000551,E09000018,Hounslow,4a1r,Ethnically Diverse Metropolitan  Living,Urban_Non_London,J01000055,London
E02000552,E09000018,Hounslow,4a1r,Ethnically Diverse Metropolitan  Living,Urban_Non_London,J01000055,London
E02000553,E09000018,Hounslow,4a1r,Ethnically Diverse Metropolitan  Living,Urban_Non_London,J01000055,London
E02000554,E09000019,Islington,5a1r,London Cosmopolitan,London_Cosmopolitan,J01000055,London
E02000555,E09000019,Islington,5a1r,London Cosmopolitan,London_Cosmopolitan,J01000055,London
E02000556,E09000019,Islington,5a1r,London Cosmopolitan,London_Cosmopolitan,J01000055,London
E02000557,E09000019,Islington,5a1r,London Cosmopolitan,London_Cosmopolitan,J01000055,London
E02000558,E09000019,Islington,5a1r,London Cosmopolitan,London_Cosmopolitan,J01000055,London
E02000559,E09000019,Islington,5a1r,London Cosmopolitan,London_Cosmopolitan,J01000055,London
E02000560,E09000019,Islington,5a1r,London Cosmopolitan,London_Cosmopolitan,J01000055,London
E02000561,E09000019,Islington,5a1r,London Cosmopolitan,London_Cosmopolitan,J01000055,London
E02000562,E09000019,Islington,5a1r,London Cosmopolitan,London_Cosmopolitan,J01000055,London
E02000563,E09000019,Islington,5a1r,London Cosmopolitan,London_Cosmopolitan,J01000055,London
E02000564,E09000019,Islington,5a1r,London Cosmopolitan,London_Cosmopolitan,J01000055,London
E02000565,E09000019,Islington,5a1r,London Cosmopolitan,London_Cosmopolitan,J01000055,London
E02000566,E09000019,Islington,5a1r,London Cosmopolitan,London_Cosmopolitan,J01000055,London
E02000567,E09000019,Islington,5a1r,London Cosmopolitan,London_Cosmopolitan,J01000055,London
E02000568,E09000019,Islington,5a1r,London Cosmopolitan,London_Cosmopolitan,J01000055,London
E02000569,E09000019,Islington,5a1r,London Cosmopolitan,London_Cosmopolitan,J01000055,London
E02000570,E09000019,Islington,5a1r,London Cosmopolitan,London_Cosmopolitan,J01000055,London
E02000571,E09000019,Islington,5a1r,London Cosmopolitan,London_Cosmopolitan,J01000055,London
E02000572,E09000019,Islington,5a1r,London Cosmopolitan,London_Cosmopolitan,J01000055,London
E02000573,E09000019,Islington,5a1r,London Cosmopolitan,London_Cosmopolitan,J01000055,London
E02000574,E09000019,Islington,5a1r,London Cosmopolitan,London_Cosmopolitan,J01000055,London
E02000575,E09000019,Islington,5a1r,London Cosmopolitan,London_Cosmopolitan,J01000055,London
E02000576,E09000019,Islington,5a1r,London Cosmopolitan,London_Cosmopolitan,J01000055,London
E02000577,E09000020,Kensington and Chelsea,5a1r,London Cosmopolitan,London_Cosmopolitan,J01000055,London
E02000578,E09000020,Kensington and Chelsea,5a1r,London Cosmopolitan,London_Cosmopolitan,J01000055,London
E02000579,E09000020,Kensington and Chelsea,5a1r,London Cosmopolitan,London_Cosmopolitan,J01000055,London
E02000580,E09000020,Kensington and Chelsea,5a1r,London Cosmopolitan,London_Cosmopolitan,J01000055,London
E02000581,E09000020,Kensington and Chelsea,5a1r,London Cosmopolitan,London_Cosmopolitan,J01000055,London
E02000582,E09000020,Kensington and Chelsea,5a1r,London Cosmopolitan,London_Cosmopolitan,J01000055,London
E02000583,E09000020,Kensington and Chelsea,5a1r,London Cosmopolitan,London_Cosmopolitan,J01000055,London
E02000584,E09000020,Kensington and Chelsea,5a1r,London Cosmopolitan,London_Cosmopolitan,J01000055,London
E02000585,E09000020,Kensington and Chelsea,5a1r,London Cosmopolitan,London_Cosmopolitan,J01000055,London
E02000586,E09000020,Kensington and Chelsea,5a1r,London Cosmopolitan,London_Cosmopolitan,J01000055,London
E02000587,E09000020,Kensington and Chelsea,5a1r,London Cosmopolitan,London_Cosmopolitan,J01000055,London
E02000588,E09000020,Kensington and Chelsea,5a1r,London Cosmopolitan,London_Cosmopolitan,J01000055,London
E02000589,E09000020,Kensington and Chelsea,5a1r,London Cosmopolitan,London_Cosmopolitan,J01000055,London
E02000590,E09000020,Kensington and Chelsea,5a1r,London Cosmopolitan,London_Cosmopolitan,J01000055,London
E02000591,E09000020,Kensington and Chelsea,5a1r,London Cosmopolitan,London_Cosmopolitan,J01000055,London
E02000592,E09000020,Kensington and Chelsea,5a1r,London Cosmopolitan,London_Cosmopolitan,J01000055,London
E02000593,E09000020,Kensington and Chelsea,5a1r,London Cosmopolitan,London_Cosmopolitan,J01000055,London
E02000594,E09000020,Kensington and Chelsea,5a1r,London Cosmopolitan,London_Cosmopolitan,J01000055,London
E02000595,E09000020,Kensington and Chelsea,5a1r,London Cosmopolitan,London_Cosmopolitan,J01000055,London
E02000596,E09000020,Kensington and Chelsea,5a1r,London Cosmopolitan,London_Cosmopolitan,J01000055,London
E02000597,E09000020,Kensington and Chelsea,5a1r,London Cosmopolitan,London_Cosmopolitan,J01000055,London
E02000598,E09000021,Kingston upon Thames,2b1r,University Towns and Cities,University_Towns,J01000055,London
E02000599,E09000021,Kingston upon Thames,2b1r,University Towns and Cities,University_Towns,J01000055,London
E02000600,E09000021,Kingston upon Thames,2b1r,University Towns and Cities,University_Towns,J01000055,London
E02000601,E09000021,Kingston upon Thames,2b1r,University Towns and Cities,University_Towns,J01000055,London
E02000602,E09000021,Kingston upon Thames,2b1r,University Towns and Cities,University_Towns,J01000055,London
E02000603,E09000021,Kingston upon Thames,2b1r,University Towns and Cities,University_Towns,J01000055,London
E02000604,E09000021,Kingston upon Thames,2b1r,University Towns and Cities,University_Towns,J01000055,London
E02000605,E09000021,Kingston upon Thames,2b1r,University Towns and Cities,University_Towns,J01000055,London
E02000606,E09000021,Kingston upon Thames,2b1r,University Towns and Cities,University_Towns,J01000055,London
E02000607,E09000021,Kingston upon Thames,2b1r,University Towns and Cities,University_Towns,J01000055,London
E02000608,E09000021,Kingston upon Thames,2b1r,University Towns and Cities,University_Towns,J01000055,London
E02000609,E09000021,Kingston upon Thames,2b1r,University Towns and Cities,University_Towns,J01000055,London
E02000610,E09000021,Kingston upon Thames,2b1r,University Towns and Cities,University_Towns,J01000055,London
E02000611,E09000021,Kingston upon Thames,2b1r,University Towns and Cities,University_Towns,J01000055,London
E02000612,E09000021,Kingston upon Thames,2b1r,University Towns and Cities,University_Towns,J01000055,London
E02000613,E09000021,Kingston upon Thames,2b1r,University Towns and Cities,University_Towns,J01000055,London
E02000614,E09000021,Kingston upon Thames,2b1r,University Towns and Cities,University_Towns,J01000055,London
E02000615,E09000021,Kingston upon Thames,2b1r,University Towns and Cities,University_Towns,J01000055,London
E02000616,E09000021,Kingston upon Thames,2b1r,University Towns and Cities,University_Towns,J01000055,London
E02000617,E09000021,Kingston upon Thames,2b1r,University Towns and Cities,University_Towns,J01000055,London
E02000619,E09000022,Lambeth,5a1r,London Cosmopolitan,London_Cosmopolitan,J01000055,London
E02000620,E09000022,Lambeth,5a1r,London Cosmopolitan,London_Cosmopolitan,J01000055,London
E02000621,E09000022,Lambeth,5a1r,London Cosmopolitan,London_Cosmopolitan,J01000055,London
E02000622,E09000022,Lambeth,5a1r,London Cosmopolitan,London_Cosmopolitan,J01000055,London
E02000623,E09000022,Lambeth,5a1r,London Cosmopolitan,London_Cosmopolitan,J01000055,London
E02000624,E09000022,Lambeth,5a1r,London Cosmopolitan,London_Cosmopolitan,J01000055,London
E02000625,E09000022,Lambeth,5a1r,London Cosmopolitan,London_Cosmopolitan,J01000055,London
E02000626,E09000022,Lambeth,5a1r,London Cosmopolitan,London_Cosmopolitan,J01000055,London
E02000627,E09000022,Lambeth,5a1r,London Cosmopolitan,London_Cosmopolitan,J01000055,London
E02000628,E09000022,Lambeth,5a1r,London Cosmopolitan,London_Cosmopolitan,J01000055,London
E02000629,E09000022,Lambeth,5a1r,London Cosmopolitan,London_Cosmopolitan,J01000055,London
E02000630,E09000022,Lambeth,5a1r,London Cosmopolitan,London_Cosmopolitan,J01000055,London
E02000631,E09000022,Lambeth,5a1r,London Cosmopolitan,London_Cosmopolitan,J01000055,London
E02000632,E09000022,Lambeth,5a1r,London Cosmopolitan,London_Cosmopolitan,J01000055,London
E02000633,E09000022,Lambeth,5a1r,London Cosmopolitan,London_Cosmopolitan,J01000055,London
E02000634,E09000022,Lambeth,5a1r,London Cosmopolitan,London_Cosmopolitan,J01000055,London
E02000635,E09000022,Lambeth,5a1r,London Cosmopolitan,London_Cosmopolitan,J01000055,London
E02000636,E09000022,Lambeth,5a1r,London Cosmopolitan,London_Cosmopolitan,J01000055,London
E02000637,E09000022,Lambeth,5a1r,London Cosmopolitan,London_Cosmopolitan,J01000055,London
E02000638,E09000022,Lambeth,5a1r,London Cosmopolitan,London_Cosmopolitan,J01000055,London
E02000639,E09000022,Lambeth,5a1r,London Cosmopolitan,London_Cosmopolitan,J01000055,London
E02000640,E09000022,Lambeth,5a1r,London Cosmopolitan,London_Cosmopolitan,J01000055,London
E02000641,E09000022,Lambeth,5a1r,London Cosmopolitan,London_Cosmopolitan,J01000055,London
E02000642,E09000022,Lambeth,5a1r,London Cosmopolitan,London_Cosmopolitan,J01000055,London
E02000643,E09000022,Lambeth,5a1r,London Cosmopolitan,London_Cosmopolitan,J01000055,London
E02000644,E09000022,Lambeth,5a1r,London Cosmopolitan,London_Cosmopolitan,J01000055,London
E02000645,E09000022,Lambeth,5a1r,London Cosmopolitan,London_Cosmopolitan,J01000055,London
E02000646,E09000022,Lambeth,5a1r,London Cosmopolitan,London_Cosmopolitan,J01000055,London
E02000647,E09000022,Lambeth,5a1r,London Cosmopolitan,London_Cosmopolitan,J01000055,London
E02000648,E09000022,Lambeth,5a1r,London Cosmopolitan,London_Cosmopolitan,J01000055,London
E02000649,E09000022,Lambeth,5a1r,London Cosmopolitan,London_Cosmopolitan,J01000055,London
E02000650,E09000022,Lambeth,5a1r,London Cosmopolitan,London_Cosmopolitan,J01000055,London
E02000651,E09000022,Lambeth,5a1r,London Cosmopolitan,London_Cosmopolitan,J01000055,London
E02000652,E09000022,Lambeth,5a1r,London Cosmopolitan,London_Cosmopolitan,J01000055,London
E02000653,E09000023,Lewisham,4a1r,Ethnically Diverse Metropolitan  Living,Urban_Non_London,J01000055,London
E02000654,E09000023,Lewisham,4a1r,Ethnically Diverse Metropolitan  Living,Urban_Non_London,J01000055,London
E02000655,E09000023,Lewisham,4a1r,Ethnically Diverse Metropolitan  Living,Urban_Non_London,J01000055,London
E02000657,E09000023,Lewisham,4a1r,Ethnically Diverse Metropolitan  Living,Urban_Non_London,J01000055,London
E02000658,E09000023,Lewisham,4a1r,Ethnically Diverse Metropolitan  Living,Urban_Non_London,J01000055,London
E02000659,E09000023,Lewisham,4a1r,Ethnically Diverse Metropolitan  Living,Urban_Non_London,J01000055,London
E02000660,E09000023,Lewisham,4a1r,Ethnically Diverse Metropolitan  Living,Urban_Non_London,J01000055,London
E02000661,E09000023,Lewisham,4a1r,Ethnically Diverse Metropolitan  Living,Urban_Non_London,J01000055,London
E02000662,E09000023,Lewisham,4a1r,Ethnically Diverse Metropolitan  Living,Urban_Non_London,J01000055,London
E02000663,E09000023,Lewisham,4a1r,Ethnically Diverse Metropolitan  Living,Urban_Non_London,J01000055,London
E02000664,E09000023,Lewisham,4a1r,Ethnically Diverse Metropolitan  Living,Urban_Non_London,J01000055,London
E02000665,E09000023,Lewisham,4a1r,Ethnically Diverse Metropolitan  Living,Urban_Non_London,J01000055,London
E02000666,E09000023,Lewisham,4a1r,Ethnically Diverse Metropolitan  Living,Urban_Non_London,J01000055,London
E02000667,E09000023,Lewisham,4a1r,Ethnically Diverse Metropolitan  Living,Urban_Non_London,J01000055,London
E02000668,E09000023,Lewisham,4a1r,Ethnically Diverse Metropolitan  Living,Urban_Non_London,J01000055,London
E02000669,E09000023,Lewisham,4a1r,Ethnically Diverse Metropolitan  Living,Urban_Non_London,J01000055,London
E02000670,E09000023,Lewisham,4a1r,Ethnically Diverse Metropolitan  Living,Urban_Non_London,J01000055,London
E02000671,E09000023,Lewisham,4a1r,Ethnically Diverse Metropolitan  Living,Urban_Non_London,J01000055,London
E02000672,E09000023,Lewisham,4a1r,Ethnically Diverse Metropolitan  Living,Urban_Non_London,J01000055,London
E02000673,E09000023,Lewisham,4a1r,Ethnically Diverse Metropolitan  Living,Urban_Non_London,J01000055,London
E02000674,E09000023,Lewisham,4a1r,Ethnically Diverse Metropolitan  Living,Urban_Non_London,J01000055,London
E02000675,E09000023,Lewisham,4a1r,Ethnically Diverse Metropolitan  Living,Urban_Non_London,J01000055,London
E02000676,E09000023,Lewisham,4a1r,Ethnically Diverse Metropolitan  Living,Urban_Non_London,J01000055,London
E02000677,E09000023,Lewisham,4a1r,Ethnically Diverse Metropolitan  Living,Urban_Non_London,J01000055,London
E02000678,E09000023,Lewisham,4a1r,Ethnically Diverse Metropolitan  Living,Urban_Non_London,J01000055,London
E02000679,E09000023,Lewisham,4a1r,Ethnically Diverse Metropolitan  Living,Urban_Non_London,J01000055,London
E02000680,E09000023,Lewisham,4a1r,Ethnically Diverse Metropolitan  Living,Urban_Non_London,J01000055,London
E02000681,E09000023,Lewisham,4a1r,Ethnically Diverse Metropolitan  Living,Urban_Non_London,J01000055,London
E02000682,E09000023,Lewisham,4a1r,Ethnically Diverse Metropolitan  Living,Urban_Non_London,J01000055,London
E02000683,E09000023,Lewisham,4a1r,Ethnically Diverse Metropolitan  Living,Urban_Non_London,J01000055,London
E02000685,E09000023,Lewisham,4a1r,Ethnically Diverse Metropolitan  Living,Urban_Non_London,J01000055,London
E02000686,E09000023,Lewisham,4a1r,Ethnically Diverse Metropolitan  Living,Urban_Non_London,J01000055,London
E02000687,E09000023,Lewisham,4a1r,Ethnically Diverse Metropolitan  Living,Urban_Non_London,J01000055,London
E02000689,E09000024,Merton,4a1r,Ethnically Diverse Metropolitan  Living,Urban_Non_London,J01000055,London
E02000690,E09000024,Merton,4a1r,Ethnically Diverse Metropolitan  Living,Urban_Non_London,J01000055,London
E02000691,E09000024,Merton,4a1r,Ethnically Diverse Metropolitan  Living,Urban_Non_London,J01000055,London
E02000692,E09000024,Merton,4a1r,Ethnically Diverse Metropolitan  Living,Urban_Non_London,J01000055,London
E02000693,E09000024,Merton,4a1r,Ethnically Diverse Metropolitan  Living,Urban_Non_London,J01000055,London
E02000694,E09000024,Merton,4a1r,Ethnically Diverse Metropolitan  Living,Urban_Non_London,J01000055,London
E02000695,E09000024,Merton,4a1r,Ethnically Diverse Metropolitan  Living,Urban_Non_London,J01000055,London
E02000696,E09000024,Merton,4a1r,Ethnically Diverse Metropolitan  Living,Urban_Non_London,J01000055,London
E02000697,E09000024,Merton,4a1r,Ethnically Diverse Metropolitan  Living,Urban_Non_London,J01000055,London
E02000698,E09000024,Merton,4a1r,Ethnically Diverse Metropolitan  Living,Urban_Non_London,J01000055,London
E02000699,E09000024,Merton,4a1r,Ethnically Diverse Metropolitan  Living,Urban_Non_London,J01000055,London
E02000700,E09000024,Merton,4a1r,Ethnically Diverse Metropolitan  Living,Urban_Non_London,J01000055,London
E02000701,E09000024,Merton,4a1r,Ethnically Diverse Metropolitan  Living,Urban_Non_London,J01000055,London
E02000702,E09000024,Merton,4a1r,Ethnically Diverse Metropolitan  Living,Urban_Non_London,J01000055,London
E02000703,E09000024,Merton,4a1r,Ethnically Diverse Metropolitan  Living,Urban_Non_London,J01000055,London
E02000704,E09000024,Merton,4a1r,Ethnically Diverse Metropolitan  Living,Urban_Non_London,J01000055,London
E02000705,E09000024,Merton,4a1r,Ethnically Diverse Metropolitan  Living,Urban_Non_London,J01000055,London
E02000706,E09000024,Merton,4a1r,Ethnically Diverse Metropolitan  Living,Urban_Non_London,J01000055,London
E02000707,E09000024,Merton,4a1r,Ethnically Diverse Metropolitan  Living,Urban_Non_London,J01000055,London
E02000708,E09000024,Merton,4a1r,Ethnically Diverse Metropolitan  Living,Urban_Non_London,J01000055,London
E02000709,E09000024,Merton,4a1r,Ethnically Diverse Metropolitan  Living,Urban_Non_London,J01000055,London
E02000710,E09000024,Merton,4a1r,Ethnically Diverse Metropolitan  Living,Urban_Non_London,J01000055,London
E02000711,E09000024,Merton,4a1r,Ethnically Diverse Metropolitan  Living,Urban_Non_London,J01000055,London
E02000712,E09000024,Merton,4a1r,Ethnically Diverse Metropolitan  Living,Urban_Non_London,J01000055,London
E02000713,E09000024,Merton,4a1r,Ethnically Diverse Metropolitan  Living,Urban_Non_London,J01000055,London
E02000714,E09000025,Newham,4a1r,Ethnically Diverse Metropolitan  Living,Urban_Non_London,J01000055,London
E02000715,E09000025,Newham,4a1r,Ethnically Diverse Metropolitan  Living,Urban_Non_London,J01000055,London
E02000716,E09000025,Newham,4a1r,Ethnically Diverse Metropolitan  Living,Urban_Non_London,J01000055,London
E02000717,E09000025,Newham,4a1r,Ethnically Diverse Metropolitan  Living,Urban_Non_London,J01000055,London
E02000718,E09000025,Newham,4a1r,Ethnically Diverse Metropolitan  Living,Urban_Non_London,J01000055,London
E02000719,E09000025,Newham,4a1r,Ethnically Diverse Metropolitan  Living,Urban_Non_London,J01000055,London
E02000720,E09000025,Newham,4a1r,Ethnically Diverse Metropolitan  Living,Urban_Non_London,J01000055,London
E02000721,E09000025,Newham,4a1r,Ethnically Diverse Metropolitan  Living,Urban_Non_London,J01000055,London
E02000722,E09000025,Newham,4a1r,Ethnically Diverse Metropolitan  Living,Urban_Non_London,J01000055,London
E02000723,E09000025,Newham,4a1r,Ethnically Diverse Metropolitan  Living,Urban_Non_London,J01000055,London
E02000724,E09000025,Newham,4a1r,Ethnically Diverse Metropolitan  Living,Urban_Non_London,J01000055,London
E02000725,E09000025,Newham,4a1r,Ethnically Diverse Metropolitan  Living,Urban_Non_London,J01000055,London
E02000726,E09000025,Newham,4a1r,Ethnically Diverse Metropolitan  Living,Urban_Non_London,J01000055,London
E02000727,E09000025,Newham,4a1r,Ethnically Diverse Metropolitan  Living,Urban_Non_London,J01000055,London
E02000728,E09000025,Newham,4a1r,Ethnically Diverse Metropolitan  Living,Urban_Non_London,J01000055,London
E02000729,E09000025,Newham,4a1r,Ethnically Diverse Metropolitan  Living,Urban_Non_London,J01000055,London
E02000730,E09000025,Newham,4a1r,Ethnically Diverse Metropolitan  Living,Urban_Non_London,J01000055,London
E02000731,E09000025,Newham,4a1r,Ethnically Diverse Metropolitan  Living,Urban_Non_London,J01000055,London
E02000732,E09000025,Newham,4a1r,Ethnically Diverse Metropolitan  Living,Urban_Non_London,J01000055,London
E02000733,E09000025,Newham,4a1r,Ethnically Diverse Metropolitan  Living,Urban_Non_London,J01000055,London
E02000734,E09000025,Newham,4a1r,Ethnically Diverse Metropolitan  Living,Urban_Non_London,J01000055,London
E02000735,E09000025,Newham,4a1r,Ethnically Diverse Metropolitan  Living,Urban_Non_London,J01000055,London
E02000736,E09000025,Newham,4a1r,Ethnically Diverse Metropolitan  Living,Urban_Non_London,J01000055,London
E02000737,E09000025,Newham,4a1r,Ethnically Diverse Metropolitan  Living,Urban_Non_London,J01000055,London
E02000738,E09000025,Newham,4a1r,Ethnically Diverse Metropolitan  Living,Urban_Non_London,J01000055,London
E02000739,E09000025,Newham,4a1r,Ethnically Diverse Metropolitan  Living,Urban_Non_London,J01000055,London
E02000740,E09000025,Newham,4a1r,Ethnically Diverse Metropolitan  Living,Urban_Non_London,J01000055,London
E02000741,E09000025,Newham,4a1r,Ethnically Diverse Metropolitan  Living,Urban_Non_London,J01000055,London
E02000742,E09000025,Newham,4a1r,Ethnically Diverse Metropolitan  Living,Urban_Non_London,J01000055,London
E02000743,E09000025,Newham,4a1r,Ethnically Diverse Metropolitan  Living,Urban_Non_London,J01000055,London
E02000744,E09000025,Newham,4a1r,Ethnically Diverse Metropolitan  Living,Urban_Non_London,J01000055,London
E02000745,E09000025,Newham,4a1r,Ethnically Diverse Metropolitan  Living,Urban_Non_London,J01000055,London
E02000746,E09000025,Newham,4a1r,Ethnically Diverse Metropolitan  Living,Urban_Non_London,J01000055,London
E02000747,E09000025,Newham,4a1r,Ethnically Diverse Metropolitan  Living,Urban_Non_London,J01000055,London
E02000748,E09000025,Newham,4a1r,Ethnically Diverse Metropolitan  Living,Urban_Non_London,J01000055,London
E02000749,E09000025,Newham,4a1r,Ethnically Diverse Metropolitan  Living,Urban_Non_London,J01000055,London
E02000750,E09000025,Newham,4a1r,Ethnically Diverse Metropolitan  Living,Urban_Non_London,J01000055,London
E02000751,E09000026,Redbridge,4a1r,Ethnically Diverse Metropolitan  Living,Urban_Non_London,J01000055,London
E02000752,E09000026,Redbridge,4a1r,Ethnically Diverse Metropolitan  Living,Urban_Non_London,J01000055,London
E02000753,E09000026,Redbridge,4a1r,Ethnically Diverse Metropolitan  Living,Urban_Non_London,J01000055,London
E02000754,E09000026,Redbridge,4a1r,Ethnically Diverse Metropolitan  Living,Urban_Non_London,J01000055,London
E02000755,E09000026,Redbridge,4a1r,Ethnically Diverse Metropolitan  Living,Urban_Non_London,J01000055,London
E02000756,E09000026,Redbridge,4a1r,Ethnically Diverse Metropolitan  Living,Urban_Non_London,J01000055,London
E02000757,E09000026,Redbridge,4a1r,Ethnically Diverse Metropolitan  Living,Urban_Non_London,J01000055,London
E02000758,E09000026,Redbridge,4a1r,Ethnically Diverse Metropolitan  Living,Urban_Non_London,J01000055,London
E02000759,E09000026,Redbridge,4a1r,Ethnically Diverse Metropolitan  Living,Urban_Non_London,J01000055,London
E02000760,E09000026,Redbridge,4a1r,Ethnically Diverse Metropolitan  Living,Urban_Non_London,J01000055,London
E02000762,E09000026,Redbridge,4a1r,Ethnically Diverse Metropolitan  Living,Urban_Non_London,J01000055,London
E02000763,E09000026,Redbridge,4a1r,Ethnically Diverse Metropolitan  Living,Urban_Non_London,J01000055,London
E02000764,E09000026,Redbridge,4a1r,Ethnically Diverse Metropolitan  Living,Urban_Non_London,J01000055,London
E02000765,E09000026,Redbridge,4a1r,Ethnically Diverse Metropolitan  Living,Urban_Non_London,J01000055,London
E02000767,E09000026,Redbridge,4a1r,Ethnically Diverse Metropolitan  Living,Urban_Non_London,J01000055,London
E02000768,E09000026,Redbridge,4a1r,Ethnically Diverse Metropolitan  Living,Urban_Non_London,J01000055,London
E02000769,E09000026,Redbridge,4a1r,Ethnically Diverse Metropolitan  Living,Urban_Non_London,J01000055,London
E02000770,E09000026,Redbridge,4a1r,Ethnically Diverse Metropolitan  Living,Urban_Non_London,J01000055,London
E02000772,E09000026,Redbridge,4a1r,Ethnically Diverse Metropolitan  Living,Urban_Non_London,J01000055,London
E02000773,E09000026,Redbridge,4a1r,Ethnically Diverse Metropolitan  Living,Urban_Non_London,J01000055,London
E02000774,E09000026,Redbridge,4a1r,Ethnically Diverse Metropolitan  Living,Urban_Non_London,J01000055,London
E02000776,E09000026,Redbridge,4a1r,Ethnically Diverse Metropolitan  Living,Urban_Non_London,J01000055,London
E02000777,E09000026,Redbridge,4a1r,Ethnically Diverse Metropolitan  Living,Urban_Non_London,J01000055,London
E02000779,E09000026,Redbridge,4a1r,Ethnically Diverse Metropolitan  Living,Urban_Non_London,J01000055,London
E02000780,E09000026,Redbridge,4a1r,Ethnically Diverse Metropolitan  Living,Urban_Non_London,J01000055,London
E02000781,E09000026,Redbridge,4a1r,Ethnically Diverse Metropolitan  Living,Urban_Non_London,J01000055,London
E02000782,E09000026,Redbridge,4a1r,Ethnically Diverse Metropolitan  Living,Urban_Non_London,J01000055,London
E02000783,E09000026,Redbridge,4a1r,Ethnically Diverse Metropolitan  Living,Urban_Non_London,J01000055,London
E02000784,E09000027,Richmond upon Thames,1a1r,Rural-Urban Fringe,Rural_Prosperous,J01000055,London
E02000785,E09000027,Richmond upon Thames,1a1r,Rural-Urban Fringe,Rural_Prosperous,J01000055,London
E02000786,E09000027,Richmond upon Thames,1a1r,Rural-Urban Fringe,Rural_Prosperous,J01000055,London
E02000787,E09000027,Richmond upon Thames,1a1r,Rural-Urban Fringe,Rural_Prosperous,J01000055,London
E02000788,E09000027,Richmond upon Thames,1a1r,Rural-Urban Fringe,Rural_Prosperous,J01000055,London
E02000789,E09000027,Richmond upon Thames,1a1r,Rural-Urban Fringe,Rural_Prosperous,J01000055,London
E02000790,E09000027,Richmond upon Thames,1a1r,Rural-Urban Fringe,Rural_Prosperous,J01000055,London
E02000791,E09000027,Richmond upon Thames,1a1r,Rural-Urban Fringe,Rural_Prosperous,J01000055,London
E02000792,E09000027,Richmond upon Thames,1a1r,Rural-Urban Fringe,Rural_Prosperous,J01000055,London
E02000793,E09000027,Richmond upon Thames,1a1r,Rural-Urban Fringe,Rural_Prosperous,J01000055,London
E02000794,E09000027,Richmond upon Thames,1a1r,Rural-Urban Fringe,Rural_Prosperous,J01000055,London
E02000795,E09000027,Richmond upon Thames,1a1r,Rural-Urban Fringe,Rural_Prosperous,NA,NA
E02000796,E09000027,Richmond upon Thames,1a1r,Rural-Urban Fringe,Rural_Prosperous,J01000055,London
E02000797,E09000027,Richmond upon Thames,1a1r,Rural-Urban Fringe,Rural_Prosperous,J01000055,London
E02000798,E09000027,Richmond upon Thames,1a1r,Rural-Urban Fringe,Rural_Prosperous,J01000055,London
E02000799,E09000027,Richmond upon Thames,1a1r,Rural-Urban Fringe,Rural_Prosperous,J01000055,London
E02000800,E09000027,Richmond upon Thames,1a1r,Rural-Urban Fringe,Rural_Prosperous,J01000055,London
E02000801,E09000027,Richmond upon Thames,1a1r,Rural-Urban Fringe,Rural_Prosperous,J01000055,London
E02000802,E09000027,Richmond upon Thames,1a1r,Rural-Urban Fringe,Rural_Prosperous,J01000055,London
E02000803,E09000027,Richmond upon Thames,1a1r,Rural-Urban Fringe,Rural_Prosperous,J01000055,London
E02000804,E09000027,Richmond upon Thames,1a1r,Rural-Urban Fringe,Rural_Prosperous,J01000055,London
E02000805,E09000027,Richmond upon Thames,1a1r,Rural-Urban Fringe,Rural_Prosperous,J01000055,London
E02000806,E09000027,Richmond upon Thames,1a1r,Rural-Urban Fringe,Rural_Prosperous,J01000055,London
E02000807,E09000028,Southwark,5a1r,London Cosmopolitan,London_Cosmopolitan,J01000055,London
E02000808,E09000028,Southwark,5a1r,London Cosmopolitan,London_Cosmopolitan,J01000055,London
E02000809,E09000028,Southwark,5a1r,London Cosmopolitan,London_Cosmopolitan,J01000055,London
E02000810,E09000028,Southwark,5a1r,London Cosmopolitan,London_Cosmopolitan,J01000055,London
E02000812,E09000028,Southwark,5a1r,London Cosmopolitan,London_Cosmopolitan,J01000055,London
E02000813,E09000028,Southwark,5a1r,London Cosmopolitan,London_Cosmopolitan,J01000055,London
E02000814,E09000028,Southwark,5a1r,London Cosmopolitan,London_Cosmopolitan,J01000055,London
E02000815,E09000028,Southwark,5a1r,London Cosmopolitan,London_Cosmopolitan,J01000055,London
E02000816,E09000028,Southwark,5a1r,London Cosmopolitan,London_Cosmopolitan,J01000055,London
E02000817,E09000028,Southwark,5a1r,London Cosmopolitan,London_Cosmopolitan,J01000055,London
E02000818,E09000028,Southwark,5a1r,London Cosmopolitan,London_Cosmopolitan,J01000055,London
E02000819,E09000028,Southwark,5a1r,London Cosmopolitan,London_Cosmopolitan,J01000055,London
E02000820,E09000028,Southwark,5a1r,London Cosmopolitan,London_Cosmopolitan,J01000055,London
E02000821,E09000028,Southwark,5a1r,London Cosmopolitan,London_Cosmopolitan,J01000055,London
E02000822,E09000028,Southwark,5a1r,London Cosmopolitan,London_Cosmopolitan,J01000055,London
E02000823,E09000028,Southwark,5a1r,London Cosmopolitan,London_Cosmopolitan,J01000055,London
E02000824,E09000028,Southwark,5a1r,London Cosmopolitan,London_Cosmopolitan,J01000055,London
E02000825,E09000028,Southwark,5a1r,London Cosmopolitan,London_Cosmopolitan,J01000055,London
E02000826,E09000028,Southwark,5a1r,London Cosmopolitan,London_Cosmopolitan,J01000055,London
E02000827,E09000028,Southwark,5a1r,London Cosmopolitan,London_Cosmopolitan,J01000055,London
E02000828,E09000028,Southwark,5a1r,London Cosmopolitan,London_Cosmopolitan,J01000055,London
E02000829,E09000028,Southwark,5a1r,London Cosmopolitan,London_Cosmopolitan,J01000055,London
E02000830,E09000028,Southwark,5a1r,London Cosmopolitan,London_Cosmopolitan,J01000055,London
E02000831,E09000028,Southwark,5a1r,London Cosmopolitan,London_Cosmopolitan,J01000055,London
E02000832,E09000028,Southwark,5a1r,London Cosmopolitan,London_Cosmopolitan,J01000055,London
E02000833,E09000028,Southwark,5a1r,London Cosmopolitan,London_Cosmopolitan,J01000055,London
E02000834,E09000028,Southwark,5a1r,London Cosmopolitan,London_Cosmopolitan,J01000055,London
E02000835,E09000028,Southwark,5a1r,London Cosmopolitan,London_Cosmopolitan,J01000055,London
E02000836,E09000028,Southwark,5a1r,London Cosmopolitan,London_Cosmopolitan,J01000055,London
E02000837,E09000028,Southwark,5a1r,London Cosmopolitan,London_Cosmopolitan,J01000055,London
E02000838,E09000028,Southwark,5a1r,London Cosmopolitan,London_Cosmopolitan,J01000055,London
E02000839,E09000028,Southwark,5a1r,London Cosmopolitan,London_Cosmopolitan,J01000055,London
E02000840,E09000029,Sutton,8b1r,City Periphery,Urban_Non_London,J01000055,London
E02000841,E09000029,Sutton,8b1r,City Periphery,Urban_Non_London,J01000055,London
E02000842,E09000029,Sutton,8b1r,City Periphery,Urban_Non_London,J01000055,London
E02000843,E09000029,Sutton,8b1r,City Periphery,Urban_Non_London,J01000055,London
E02000844,E09000029,Sutton,8b1r,City Periphery,Urban_Non_London,J01000055,London
E02000845,E09000029,Sutton,8b1r,City Periphery,Urban_Non_London,J01000055,London
E02000846,E09000029,Sutton,8b1r,City Periphery,Urban_Non_London,J01000055,London
E02000847,E09000029,Sutton,8b1r,City Periphery,Urban_Non_London,J01000055,London
E02000848,E09000029,Sutton,8b1r,City Periphery,Urban_Non_London,J01000055,London
E02000849,E09000029,Sutton,8b1r,City Periphery,Urban_Non_London,J01000055,London
E02000850,E09000029,Sutton,8b1r,City Periphery,Urban_Non_London,J01000055,London
E02000851,E09000029,Sutton,8b1r,City Periphery,Urban_Non_London,J01000055,London
E02000852,E09000029,Sutton,8b1r,City Periphery,Urban_Non_London,J01000055,London
E02000853,E09000029,Sutton,8b1r,City Periphery,Urban_Non_London,J01000055,London
E02000854,E09000029,Sutton,8b1r,City Periphery,Urban_Non_London,J01000055,London
E02000855,E09000029,Sutton,8b1r,City Periphery,Urban_Non_London,J01000055,London
E02000856,E09000029,Sutton,8b1r,City Periphery,Urban_Non_London,J01000055,London
E02000857,E09000029,Sutton,8b1r,City Periphery,Urban_Non_London,J01000055,London
E02000858,E09000029,Sutton,8b1r,City Periphery,Urban_Non_London,J01000055,London
E02000859,E09000029,Sutton,8b1r,City Periphery,Urban_Non_London,J01000055,London
E02000860,E09000029,Sutton,8b1r,City Periphery,Urban_Non_London,J01000055,London
E02000861,E09000029,Sutton,8b1r,City Periphery,Urban_Non_London,J01000055,London
E02000863,E09000029,Sutton,8b1r,City Periphery,Urban_Non_London,J01000055,London
E02000864,E09000030,Tower Hamlets,5a1r,London Cosmopolitan,London_Cosmopolitan,J01000055,London
E02000865,E09000030,Tower Hamlets,5a1r,London Cosmopolitan,London_Cosmopolitan,J01000055,London
E02000866,E09000030,Tower Hamlets,5a1r,London Cosmopolitan,London_Cosmopolitan,J01000055,London
E02000867,E09000030,Tower Hamlets,5a1r,London Cosmopolitan,London_Cosmopolitan,J01000055,London
E02000868,E09000030,Tower Hamlets,5a1r,London Cosmopolitan,London_Cosmopolitan,J01000055,London
E02000869,E09000030,Tower Hamlets,5a1r,London Cosmopolitan,London_Cosmopolitan,J01000055,London
E02000870,E09000030,Tower Hamlets,5a1r,London Cosmopolitan,London_Cosmopolitan,J01000055,London
E02000871,E09000030,Tower Hamlets,5a1r,London Cosmopolitan,London_Cosmopolitan,J01000055,London
E02000872,E09000030,Tower Hamlets,5a1r,London Cosmopolitan,London_Cosmopolitan,J01000055,London
E02000873,E09000030,Tower Hamlets,5a1r,London Cosmopolitan,London_Cosmopolitan,J01000055,London
E02000874,E09000030,Tower Hamlets,5a1r,London Cosmopolitan,London_Cosmopolitan,J01000055,London
E02000875,E09000030,Tower Hamlets,5a1r,London Cosmopolitan,London_Cosmopolitan,J01000055,London
E02000876,E09000030,Tower Hamlets,5a1r,London Cosmopolitan,London_Cosmopolitan,J01000055,London
E02000877,E09000030,Tower Hamlets,5a1r,London Cosmopolitan,London_Cosmopolitan,J01000055,London
E02000878,E09000030,Tower Hamlets,5a1r,London Cosmopolitan,London_Cosmopolitan,J01000055,London
E02000879,E09000030,Tower Hamlets,5a1r,London Cosmopolitan,London_Cosmopolitan,J01000055,London
E02000880,E09000030,Tower Hamlets,5a1r,London Cosmopolitan,London_Cosmopolitan,J01000055,London
E02000881,E09000030,Tower Hamlets,5a1r,London Cosmopolitan,London_Cosmopolitan,J01000055,London
E02000882,E09000030,Tower Hamlets,5a1r,London Cosmopolitan,London_Cosmopolitan,J01000055,London
E02000883,E09000030,Tower Hamlets,5a1r,London Cosmopolitan,London_Cosmopolitan,J01000055,London
E02000884,E09000030,Tower Hamlets,5a1r,London Cosmopolitan,London_Cosmopolitan,J01000055,London
E02000885,E09000030,Tower Hamlets,5a1r,London Cosmopolitan,London_Cosmopolitan,J01000055,London
E02000886,E09000030,Tower Hamlets,5a1r,London Cosmopolitan,London_Cosmopolitan,J01000055,London
E02000887,E09000030,Tower Hamlets,5a1r,London Cosmopolitan,London_Cosmopolitan,J01000055,London
E02000888,E09000030,Tower Hamlets,5a1r,London Cosmopolitan,London_Cosmopolitan,J01000055,London
E02000889,E09000030,Tower Hamlets,5a1r,London Cosmopolitan,London_Cosmopolitan,J01000055,London
E02000890,E09000030,Tower Hamlets,5a1r,London Cosmopolitan,London_Cosmopolitan,J01000055,London
E02000891,E09000030,Tower Hamlets,5a1r,London Cosmopolitan,London_Cosmopolitan,J01000055,London
E02000893,E09000030,Tower Hamlets,5a1r,London Cosmopolitan,London_Cosmopolitan,J01000055,London
E02000894,E09000030,Tower Hamlets,5a1r,London Cosmopolitan,London_Cosmopolitan,J01000055,London
E02000895,E09000031,Waltham Forest,4a1r,Ethnically Diverse Metropolitan  Living,Urban_Non_London,J01000055,London
E02000896,E09000031,Waltham Forest,4a1r,Ethnically Diverse Metropolitan  Living,Urban_Non_London,J01000055,London
E02000897,E09000031,Waltham Forest,4a1r,Ethnically Diverse Metropolitan  Living,Urban_Non_London,J01000055,London
E02000898,E09000031,Waltham Forest,4a1r,Ethnically Diverse Metropolitan  Living,Urban_Non_London,J01000055,London
E02000899,E09000031,Waltham Forest,4a1r,Ethnically Diverse Metropolitan  Living,Urban_Non_London,J01000055,London
E02000900,E09000031,Waltham Forest,4a1r,Ethnically Diverse Metropolitan  Living,Urban_Non_London,J01000055,London
E02000901,E09000031,Waltham Forest,4a1r,Ethnically Diverse Metropolitan  Living,Urban_Non_London,J01000055,London
E02000902,E09000031,Waltham Forest,4a1r,Ethnically Diverse Metropolitan  Living,Urban_Non_London,J01000055,London
E02000903,E09000031,Waltham Forest,4a1r,Ethnically Diverse Metropolitan  Living,Urban_Non_London,J01000055,London
E02000904,E09000031,Waltham Forest,4a1r,Ethnically Diverse Metropolitan  Living,Urban_Non_London,J01000055,London
E02000905,E09000031,Waltham Forest,4a1r,Ethnically Diverse Metropolitan  Living,Urban_Non_London,J01000055,London
E02000906,E09000031,Waltham Forest,4a1r,Ethnically Diverse Metropolitan  Living,Urban_Non_London,J01000055,London
E02000907,E09000031,Waltham Forest,4a1r,Ethnically Diverse Metropolitan  Living,Urban_Non_London,J01000055,London
E02000908,E09000031,Waltham Forest,4a1r,Ethnically Diverse Metropolitan  Living,Urban_Non_London,J01000055,London
E02000909,E09000031,Waltham Forest,4a1r,Ethnically Diverse Metropolitan  Living,Urban_Non_London,J01000055,London
E02000910,E09000031,Waltham Forest,4a1r,Ethnically Diverse Metropolitan  Living,Urban_Non_London,J01000055,London
E02000911,E09000031,Waltham Forest,4a1r,Ethnically Diverse Metropolitan  Living,Urban_Non_London,J01000055,London
E02000912,E09000031,Waltham Forest,4a1r,Ethnically Diverse Metropolitan  Living,Urban_Non_London,J01000055,London
E02000913,E09000031,Waltham Forest,4a1r,Ethnically Diverse Metropolitan  Living,Urban_Non_London,J01000055,London
E02000914,E09000031,Waltham Forest,4a1r,Ethnically Diverse Metropolitan  Living,Urban_Non_London,J01000055,London
E02000915,E09000031,Waltham Forest,4a1r,Ethnically Diverse Metropolitan  Living,Urban_Non_London,J01000055,London
E02000916,E09000031,Waltham Forest,4a1r,Ethnically Diverse Metropolitan  Living,Urban_Non_London,J01000055,London
E02000917,E09000031,Waltham Forest,4a1r,Ethnically Diverse Metropolitan  Living,Urban_Non_London,J01000055,London
E02000918,E09000031,Waltham Forest,4a1r,Ethnically Diverse Metropolitan  Living,Urban_Non_London,J01000055,London
E02000919,E09000031,Waltham Forest,4a1r,Ethnically Diverse Metropolitan  Living,Urban_Non_London,J01000055,London
E02000920,E09000031,Waltham Forest,4a1r,Ethnically Diverse Metropolitan  Living,Urban_Non_London,J01000055,London
E02000921,E09000031,Waltham Forest,4a1r,Ethnically Diverse Metropolitan  Living,Urban_Non_London,J01000055,London
E02000922,E09000031,Waltham Forest,4a1r,Ethnically Diverse Metropolitan  Living,Urban_Non_London,J01000055,London
E02000923,E09000032,Wandsworth,5a1r,London Cosmopolitan,London_Cosmopolitan,J01000055,London
E02000924,E09000032,Wandsworth,5a1r,London Cosmopolitan,London_Cosmopolitan,J01000055,London
E02000925,E09000032,Wandsworth,5a1r,London Cosmopolitan,London_Cosmopolitan,J01000055,London
E02000926,E09000032,Wandsworth,5a1r,London Cosmopolitan,London_Cosmopolitan,J01000055,London
E02000927,E09000032,Wandsworth,5a1r,London Cosmopolitan,London_Cosmopolitan,J01000055,London
E02000928,E09000032,Wandsworth,5a1r,London Cosmopolitan,London_Cosmopolitan,J01000055,London
E02000929,E09000032,Wandsworth,5a1r,London Cosmopolitan,London_Cosmopolitan,J01000055,London
E02000930,E09000032,Wandsworth,5a1r,London Cosmopolitan,London_Cosmopolitan,J01000055,London
E02000931,E09000032,Wandsworth,5a1r,London Cosmopolitan,London_Cosmopolitan,J01000055,London
E02000932,E09000032,Wandsworth,5a1r,London Cosmopolitan,London_Cosmopolitan,J01000055,London
E02000933,E09000032,Wandsworth,5a1r,London Cosmopolitan,London_Cosmopolitan,J01000055,London
E02000934,E09000032,Wandsworth,5a1r,London Cosmopolitan,London_Cosmopolitan,J01000055,London
E02000935,E09000032,Wandsworth,5a1r,London Cosmopolitan,London_Cosmopolitan,J01000055,London
E02000936,E09000032,Wandsworth,5a1r,London Cosmopolitan,London_Cosmopolitan,J01000055,London
E02000937,E09000032,Wandsworth,5a1r,London Cosmopolitan,London_Cosmopolitan,J01000055,London
E02000938,E09000032,Wandsworth,5a1r,London Cosmopolitan,London_Cosmopolitan,J01000055,London
E02000939,E09000032,Wandsworth,5a1r,London Cosmopolitan,London_Cosmopolitan,J01000055,London
E02000940,E09000032,Wandsworth,5a1r,London Cosmopolitan,London_Cosmopolitan,J01000055,London
E02000941,E09000032,Wandsworth,5a1r,London Cosmopolitan,London_Cosmopolitan,J01000055,London
E02000942,E09000032,Wandsworth,5a1r,London Cosmopolitan,London_Cosmopolitan,J01000055,London
E02000943,E09000032,Wandsworth,5a1r,London Cosmopolitan,London_Cosmopolitan,J01000055,London
E02000944,E09000032,Wandsworth,5a1r,London Cosmopolitan,London_Cosmopolitan,J01000055,London
E02000945,E09000032,Wandsworth,5a1r,London Cosmopolitan,London_Cosmopolitan,J01000055,London
E02000946,E09000032,Wandsworth,5a1r,London Cosmopolitan,London_Cosmopolitan,J01000055,London
E02000947,E09000032,Wandsworth,5a1r,London Cosmopolitan,London_Cosmopolitan,J01000055,London
E02000948,E09000032,Wandsworth,5a1r,London Cosmopolitan,London_Cosmopolitan,J01000055,London
E02000949,E09000032,Wandsworth,5a1r,London Cosmopolitan,London_Cosmopolitan,J01000055,London
E02000950,E09000032,Wandsworth,5a1r,London Cosmopolitan,London_Cosmopolitan,J01000055,London
E02000951,E09000032,Wandsworth,5a1r,London Cosmopolitan,London_Cosmopolitan,J01000055,London
E02000952,E09000032,Wandsworth,5a1r,London Cosmopolitan,London_Cosmopolitan,J01000055,London
E02000953,E09000032,Wandsworth,5a1r,London Cosmopolitan,London_Cosmopolitan,J01000055,London
E02000954,E09000032,Wandsworth,5a1r,London Cosmopolitan,London_Cosmopolitan,J01000055,London
E02000955,E09000032,Wandsworth,5a1r,London Cosmopolitan,London_Cosmopolitan,J01000055,London
E02000956,E09000032,Wandsworth,5a1r,London Cosmopolitan,London_Cosmopolitan,J01000055,London
E02000957,E09000032,Wandsworth,5a1r,London Cosmopolitan,London_Cosmopolitan,J01000055,London
E02000958,E09000032,Wandsworth,5a1r,London Cosmopolitan,London_Cosmopolitan,J01000055,London
E02000959,E09000032,Wandsworth,5a1r,London Cosmopolitan,London_Cosmopolitan,J01000055,London
E02000960,E09000033,Westminster,5a1r,London Cosmopolitan,London_Cosmopolitan,J01000055,London
E02000961,E09000033,Westminster,5a1r,London Cosmopolitan,London_Cosmopolitan,J01000055,London
E02000962,E09000033,Westminster,5a1r,London Cosmopolitan,London_Cosmopolitan,J01000055,London
E02000963,E09000033,Westminster,5a1r,London Cosmopolitan,London_Cosmopolitan,J01000055,London
E02000964,E09000033,Westminster,5a1r,London Cosmopolitan,London_Cosmopolitan,J01000055,London
E02000965,E09000033,Westminster,5a1r,London Cosmopolitan,London_Cosmopolitan,J01000055,London
E02000966,E09000033,Westminster,5a1r,London Cosmopolitan,London_Cosmopolitan,J01000055,London
E02000967,E09000033,Westminster,5a1r,London Cosmopolitan,London_Cosmopolitan,J01000055,London
E02000968,E09000033,Westminster,5a1r,London Cosmopolitan,London_Cosmopolitan,J01000055,London
E02000969,E09000033,Westminster,5a1r,London Cosmopolitan,London_Cosmopolitan,J01000055,London
E02000970,E09000033,Westminster,5a1r,London Cosmopolitan,London_Cosmopolitan,J01000055,London
E02000971,E09000033,Westminster,5a1r,London Cosmopolitan,London_Cosmopolitan,J01000055,London
E02000972,E09000033,Westminster,5a1r,London Cosmopolitan,London_Cosmopolitan,J01000055,London
E02000973,E09000033,Westminster,5a1r,London Cosmopolitan,London_Cosmopolitan,J01000055,London
E02000974,E09000033,Westminster,5a1r,London Cosmopolitan,London_Cosmopolitan,J01000055,London
E02000975,E09000033,Westminster,5a1r,London Cosmopolitan,London_Cosmopolitan,J01000055,London
E02000976,E09000033,Westminster,5a1r,London Cosmopolitan,London_Cosmopolitan,J01000055,London
E02000977,E09000033,Westminster,5a1r,London Cosmopolitan,London_Cosmopolitan,J01000055,London
E02000978,E09000033,Westminster,5a1r,London Cosmopolitan,London_Cosmopolitan,J01000055,London
E02000979,E09000033,Westminster,5a1r,London Cosmopolitan,London_Cosmopolitan,J01000055,London
E02000980,E09000033,Westminster,5a1r,London Cosmopolitan,London_Cosmopolitan,J01000055,London
E02000981,E09000033,Westminster,5a1r,London Cosmopolitan,London_Cosmopolitan,J01000055,London
E02000982,E09000033,Westminster,5a1r,London Cosmopolitan,London_Cosmopolitan,J01000055,London
E02000983,E09000033,Westminster,5a1r,London Cosmopolitan,London_Cosmopolitan,J01000055,London
E02000984,E08000001,Bolton,8a1r,Industrial and Multi-ethnic,Post_Industrial,J01000010,Bolton
E02000985,E08000001,Bolton,8a1r,Industrial and Multi-ethnic,Post_Industrial,J01000010,Bolton
E02000986,E08000001,Bolton,8a1r,Industrial and Multi-ethnic,Post_Industrial,J01000010,Bolton
E02000987,E08000001,Bolton,8a1r,Industrial and Multi-ethnic,Post_Industrial,NA,NA
E02000988,E08000001,Bolton,8a1r,Industrial and Multi-ethnic,Post_Industrial,J01000010,Bolton
E02000989,E08000001,Bolton,8a1r,Industrial and Multi-ethnic,Post_Industrial,J01000010,Bolton
E02000990,E08000001,Bolton,8a1r,Industrial and Multi-ethnic,Post_Industrial,NA,NA
E02000991,E08000001,Bolton,8a1r,Industrial and Multi-ethnic,Post_Industrial,J01000010,Bolton
E02000992,E08000001,Bolton,8a1r,Industrial and Multi-ethnic,Post_Industrial,NA,NA
E02000993,E08000001,Bolton,8a1r,Industrial and Multi-ethnic,Post_Industrial,J01000010,Bolton
E02000994,E08000001,Bolton,8a1r,Industrial and Multi-ethnic,Post_Industrial,J01000010,Bolton
E02000995,E08000001,Bolton,8a1r,Industrial and Multi-ethnic,Post_Industrial,J01000010,Bolton
E02000996,E08000001,Bolton,8a1r,Industrial and Multi-ethnic,Post_Industrial,J01000010,Bolton
E02000997,E08000001,Bolton,8a1r,Industrial and Multi-ethnic,Post_Industrial,NA,NA
E02000998,E08000001,Bolton,8a1r,Industrial and Multi-ethnic,Post_Industrial,J01000010,Bolton
E02000999,E08000001,Bolton,8a1r,Industrial and Multi-ethnic,Post_Industrial,J01000010,Bolton
E02001000,E08000001,Bolton,8a1r,Industrial and Multi-ethnic,Post_Industrial,J01000010,Bolton
E02001001,E08000001,Bolton,8a1r,Industrial and Multi-ethnic,Post_Industrial,J01000010,Bolton
E02001002,E08000001,Bolton,8a1r,Industrial and Multi-ethnic,Post_Industrial,J01000010,Bolton
E02001003,E08000001,Bolton,8a1r,Industrial and Multi-ethnic,Post_Industrial,J01000010,Bolton
E02001004,E08000001,Bolton,8a1r,Industrial and Multi-ethnic,Post_Industrial,J01000010,Bolton
E02001005,E08000001,Bolton,8a1r,Industrial and Multi-ethnic,Post_Industrial,J01000010,Bolton
E02001006,E08000001,Bolton,8a1r,Industrial and Multi-ethnic,Post_Industrial,J01000010,Bolton
E02001007,E08000001,Bolton,8a1r,Industrial and Multi-ethnic,Post_Industrial,NA,NA
E02001008,E08000001,Bolton,8a1r,Industrial and Multi-ethnic,Post_Industrial,J01000010,Bolton
E02001009,E08000001,Bolton,8a1r,Industrial and Multi-ethnic,Post_Industrial,J01000010,Bolton
E02001010,E08000001,Bolton,8a1r,Industrial and Multi-ethnic,Post_Industrial,NA,NA
E02001011,E08000001,Bolton,8a1r,Industrial and Multi-ethnic,Post_Industrial,NA,NA
E02001012,E08000001,Bolton,8a1r,Industrial and Multi-ethnic,Post_Industrial,NA,NA
E02001013,E08000001,Bolton,8a1r,Industrial and Multi-ethnic,Post_Industrial,NA,NA
E02001014,E08000001,Bolton,8a1r,Industrial and Multi-ethnic,Post_Industrial,NA,NA
E02001015,E08000001,Bolton,8a1r,Industrial and Multi-ethnic,Post_Industrial,NA,NA
E02001016,E08000001,Bolton,8a1r,Industrial and Multi-ethnic,Post_Industrial,NA,NA
E02001017,E08000001,Bolton,8a1r,Industrial and Multi-ethnic,Post_Industrial,NA,NA
E02001018,E08000001,Bolton,8a1r,Industrial and Multi-ethnic,Post_Industrial,NA,NA
E02001019,E08000002,Bury,8a2r,Urban Living,Urban_Non_London,NA,NA
E02001020,E08000002,Bury,8a2r,Urban Living,Urban_Non_London,NA,NA
E02001021,E08000002,Bury,8a2r,Urban Living,Urban_Non_London,NA,NA
E02001022,E08000002,Bury,8a2r,Urban Living,Urban_Non_London,J01000018,Bury
E02001023,E08000002,Bury,8a2r,Urban Living,Urban_Non_London,J01000018,Bury
E02001024,E08000002,Bury,8a2r,Urban Living,Urban_Non_London,J01000018,Bury
E02001025,E08000002,Bury,8a2r,Urban Living,Urban_Non_London,J01000018,Bury
E02001026,E08000002,Bury,8a2r,Urban Living,Urban_Non_London,J01000018,Bury
E02001027,E08000002,Bury,8a2r,Urban Living,Urban_Non_London,J01000018,Bury
E02001028,E08000002,Bury,8a2r,Urban Living,Urban_Non_London,J01000018,Bury
E02001029,E08000002,Bury,8a2r,Urban Living,Urban_Non_London,J01000018,Bury
E02001030,E08000002,Bury,8a2r,Urban Living,Urban_Non_London,NA,NA
E02001031,E08000002,Bury,8a2r,Urban Living,Urban_Non_London,J01000018,Bury
E02001032,E08000002,Bury,8a2r,Urban Living,Urban_Non_London,NA,NA
E02001033,E08000002,Bury,8a2r,Urban Living,Urban_Non_London,NA,NA
E02001034,E08000002,Bury,8a2r,Urban Living,Urban_Non_London,NA,NA
E02001035,E08000002,Bury,8a2r,Urban Living,Urban_Non_London,J01000018,Bury
E02001036,E08000002,Bury,8a2r,Urban Living,Urban_Non_London,NA,NA
E02001037,E08000002,Bury,8a2r,Urban Living,Urban_Non_London,NA,NA
E02001038,E08000002,Bury,8a2r,Urban Living,Urban_Non_London,NA,NA
E02001039,E08000002,Bury,8a2r,Urban Living,Urban_Non_London,NA,NA
E02001040,E08000002,Bury,8a2r,Urban Living,Urban_Non_London,NA,NA
E02001041,E08000002,Bury,8a2r,Urban Living,Urban_Non_London,J01000058,Manchester
E02001042,E08000002,Bury,8a2r,Urban Living,Urban_Non_London,J01000058,Manchester
E02001043,E08000002,Bury,8a2r,Urban Living,Urban_Non_London,J01000058,Manchester
E02001044,E08000002,Bury,8a2r,Urban Living,Urban_Non_London,J01000058,Manchester
E02001045,E08000003,Manchester,2b1r,University Towns and Cities,University_Towns,J01000058,Manchester
E02001046,E08000003,Manchester,2b1r,University Towns and Cities,University_Towns,J01000058,Manchester
E02001047,E08000003,Manchester,2b1r,University Towns and Cities,University_Towns,J01000058,Manchester
E02001048,E08000003,Manchester,2b1r,University Towns and Cities,University_Towns,J01000058,Manchester
E02001049,E08000003,Manchester,2b1r,University Towns and Cities,University_Towns,J01000058,Manchester
E02001050,E08000003,Manchester,2b1r,University Towns and Cities,University_Towns,J01000058,Manchester
E02001051,E08000003,Manchester,2b1r,University Towns and Cities,University_Towns,J01000058,Manchester
E02001052,E08000003,Manchester,2b1r,University Towns and Cities,University_Towns,J01000058,Manchester
E02001053,E08000003,Manchester,2b1r,University Towns and Cities,University_Towns,J01000058,Manchester
E02001055,E08000003,Manchester,2b1r,University Towns and Cities,University_Towns,J01000058,Manchester
E02001056,E08000003,Manchester,2b1r,University Towns and Cities,University_Towns,J01000058,Manchester
E02001057,E08000003,Manchester,2b1r,University Towns and Cities,University_Towns,J01000058,Manchester
E02001059,E08000003,Manchester,2b1r,University Towns and Cities,University_Towns,J01000058,Manchester
E02001061,E08000003,Manchester,2b1r,University Towns and Cities,University_Towns,J01000058,Manchester
E02001062,E08000003,Manchester,2b1r,University Towns and Cities,University_Towns,J01000058,Manchester
E02001063,E08000003,Manchester,2b1r,University Towns and Cities,University_Towns,J01000058,Manchester
E02001064,E08000003,Manchester,2b1r,University Towns and Cities,University_Towns,J01000058,Manchester
E02001065,E08000003,Manchester,2b1r,University Towns and Cities,University_Towns,J01000058,Manchester
E02001066,E08000003,Manchester,2b1r,University Towns and Cities,University_Towns,J01000058,Manchester
E02001067,E08000003,Manchester,2b1r,University Towns and Cities,University_Towns,J01000058,Manchester
E02001068,E08000003,Manchester,2b1r,University Towns and Cities,University_Towns,J01000058,Manchester
E02001069,E08000003,Manchester,2b1r,University Towns and Cities,University_Towns,J01000058,Manchester
E02001070,E08000003,Manchester,2b1r,University Towns and Cities,University_Towns,J01000058,Manchester
E02001071,E08000003,Manchester,2b1r,University Towns and Cities,University_Towns,J01000058,Manchester
E02001072,E08000003,Manchester,2b1r,University Towns and Cities,University_Towns,J01000058,Manchester
E02001073,E08000003,Manchester,2b1r,University Towns and Cities,University_Towns,J01000058,Manchester
E02001074,E08000003,Manchester,2b1r,University Towns and Cities,University_Towns,J01000058,Manchester
E02001075,E08000003,Manchester,2b1r,University Towns and Cities,University_Towns,J01000058,Manchester
E02001076,E08000003,Manchester,2b1r,University Towns and Cities,University_Towns,J01000058,Manchester
E02001077,E08000003,Manchester,2b1r,University Towns and Cities,University_Towns,J01000058,Manchester
E02001078,E08000003,Manchester,2b1r,University Towns and Cities,University_Towns,J01000058,Manchester
E02001079,E08000003,Manchester,2b1r,University Towns and Cities,University_Towns,J01000058,Manchester
E02001080,E08000003,Manchester,2b1r,University Towns and Cities,University_Towns,J01000058,Manchester
E02001081,E08000003,Manchester,2b1r,University Towns and Cities,University_Towns,J01000058,Manchester
E02001082,E08000003,Manchester,2b1r,University Towns and Cities,University_Towns,J01000058,Manchester
E02001083,E08000003,Manchester,2b1r,University Towns and Cities,University_Towns,J01000058,Manchester
E02001084,E08000003,Manchester,2b1r,University Towns and Cities,University_Towns,J01000058,Manchester
E02001085,E08000003,Manchester,2b1r,University Towns and Cities,University_Towns,J01000058,Manchester
E02001086,E08000003,Manchester,2b1r,University Towns and Cities,University_Towns,J01000058,Manchester
E02001087,E08000003,Manchester,2b1r,University Towns and Cities,University_Towns,J01000058,Manchester
E02001088,E08000003,Manchester,2b1r,University Towns and Cities,University_Towns,NA,NA
E02001089,E08000003,Manchester,2b1r,University Towns and Cities,University_Towns,J01000058,Manchester
E02001090,E08000003,Manchester,2b1r,University Towns and Cities,University_Towns,NA,NA
E02001091,E08000003,Manchester,2b1r,University Towns and Cities,University_Towns,NA,NA
E02001092,E08000003,Manchester,2b1r,University Towns and Cities,University_Towns,NA,NA
E02001093,E08000003,Manchester,2b1r,University Towns and Cities,University_Towns,NA,NA
E02001094,E08000003,Manchester,2b1r,University Towns and Cities,University_Towns,NA,NA
E02001095,E08000003,Manchester,2b1r,University Towns and Cities,University_Towns,NA,NA
E02001096,E08000003,Manchester,2b1r,University Towns and Cities,University_Towns,NA,NA
E02001097,E08000003,Manchester,2b1r,University Towns and Cities,University_Towns,NA,NA
E02001098,E08000004,Oldham,8a1r,Industrial and Multi-ethnic,Post_Industrial,NA,NA
E02001099,E08000004,Oldham,8a1r,Industrial and Multi-ethnic,Post_Industrial,NA,NA
E02001100,E08000004,Oldham,8a1r,Industrial and Multi-ethnic,Post_Industrial,NA,NA
E02001101,E08000004,Oldham,8a1r,Industrial and Multi-ethnic,Post_Industrial,NA,NA
E02001102,E08000004,Oldham,8a1r,Industrial and Multi-ethnic,Post_Industrial,NA,NA
E02001103,E08000004,Oldham,8a1r,Industrial and Multi-ethnic,Post_Industrial,NA,NA
E02001104,E08000004,Oldham,8a1r,Industrial and Multi-ethnic,Post_Industrial,J01000069,Oldham
E02001105,E08000004,Oldham,8a1r,Industrial and Multi-ethnic,Post_Industrial,NA,NA
E02001106,E08000004,Oldham,8a1r,Industrial and Multi-ethnic,Post_Industrial,NA,NA
E02001107,E08000004,Oldham,8a1r,Industrial and Multi-ethnic,Post_Industrial,NA,NA
E02001108,E08000004,Oldham,8a1r,Industrial and Multi-ethnic,Post_Industrial,J01000069,Oldham
E02001109,E08000004,Oldham,8a1r,Industrial and Multi-ethnic,Post_Industrial,J01000069,Oldham
E02001110,E08000004,Oldham,8a1r,Industrial and Multi-ethnic,Post_Industrial,NA,NA
E02001111,E08000004,Oldham,8a1r,Industrial and Multi-ethnic,Post_Industrial,J01000069,Oldham
E02001112,E08000004,Oldham,8a1r,Industrial and Multi-ethnic,Post_Industrial,NA,NA
E02001113,E08000004,Oldham,8a1r,Industrial and Multi-ethnic,Post_Industrial,J01000069,Oldham
E02001114,E08000004,Oldham,8a1r,Industrial and Multi-ethnic,Post_Industrial,NA,NA
E02001115,E08000004,Oldham,8a1r,Industrial and Multi-ethnic,Post_Industrial,J01000069,Oldham
E02001116,E08000004,Oldham,8a1r,Industrial and Multi-ethnic,Post_Industrial,J01000069,Oldham
E02001117,E08000004,Oldham,8a1r,Industrial and Multi-ethnic,Post_Industrial,NA,NA
E02001118,E08000004,Oldham,8a1r,Industrial and Multi-ethnic,Post_Industrial,J01000069,Oldham
E02001119,E08000004,Oldham,8a1r,Industrial and Multi-ethnic,Post_Industrial,J01000069,Oldham
E02001121,E08000004,Oldham,8a1r,Industrial and Multi-ethnic,Post_Industrial,J01000069,Oldham
E02001123,E08000004,Oldham,8a1r,Industrial and Multi-ethnic,Post_Industrial,J01000069,Oldham
E02001124,E08000004,Oldham,8a1r,Industrial and Multi-ethnic,Post_Industrial,NA,NA
E02001125,E08000004,Oldham,8a1r,Industrial and Multi-ethnic,Post_Industrial,NA,NA
E02001126,E08000004,Oldham,8a1r,Industrial and Multi-ethnic,Post_Industrial,J01000069,Oldham
E02001127,E08000004,Oldham,8a1r,Industrial and Multi-ethnic,Post_Industrial,J01000069,Oldham
E02001128,E08000004,Oldham,8a1r,Industrial and Multi-ethnic,Post_Industrial,NA,NA
E02001129,E08000004,Oldham,8a1r,Industrial and Multi-ethnic,Post_Industrial,NA,NA
E02001130,E08000004,Oldham,8a1r,Industrial and Multi-ethnic,Post_Industrial,NA,NA
E02001131,E08000004,Oldham,8a1r,Industrial and Multi-ethnic,Post_Industrial,NA,NA
E02001132,E08000005,Rochdale,8a1r,Industrial and Multi-ethnic,Post_Industrial,NA,NA
E02001133,E08000005,Rochdale,8a1r,Industrial and Multi-ethnic,Post_Industrial,NA,NA
E02001134,E08000005,Rochdale,8a1r,Industrial and Multi-ethnic,Post_Industrial,NA,NA
E02001135,E08000005,Rochdale,8a1r,Industrial and Multi-ethnic,Post_Industrial,J01000078,Rochdale
E02001136,E08000005,Rochdale,8a1r,Industrial and Multi-ethnic,Post_Industrial,J01000078,Rochdale
E02001137,E08000005,Rochdale,8a1r,Industrial and Multi-ethnic,Post_Industrial,J01000078,Rochdale
E02001138,E08000005,Rochdale,8a1r,Industrial and Multi-ethnic,Post_Industrial,J01000078,Rochdale
E02001139,E08000005,Rochdale,8a1r,Industrial and Multi-ethnic,Post_Industrial,J01000078,Rochdale
E02001140,E08000005,Rochdale,8a1r,Industrial and Multi-ethnic,Post_Industrial,J01000078,Rochdale
E02001141,E08000005,Rochdale,8a1r,Industrial and Multi-ethnic,Post_Industrial,J01000078,Rochdale
E02001142,E08000005,Rochdale,8a1r,Industrial and Multi-ethnic,Post_Industrial,J01000078,Rochdale
E02001143,E08000005,Rochdale,8a1r,Industrial and Multi-ethnic,Post_Industrial,J01000078,Rochdale
E02001144,E08000005,Rochdale,8a1r,Industrial and Multi-ethnic,Post_Industrial,NA,NA
E02001145,E08000005,Rochdale,8a1r,Industrial and Multi-ethnic,Post_Industrial,NA,NA
E02001146,E08000005,Rochdale,8a1r,Industrial and Multi-ethnic,Post_Industrial,J01000078,Rochdale
E02001147,E08000005,Rochdale,8a1r,Industrial and Multi-ethnic,Post_Industrial,J01000078,Rochdale
E02001148,E08000005,Rochdale,8a1r,Industrial and Multi-ethnic,Post_Industrial,J01000078,Rochdale
E02001149,E08000005,Rochdale,8a1r,Industrial and Multi-ethnic,Post_Industrial,NA,NA
E02001150,E08000005,Rochdale,8a1r,Industrial and Multi-ethnic,Post_Industrial,NA,NA
E02001151,E08000005,Rochdale,8a1r,Industrial and Multi-ethnic,Post_Industrial,NA,NA
E02001152,E08000005,Rochdale,8a1r,Industrial and Multi-ethnic,Post_Industrial,NA,NA
E02001153,E08000005,Rochdale,8a1r,Industrial and Multi-ethnic,Post_Industrial,NA,NA
E02001154,E08000005,Rochdale,8a1r,Industrial and Multi-ethnic,Post_Industrial,NA,NA
E02001155,E08000005,Rochdale,8a1r,Industrial and Multi-ethnic,Post_Industrial,NA,NA
E02001156,E08000005,Rochdale,8a1r,Industrial and Multi-ethnic,Post_Industrial,NA,NA
E02001157,E08000006,Salford,8a1r,Industrial and Multi-ethnic,Post_Industrial,NA,NA
E02001158,E08000006,Salford,8a1r,Industrial and Multi-ethnic,Post_Industrial,NA,NA
E02001159,E08000006,Salford,8a1r,Industrial and Multi-ethnic,Post_Industrial,NA,NA
E02001160,E08000006,Salford,8a1r,Industrial and Multi-ethnic,Post_Industrial,NA,NA
E02001161,E08000006,Salford,8a1r,Industrial and Multi-ethnic,Post_Industrial,NA,NA
E02001162,E08000006,Salford,8a1r,Industrial and Multi-ethnic,Post_Industrial,NA,NA
E02001163,E08000006,Salford,8a1r,Industrial and Multi-ethnic,Post_Industrial,NA,NA
E02001164,E08000006,Salford,8a1r,Industrial and Multi-ethnic,Post_Industrial,NA,NA
E02001165,E08000006,Salford,8a1r,Industrial and Multi-ethnic,Post_Industrial,NA,NA
E02001166,E08000006,Salford,8a1r,Industrial and Multi-ethnic,Post_Industrial,J01000080,Salford
E02001167,E08000006,Salford,8a1r,Industrial and Multi-ethnic,Post_Industrial,J01000080,Salford
E02001168,E08000006,Salford,8a1r,Industrial and Multi-ethnic,Post_Industrial,NA,NA
E02001169,E08000006,Salford,8a1r,Industrial and Multi-ethnic,Post_Industrial,NA,NA
E02001170,E08000006,Salford,8a1r,Industrial and Multi-ethnic,Post_Industrial,NA,NA
E02001171,E08000006,Salford,8a1r,Industrial and Multi-ethnic,Post_Industrial,NA,NA
E02001172,E08000006,Salford,8a1r,Industrial and Multi-ethnic,Post_Industrial,J01000080,Salford
E02001173,E08000006,Salford,8a1r,Industrial and Multi-ethnic,Post_Industrial,J01000080,Salford
E02001174,E08000006,Salford,8a1r,Industrial and Multi-ethnic,Post_Industrial,J01000080,Salford
E02001175,E08000006,Salford,8a1r,Industrial and Multi-ethnic,Post_Industrial,NA,NA
E02001176,E08000006,Salford,8a1r,Industrial and Multi-ethnic,Post_Industrial,NA,NA
E02001177,E08000006,Salford,8a1r,Industrial and Multi-ethnic,Post_Industrial,J01000080,Salford
E02001178,E08000006,Salford,8a1r,Industrial and Multi-ethnic,Post_Industrial,J01000080,Salford
E02001179,E08000006,Salford,8a1r,Industrial and Multi-ethnic,Post_Industrial,J01000080,Salford
E02001180,E08000006,Salford,8a1r,Industrial and Multi-ethnic,Post_Industrial,J01000080,Salford
E02001181,E08000006,Salford,8a1r,Industrial and Multi-ethnic,Post_Industrial,NA,NA
E02001182,E08000006,Salford,8a1r,Industrial and Multi-ethnic,Post_Industrial,NA,NA
E02001183,E08000006,Salford,8a1r,Industrial and Multi-ethnic,Post_Industrial,NA,NA
E02001184,E08000006,Salford,8a1r,Industrial and Multi-ethnic,Post_Industrial,J01000080,Salford
E02001185,E08000006,Salford,8a1r,Industrial and Multi-ethnic,Post_Industrial,NA,NA
E02001186,E08000006,Salford,8a1r,Industrial and Multi-ethnic,Post_Industrial,NA,NA
E02001187,E08000007,Stockport,7c2r,Prosperous Towns,Rural_Prosperous,J01000058,Manchester
E02001188,E08000007,Stockport,7c2r,Prosperous Towns,Rural_Prosperous,J01000058,Manchester
E02001189,E08000007,Stockport,7c2r,Prosperous Towns,Rural_Prosperous,J01000058,Manchester
E02001190,E08000007,Stockport,7c2r,Prosperous Towns,Rural_Prosperous,NA,NA
E02001191,E08000007,Stockport,7c2r,Prosperous Towns,Rural_Prosperous,NA,NA
E02001192,E08000007,Stockport,7c2r,Prosperous Towns,Rural_Prosperous,J01000093,Stockport
E02001193,E08000007,Stockport,7c2r,Prosperous Towns,Rural_Prosperous,J01000093,Stockport
E02001194,E08000007,Stockport,7c2r,Prosperous Towns,Rural_Prosperous,J01000093,Stockport
E02001195,E08000007,Stockport,7c2r,Prosperous Towns,Rural_Prosperous,NA,NA
E02001196,E08000007,Stockport,7c2r,Prosperous Towns,Rural_Prosperous,NA,NA
E02001197,E08000007,Stockport,7c2r,Prosperous Towns,Rural_Prosperous,J01000093,Stockport
E02001198,E08000007,Stockport,7c2r,Prosperous Towns,Rural_Prosperous,NA,NA
E02001199,E08000007,Stockport,7c2r,Prosperous Towns,Rural_Prosperous,J01000093,Stockport
E02001200,E08000007,Stockport,7c2r,Prosperous Towns,Rural_Prosperous,J01000093,Stockport
E02001201,E08000007,Stockport,7c2r,Prosperous Towns,Rural_Prosperous,J01000093,Stockport
E02001202,E08000007,Stockport,7c2r,Prosperous Towns,Rural_Prosperous,J01000093,Stockport
E02001203,E08000007,Stockport,7c2r,Prosperous Towns,Rural_Prosperous,NA,NA
E02001204,E08000007,Stockport,7c2r,Prosperous Towns,Rural_Prosperous,J01000093,Stockport
E02001205,E08000007,Stockport,7c2r,Prosperous Towns,Rural_Prosperous,J01000093,Stockport
E02001206,E08000007,Stockport,7c2r,Prosperous Towns,Rural_Prosperous,NA,NA
E02001207,E08000007,Stockport,7c2r,Prosperous Towns,Rural_Prosperous,J01000093,Stockport
E02001208,E08000007,Stockport,7c2r,Prosperous Towns,Rural_Prosperous,NA,NA
E02001209,E08000007,Stockport,7c2r,Prosperous Towns,Rural_Prosperous,J01000093,Stockport
E02001210,E08000007,Stockport,7c2r,Prosperous Towns,Rural_Prosperous,J01000093,Stockport
E02001211,E08000007,Stockport,7c2r,Prosperous Towns,Rural_Prosperous,NA,NA
E02001212,E08000007,Stockport,7c2r,Prosperous Towns,Rural_Prosperous,J01000093,Stockport
E02001213,E08000007,Stockport,7c2r,Prosperous Towns,Rural_Prosperous,J01000093,Stockport
E02001214,E08000007,Stockport,7c2r,Prosperous Towns,Rural_Prosperous,NA,NA
E02001215,E08000007,Stockport,7c2r,Prosperous Towns,Rural_Prosperous,NA,NA
E02001216,E08000007,Stockport,7c2r,Prosperous Towns,Rural_Prosperous,NA,NA
E02001217,E08000007,Stockport,7c2r,Prosperous Towns,Rural_Prosperous,NA,NA
E02001218,E08000007,Stockport,7c2r,Prosperous Towns,Rural_Prosperous,NA,NA
E02001219,E08000007,Stockport,7c2r,Prosperous Towns,Rural_Prosperous,NA,NA
E02001220,E08000007,Stockport,7c2r,Prosperous Towns,Rural_Prosperous,NA,NA
E02001221,E08000007,Stockport,7c2r,Prosperous Towns,Rural_Prosperous,NA,NA
E02001222,E08000007,Stockport,7c2r,Prosperous Towns,Rural_Prosperous,NA,NA
E02001223,E08000007,Stockport,7c2r,Prosperous Towns,Rural_Prosperous,NA,NA
E02001224,E08000007,Stockport,7c2r,Prosperous Towns,Rural_Prosperous,NA,NA
E02001225,E08000007,Stockport,7c2r,Prosperous Towns,Rural_Prosperous,NA,NA
E02001226,E08000007,Stockport,7c2r,Prosperous Towns,Rural_Prosperous,NA,NA
E02001227,E08000007,Stockport,7c2r,Prosperous Towns,Rural_Prosperous,NA,NA
E02001228,E08000007,Stockport,7c2r,Prosperous Towns,Rural_Prosperous,NA,NA
E02001229,E08000008,Tameside,8a2r,Urban Living,Urban_Non_London,NA,NA
E02001230,E08000008,Tameside,8a2r,Urban Living,Urban_Non_London,NA,NA
E02001231,E08000008,Tameside,8a2r,Urban Living,Urban_Non_London,NA,NA
E02001232,E08000008,Tameside,8a2r,Urban Living,Urban_Non_London,NA,NA
E02001233,E08000008,Tameside,8a2r,Urban Living,Urban_Non_London,NA,NA
E02001234,E08000008,Tameside,8a2r,Urban Living,Urban_Non_London,NA,NA
E02001235,E08000008,Tameside,8a2r,Urban Living,Urban_Non_London,NA,NA
E02001236,E08000008,Tameside,8a2r,Urban Living,Urban_Non_London,NA,NA
E02001237,E08000008,Tameside,8a2r,Urban Living,Urban_Non_London,NA,NA
E02001238,E08000008,Tameside,8a2r,Urban Living,Urban_Non_London,NA,NA
E02001239,E08000008,Tameside,8a2r,Urban Living,Urban_Non_London,NA,NA
E02001240,E08000008,Tameside,8a2r,Urban Living,Urban_Non_London,NA,NA
E02001241,E08000008,Tameside,8a2r,Urban Living,Urban_Non_London,NA,NA
E02001242,E08000008,Tameside,8a2r,Urban Living,Urban_Non_London,J01000058,Manchester
E02001243,E08000008,Tameside,8a2r,Urban Living,Urban_Non_London,NA,NA
E02001244,E08000008,Tameside,8a2r,Urban Living,Urban_Non_London,NA,NA
E02001245,E08000008,Tameside,8a2r,Urban Living,Urban_Non_London,NA,NA
E02001246,E08000008,Tameside,8a2r,Urban Living,Urban_Non_London,NA,NA
E02001247,E08000008,Tameside,8a2r,Urban Living,Urban_Non_London,J01000058,Manchester
E02001248,E08000008,Tameside,8a2r,Urban Living,Urban_Non_London,NA,NA
E02001249,E08000008,Tameside,8a2r,Urban Living,Urban_Non_London,NA,NA
E02001250,E08000008,Tameside,8a2r,Urban Living,Urban_Non_London,NA,NA
E02001251,E08000008,Tameside,8a2r,Urban Living,Urban_Non_London,NA,NA
E02001252,E08000008,Tameside,8a2r,Urban Living,Urban_Non_London,NA,NA
E02001253,E08000008,Tameside,8a2r,Urban Living,Urban_Non_London,NA,NA
E02001254,E08000008,Tameside,8a2r,Urban Living,Urban_Non_London,NA,NA
E02001255,E08000008,Tameside,8a2r,Urban Living,Urban_Non_London,NA,NA
E02001256,E08000008,Tameside,8a2r,Urban Living,Urban_Non_London,NA,NA
E02001257,E08000008,Tameside,8a2r,Urban Living,Urban_Non_London,NA,NA
E02001258,E08000008,Tameside,8a2r,Urban Living,Urban_Non_London,NA,NA
E02001259,E08000009,Trafford,8b1r,City Periphery,Urban_Non_London,J01000058,Manchester
E02001260,E08000009,Trafford,8b1r,City Periphery,Urban_Non_London,NA,NA
E02001261,E08000009,Trafford,8b1r,City Periphery,Urban_Non_London,NA,NA
E02001262,E08000009,Trafford,8b1r,City Periphery,Urban_Non_London,J01000058,Manchester
E02001263,E08000009,Trafford,8b1r,City Periphery,Urban_Non_London,NA,NA
E02001264,E08000009,Trafford,8b1r,City Periphery,Urban_Non_London,NA,NA
E02001265,E08000009,Trafford,8b1r,City Periphery,Urban_Non_London,NA,NA
E02001266,E08000009,Trafford,8b1r,City Periphery,Urban_Non_London,NA,NA
E02001267,E08000009,Trafford,8b1r,City Periphery,Urban_Non_London,NA,NA
E02001268,E08000009,Trafford,8b1r,City Periphery,Urban_Non_London,NA,NA
E02001269,E08000009,Trafford,8b1r,City Periphery,Urban_Non_London,NA,NA
E02001270,E08000009,Trafford,8b1r,City Periphery,Urban_Non_London,NA,NA
E02001271,E08000009,Trafford,8b1r,City Periphery,Urban_Non_London,NA,NA
E02001272,E08000009,Trafford,8b1r,City Periphery,Urban_Non_London,NA,NA
E02001273,E08000009,Trafford,8b1r,City Periphery,Urban_Non_London,NA,NA
E02001274,E08000009,Trafford,8b1r,City Periphery,Urban_Non_London,NA,NA
E02001275,E08000009,Trafford,8b1r,City Periphery,Urban_Non_London,NA,NA
E02001276,E08000009,Trafford,8b1r,City Periphery,Urban_Non_London,NA,NA
E02001277,E08000009,Trafford,8b1r,City Periphery,Urban_Non_London,NA,NA
E02001278,E08000009,Trafford,8b1r,City Periphery,Urban_Non_London,NA,NA
E02001279,E08000009,Trafford,8b1r,City Periphery,Urban_Non_London,NA,NA
E02001280,E08000009,Trafford,8b1r,City Periphery,Urban_Non_London,NA,NA
E02001281,E08000009,Trafford,8b1r,City Periphery,Urban_Non_London,NA,NA
E02001282,E08000009,Trafford,8b1r,City Periphery,Urban_Non_London,NA,NA
E02001283,E08000009,Trafford,8b1r,City Periphery,Urban_Non_London,NA,NA
E02001284,E08000009,Trafford,8b1r,City Periphery,Urban_Non_London,NA,NA
E02001285,E08000009,Trafford,8b1r,City Periphery,Urban_Non_London,NA,NA
E02001286,E08000009,Trafford,8b1r,City Periphery,Urban_Non_London,NA,NA
E02001287,E08000010,Wigan,6a1r,Manufacturing Legacy,Post_Industrial,NA,NA
E02001288,E08000010,Wigan,6a1r,Manufacturing Legacy,Post_Industrial,NA,NA
E02001289,E08000010,Wigan,6a1r,Manufacturing Legacy,Post_Industrial,NA,NA
E02001290,E08000010,Wigan,6a1r,Manufacturing Legacy,Post_Industrial,NA,NA
E02001291,E08000010,Wigan,6a1r,Manufacturing Legacy,Post_Industrial,J01000107,Wigan
E02001292,E08000010,Wigan,6a1r,Manufacturing Legacy,Post_Industrial,J01000107,Wigan
E02001293,E08000010,Wigan,6a1r,Manufacturing Legacy,Post_Industrial,J01000107,Wigan
E02001294,E08000010,Wigan,6a1r,Manufacturing Legacy,Post_Industrial,J01000107,Wigan
E02001295,E08000010,Wigan,6a1r,Manufacturing Legacy,Post_Industrial,J01000107,Wigan
E02001296,E08000010,Wigan,6a1r,Manufacturing Legacy,Post_Industrial,J01000107,Wigan
E02001297,E08000010,Wigan,6a1r,Manufacturing Legacy,Post_Industrial,J01000107,Wigan
E02001298,E08000010,Wigan,6a1r,Manufacturing Legacy,Post_Industrial,NA,NA
E02001299,E08000010,Wigan,6a1r,Manufacturing Legacy,Post_Industrial,NA,NA
E02001300,E08000010,Wigan,6a1r,Manufacturing Legacy,Post_Industrial,J01000107,Wigan
E02001301,E08000010,Wigan,6a1r,Manufacturing Legacy,Post_Industrial,J01000107,Wigan
E02001302,E08000010,Wigan,6a1r,Manufacturing Legacy,Post_Industrial,NA,NA
E02001303,E08000010,Wigan,6a1r,Manufacturing Legacy,Post_Industrial,NA,NA
E02001304,E08000010,Wigan,6a1r,Manufacturing Legacy,Post_Industrial,NA,NA
E02001305,E08000010,Wigan,6a1r,Manufacturing Legacy,Post_Industrial,NA,NA
E02001306,E08000010,Wigan,6a1r,Manufacturing Legacy,Post_Industrial,J01000107,Wigan
E02001307,E08000010,Wigan,6a1r,Manufacturing Legacy,Post_Industrial,J01000107,Wigan
E02001308,E08000010,Wigan,6a1r,Manufacturing Legacy,Post_Industrial,NA,NA
E02001309,E08000010,Wigan,6a1r,Manufacturing Legacy,Post_Industrial,NA,NA
E02001310,E08000010,Wigan,6a1r,Manufacturing Legacy,Post_Industrial,NA,NA
E02001311,E08000010,Wigan,6a1r,Manufacturing Legacy,Post_Industrial,NA,NA
E02001312,E08000010,Wigan,6a1r,Manufacturing Legacy,Post_Industrial,NA,NA
E02001313,E08000010,Wigan,6a1r,Manufacturing Legacy,Post_Industrial,NA,NA
E02001314,E08000010,Wigan,6a1r,Manufacturing Legacy,Post_Industrial,NA,NA
E02001315,E08000010,Wigan,6a1r,Manufacturing Legacy,Post_Industrial,NA,NA
E02001316,E08000010,Wigan,6a1r,Manufacturing Legacy,Post_Industrial,NA,NA
E02001317,E08000010,Wigan,6a1r,Manufacturing Legacy,Post_Industrial,NA,NA
E02001318,E08000010,Wigan,6a1r,Manufacturing Legacy,Post_Industrial,NA,NA
E02001319,E08000010,Wigan,6a1r,Manufacturing Legacy,Post_Industrial,NA,NA
E02001320,E08000010,Wigan,6a1r,Manufacturing Legacy,Post_Industrial,NA,NA
E02001321,E08000010,Wigan,6a1r,Manufacturing Legacy,Post_Industrial,NA,NA
E02001322,E08000010,Wigan,6a1r,Manufacturing Legacy,Post_Industrial,NA,NA
E02001323,E08000010,Wigan,6a1r,Manufacturing Legacy,Post_Industrial,NA,NA
E02001324,E08000010,Wigan,6a1r,Manufacturing Legacy,Post_Industrial,NA,NA
E02001325,E08000010,Wigan,6a1r,Manufacturing Legacy,Post_Industrial,NA,NA
E02001326,E08000010,Wigan,6a1r,Manufacturing Legacy,Post_Industrial,NA,NA
E02001327,E08000011,Knowsley,6a2r,Mining Legacy,Post_Industrial,NA,NA
E02001328,E08000011,Knowsley,6a2r,Mining Legacy,Post_Industrial,NA,NA
E02001329,E08000011,Knowsley,6a2r,Mining Legacy,Post_Industrial,NA,NA
E02001330,E08000011,Knowsley,6a2r,Mining Legacy,Post_Industrial,NA,NA
E02001331,E08000011,Knowsley,6a2r,Mining Legacy,Post_Industrial,NA,NA
E02001332,E08000011,Knowsley,6a2r,Mining Legacy,Post_Industrial,J01000054,Liverpool
E02001333,E08000011,Knowsley,6a2r,Mining Legacy,Post_Industrial,NA,NA
E02001334,E08000011,Knowsley,6a2r,Mining Legacy,Post_Industrial,J01000054,Liverpool
E02001335,E08000011,Knowsley,6a2r,Mining Legacy,Post_Industrial,NA,NA
E02001336,E08000011,Knowsley,6a2r,Mining Legacy,Post_Industrial,J01000054,Liverpool
E02001337,E08000011,Knowsley,6a2r,Mining Legacy,Post_Industrial,J01000054,Liverpool
E02001338,E08000011,Knowsley,6a2r,Mining Legacy,Post_Industrial,J01000054,Liverpool
E02001339,E08000011,Knowsley,6a2r,Mining Legacy,Post_Industrial,NA,NA
E02001340,E08000011,Knowsley,6a2r,Mining Legacy,Post_Industrial,J01000054,Liverpool
E02001341,E08000011,Knowsley,6a2r,Mining Legacy,Post_Industrial,J01000054,Liverpool
E02001342,E08000011,Knowsley,6a2r,Mining Legacy,Post_Industrial,J01000054,Liverpool
E02001343,E08000011,Knowsley,6a2r,Mining Legacy,Post_Industrial,J01000054,Liverpool
E02001344,E08000011,Knowsley,6a2r,Mining Legacy,Post_Industrial,J01000054,Liverpool
E02001345,E08000011,Knowsley,6a2r,Mining Legacy,Post_Industrial,J01000054,Liverpool
E02001346,E08000011,Knowsley,6a2r,Mining Legacy,Post_Industrial,J01000054,Liverpool
E02001347,E08000012,Liverpool,2a1r,Larger Towns and Cities,Urban_Non_London,J01000054,Liverpool
E02001348,E08000012,Liverpool,2a1r,Larger Towns and Cities,Urban_Non_London,J01000054,Liverpool
E02001349,E08000012,Liverpool,2a1r,Larger Towns and Cities,Urban_Non_London,J01000054,Liverpool
E02001350,E08000012,Liverpool,2a1r,Larger Towns and Cities,Urban_Non_London,J01000054,Liverpool
E02001351,E08000012,Liverpool,2a1r,Larger Towns and Cities,Urban_Non_London,J01000054,Liverpool
E02001352,E08000012,Liverpool,2a1r,Larger Towns and Cities,Urban_Non_London,J01000054,Liverpool
E02001353,E08000012,Liverpool,2a1r,Larger Towns and Cities,Urban_Non_London,J01000054,Liverpool
E02001354,E08000012,Liverpool,2a1r,Larger Towns and Cities,Urban_Non_London,J01000054,Liverpool
E02001355,E08000012,Liverpool,2a1r,Larger Towns and Cities,Urban_Non_London,J01000054,Liverpool
E02001356,E08000012,Liverpool,2a1r,Larger Towns and Cities,Urban_Non_London,J01000054,Liverpool
E02001357,E08000012,Liverpool,2a1r,Larger Towns and Cities,Urban_Non_London,J01000054,Liverpool
E02001358,E08000012,Liverpool,2a1r,Larger Towns and Cities,Urban_Non_London,J01000054,Liverpool
E02001359,E08000012,Liverpool,2a1r,Larger Towns and Cities,Urban_Non_London,J01000054,Liverpool
E02001360,E08000012,Liverpool,2a1r,Larger Towns and Cities,Urban_Non_London,J01000054,Liverpool
E02001361,E08000012,Liverpool,2a1r,Larger Towns and Cities,Urban_Non_London,J01000054,Liverpool
E02001362,E08000012,Liverpool,2a1r,Larger Towns and Cities,Urban_Non_London,J01000054,Liverpool
E02001363,E08000012,Liverpool,2a1r,Larger Towns and Cities,Urban_Non_London,J01000054,Liverpool
E02001364,E08000012,Liverpool,2a1r,Larger Towns and Cities,Urban_Non_London,J01000054,Liverpool
E02001365,E08000012,Liverpool,2a1r,Larger Towns and Cities,Urban_Non_London,J01000054,Liverpool
E02001366,E08000012,Liverpool,2a1r,Larger Towns and Cities,Urban_Non_London,J01000054,Liverpool
E02001367,E08000012,Liverpool,2a1r,Larger Towns and Cities,Urban_Non_London,J01000054,Liverpool
E02001368,E08000012,Liverpool,2a1r,Larger Towns and Cities,Urban_Non_London,J01000054,Liverpool
E02001369,E08000012,Liverpool,2a1r,Larger Towns and Cities,Urban_Non_London,J01000054,Liverpool
E02001370,E08000012,Liverpool,2a1r,Larger Towns and Cities,Urban_Non_London,J01000054,Liverpool
E02001371,E08000012,Liverpool,2a1r,Larger Towns and Cities,Urban_Non_London,J01000054,Liverpool
E02001372,E08000012,Liverpool,2a1r,Larger Towns and Cities,Urban_Non_London,J01000054,Liverpool
E02001373,E08000012,Liverpool,2a1r,Larger Towns and Cities,Urban_Non_London,J01000054,Liverpool
E02001374,E08000012,Liverpool,2a1r,Larger Towns and Cities,Urban_Non_London,J01000054,Liverpool
E02001375,E08000012,Liverpool,2a1r,Larger Towns and Cities,Urban_Non_London,J01000054,Liverpool
E02001376,E08000012,Liverpool,2a1r,Larger Towns and Cities,Urban_Non_London,J01000054,Liverpool
E02001377,E08000012,Liverpool,2a1r,Larger Towns and Cities,Urban_Non_London,J01000054,Liverpool
E02001378,E08000012,Liverpool,2a1r,Larger Towns and Cities,Urban_Non_London,J01000054,Liverpool
E02001380,E08000012,Liverpool,2a1r,Larger Towns and Cities,Urban_Non_London,J01000054,Liverpool
E02001381,E08000012,Liverpool,2a1r,Larger Towns and Cities,Urban_Non_London,J01000054,Liverpool
E02001382,E08000012,Liverpool,2a1r,Larger Towns and Cities,Urban_Non_London,J01000054,Liverpool
E02001383,E08000012,Liverpool,2a1r,Larger Towns and Cities,Urban_Non_London,J01000054,Liverpool
E02001384,E08000012,Liverpool,2a1r,Larger Towns and Cities,Urban_Non_London,J01000054,Liverpool
E02001385,E08000012,Liverpool,2a1r,Larger Towns and Cities,Urban_Non_London,J01000054,Liverpool
E02001386,E08000012,Liverpool,2a1r,Larger Towns and Cities,Urban_Non_London,J01000054,Liverpool
E02001387,E08000012,Liverpool,2a1r,Larger Towns and Cities,Urban_Non_London,J01000054,Liverpool
E02001388,E08000012,Liverpool,2a1r,Larger Towns and Cities,Urban_Non_London,J01000054,Liverpool
E02001389,E08000012,Liverpool,2a1r,Larger Towns and Cities,Urban_Non_London,J01000054,Liverpool
E02001390,E08000012,Liverpool,2a1r,Larger Towns and Cities,Urban_Non_London,J01000054,Liverpool
E02001391,E08000012,Liverpool,2a1r,Larger Towns and Cities,Urban_Non_London,J01000054,Liverpool
E02001392,E08000012,Liverpool,2a1r,Larger Towns and Cities,Urban_Non_London,J01000054,Liverpool
E02001393,E08000012,Liverpool,2a1r,Larger Towns and Cities,Urban_Non_London,J01000054,Liverpool
E02001394,E08000012,Liverpool,2a1r,Larger Towns and Cities,Urban_Non_London,J01000054,Liverpool
E02001395,E08000012,Liverpool,2a1r,Larger Towns and Cities,Urban_Non_London,J01000054,Liverpool
E02001396,E08000012,Liverpool,2a1r,Larger Towns and Cities,Urban_Non_London,J01000054,Liverpool
E02001397,E08000012,Liverpool,2a1r,Larger Towns and Cities,Urban_Non_London,J01000054,Liverpool
E02001398,E08000012,Liverpool,2a1r,Larger Towns and Cities,Urban_Non_London,J01000054,Liverpool
E02001399,E08000012,Liverpool,2a1r,Larger Towns and Cities,Urban_Non_London,J01000054,Liverpool
E02001400,E08000012,Liverpool,2a1r,Larger Towns and Cities,Urban_Non_London,J01000054,Liverpool
E02001401,E08000012,Liverpool,2a1r,Larger Towns and Cities,Urban_Non_London,J01000054,Liverpool
E02001402,E08000012,Liverpool,2a1r,Larger Towns and Cities,Urban_Non_London,J01000054,Liverpool
E02001403,E08000012,Liverpool,2a1r,Larger Towns and Cities,Urban_Non_London,J01000054,Liverpool
E02001404,E08000012,Liverpool,2a1r,Larger Towns and Cities,Urban_Non_London,NA,NA
E02001405,E08000012,Liverpool,2a1r,Larger Towns and Cities,Urban_Non_London,J01000054,Liverpool
E02001406,E08000013,St. Helens,6a1r,Manufacturing Legacy,Post_Industrial,NA,NA
E02001407,E08000013,St. Helens,6a1r,Manufacturing Legacy,Post_Industrial,NA,NA
E02001408,E08000013,St. Helens,6a1r,Manufacturing Legacy,Post_Industrial,NA,NA
E02001409,E08000013,St. Helens,6a1r,Manufacturing Legacy,Post_Industrial,J01000091,St Helens
E02001410,E08000013,St. Helens,6a1r,Manufacturing Legacy,Post_Industrial,NA,NA
E02001411,E08000013,St. Helens,6a1r,Manufacturing Legacy,Post_Industrial,NA,NA
E02001412,E08000013,St. Helens,6a1r,Manufacturing Legacy,Post_Industrial,J01000091,St Helens
E02001413,E08000013,St. Helens,6a1r,Manufacturing Legacy,Post_Industrial,J01000091,St Helens
E02001414,E08000013,St. Helens,6a1r,Manufacturing Legacy,Post_Industrial,J01000091,St Helens
E02001415,E08000013,St. Helens,6a1r,Manufacturing Legacy,Post_Industrial,NA,NA
E02001416,E08000013,St. Helens,6a1r,Manufacturing Legacy,Post_Industrial,J01000091,St Helens
E02001417,E08000013,St. Helens,6a1r,Manufacturing Legacy,Post_Industrial,J01000091,St Helens
E02001418,E08000013,St. Helens,6a1r,Manufacturing Legacy,Post_Industrial,NA,NA
E02001419,E08000013,St. Helens,6a1r,Manufacturing Legacy,Post_Industrial,J01000091,St Helens
E02001420,E08000013,St. Helens,6a1r,Manufacturing Legacy,Post_Industrial,NA,NA
E02001421,E08000013,St. Helens,6a1r,Manufacturing Legacy,Post_Industrial,J01000091,St Helens
E02001422,E08000013,St. Helens,6a1r,Manufacturing Legacy,Post_Industrial,J01000091,St Helens
E02001423,E08000013,St. Helens,6a1r,Manufacturing Legacy,Post_Industrial,J01000091,St Helens
E02001424,E08000013,St. Helens,6a1r,Manufacturing Legacy,Post_Industrial,J01000091,St Helens
E02001425,E08000013,St. Helens,6a1r,Manufacturing Legacy,Post_Industrial,J01000091,St Helens
E02001426,E08000013,St. Helens,6a1r,Manufacturing Legacy,Post_Industrial,NA,NA
E02001427,E08000013,St. Helens,6a1r,Manufacturing Legacy,Post_Industrial,J01000091,St Helens
E02001428,E08000013,St. Helens,6a1r,Manufacturing Legacy,Post_Industrial,NA,NA
E02001429,E08000014,Sefton,6a3r,Service Economy,Post_Industrial,J01000089,Southport
E02001430,E08000014,Sefton,6a3r,Service Economy,Post_Industrial,J01000089,Southport
E02001431,E08000014,Sefton,6a3r,Service Economy,Post_Industrial,J01000089,Southport
E02001432,E08000014,Sefton,6a3r,Service Economy,Post_Industrial,J01000089,Southport
E02001433,E08000014,Sefton,6a3r,Service Economy,Post_Industrial,J01000089,Southport
E02001434,E08000014,Sefton,6a3r,Service Economy,Post_Industrial,J01000089,Southport
E02001435,E08000014,Sefton,6a3r,Service Economy,Post_Industrial,J01000089,Southport
E02001436,E08000014,Sefton,6a3r,Service Economy,Post_Industrial,J01000089,Southport
E02001437,E08000014,Sefton,6a3r,Service Economy,Post_Industrial,J01000089,Southport
E02001438,E08000014,Sefton,6a3r,Service Economy,Post_Industrial,J01000089,Southport
E02001439,E08000014,Sefton,6a3r,Service Economy,Post_Industrial,J01000089,Southport
E02001440,E08000014,Sefton,6a3r,Service Economy,Post_Industrial,J01000089,Southport
E02001441,E08000014,Sefton,6a3r,Service Economy,Post_Industrial,NA,NA
E02001442,E08000014,Sefton,6a3r,Service Economy,Post_Industrial,NA,NA
E02001443,E08000014,Sefton,6a3r,Service Economy,Post_Industrial,NA,NA
E02001444,E08000014,Sefton,6a3r,Service Economy,Post_Industrial,NA,NA
E02001445,E08000014,Sefton,6a3r,Service Economy,Post_Industrial,NA,NA
E02001446,E08000014,Sefton,6a3r,Service Economy,Post_Industrial,NA,NA
E02001447,E08000014,Sefton,6a3r,Service Economy,Post_Industrial,NA,NA
E02001448,E08000014,Sefton,6a3r,Service Economy,Post_Industrial,NA,NA
E02001449,E08000014,Sefton,6a3r,Service Economy,Post_Industrial,NA,NA
E02001450,E08000014,Sefton,6a3r,Service Economy,Post_Industrial,NA,NA
E02001451,E08000014,Sefton,6a3r,Service Economy,Post_Industrial,NA,NA
E02001452,E08000014,Sefton,6a3r,Service Economy,Post_Industrial,NA,NA
E02001453,E08000014,Sefton,6a3r,Service Economy,Post_Industrial,NA,NA
E02001454,E08000014,Sefton,6a3r,Service Economy,Post_Industrial,NA,NA
E02001455,E08000014,Sefton,6a3r,Service Economy,Post_Industrial,NA,NA
E02001456,E08000014,Sefton,6a3r,Service Economy,Post_Industrial,NA,NA
E02001457,E08000014,Sefton,6a3r,Service Economy,Post_Industrial,NA,NA
E02001458,E08000014,Sefton,6a3r,Service Economy,Post_Industrial,NA,NA
E02001459,E08000014,Sefton,6a3r,Service Economy,Post_Industrial,NA,NA
E02001460,E08000014,Sefton,6a3r,Service Economy,Post_Industrial,NA,NA
E02001461,E08000014,Sefton,6a3r,Service Economy,Post_Industrial,NA,NA
E02001462,E08000014,Sefton,6a3r,Service Economy,Post_Industrial,NA,NA
E02001463,E08000014,Sefton,6a3r,Service Economy,Post_Industrial,NA,NA
E02001464,E08000014,Sefton,6a3r,Service Economy,Post_Industrial,NA,NA
E02001465,E08000014,Sefton,6a3r,Service Economy,Post_Industrial,NA,NA
E02001466,E08000014,Sefton,6a3r,Service Economy,Post_Industrial,NA,NA
E02001467,E08000015,Wirral,6a3r,Service Economy,Post_Industrial,NA,NA
E02001468,E08000015,Wirral,6a3r,Service Economy,Post_Industrial,NA,NA
E02001469,E08000015,Wirral,6a3r,Service Economy,Post_Industrial,NA,NA
E02001470,E08000015,Wirral,6a3r,Service Economy,Post_Industrial,NA,NA
E02001471,E08000015,Wirral,6a3r,Service Economy,Post_Industrial,NA,NA
E02001472,E08000015,Wirral,6a3r,Service Economy,Post_Industrial,NA,NA
E02001473,E08000015,Wirral,6a3r,Service Economy,Post_Industrial,NA,NA
E02001474,E08000015,Wirral,6a3r,Service Economy,Post_Industrial,NA,NA
E02001475,E08000015,Wirral,6a3r,Service Economy,Post_Industrial,NA,NA
E02001476,E08000015,Wirral,6a3r,Service Economy,Post_Industrial,NA,NA
E02001477,E08000015,Wirral,6a3r,Service Economy,Post_Industrial,J01000006,Birkenhead
E02001478,E08000015,Wirral,6a3r,Service Economy,Post_Industrial,NA,NA
E02001479,E08000015,Wirral,6a3r,Service Economy,Post_Industrial,NA,NA
E02001480,E08000015,Wirral,6a3r,Service Economy,Post_Industrial,NA,NA
E02001481,E08000015,Wirral,6a3r,Service Economy,Post_Industrial,J01000006,Birkenhead
E02001482,E08000015,Wirral,6a3r,Service Economy,Post_Industrial,J01000006,Birkenhead
E02001483,E08000015,Wirral,6a3r,Service Economy,Post_Industrial,NA,NA
E02001484,E08000015,Wirral,6a3r,Service Economy,Post_Industrial,NA,NA
E02001485,E08000015,Wirral,6a3r,Service Economy,Post_Industrial,J01000006,Birkenhead
E02001486,E08000015,Wirral,6a3r,Service Economy,Post_Industrial,J01000006,Birkenhead
E02001487,E08000015,Wirral,6a3r,Service Economy,Post_Industrial,J01000006,Birkenhead
E02001488,E08000015,Wirral,6a3r,Service Economy,Post_Industrial,J01000006,Birkenhead
E02001489,E08000015,Wirral,6a3r,Service Economy,Post_Industrial,NA,NA
E02001490,E08000015,Wirral,6a3r,Service Economy,Post_Industrial,J01000006,Birkenhead
E02001491,E08000015,Wirral,6a3r,Service Economy,Post_Industrial,NA,NA
E02001492,E08000015,Wirral,6a3r,Service Economy,Post_Industrial,NA,NA
E02001493,E08000015,Wirral,6a3r,Service Economy,Post_Industrial,J01000006,Birkenhead
E02001494,E08000015,Wirral,6a3r,Service Economy,Post_Industrial,NA,NA
E02001495,E08000015,Wirral,6a3r,Service Economy,Post_Industrial,J01000006,Birkenhead
E02001496,E08000015,Wirral,6a3r,Service Economy,Post_Industrial,J01000006,Birkenhead
E02001497,E08000015,Wirral,6a3r,Service Economy,Post_Industrial,NA,NA
E02001498,E08000015,Wirral,6a3r,Service Economy,Post_Industrial,NA,NA
E02001499,E08000015,Wirral,6a3r,Service Economy,Post_Industrial,NA,NA
E02001500,E08000015,Wirral,6a3r,Service Economy,Post_Industrial,NA,NA
E02001501,E08000015,Wirral,6a3r,Service Economy,Post_Industrial,NA,NA
E02001502,E08000015,Wirral,6a3r,Service Economy,Post_Industrial,NA,NA
E02001503,E08000015,Wirral,6a3r,Service Economy,Post_Industrial,NA,NA
E02001504,E08000015,Wirral,6a3r,Service Economy,Post_Industrial,NA,NA
E02001505,E08000015,Wirral,6a3r,Service Economy,Post_Industrial,NA,NA
E02001506,E08000015,Wirral,6a3r,Service Economy,Post_Industrial,NA,NA
E02001507,E08000015,Wirral,6a3r,Service Economy,Post_Industrial,NA,NA
E02001508,E08000015,Wirral,6a3r,Service Economy,Post_Industrial,NA,NA
E02001509,E08000016,Barnsley,6a1r,Manufacturing Legacy,Post_Industrial,NA,NA
E02001510,E08000016,Barnsley,6a1r,Manufacturing Legacy,Post_Industrial,NA,NA
E02001511,E08000016,Barnsley,6a1r,Manufacturing Legacy,Post_Industrial,NA,NA
E02001512,E08000016,Barnsley,6a1r,Manufacturing Legacy,Post_Industrial,J01000001,Barnsley
E02001513,E08000016,Barnsley,6a1r,Manufacturing Legacy,Post_Industrial,J01000001,Barnsley
E02001514,E08000016,Barnsley,6a1r,Manufacturing Legacy,Post_Industrial,NA,NA
E02001515,E08000016,Barnsley,6a1r,Manufacturing Legacy,Post_Industrial,J01000001,Barnsley
E02001516,E08000016,Barnsley,6a1r,Manufacturing Legacy,Post_Industrial,NA,NA
E02001517,E08000016,Barnsley,6a1r,Manufacturing Legacy,Post_Industrial,J01000001,Barnsley
E02001518,E08000016,Barnsley,6a1r,Manufacturing Legacy,Post_Industrial,J01000001,Barnsley
E02001519,E08000016,Barnsley,6a1r,Manufacturing Legacy,Post_Industrial,J01000001,Barnsley
E02001520,E08000016,Barnsley,6a1r,Manufacturing Legacy,Post_Industrial,J01000001,Barnsley
E02001521,E08000016,Barnsley,6a1r,Manufacturing Legacy,Post_Industrial,J01000001,Barnsley
E02001522,E08000016,Barnsley,6a1r,Manufacturing Legacy,Post_Industrial,NA,NA
E02001523,E08000016,Barnsley,6a1r,Manufacturing Legacy,Post_Industrial,J01000001,Barnsley
E02001524,E08000016,Barnsley,6a1r,Manufacturing Legacy,Post_Industrial,NA,NA
E02001525,E08000016,Barnsley,6a1r,Manufacturing Legacy,Post_Industrial,J01000001,Barnsley
E02001526,E08000016,Barnsley,6a1r,Manufacturing Legacy,Post_Industrial,J01000001,Barnsley
E02001527,E08000016,Barnsley,6a1r,Manufacturing Legacy,Post_Industrial,NA,NA
E02001528,E08000016,Barnsley,6a1r,Manufacturing Legacy,Post_Industrial,NA,NA
E02001529,E08000016,Barnsley,6a1r,Manufacturing Legacy,Post_Industrial,NA,NA
E02001530,E08000016,Barnsley,6a1r,Manufacturing Legacy,Post_Industrial,NA,NA
E02001531,E08000016,Barnsley,6a1r,Manufacturing Legacy,Post_Industrial,NA,NA
E02001532,E08000016,Barnsley,6a1r,Manufacturing Legacy,Post_Industrial,NA,NA
E02001533,E08000016,Barnsley,6a1r,Manufacturing Legacy,Post_Industrial,NA,NA
E02001534,E08000016,Barnsley,6a1r,Manufacturing Legacy,Post_Industrial,NA,NA
E02001535,E08000016,Barnsley,6a1r,Manufacturing Legacy,Post_Industrial,NA,NA
E02001536,E08000016,Barnsley,6a1r,Manufacturing Legacy,Post_Industrial,NA,NA
E02001537,E08000016,Barnsley,6a1r,Manufacturing Legacy,Post_Industrial,NA,NA
E02001538,E08000016,Barnsley,6a1r,Manufacturing Legacy,Post_Industrial,NA,NA
E02001539,E08000017,Doncaster,6a1r,Manufacturing Legacy,Post_Industrial,NA,NA
E02001540,E08000017,Doncaster,6a1r,Manufacturing Legacy,Post_Industrial,NA,NA
E02001541,E08000017,Doncaster,6a1r,Manufacturing Legacy,Post_Industrial,NA,NA
E02001542,E08000017,Doncaster,6a1r,Manufacturing Legacy,Post_Industrial,NA,NA
E02001543,E08000017,Doncaster,6a1r,Manufacturing Legacy,Post_Industrial,NA,NA
E02001544,E08000017,Doncaster,6a1r,Manufacturing Legacy,Post_Industrial,NA,NA
E02001545,E08000017,Doncaster,6a1r,Manufacturing Legacy,Post_Industrial,J01000032,Doncaster
E02001546,E08000017,Doncaster,6a1r,Manufacturing Legacy,Post_Industrial,NA,NA
E02001547,E08000017,Doncaster,6a1r,Manufacturing Legacy,Post_Industrial,NA,NA
E02001548,E08000017,Doncaster,6a1r,Manufacturing Legacy,Post_Industrial,NA,NA
E02001549,E08000017,Doncaster,6a1r,Manufacturing Legacy,Post_Industrial,J01000032,Doncaster
E02001550,E08000017,Doncaster,6a1r,Manufacturing Legacy,Post_Industrial,NA,NA
E02001551,E08000017,Doncaster,6a1r,Manufacturing Legacy,Post_Industrial,NA,NA
E02001552,E08000017,Doncaster,6a1r,Manufacturing Legacy,Post_Industrial,NA,NA
E02001553,E08000017,Doncaster,6a1r,Manufacturing Legacy,Post_Industrial,J01000032,Doncaster
E02001554,E08000017,Doncaster,6a1r,Manufacturing Legacy,Post_Industrial,NA,NA
E02001555,E08000017,Doncaster,6a1r,Manufacturing Legacy,Post_Industrial,NA,NA
E02001556,E08000017,Doncaster,6a1r,Manufacturing Legacy,Post_Industrial,J01000032,Doncaster
E02001557,E08000017,Doncaster,6a1r,Manufacturing Legacy,Post_Industrial,J01000032,Doncaster
E02001558,E08000017,Doncaster,6a1r,Manufacturing Legacy,Post_Industrial,NA,NA
E02001559,E08000017,Doncaster,6a1r,Manufacturing Legacy,Post_Industrial,J01000032,Doncaster
E02001560,E08000017,Doncaster,6a1r,Manufacturing Legacy,Post_Industrial,J01000032,Doncaster
E02001561,E08000017,Doncaster,6a1r,Manufacturing Legacy,Post_Industrial,J01000032,Doncaster
E02001562,E08000017,Doncaster,6a1r,Manufacturing Legacy,Post_Industrial,J01000032,Doncaster
E02001563,E08000017,Doncaster,6a1r,Manufacturing Legacy,Post_Industrial,J01000032,Doncaster
E02001564,E08000017,Doncaster,6a1r,Manufacturing Legacy,Post_Industrial,NA,NA
E02001565,E08000017,Doncaster,6a1r,Manufacturing Legacy,Post_Industrial,J01000032,Doncaster
E02001566,E08000017,Doncaster,6a1r,Manufacturing Legacy,Post_Industrial,J01000032,Doncaster
E02001567,E08000017,Doncaster,6a1r,Manufacturing Legacy,Post_Industrial,J01000032,Doncaster
E02001568,E08000017,Doncaster,6a1r,Manufacturing Legacy,Post_Industrial,NA,NA
E02001569,E08000017,Doncaster,6a1r,Manufacturing Legacy,Post_Industrial,NA,NA
E02001570,E08000017,Doncaster,6a1r,Manufacturing Legacy,Post_Industrial,NA,NA
E02001571,E08000017,Doncaster,6a1r,Manufacturing Legacy,Post_Industrial,J01000032,Doncaster
E02001572,E08000017,Doncaster,6a1r,Manufacturing Legacy,Post_Industrial,J01000032,Doncaster
E02001573,E08000017,Doncaster,6a1r,Manufacturing Legacy,Post_Industrial,NA,NA
E02001574,E08000017,Doncaster,6a1r,Manufacturing Legacy,Post_Industrial,NA,NA
E02001575,E08000017,Doncaster,6a1r,Manufacturing Legacy,Post_Industrial,NA,NA
E02001576,E08000017,Doncaster,6a1r,Manufacturing Legacy,Post_Industrial,NA,NA
E02001577,E08000017,Doncaster,6a1r,Manufacturing Legacy,Post_Industrial,NA,NA
E02001578,E08000018,Rotherham,6a1r,Manufacturing Legacy,Post_Industrial,NA,NA
E02001579,E08000018,Rotherham,6a1r,Manufacturing Legacy,Post_Industrial,NA,NA
E02001580,E08000018,Rotherham,6a1r,Manufacturing Legacy,Post_Industrial,NA,NA
E02001581,E08000018,Rotherham,6a1r,Manufacturing Legacy,Post_Industrial,NA,NA
E02001582,E08000018,Rotherham,6a1r,Manufacturing Legacy,Post_Industrial,NA,NA
E02001583,E08000018,Rotherham,6a1r,Manufacturing Legacy,Post_Industrial,NA,NA
E02001584,E08000018,Rotherham,6a1r,Manufacturing Legacy,Post_Industrial,NA,NA
E02001585,E08000018,Rotherham,6a1r,Manufacturing Legacy,Post_Industrial,NA,NA
E02001586,E08000018,Rotherham,6a1r,Manufacturing Legacy,Post_Industrial,J01000079,Rotherham
E02001587,E08000018,Rotherham,6a1r,Manufacturing Legacy,Post_Industrial,J01000079,Rotherham
E02001588,E08000018,Rotherham,6a1r,Manufacturing Legacy,Post_Industrial,J01000079,Rotherham
E02001589,E08000018,Rotherham,6a1r,Manufacturing Legacy,Post_Industrial,J01000079,Rotherham
E02001590,E08000018,Rotherham,6a1r,Manufacturing Legacy,Post_Industrial,J01000079,Rotherham
E02001591,E08000018,Rotherham,6a1r,Manufacturing Legacy,Post_Industrial,J01000079,Rotherham
E02001592,E08000018,Rotherham,6a1r,Manufacturing Legacy,Post_Industrial,J01000079,Rotherham
E02001593,E08000018,Rotherham,6a1r,Manufacturing Legacy,Post_Industrial,J01000079,Rotherham
E02001594,E08000018,Rotherham,6a1r,Manufacturing Legacy,Post_Industrial,J01000079,Rotherham
E02001595,E08000018,Rotherham,6a1r,Manufacturing Legacy,Post_Industrial,NA,NA
E02001596,E08000018,Rotherham,6a1r,Manufacturing Legacy,Post_Industrial,J01000079,Rotherham
E02001597,E08000018,Rotherham,6a1r,Manufacturing Legacy,Post_Industrial,NA,NA
E02001598,E08000018,Rotherham,6a1r,Manufacturing Legacy,Post_Industrial,J01000079,Rotherham
E02001599,E08000018,Rotherham,6a1r,Manufacturing Legacy,Post_Industrial,J01000079,Rotherham
E02001600,E08000018,Rotherham,6a1r,Manufacturing Legacy,Post_Industrial,J01000079,Rotherham
E02001601,E08000018,Rotherham,6a1r,Manufacturing Legacy,Post_Industrial,J01000079,Rotherham
E02001602,E08000018,Rotherham,6a1r,Manufacturing Legacy,Post_Industrial,J01000082,Sheffield
E02001603,E08000018,Rotherham,6a1r,Manufacturing Legacy,Post_Industrial,NA,NA
E02001604,E08000018,Rotherham,6a1r,Manufacturing Legacy,Post_Industrial,NA,NA
E02001605,E08000018,Rotherham,6a1r,Manufacturing Legacy,Post_Industrial,NA,NA
E02001606,E08000018,Rotherham,6a1r,Manufacturing Legacy,Post_Industrial,NA,NA
E02001607,E08000018,Rotherham,6a1r,Manufacturing Legacy,Post_Industrial,NA,NA
E02001608,E08000018,Rotherham,6a1r,Manufacturing Legacy,Post_Industrial,NA,NA
E02001609,E08000018,Rotherham,6a1r,Manufacturing Legacy,Post_Industrial,NA,NA
E02001610,E08000018,Rotherham,6a1r,Manufacturing Legacy,Post_Industrial,NA,NA
E02001611,E08000019,Sheffield,2a1r,Larger Towns and Cities,Urban_Non_London,NA,NA
E02001612,E08000019,Sheffield,2a1r,Larger Towns and Cities,Urban_Non_London,NA,NA
E02001613,E08000019,Sheffield,2a1r,Larger Towns and Cities,Urban_Non_London,NA,NA
E02001614,E08000019,Sheffield,2a1r,Larger Towns and Cities,Urban_Non_London,NA,NA
E02001615,E08000019,Sheffield,2a1r,Larger Towns and Cities,Urban_Non_London,J01000082,Sheffield
E02001616,E08000019,Sheffield,2a1r,Larger Towns and Cities,Urban_Non_London,J01000082,Sheffield
E02001617,E08000019,Sheffield,2a1r,Larger Towns and Cities,Urban_Non_London,J01000082,Sheffield
E02001618,E08000019,Sheffield,2a1r,Larger Towns and Cities,Urban_Non_London,NA,NA
E02001619,E08000019,Sheffield,2a1r,Larger Towns and Cities,Urban_Non_London,J01000082,Sheffield
E02001620,E08000019,Sheffield,2a1r,Larger Towns and Cities,Urban_Non_London,J01000082,Sheffield
E02001621,E08000019,Sheffield,2a1r,Larger Towns and Cities,Urban_Non_London,J01000082,Sheffield
E02001622,E08000019,Sheffield,2a1r,Larger Towns and Cities,Urban_Non_London,J01000082,Sheffield
E02001623,E08000019,Sheffield,2a1r,Larger Towns and Cities,Urban_Non_London,J01000082,Sheffield
E02001624,E08000019,Sheffield,2a1r,Larger Towns and Cities,Urban_Non_London,J01000082,Sheffield
E02001625,E08000019,Sheffield,2a1r,Larger Towns and Cities,Urban_Non_London,J01000082,Sheffield
E02001626,E08000019,Sheffield,2a1r,Larger Towns and Cities,Urban_Non_London,J01000082,Sheffield
E02001627,E08000019,Sheffield,2a1r,Larger Towns and Cities,Urban_Non_London,J01000082,Sheffield
E02001628,E08000019,Sheffield,2a1r,Larger Towns and Cities,Urban_Non_London,J01000082,Sheffield
E02001629,E08000019,Sheffield,2a1r,Larger Towns and Cities,Urban_Non_London,J01000082,Sheffield
E02001630,E08000019,Sheffield,2a1r,Larger Towns and Cities,Urban_Non_London,J01000082,Sheffield
E02001631,E08000019,Sheffield,2a1r,Larger Towns and Cities,Urban_Non_London,J01000082,Sheffield
E02001632,E08000019,Sheffield,2a1r,Larger Towns and Cities,Urban_Non_London,J01000082,Sheffield
E02001633,E08000019,Sheffield,2a1r,Larger Towns and Cities,Urban_Non_London,J01000082,Sheffield
E02001634,E08000019,Sheffield,2a1r,Larger Towns and Cities,Urban_Non_London,J01000082,Sheffield
E02001635,E08000019,Sheffield,2a1r,Larger Towns and Cities,Urban_Non_London,J01000082,Sheffield
E02001636,E08000019,Sheffield,2a1r,Larger Towns and Cities,Urban_Non_London,J01000082,Sheffield
E02001637,E08000019,Sheffield,2a1r,Larger Towns and Cities,Urban_Non_London,J01000082,Sheffield
E02001638,E08000019,Sheffield,2a1r,Larger Towns and Cities,Urban_Non_London,J01000082,Sheffield
E02001639,E08000019,Sheffield,2a1r,Larger Towns and Cities,Urban_Non_London,J01000082,Sheffield
E02001640,E08000019,Sheffield,2a1r,Larger Towns and Cities,Urban_Non_London,J01000082,Sheffield
E02001642,E08000019,Sheffield,2a1r,Larger Towns and Cities,Urban_Non_London,J01000082,Sheffield
E02001643,E08000019,Sheffield,2a1r,Larger Towns and Cities,Urban_Non_London,J01000082,Sheffield
E02001646,E08000019,Sheffield,2a1r,Larger Towns and Cities,Urban_Non_London,J01000082,Sheffield
E02001647,E08000019,Sheffield,2a1r,Larger Towns and Cities,Urban_Non_London,J01000082,Sheffield
E02001648,E08000019,Sheffield,2a1r,Larger Towns and Cities,Urban_Non_London,J01000082,Sheffield
E02001649,E08000019,Sheffield,2a1r,Larger Towns and Cities,Urban_Non_London,J01000082,Sheffield
E02001650,E08000019,Sheffield,2a1r,Larger Towns and Cities,Urban_Non_London,J01000082,Sheffield
E02001651,E08000019,Sheffield,2a1r,Larger Towns and Cities,Urban_Non_London,J01000082,Sheffield
E02001652,E08000019,Sheffield,2a1r,Larger Towns and Cities,Urban_Non_London,J01000082,Sheffield
E02001653,E08000019,Sheffield,2a1r,Larger Towns and Cities,Urban_Non_London,J01000082,Sheffield
E02001654,E08000019,Sheffield,2a1r,Larger Towns and Cities,Urban_Non_London,J01000082,Sheffield
E02001655,E08000019,Sheffield,2a1r,Larger Towns and Cities,Urban_Non_London,J01000082,Sheffield
E02001656,E08000019,Sheffield,2a1r,Larger Towns and Cities,Urban_Non_London,J01000082,Sheffield
E02001657,E08000019,Sheffield,2a1r,Larger Towns and Cities,Urban_Non_London,J01000082,Sheffield
E02001658,E08000019,Sheffield,2a1r,Larger Towns and Cities,Urban_Non_London,J01000082,Sheffield
E02001659,E08000019,Sheffield,2a1r,Larger Towns and Cities,Urban_Non_London,J01000082,Sheffield
E02001660,E08000019,Sheffield,2a1r,Larger Towns and Cities,Urban_Non_London,J01000082,Sheffield
E02001661,E08000019,Sheffield,2a1r,Larger Towns and Cities,Urban_Non_London,J01000082,Sheffield
E02001662,E08000019,Sheffield,2a1r,Larger Towns and Cities,Urban_Non_London,J01000082,Sheffield
E02001663,E08000019,Sheffield,2a1r,Larger Towns and Cities,Urban_Non_London,J01000082,Sheffield
E02001664,E08000019,Sheffield,2a1r,Larger Towns and Cities,Urban_Non_London,J01000082,Sheffield
E02001665,E08000019,Sheffield,2a1r,Larger Towns and Cities,Urban_Non_London,J01000082,Sheffield
E02001666,E08000019,Sheffield,2a1r,Larger Towns and Cities,Urban_Non_London,J01000082,Sheffield
E02001669,E08000019,Sheffield,2a1r,Larger Towns and Cities,Urban_Non_London,J01000082,Sheffield
E02001670,E08000019,Sheffield,2a1r,Larger Towns and Cities,Urban_Non_London,J01000082,Sheffield
E02001671,E08000019,Sheffield,2a1r,Larger Towns and Cities,Urban_Non_London,J01000082,Sheffield
E02001672,E08000019,Sheffield,2a1r,Larger Towns and Cities,Urban_Non_London,J01000082,Sheffield
E02001673,E08000019,Sheffield,2a1r,Larger Towns and Cities,Urban_Non_London,J01000082,Sheffield
E02001674,E08000019,Sheffield,2a1r,Larger Towns and Cities,Urban_Non_London,J01000082,Sheffield
E02001675,E08000019,Sheffield,2a1r,Larger Towns and Cities,Urban_Non_London,J01000082,Sheffield
E02001676,E08000019,Sheffield,2a1r,Larger Towns and Cities,Urban_Non_London,J01000082,Sheffield
E02001678,E08000019,Sheffield,2a1r,Larger Towns and Cities,Urban_Non_London,J01000082,Sheffield
E02001679,E08000019,Sheffield,2a1r,Larger Towns and Cities,Urban_Non_London,J01000082,Sheffield
E02001680,E08000019,Sheffield,2a1r,Larger Towns and Cities,Urban_Non_London,J01000082,Sheffield
E02001681,E08000019,Sheffield,2a1r,Larger Towns and Cities,Urban_Non_London,J01000082,Sheffield
E02001682,E08000037,Gateshead,6a3r,Service Economy,Post_Industrial,NA,NA
E02001683,E08000037,Gateshead,6a3r,Service Economy,Post_Industrial,NA,NA
E02001684,E08000037,Gateshead,6a3r,Service Economy,Post_Industrial,J01000036,Gateshead
E02001685,E08000037,Gateshead,6a3r,Service Economy,Post_Industrial,NA,NA
E02001686,E08000037,Gateshead,6a3r,Service Economy,Post_Industrial,NA,NA
E02001688,E08000037,Gateshead,6a3r,Service Economy,Post_Industrial,J01000036,Gateshead
E02001689,E08000037,Gateshead,6a3r,Service Economy,Post_Industrial,J01000036,Gateshead
E02001690,E08000037,Gateshead,6a3r,Service Economy,Post_Industrial,NA,NA
E02001691,E08000037,Gateshead,6a3r,Service Economy,Post_Industrial,J01000036,Gateshead
E02001692,E08000037,Gateshead,6a3r,Service Economy,Post_Industrial,J01000036,Gateshead
E02001693,E08000037,Gateshead,6a3r,Service Economy,Post_Industrial,J01000036,Gateshead
E02001694,E08000037,Gateshead,6a3r,Service Economy,Post_Industrial,J01000036,Gateshead
E02001695,E08000037,Gateshead,6a3r,Service Economy,Post_Industrial,J01000036,Gateshead
E02001696,E08000037,Gateshead,6a3r,Service Economy,Post_Industrial,J01000036,Gateshead
E02001697,E08000037,Gateshead,6a3r,Service Economy,Post_Industrial,J01000036,Gateshead
E02001698,E08000037,Gateshead,6a3r,Service Economy,Post_Industrial,NA,NA
E02001699,E08000037,Gateshead,6a3r,Service Economy,Post_Industrial,J01000036,Gateshead
E02001700,E08000037,Gateshead,6a3r,Service Economy,Post_Industrial,NA,NA
E02001701,E08000037,Gateshead,6a3r,Service Economy,Post_Industrial,J01000036,Gateshead
E02001702,E08000037,Gateshead,6a3r,Service Economy,Post_Industrial,J01000036,Gateshead
E02001703,E08000037,Gateshead,6a3r,Service Economy,Post_Industrial,NA,NA
E02001704,E08000037,Gateshead,6a3r,Service Economy,Post_Industrial,J01000036,Gateshead
E02001705,E08000037,Gateshead,6a3r,Service Economy,Post_Industrial,NA,NA
E02001706,E08000037,Gateshead,6a3r,Service Economy,Post_Industrial,NA,NA
E02001707,E08000037,Gateshead,6a3r,Service Economy,Post_Industrial,NA,NA
E02001708,E08000021,Newcastle upon Tyne,2a1r,Larger Towns and Cities,Urban_Non_London,J01000062,Newcastle upon Tyne
E02001709,E08000021,Newcastle upon Tyne,2a1r,Larger Towns and Cities,Urban_Non_London,J01000062,Newcastle upon Tyne
E02001710,E08000021,Newcastle upon Tyne,2a1r,Larger Towns and Cities,Urban_Non_London,J01000062,Newcastle upon Tyne
E02001711,E08000021,Newcastle upon Tyne,2a1r,Larger Towns and Cities,Urban_Non_London,J01000062,Newcastle upon Tyne
E02001712,E08000021,Newcastle upon Tyne,2a1r,Larger Towns and Cities,Urban_Non_London,J01000062,Newcastle upon Tyne
E02001713,E08000021,Newcastle upon Tyne,2a1r,Larger Towns and Cities,Urban_Non_London,J01000062,Newcastle upon Tyne
E02001714,E08000021,Newcastle upon Tyne,2a1r,Larger Towns and Cities,Urban_Non_London,J01000062,Newcastle upon Tyne
E02001715,E08000021,Newcastle upon Tyne,2a1r,Larger Towns and Cities,Urban_Non_London,J01000062,Newcastle upon Tyne
E02001718,E08000021,Newcastle upon Tyne,2a1r,Larger Towns and Cities,Urban_Non_London,J01000062,Newcastle upon Tyne
E02001719,E08000021,Newcastle upon Tyne,2a1r,Larger Towns and Cities,Urban_Non_London,J01000062,Newcastle upon Tyne
E02001720,E08000021,Newcastle upon Tyne,2a1r,Larger Towns and Cities,Urban_Non_London,J01000062,Newcastle upon Tyne
E02001721,E08000021,Newcastle upon Tyne,2a1r,Larger Towns and Cities,Urban_Non_London,NA,NA
E02001722,E08000021,Newcastle upon Tyne,2a1r,Larger Towns and Cities,Urban_Non_London,J01000062,Newcastle upon Tyne
E02001723,E08000021,Newcastle upon Tyne,2a1r,Larger Towns and Cities,Urban_Non_London,J01000062,Newcastle upon Tyne
E02001724,E08000021,Newcastle upon Tyne,2a1r,Larger Towns and Cities,Urban_Non_London,J01000062,Newcastle upon Tyne
E02001725,E08000021,Newcastle upon Tyne,2a1r,Larger Towns and Cities,Urban_Non_London,J01000062,Newcastle upon Tyne
E02001726,E08000021,Newcastle upon Tyne,2a1r,Larger Towns and Cities,Urban_Non_London,J01000062,Newcastle upon Tyne
E02001727,E08000021,Newcastle upon Tyne,2a1r,Larger Towns and Cities,Urban_Non_London,J01000062,Newcastle upon Tyne
E02001728,E08000021,Newcastle upon Tyne,2a1r,Larger Towns and Cities,Urban_Non_London,J01000062,Newcastle upon Tyne
E02001729,E08000021,Newcastle upon Tyne,2a1r,Larger Towns and Cities,Urban_Non_London,J01000062,Newcastle upon Tyne
E02001730,E08000021,Newcastle upon Tyne,2a1r,Larger Towns and Cities,Urban_Non_London,J01000062,Newcastle upon Tyne
E02001731,E08000021,Newcastle upon Tyne,2a1r,Larger Towns and Cities,Urban_Non_London,J01000062,Newcastle upon Tyne
E02001732,E08000021,Newcastle upon Tyne,2a1r,Larger Towns and Cities,Urban_Non_London,J01000062,Newcastle upon Tyne
E02001733,E08000021,Newcastle upon Tyne,2a1r,Larger Towns and Cities,Urban_Non_London,J01000062,Newcastle upon Tyne
E02001734,E08000021,Newcastle upon Tyne,2a1r,Larger Towns and Cities,Urban_Non_London,J01000062,Newcastle upon Tyne
E02001735,E08000021,Newcastle upon Tyne,2a1r,Larger Towns and Cities,Urban_Non_London,J01000062,Newcastle upon Tyne
E02001736,E08000021,Newcastle upon Tyne,2a1r,Larger Towns and Cities,Urban_Non_London,J01000062,Newcastle upon Tyne
E02001737,E08000021,Newcastle upon Tyne,2a1r,Larger Towns and Cities,Urban_Non_London,J01000062,Newcastle upon Tyne
E02001738,E08000022,North Tyneside,6a3r,Service Economy,Post_Industrial,NA,NA
E02001739,E08000022,North Tyneside,6a3r,Service Economy,Post_Industrial,NA,NA
E02001740,E08000022,North Tyneside,6a3r,Service Economy,Post_Industrial,NA,NA
E02001741,E08000022,North Tyneside,6a3r,Service Economy,Post_Industrial,NA,NA
E02001742,E08000022,North Tyneside,6a3r,Service Economy,Post_Industrial,NA,NA
E02001743,E08000022,North Tyneside,6a3r,Service Economy,Post_Industrial,NA,NA
E02001744,E08000022,North Tyneside,6a3r,Service Economy,Post_Industrial,NA,NA
E02001745,E08000022,North Tyneside,6a3r,Service Economy,Post_Industrial,NA,NA
E02001746,E08000022,North Tyneside,6a3r,Service Economy,Post_Industrial,NA,NA
E02001747,E08000022,North Tyneside,6a3r,Service Economy,Post_Industrial,NA,NA
E02001748,E08000022,North Tyneside,6a3r,Service Economy,Post_Industrial,NA,NA
E02001749,E08000022,North Tyneside,6a3r,Service Economy,Post_Industrial,NA,NA
E02001750,E08000022,North Tyneside,6a3r,Service Economy,Post_Industrial,NA,NA
E02001751,E08000022,North Tyneside,6a3r,Service Economy,Post_Industrial,NA,NA
E02001752,E08000022,North Tyneside,6a3r,Service Economy,Post_Industrial,NA,NA
E02001753,E08000022,North Tyneside,6a3r,Service Economy,Post_Industrial,NA,NA
E02001754,E08000022,North Tyneside,6a3r,Service Economy,Post_Industrial,NA,NA
E02001755,E08000022,North Tyneside,6a3r,Service Economy,Post_Industrial,NA,NA
E02001756,E08000022,North Tyneside,6a3r,Service Economy,Post_Industrial,NA,NA
E02001757,E08000022,North Tyneside,6a3r,Service Economy,Post_Industrial,NA,NA
E02001758,E08000022,North Tyneside,6a3r,Service Economy,Post_Industrial,NA,NA
E02001759,E08000022,North Tyneside,6a3r,Service Economy,Post_Industrial,NA,NA
E02001760,E08000022,North Tyneside,6a3r,Service Economy,Post_Industrial,NA,NA
E02001761,E08000022,North Tyneside,6a3r,Service Economy,Post_Industrial,NA,NA
E02001762,E08000022,North Tyneside,6a3r,Service Economy,Post_Industrial,NA,NA
E02001763,E08000022,North Tyneside,6a3r,Service Economy,Post_Industrial,NA,NA
E02001764,E08000022,North Tyneside,6a3r,Service Economy,Post_Industrial,NA,NA
E02001765,E08000022,North Tyneside,6a3r,Service Economy,Post_Industrial,NA,NA
E02001766,E08000022,North Tyneside,6a3r,Service Economy,Post_Industrial,NA,NA
E02001767,E08000022,North Tyneside,6a3r,Service Economy,Post_Industrial,NA,NA
E02001768,E08000023,South Tyneside,6a3r,Service Economy,Post_Industrial,J01000086,South Shields
E02001769,E08000023,South Tyneside,6a3r,Service Economy,Post_Industrial,J01000086,South Shields
E02001770,E08000023,South Tyneside,6a3r,Service Economy,Post_Industrial,J01000086,South Shields
E02001771,E08000023,South Tyneside,6a3r,Service Economy,Post_Industrial,J01000086,South Shields
E02001772,E08000023,South Tyneside,6a3r,Service Economy,Post_Industrial,J01000086,South Shields
E02001773,E08000023,South Tyneside,6a3r,Service Economy,Post_Industrial,J01000086,South Shields
E02001774,E08000023,South Tyneside,6a3r,Service Economy,Post_Industrial,NA,NA
E02001775,E08000023,South Tyneside,6a3r,Service Economy,Post_Industrial,J01000086,South Shields
E02001776,E08000023,South Tyneside,6a3r,Service Economy,Post_Industrial,NA,NA
E02001777,E08000023,South Tyneside,6a3r,Service Economy,Post_Industrial,NA,NA
E02001778,E08000023,South Tyneside,6a3r,Service Economy,Post_Industrial,J01000086,South Shields
E02001779,E08000023,South Tyneside,6a3r,Service Economy,Post_Industrial,NA,NA
E02001780,E08000023,South Tyneside,6a3r,Service Economy,Post_Industrial,J01000086,South Shields
E02001781,E08000023,South Tyneside,6a3r,Service Economy,Post_Industrial,NA,NA
E02001782,E08000023,South Tyneside,6a3r,Service Economy,Post_Industrial,NA,NA
E02001783,E08000023,South Tyneside,6a3r,Service Economy,Post_Industrial,J01000086,South Shields
E02001784,E08000023,South Tyneside,6a3r,Service Economy,Post_Industrial,NA,NA
E02001785,E08000023,South Tyneside,6a3r,Service Economy,Post_Industrial,NA,NA
E02001786,E08000023,South Tyneside,6a3r,Service Economy,Post_Industrial,J01000086,South Shields
E02001787,E08000023,South Tyneside,6a3r,Service Economy,Post_Industrial,NA,NA
E02001788,E08000023,South Tyneside,6a3r,Service Economy,Post_Industrial,NA,NA
E02001789,E08000023,South Tyneside,6a3r,Service Economy,Post_Industrial,NA,NA
E02001790,E08000023,South Tyneside,6a3r,Service Economy,Post_Industrial,NA,NA
E02001791,E08000024,Sunderland,6a2r,Mining Legacy,Post_Industrial,J01000096,Sunderland
E02001792,E08000024,Sunderland,6a2r,Mining Legacy,Post_Industrial,J01000096,Sunderland
E02001793,E08000024,Sunderland,6a2r,Mining Legacy,Post_Industrial,J01000096,Sunderland
E02001794,E08000024,Sunderland,6a2r,Mining Legacy,Post_Industrial,J01000096,Sunderland
E02001795,E08000024,Sunderland,6a2r,Mining Legacy,Post_Industrial,J01000096,Sunderland
E02001796,E08000024,Sunderland,6a2r,Mining Legacy,Post_Industrial,J01000096,Sunderland
E02001797,E08000024,Sunderland,6a2r,Mining Legacy,Post_Industrial,NA,NA
E02001798,E08000024,Sunderland,6a2r,Mining Legacy,Post_Industrial,J01000096,Sunderland
E02001799,E08000024,Sunderland,6a2r,Mining Legacy,Post_Industrial,NA,NA
E02001800,E08000024,Sunderland,6a2r,Mining Legacy,Post_Industrial,NA,NA
E02001801,E08000024,Sunderland,6a2r,Mining Legacy,Post_Industrial,J01000096,Sunderland
E02001802,E08000024,Sunderland,6a2r,Mining Legacy,Post_Industrial,J01000096,Sunderland
E02001803,E08000024,Sunderland,6a2r,Mining Legacy,Post_Industrial,J01000096,Sunderland
E02001804,E08000024,Sunderland,6a2r,Mining Legacy,Post_Industrial,J01000096,Sunderland
E02001805,E08000024,Sunderland,6a2r,Mining Legacy,Post_Industrial,J01000096,Sunderland
E02001806,E08000024,Sunderland,6a2r,Mining Legacy,Post_Industrial,J01000096,Sunderland
E02001807,E08000024,Sunderland,6a2r,Mining Legacy,Post_Industrial,NA,NA
E02001808,E08000024,Sunderland,6a2r,Mining Legacy,Post_Industrial,J01000096,Sunderland
E02001809,E08000024,Sunderland,6a2r,Mining Legacy,Post_Industrial,NA,NA
E02001810,E08000024,Sunderland,6a2r,Mining Legacy,Post_Industrial,NA,NA
E02001811,E08000024,Sunderland,6a2r,Mining Legacy,Post_Industrial,J01000096,Sunderland
E02001812,E08000024,Sunderland,6a2r,Mining Legacy,Post_Industrial,J01000096,Sunderland
E02001813,E08000024,Sunderland,6a2r,Mining Legacy,Post_Industrial,J01000096,Sunderland
E02001814,E08000024,Sunderland,6a2r,Mining Legacy,Post_Industrial,J01000096,Sunderland
E02001815,E08000024,Sunderland,6a2r,Mining Legacy,Post_Industrial,NA,NA
E02001816,E08000024,Sunderland,6a2r,Mining Legacy,Post_Industrial,J01000096,Sunderland
E02001817,E08000024,Sunderland,6a2r,Mining Legacy,Post_Industrial,J01000096,Sunderland
E02001818,E08000024,Sunderland,6a2r,Mining Legacy,Post_Industrial,J01000096,Sunderland
E02001819,E08000024,Sunderland,6a2r,Mining Legacy,Post_Industrial,J01000096,Sunderland
E02001820,E08000024,Sunderland,6a2r,Mining Legacy,Post_Industrial,NA,NA
E02001821,E08000024,Sunderland,6a2r,Mining Legacy,Post_Industrial,J01000096,Sunderland
E02001822,E08000024,Sunderland,6a2r,Mining Legacy,Post_Industrial,NA,NA
E02001823,E08000024,Sunderland,6a2r,Mining Legacy,Post_Industrial,NA,NA
E02001824,E08000024,Sunderland,6a2r,Mining Legacy,Post_Industrial,NA,NA
E02001825,E08000024,Sunderland,6a2r,Mining Legacy,Post_Industrial,NA,NA
E02001826,E08000024,Sunderland,6a2r,Mining Legacy,Post_Industrial,NA,NA
E02001827,E08000025,Birmingham,4a1r,Ethnically Diverse Metropolitan  Living,Urban_Non_London,J01000097,Sutton Coldfield
E02001828,E08000025,Birmingham,4a1r,Ethnically Diverse Metropolitan  Living,Urban_Non_London,J01000097,Sutton Coldfield
E02001829,E08000025,Birmingham,4a1r,Ethnically Diverse Metropolitan  Living,Urban_Non_London,J01000097,Sutton Coldfield
E02001830,E08000025,Birmingham,4a1r,Ethnically Diverse Metropolitan  Living,Urban_Non_London,J01000097,Sutton Coldfield
E02001831,E08000025,Birmingham,4a1r,Ethnically Diverse Metropolitan  Living,Urban_Non_London,J01000097,Sutton Coldfield
E02001832,E08000025,Birmingham,4a1r,Ethnically Diverse Metropolitan  Living,Urban_Non_London,J01000097,Sutton Coldfield
E02001833,E08000025,Birmingham,4a1r,Ethnically Diverse Metropolitan  Living,Urban_Non_London,J01000097,Sutton Coldfield
E02001834,E08000025,Birmingham,4a1r,Ethnically Diverse Metropolitan  Living,Urban_Non_London,J01000007,Birmingham
E02001835,E08000025,Birmingham,4a1r,Ethnically Diverse Metropolitan  Living,Urban_Non_London,J01000097,Sutton Coldfield
E02001836,E08000025,Birmingham,4a1r,Ethnically Diverse Metropolitan  Living,Urban_Non_London,J01000097,Sutton Coldfield
E02001837,E08000025,Birmingham,4a1r,Ethnically Diverse Metropolitan  Living,Urban_Non_London,J01000007,Birmingham
E02001838,E08000025,Birmingham,4a1r,Ethnically Diverse Metropolitan  Living,Urban_Non_London,J01000097,Sutton Coldfield
E02001839,E08000025,Birmingham,4a1r,Ethnically Diverse Metropolitan  Living,Urban_Non_London,J01000007,Birmingham
E02001840,E08000025,Birmingham,4a1r,Ethnically Diverse Metropolitan  Living,Urban_Non_London,J01000007,Birmingham
E02001841,E08000025,Birmingham,4a1r,Ethnically Diverse Metropolitan  Living,Urban_Non_London,J01000097,Sutton Coldfield
E02001842,E08000025,Birmingham,4a1r,Ethnically Diverse Metropolitan  Living,Urban_Non_London,J01000007,Birmingham
E02001843,E08000025,Birmingham,4a1r,Ethnically Diverse Metropolitan  Living,Urban_Non_London,J01000007,Birmingham
E02001844,E08000025,Birmingham,4a1r,Ethnically Diverse Metropolitan  Living,Urban_Non_London,J01000097,Sutton Coldfield
E02001845,E08000025,Birmingham,4a1r,Ethnically Diverse Metropolitan  Living,Urban_Non_London,J01000007,Birmingham
E02001846,E08000025,Birmingham,4a1r,Ethnically Diverse Metropolitan  Living,Urban_Non_London,J01000007,Birmingham
E02001847,E08000025,Birmingham,4a1r,Ethnically Diverse Metropolitan  Living,Urban_Non_London,J01000097,Sutton Coldfield
E02001848,E08000025,Birmingham,4a1r,Ethnically Diverse Metropolitan  Living,Urban_Non_London,J01000007,Birmingham
E02001849,E08000025,Birmingham,4a1r,Ethnically Diverse Metropolitan  Living,Urban_Non_London,J01000007,Birmingham
E02001850,E08000025,Birmingham,4a1r,Ethnically Diverse Metropolitan  Living,Urban_Non_London,J01000007,Birmingham
E02001851,E08000025,Birmingham,4a1r,Ethnically Diverse Metropolitan  Living,Urban_Non_London,J01000007,Birmingham
E02001852,E08000025,Birmingham,4a1r,Ethnically Diverse Metropolitan  Living,Urban_Non_London,J01000007,Birmingham
E02001854,E08000025,Birmingham,4a1r,Ethnically Diverse Metropolitan  Living,Urban_Non_London,J01000007,Birmingham
E02001855,E08000025,Birmingham,4a1r,Ethnically Diverse Metropolitan  Living,Urban_Non_London,J01000007,Birmingham
E02001856,E08000025,Birmingham,4a1r,Ethnically Diverse Metropolitan  Living,Urban_Non_London,J01000007,Birmingham
E02001857,E08000025,Birmingham,4a1r,Ethnically Diverse Metropolitan  Living,Urban_Non_London,J01000007,Birmingham
E02001858,E08000025,Birmingham,4a1r,Ethnically Diverse Metropolitan  Living,Urban_Non_London,J01000007,Birmingham
E02001859,E08000025,Birmingham,4a1r,Ethnically Diverse Metropolitan  Living,Urban_Non_London,J01000007,Birmingham
E02001860,E08000025,Birmingham,4a1r,Ethnically Diverse Metropolitan  Living,Urban_Non_London,J01000007,Birmingham
E02001861,E08000025,Birmingham,4a1r,Ethnically Diverse Metropolitan  Living,Urban_Non_London,J01000007,Birmingham
E02001862,E08000025,Birmingham,4a1r,Ethnically Diverse Metropolitan  Living,Urban_Non_London,J01000007,Birmingham
E02001863,E08000025,Birmingham,4a1r,Ethnically Diverse Metropolitan  Living,Urban_Non_London,J01000007,Birmingham
E02001864,E08000025,Birmingham,4a1r,Ethnically Diverse Metropolitan  Living,Urban_Non_London,J01000007,Birmingham
E02001865,E08000025,Birmingham,4a1r,Ethnically Diverse Metropolitan  Living,Urban_Non_London,J01000007,Birmingham
E02001866,E08000025,Birmingham,4a1r,Ethnically Diverse Metropolitan  Living,Urban_Non_London,J01000007,Birmingham
E02001867,E08000025,Birmingham,4a1r,Ethnically Diverse Metropolitan  Living,Urban_Non_London,J01000007,Birmingham
E02001868,E08000025,Birmingham,4a1r,Ethnically Diverse Metropolitan  Living,Urban_Non_London,J01000007,Birmingham
E02001869,E08000025,Birmingham,4a1r,Ethnically Diverse Metropolitan  Living,Urban_Non_London,J01000007,Birmingham
E02001870,E08000025,Birmingham,4a1r,Ethnically Diverse Metropolitan  Living,Urban_Non_London,J01000007,Birmingham
E02001871,E08000025,Birmingham,4a1r,Ethnically Diverse Metropolitan  Living,Urban_Non_London,J01000007,Birmingham
E02001872,E08000025,Birmingham,4a1r,Ethnically Diverse Metropolitan  Living,Urban_Non_London,J01000007,Birmingham
E02001873,E08000025,Birmingham,4a1r,Ethnically Diverse Metropolitan  Living,Urban_Non_London,J01000007,Birmingham
E02001874,E08000025,Birmingham,4a1r,Ethnically Diverse Metropolitan  Living,Urban_Non_London,J01000007,Birmingham
E02001875,E08000025,Birmingham,4a1r,Ethnically Diverse Metropolitan  Living,Urban_Non_London,J01000007,Birmingham
E02001876,E08000025,Birmingham,4a1r,Ethnically Diverse Metropolitan  Living,Urban_Non_London,J01000007,Birmingham
E02001877,E08000025,Birmingham,4a1r,Ethnically Diverse Metropolitan  Living,Urban_Non_London,J01000007,Birmingham
E02001878,E08000025,Birmingham,4a1r,Ethnically Diverse Metropolitan  Living,Urban_Non_London,J01000007,Birmingham
E02001879,E08000025,Birmingham,4a1r,Ethnically Diverse Metropolitan  Living,Urban_Non_London,J01000007,Birmingham
E02001880,E08000025,Birmingham,4a1r,Ethnically Diverse Metropolitan  Living,Urban_Non_London,J01000007,Birmingham
E02001881,E08000025,Birmingham,4a1r,Ethnically Diverse Metropolitan  Living,Urban_Non_London,J01000007,Birmingham
E02001882,E08000025,Birmingham,4a1r,Ethnically Diverse Metropolitan  Living,Urban_Non_London,J01000007,Birmingham
E02001883,E08000025,Birmingham,4a1r,Ethnically Diverse Metropolitan  Living,Urban_Non_London,J01000007,Birmingham
E02001884,E08000025,Birmingham,4a1r,Ethnically Diverse Metropolitan  Living,Urban_Non_London,J01000007,Birmingham
E02001886,E08000025,Birmingham,4a1r,Ethnically Diverse Metropolitan  Living,Urban_Non_London,J01000007,Birmingham
E02001888,E08000025,Birmingham,4a1r,Ethnically Diverse Metropolitan  Living,Urban_Non_London,J01000007,Birmingham
E02001889,E08000025,Birmingham,4a1r,Ethnically Diverse Metropolitan  Living,Urban_Non_London,J01000007,Birmingham
E02001890,E08000025,Birmingham,4a1r,Ethnically Diverse Metropolitan  Living,Urban_Non_London,J01000007,Birmingham
E02001892,E08000025,Birmingham,4a1r,Ethnically Diverse Metropolitan  Living,Urban_Non_London,J01000007,Birmingham
E02001893,E08000025,Birmingham,4a1r,Ethnically Diverse Metropolitan  Living,Urban_Non_London,J01000007,Birmingham
E02001895,E08000025,Birmingham,4a1r,Ethnically Diverse Metropolitan  Living,Urban_Non_London,J01000007,Birmingham
E02001896,E08000025,Birmingham,4a1r,Ethnically Diverse Metropolitan  Living,Urban_Non_London,J01000007,Birmingham
E02001897,E08000025,Birmingham,4a1r,Ethnically Diverse Metropolitan  Living,Urban_Non_London,J01000007,Birmingham
E02001898,E08000025,Birmingham,4a1r,Ethnically Diverse Metropolitan  Living,Urban_Non_London,J01000007,Birmingham
E02001899,E08000025,Birmingham,4a1r,Ethnically Diverse Metropolitan  Living,Urban_Non_London,J01000007,Birmingham
E02001900,E08000025,Birmingham,4a1r,Ethnically Diverse Metropolitan  Living,Urban_Non_London,J01000007,Birmingham
E02001901,E08000025,Birmingham,4a1r,Ethnically Diverse Metropolitan  Living,Urban_Non_London,J01000007,Birmingham
E02001902,E08000025,Birmingham,4a1r,Ethnically Diverse Metropolitan  Living,Urban_Non_London,J01000007,Birmingham
E02001903,E08000025,Birmingham,4a1r,Ethnically Diverse Metropolitan  Living,Urban_Non_London,J01000007,Birmingham
E02001904,E08000025,Birmingham,4a1r,Ethnically Diverse Metropolitan  Living,Urban_Non_London,J01000007,Birmingham
E02001905,E08000025,Birmingham,4a1r,Ethnically Diverse Metropolitan  Living,Urban_Non_London,J01000007,Birmingham
E02001906,E08000025,Birmingham,4a1r,Ethnically Diverse Metropolitan  Living,Urban_Non_London,J01000007,Birmingham
E02001907,E08000025,Birmingham,4a1r,Ethnically Diverse Metropolitan  Living,Urban_Non_London,J01000007,Birmingham
E02001908,E08000025,Birmingham,4a1r,Ethnically Diverse Metropolitan  Living,Urban_Non_London,J01000007,Birmingham
E02001909,E08000025,Birmingham,4a1r,Ethnically Diverse Metropolitan  Living,Urban_Non_London,J01000007,Birmingham
E02001910,E08000025,Birmingham,4a1r,Ethnically Diverse Metropolitan  Living,Urban_Non_London,J01000007,Birmingham
E02001911,E08000025,Birmingham,4a1r,Ethnically Diverse Metropolitan  Living,Urban_Non_London,J01000007,Birmingham
E02001913,E08000025,Birmingham,4a1r,Ethnically Diverse Metropolitan  Living,Urban_Non_London,J01000007,Birmingham
E02001914,E08000025,Birmingham,4a1r,Ethnically Diverse Metropolitan  Living,Urban_Non_London,J01000007,Birmingham
E02001915,E08000025,Birmingham,4a1r,Ethnically Diverse Metropolitan  Living,Urban_Non_London,J01000007,Birmingham
E02001916,E08000025,Birmingham,4a1r,Ethnically Diverse Metropolitan  Living,Urban_Non_London,J01000007,Birmingham
E02001918,E08000025,Birmingham,4a1r,Ethnically Diverse Metropolitan  Living,Urban_Non_London,J01000007,Birmingham
E02001919,E08000025,Birmingham,4a1r,Ethnically Diverse Metropolitan  Living,Urban_Non_London,J01000007,Birmingham
E02001920,E08000025,Birmingham,4a1r,Ethnically Diverse Metropolitan  Living,Urban_Non_London,J01000007,Birmingham
E02001921,E08000025,Birmingham,4a1r,Ethnically Diverse Metropolitan  Living,Urban_Non_London,J01000007,Birmingham
E02001922,E08000025,Birmingham,4a1r,Ethnically Diverse Metropolitan  Living,Urban_Non_London,J01000007,Birmingham
E02001923,E08000025,Birmingham,4a1r,Ethnically Diverse Metropolitan  Living,Urban_Non_London,J01000007,Birmingham
E02001924,E08000025,Birmingham,4a1r,Ethnically Diverse Metropolitan  Living,Urban_Non_London,J01000007,Birmingham
E02001925,E08000025,Birmingham,4a1r,Ethnically Diverse Metropolitan  Living,Urban_Non_London,J01000007,Birmingham
E02001926,E08000025,Birmingham,4a1r,Ethnically Diverse Metropolitan  Living,Urban_Non_London,J01000007,Birmingham
E02001927,E08000025,Birmingham,4a1r,Ethnically Diverse Metropolitan  Living,Urban_Non_London,J01000007,Birmingham
E02001928,E08000025,Birmingham,4a1r,Ethnically Diverse Metropolitan  Living,Urban_Non_London,J01000007,Birmingham
E02001929,E08000025,Birmingham,4a1r,Ethnically Diverse Metropolitan  Living,Urban_Non_London,J01000007,Birmingham
E02001930,E08000025,Birmingham,4a1r,Ethnically Diverse Metropolitan  Living,Urban_Non_London,J01000007,Birmingham
E02001931,E08000025,Birmingham,4a1r,Ethnically Diverse Metropolitan  Living,Urban_Non_London,J01000007,Birmingham
E02001932,E08000025,Birmingham,4a1r,Ethnically Diverse Metropolitan  Living,Urban_Non_London,J01000007,Birmingham
E02001933,E08000025,Birmingham,4a1r,Ethnically Diverse Metropolitan  Living,Urban_Non_London,J01000007,Birmingham
E02001934,E08000025,Birmingham,4a1r,Ethnically Diverse Metropolitan  Living,Urban_Non_London,J01000007,Birmingham
E02001935,E08000025,Birmingham,4a1r,Ethnically Diverse Metropolitan  Living,Urban_Non_London,J01000007,Birmingham
E02001936,E08000025,Birmingham,4a1r,Ethnically Diverse Metropolitan  Living,Urban_Non_London,J01000007,Birmingham
E02001937,E08000025,Birmingham,4a1r,Ethnically Diverse Metropolitan  Living,Urban_Non_London,J01000007,Birmingham
E02001938,E08000025,Birmingham,4a1r,Ethnically Diverse Metropolitan  Living,Urban_Non_London,J01000007,Birmingham
E02001939,E08000025,Birmingham,4a1r,Ethnically Diverse Metropolitan  Living,Urban_Non_London,J01000007,Birmingham
E02001941,E08000025,Birmingham,4a1r,Ethnically Diverse Metropolitan  Living,Urban_Non_London,J01000007,Birmingham
E02001942,E08000025,Birmingham,4a1r,Ethnically Diverse Metropolitan  Living,Urban_Non_London,J01000007,Birmingham
E02001943,E08000025,Birmingham,4a1r,Ethnically Diverse Metropolitan  Living,Urban_Non_London,J01000007,Birmingham
E02001944,E08000025,Birmingham,4a1r,Ethnically Diverse Metropolitan  Living,Urban_Non_London,J01000007,Birmingham
E02001945,E08000025,Birmingham,4a1r,Ethnically Diverse Metropolitan  Living,Urban_Non_London,J01000007,Birmingham
E02001946,E08000025,Birmingham,4a1r,Ethnically Diverse Metropolitan  Living,Urban_Non_London,J01000007,Birmingham
E02001947,E08000025,Birmingham,4a1r,Ethnically Diverse Metropolitan  Living,Urban_Non_London,J01000007,Birmingham
E02001948,E08000025,Birmingham,4a1r,Ethnically Diverse Metropolitan  Living,Urban_Non_London,J01000007,Birmingham
E02001949,E08000025,Birmingham,4a1r,Ethnically Diverse Metropolitan  Living,Urban_Non_London,J01000007,Birmingham
E02001950,E08000025,Birmingham,4a1r,Ethnically Diverse Metropolitan  Living,Urban_Non_London,J01000007,Birmingham
E02001951,E08000025,Birmingham,4a1r,Ethnically Diverse Metropolitan  Living,Urban_Non_London,J01000007,Birmingham
E02001952,E08000025,Birmingham,4a1r,Ethnically Diverse Metropolitan  Living,Urban_Non_London,J01000007,Birmingham
E02001953,E08000025,Birmingham,4a1r,Ethnically Diverse Metropolitan  Living,Urban_Non_London,J01000007,Birmingham
E02001954,E08000025,Birmingham,4a1r,Ethnically Diverse Metropolitan  Living,Urban_Non_London,J01000007,Birmingham
E02001955,E08000025,Birmingham,4a1r,Ethnically Diverse Metropolitan  Living,Urban_Non_London,J01000007,Birmingham
E02001956,E08000025,Birmingham,4a1r,Ethnically Diverse Metropolitan  Living,Urban_Non_London,J01000007,Birmingham
E02001957,E08000025,Birmingham,4a1r,Ethnically Diverse Metropolitan  Living,Urban_Non_London,J01000007,Birmingham
E02001958,E08000026,Coventry,2a1r,Larger Towns and Cities,Urban_Non_London,J01000028,Coventry
E02001959,E08000026,Coventry,2a1r,Larger Towns and Cities,Urban_Non_London,J01000028,Coventry
E02001961,E08000026,Coventry,2a1r,Larger Towns and Cities,Urban_Non_London,J01000028,Coventry
E02001962,E08000026,Coventry,2a1r,Larger Towns and Cities,Urban_Non_London,J01000028,Coventry
E02001963,E08000026,Coventry,2a1r,Larger Towns and Cities,Urban_Non_London,J01000028,Coventry
E02001964,E08000026,Coventry,2a1r,Larger Towns and Cities,Urban_Non_London,J01000028,Coventry
E02001965,E08000026,Coventry,2a1r,Larger Towns and Cities,Urban_Non_London,J01000028,Coventry
E02001966,E08000026,Coventry,2a1r,Larger Towns and Cities,Urban_Non_London,J01000028,Coventry
E02001967,E08000026,Coventry,2a1r,Larger Towns and Cities,Urban_Non_London,J01000028,Coventry
E02001968,E08000026,Coventry,2a1r,Larger Towns and Cities,Urban_Non_London,J01000028,Coventry
E02001969,E08000026,Coventry,2a1r,Larger Towns and Cities,Urban_Non_London,J01000028,Coventry
E02001970,E08000026,Coventry,2a1r,Larger Towns and Cities,Urban_Non_London,J01000028,Coventry
E02001971,E08000026,Coventry,2a1r,Larger Towns and Cities,Urban_Non_London,J01000028,Coventry
E02001972,E08000026,Coventry,2a1r,Larger Towns and Cities,Urban_Non_London,J01000028,Coventry
E02001973,E08000026,Coventry,2a1r,Larger Towns and Cities,Urban_Non_London,J01000028,Coventry
E02001974,E08000026,Coventry,2a1r,Larger Towns and Cities,Urban_Non_London,J01000028,Coventry
E02001975,E08000026,Coventry,2a1r,Larger Towns and Cities,Urban_Non_London,J01000028,Coventry
E02001976,E08000026,Coventry,2a1r,Larger Towns and Cities,Urban_Non_London,J01000028,Coventry
E02001977,E08000026,Coventry,2a1r,Larger Towns and Cities,Urban_Non_London,J01000028,Coventry
E02001978,E08000026,Coventry,2a1r,Larger Towns and Cities,Urban_Non_London,J01000028,Coventry
E02001979,E08000026,Coventry,2a1r,Larger Towns and Cities,Urban_Non_London,J01000028,Coventry
E02001980,E08000026,Coventry,2a1r,Larger Towns and Cities,Urban_Non_London,J01000028,Coventry
E02001981,E08000026,Coventry,2a1r,Larger Towns and Cities,Urban_Non_London,J01000028,Coventry
E02001982,E08000026,Coventry,2a1r,Larger Towns and Cities,Urban_Non_London,J01000028,Coventry
E02001983,E08000026,Coventry,2a1r,Larger Towns and Cities,Urban_Non_London,J01000028,Coventry
E02001984,E08000026,Coventry,2a1r,Larger Towns and Cities,Urban_Non_London,J01000028,Coventry
E02001985,E08000026,Coventry,2a1r,Larger Towns and Cities,Urban_Non_London,J01000028,Coventry
E02001986,E08000026,Coventry,2a1r,Larger Towns and Cities,Urban_Non_London,J01000028,Coventry
E02001987,E08000026,Coventry,2a1r,Larger Towns and Cities,Urban_Non_London,J01000028,Coventry
E02001988,E08000026,Coventry,2a1r,Larger Towns and Cities,Urban_Non_London,J01000028,Coventry
E02001989,E08000026,Coventry,2a1r,Larger Towns and Cities,Urban_Non_London,J01000028,Coventry
E02001990,E08000026,Coventry,2a1r,Larger Towns and Cities,Urban_Non_London,J01000028,Coventry
E02001991,E08000026,Coventry,2a1r,Larger Towns and Cities,Urban_Non_London,J01000028,Coventry
E02001992,E08000026,Coventry,2a1r,Larger Towns and Cities,Urban_Non_London,J01000028,Coventry
E02001993,E08000026,Coventry,2a1r,Larger Towns and Cities,Urban_Non_London,J01000028,Coventry
E02001994,E08000026,Coventry,2a1r,Larger Towns and Cities,Urban_Non_London,J01000028,Coventry
E02001995,E08000026,Coventry,2a1r,Larger Towns and Cities,Urban_Non_London,J01000028,Coventry
E02001996,E08000026,Coventry,2a1r,Larger Towns and Cities,Urban_Non_London,J01000028,Coventry
E02001997,E08000026,Coventry,2a1r,Larger Towns and Cities,Urban_Non_London,J01000028,Coventry
E02001998,E08000026,Coventry,2a1r,Larger Towns and Cities,Urban_Non_London,J01000028,Coventry
E02001999,E08000026,Coventry,2a1r,Larger Towns and Cities,Urban_Non_London,J01000028,Coventry
E02002000,E08000027,Dudley,6a1r,Manufacturing Legacy,Post_Industrial,NA,NA
E02002001,E08000027,Dudley,6a1r,Manufacturing Legacy,Post_Industrial,NA,NA
E02002002,E08000027,Dudley,6a1r,Manufacturing Legacy,Post_Industrial,NA,NA
E02002003,E08000027,Dudley,6a1r,Manufacturing Legacy,Post_Industrial,NA,NA
E02002004,E08000027,Dudley,6a1r,Manufacturing Legacy,Post_Industrial,NA,NA
E02002005,E08000027,Dudley,6a1r,Manufacturing Legacy,Post_Industrial,J01000033,Dudley
E02002006,E08000027,Dudley,6a1r,Manufacturing Legacy,Post_Industrial,NA,NA
E02002007,E08000027,Dudley,6a1r,Manufacturing Legacy,Post_Industrial,NA,NA
E02002008,E08000027,Dudley,6a1r,Manufacturing Legacy,Post_Industrial,J01000033,Dudley
E02002009,E08000027,Dudley,6a1r,Manufacturing Legacy,Post_Industrial,J01000033,Dudley
E02002010,E08000027,Dudley,6a1r,Manufacturing Legacy,Post_Industrial,J01000033,Dudley
E02002011,E08000027,Dudley,6a1r,Manufacturing Legacy,Post_Industrial,NA,NA
E02002012,E08000027,Dudley,6a1r,Manufacturing Legacy,Post_Industrial,J01000033,Dudley
E02002013,E08000027,Dudley,6a1r,Manufacturing Legacy,Post_Industrial,NA,NA
E02002014,E08000027,Dudley,6a1r,Manufacturing Legacy,Post_Industrial,J01000033,Dudley
E02002015,E08000027,Dudley,6a1r,Manufacturing Legacy,Post_Industrial,NA,NA
E02002016,E08000027,Dudley,6a1r,Manufacturing Legacy,Post_Industrial,J01000033,Dudley
E02002017,E08000027,Dudley,6a1r,Manufacturing Legacy,Post_Industrial,J01000033,Dudley
E02002018,E08000027,Dudley,6a1r,Manufacturing Legacy,Post_Industrial,NA,NA
E02002019,E08000027,Dudley,6a1r,Manufacturing Legacy,Post_Industrial,J01000033,Dudley
E02002020,E08000027,Dudley,6a1r,Manufacturing Legacy,Post_Industrial,NA,NA
E02002021,E08000027,Dudley,6a1r,Manufacturing Legacy,Post_Industrial,NA,NA
E02002022,E08000027,Dudley,6a1r,Manufacturing Legacy,Post_Industrial,NA,NA
E02002023,E08000027,Dudley,6a1r,Manufacturing Legacy,Post_Industrial,NA,NA
E02002024,E08000027,Dudley,6a1r,Manufacturing Legacy,Post_Industrial,NA,NA
E02002025,E08000027,Dudley,6a1r,Manufacturing Legacy,Post_Industrial,NA,NA
E02002026,E08000027,Dudley,6a1r,Manufacturing Legacy,Post_Industrial,NA,NA
E02002027,E08000027,Dudley,6a1r,Manufacturing Legacy,Post_Industrial,NA,NA
E02002028,E08000027,Dudley,6a1r,Manufacturing Legacy,Post_Industrial,NA,NA
E02002029,E08000027,Dudley,6a1r,Manufacturing Legacy,Post_Industrial,NA,NA
E02002030,E08000027,Dudley,6a1r,Manufacturing Legacy,Post_Industrial,NA,NA
E02002031,E08000027,Dudley,6a1r,Manufacturing Legacy,Post_Industrial,NA,NA
E02002032,E08000027,Dudley,6a1r,Manufacturing Legacy,Post_Industrial,NA,NA
E02002033,E08000027,Dudley,6a1r,Manufacturing Legacy,Post_Industrial,NA,NA
E02002034,E08000027,Dudley,6a1r,Manufacturing Legacy,Post_Industrial,NA,NA
E02002035,E08000027,Dudley,6a1r,Manufacturing Legacy,Post_Industrial,NA,NA
E02002036,E08000027,Dudley,6a1r,Manufacturing Legacy,Post_Industrial,NA,NA
E02002037,E08000027,Dudley,6a1r,Manufacturing Legacy,Post_Industrial,NA,NA
E02002038,E08000027,Dudley,6a1r,Manufacturing Legacy,Post_Industrial,NA,NA
E02002039,E08000027,Dudley,6a1r,Manufacturing Legacy,Post_Industrial,NA,NA
E02002040,E08000027,Dudley,6a1r,Manufacturing Legacy,Post_Industrial,NA,NA
E02002041,E08000027,Dudley,6a1r,Manufacturing Legacy,Post_Industrial,NA,NA
E02002042,E08000027,Dudley,6a1r,Manufacturing Legacy,Post_Industrial,NA,NA
E02002043,E08000028,Sandwell,8a1r,Industrial and Multi-ethnic,Post_Industrial,NA,NA
E02002044,E08000028,Sandwell,8a1r,Industrial and Multi-ethnic,Post_Industrial,J01000105,West Bromwich
E02002045,E08000028,Sandwell,8a1r,Industrial and Multi-ethnic,Post_Industrial,NA,NA
E02002046,E08000028,Sandwell,8a1r,Industrial and Multi-ethnic,Post_Industrial,J01000105,West Bromwich
E02002047,E08000028,Sandwell,8a1r,Industrial and Multi-ethnic,Post_Industrial,NA,NA
E02002048,E08000028,Sandwell,8a1r,Industrial and Multi-ethnic,Post_Industrial,NA,NA
E02002049,E08000028,Sandwell,8a1r,Industrial and Multi-ethnic,Post_Industrial,NA,NA
E02002051,E08000028,Sandwell,8a1r,Industrial and Multi-ethnic,Post_Industrial,NA,NA
E02002052,E08000028,Sandwell,8a1r,Industrial and Multi-ethnic,Post_Industrial,J01000105,West Bromwich
E02002053,E08000028,Sandwell,8a1r,Industrial and Multi-ethnic,Post_Industrial,NA,NA
E02002054,E08000028,Sandwell,8a1r,Industrial and Multi-ethnic,Post_Industrial,NA,NA
E02002055,E08000028,Sandwell,8a1r,Industrial and Multi-ethnic,Post_Industrial,J01000105,West Bromwich
E02002056,E08000028,Sandwell,8a1r,Industrial and Multi-ethnic,Post_Industrial,NA,NA
E02002057,E08000028,Sandwell,8a1r,Industrial and Multi-ethnic,Post_Industrial,NA,NA
E02002058,E08000028,Sandwell,8a1r,Industrial and Multi-ethnic,Post_Industrial,NA,NA
E02002059,E08000028,Sandwell,8a1r,Industrial and Multi-ethnic,Post_Industrial,J01000105,West Bromwich
E02002060,E08000028,Sandwell,8a1r,Industrial and Multi-ethnic,Post_Industrial,J01000105,West Bromwich
E02002061,E08000028,Sandwell,8a1r,Industrial and Multi-ethnic,Post_Industrial,J01000105,West Bromwich
E02002062,E08000028,Sandwell,8a1r,Industrial and Multi-ethnic,Post_Industrial,J01000105,West Bromwich
E02002063,E08000028,Sandwell,8a1r,Industrial and Multi-ethnic,Post_Industrial,NA,NA
E02002064,E08000028,Sandwell,8a1r,Industrial and Multi-ethnic,Post_Industrial,NA,NA
E02002065,E08000028,Sandwell,8a1r,Industrial and Multi-ethnic,Post_Industrial,NA,NA
E02002066,E08000028,Sandwell,8a1r,Industrial and Multi-ethnic,Post_Industrial,NA,NA
E02002067,E08000028,Sandwell,8a1r,Industrial and Multi-ethnic,Post_Industrial,NA,NA
E02002068,E08000028,Sandwell,8a1r,Industrial and Multi-ethnic,Post_Industrial,NA,NA
E02002069,E08000028,Sandwell,8a1r,Industrial and Multi-ethnic,Post_Industrial,NA,NA
E02002070,E08000028,Sandwell,8a1r,Industrial and Multi-ethnic,Post_Industrial,NA,NA
E02002071,E08000028,Sandwell,8a1r,Industrial and Multi-ethnic,Post_Industrial,NA,NA
E02002072,E08000028,Sandwell,8a1r,Industrial and Multi-ethnic,Post_Industrial,NA,NA
E02002073,E08000028,Sandwell,8a1r,Industrial and Multi-ethnic,Post_Industrial,NA,NA
E02002074,E08000028,Sandwell,8a1r,Industrial and Multi-ethnic,Post_Industrial,J01000007,Birmingham
E02002075,E08000028,Sandwell,8a1r,Industrial and Multi-ethnic,Post_Industrial,NA,NA
E02002076,E08000028,Sandwell,8a1r,Industrial and Multi-ethnic,Post_Industrial,NA,NA
E02002077,E08000028,Sandwell,8a1r,Industrial and Multi-ethnic,Post_Industrial,J01000033,Dudley
E02002078,E08000028,Sandwell,8a1r,Industrial and Multi-ethnic,Post_Industrial,J01000007,Birmingham
E02002079,E08000028,Sandwell,8a1r,Industrial and Multi-ethnic,Post_Industrial,J01000007,Birmingham
E02002080,E08000028,Sandwell,8a1r,Industrial and Multi-ethnic,Post_Industrial,J01000033,Dudley
E02002081,E08000029,Solihull,7c2r,Prosperous Towns,Rural_Prosperous,J01000007,Birmingham
E02002082,E08000029,Solihull,7c2r,Prosperous Towns,Rural_Prosperous,J01000007,Birmingham
E02002083,E08000029,Solihull,7c2r,Prosperous Towns,Rural_Prosperous,J01000007,Birmingham
E02002084,E08000029,Solihull,7c2r,Prosperous Towns,Rural_Prosperous,J01000007,Birmingham
E02002085,E08000029,Solihull,7c2r,Prosperous Towns,Rural_Prosperous,J01000007,Birmingham
E02002086,E08000029,Solihull,7c2r,Prosperous Towns,Rural_Prosperous,J01000007,Birmingham
E02002087,E08000029,Solihull,7c2r,Prosperous Towns,Rural_Prosperous,J01000007,Birmingham
E02002088,E08000029,Solihull,7c2r,Prosperous Towns,Rural_Prosperous,J01000007,Birmingham
E02002089,E08000029,Solihull,7c2r,Prosperous Towns,Rural_Prosperous,J01000007,Birmingham
E02002090,E08000029,Solihull,7c2r,Prosperous Towns,Rural_Prosperous,J01000085,Solihull
E02002091,E08000029,Solihull,7c2r,Prosperous Towns,Rural_Prosperous,J01000085,Solihull
E02002092,E08000029,Solihull,7c2r,Prosperous Towns,Rural_Prosperous,J01000085,Solihull
E02002093,E08000029,Solihull,7c2r,Prosperous Towns,Rural_Prosperous,J01000085,Solihull
E02002094,E08000029,Solihull,7c2r,Prosperous Towns,Rural_Prosperous,J01000085,Solihull
E02002095,E08000029,Solihull,7c2r,Prosperous Towns,Rural_Prosperous,J01000085,Solihull
E02002096,E08000029,Solihull,7c2r,Prosperous Towns,Rural_Prosperous,J01000085,Solihull
E02002097,E08000029,Solihull,7c2r,Prosperous Towns,Rural_Prosperous,NA,NA
E02002098,E08000029,Solihull,7c2r,Prosperous Towns,Rural_Prosperous,J01000085,Solihull
E02002099,E08000029,Solihull,7c2r,Prosperous Towns,Rural_Prosperous,J01000085,Solihull
E02002101,E08000029,Solihull,7c2r,Prosperous Towns,Rural_Prosperous,J01000085,Solihull
E02002102,E08000029,Solihull,7c2r,Prosperous Towns,Rural_Prosperous,J01000085,Solihull
E02002103,E08000029,Solihull,7c2r,Prosperous Towns,Rural_Prosperous,J01000085,Solihull
E02002104,E08000029,Solihull,7c2r,Prosperous Towns,Rural_Prosperous,J01000085,Solihull
E02002105,E08000029,Solihull,7c2r,Prosperous Towns,Rural_Prosperous,NA,NA
E02002106,E08000029,Solihull,7c2r,Prosperous Towns,Rural_Prosperous,NA,NA
E02002107,E08000029,Solihull,7c2r,Prosperous Towns,Rural_Prosperous,J01000085,Solihull
E02002108,E08000029,Solihull,7c2r,Prosperous Towns,Rural_Prosperous,NA,NA
E02002109,E08000029,Solihull,7c2r,Prosperous Towns,Rural_Prosperous,NA,NA
E02002110,E08000030,Walsall,8a1r,Industrial and Multi-ethnic,Post_Industrial,NA,NA
E02002111,E08000030,Walsall,8a1r,Industrial and Multi-ethnic,Post_Industrial,NA,NA
E02002112,E08000030,Walsall,8a1r,Industrial and Multi-ethnic,Post_Industrial,NA,NA
E02002113,E08000030,Walsall,8a1r,Industrial and Multi-ethnic,Post_Industrial,NA,NA
E02002114,E08000030,Walsall,8a1r,Industrial and Multi-ethnic,Post_Industrial,NA,NA
E02002115,E08000030,Walsall,8a1r,Industrial and Multi-ethnic,Post_Industrial,NA,NA
E02002116,E08000030,Walsall,8a1r,Industrial and Multi-ethnic,Post_Industrial,NA,NA
E02002117,E08000030,Walsall,8a1r,Industrial and Multi-ethnic,Post_Industrial,NA,NA
E02002118,E08000030,Walsall,8a1r,Industrial and Multi-ethnic,Post_Industrial,NA,NA
E02002119,E08000030,Walsall,8a1r,Industrial and Multi-ethnic,Post_Industrial,NA,NA
E02002120,E08000030,Walsall,8a1r,Industrial and Multi-ethnic,Post_Industrial,NA,NA
E02002121,E08000030,Walsall,8a1r,Industrial and Multi-ethnic,Post_Industrial,NA,NA
E02002122,E08000030,Walsall,8a1r,Industrial and Multi-ethnic,Post_Industrial,NA,NA
E02002123,E08000030,Walsall,8a1r,Industrial and Multi-ethnic,Post_Industrial,NA,NA
E02002124,E08000030,Walsall,8a1r,Industrial and Multi-ethnic,Post_Industrial,NA,NA
E02002125,E08000030,Walsall,8a1r,Industrial and Multi-ethnic,Post_Industrial,NA,NA
E02002126,E08000030,Walsall,8a1r,Industrial and Multi-ethnic,Post_Industrial,NA,NA
E02002127,E08000030,Walsall,8a1r,Industrial and Multi-ethnic,Post_Industrial,NA,NA
E02002128,E08000030,Walsall,8a1r,Industrial and Multi-ethnic,Post_Industrial,NA,NA
E02002129,E08000030,Walsall,8a1r,Industrial and Multi-ethnic,Post_Industrial,NA,NA
E02002130,E08000030,Walsall,8a1r,Industrial and Multi-ethnic,Post_Industrial,NA,NA
E02002131,E08000030,Walsall,8a1r,Industrial and Multi-ethnic,Post_Industrial,NA,NA
E02002132,E08000030,Walsall,8a1r,Industrial and Multi-ethnic,Post_Industrial,NA,NA
E02002133,E08000030,Walsall,8a1r,Industrial and Multi-ethnic,Post_Industrial,J01000102,Walsall
E02002134,E08000030,Walsall,8a1r,Industrial and Multi-ethnic,Post_Industrial,NA,NA
E02002135,E08000030,Walsall,8a1r,Industrial and Multi-ethnic,Post_Industrial,J01000102,Walsall
E02002136,E08000030,Walsall,8a1r,Industrial and Multi-ethnic,Post_Industrial,NA,NA
E02002137,E08000030,Walsall,8a1r,Industrial and Multi-ethnic,Post_Industrial,J01000097,Sutton Coldfield
E02002138,E08000030,Walsall,8a1r,Industrial and Multi-ethnic,Post_Industrial,J01000102,Walsall
E02002139,E08000030,Walsall,8a1r,Industrial and Multi-ethnic,Post_Industrial,J01000102,Walsall
E02002140,E08000030,Walsall,8a1r,Industrial and Multi-ethnic,Post_Industrial,J01000102,Walsall
E02002141,E08000030,Walsall,8a1r,Industrial and Multi-ethnic,Post_Industrial,J01000097,Sutton Coldfield
E02002142,E08000030,Walsall,8a1r,Industrial and Multi-ethnic,Post_Industrial,NA,NA
E02002143,E08000030,Walsall,8a1r,Industrial and Multi-ethnic,Post_Industrial,J01000102,Walsall
E02002144,E08000030,Walsall,8a1r,Industrial and Multi-ethnic,Post_Industrial,J01000102,Walsall
E02002145,E08000030,Walsall,8a1r,Industrial and Multi-ethnic,Post_Industrial,NA,NA
E02002146,E08000030,Walsall,8a1r,Industrial and Multi-ethnic,Post_Industrial,J01000102,Walsall
E02002147,E08000030,Walsall,8a1r,Industrial and Multi-ethnic,Post_Industrial,NA,NA
E02002148,E08000030,Walsall,8a1r,Industrial and Multi-ethnic,Post_Industrial,J01000007,Birmingham
E02002149,E08000031,Wolverhampton,8a1r,Industrial and Multi-ethnic,Post_Industrial,J01000109,Wolverhampton
E02002150,E08000031,Wolverhampton,8a1r,Industrial and Multi-ethnic,Post_Industrial,J01000109,Wolverhampton
E02002151,E08000031,Wolverhampton,8a1r,Industrial and Multi-ethnic,Post_Industrial,J01000109,Wolverhampton
E02002152,E08000031,Wolverhampton,8a1r,Industrial and Multi-ethnic,Post_Industrial,J01000109,Wolverhampton
E02002153,E08000031,Wolverhampton,8a1r,Industrial and Multi-ethnic,Post_Industrial,J01000109,Wolverhampton
E02002154,E08000031,Wolverhampton,8a1r,Industrial and Multi-ethnic,Post_Industrial,J01000109,Wolverhampton
E02002155,E08000031,Wolverhampton,8a1r,Industrial and Multi-ethnic,Post_Industrial,J01000109,Wolverhampton
E02002156,E08000031,Wolverhampton,8a1r,Industrial and Multi-ethnic,Post_Industrial,J01000109,Wolverhampton
E02002157,E08000031,Wolverhampton,8a1r,Industrial and Multi-ethnic,Post_Industrial,J01000109,Wolverhampton
E02002158,E08000031,Wolverhampton,8a1r,Industrial and Multi-ethnic,Post_Industrial,J01000109,Wolverhampton
E02002159,E08000031,Wolverhampton,8a1r,Industrial and Multi-ethnic,Post_Industrial,J01000109,Wolverhampton
E02002160,E08000031,Wolverhampton,8a1r,Industrial and Multi-ethnic,Post_Industrial,J01000109,Wolverhampton
E02002161,E08000031,Wolverhampton,8a1r,Industrial and Multi-ethnic,Post_Industrial,J01000109,Wolverhampton
E02002162,E08000031,Wolverhampton,8a1r,Industrial and Multi-ethnic,Post_Industrial,J01000109,Wolverhampton
E02002163,E08000031,Wolverhampton,8a1r,Industrial and Multi-ethnic,Post_Industrial,J01000109,Wolverhampton
E02002164,E08000031,Wolverhampton,8a1r,Industrial and Multi-ethnic,Post_Industrial,J01000109,Wolverhampton
E02002165,E08000031,Wolverhampton,8a1r,Industrial and Multi-ethnic,Post_Industrial,J01000109,Wolverhampton
E02002166,E08000031,Wolverhampton,8a1r,Industrial and Multi-ethnic,Post_Industrial,J01000109,Wolverhampton
E02002167,E08000031,Wolverhampton,8a1r,Industrial and Multi-ethnic,Post_Industrial,J01000109,Wolverhampton
E02002168,E08000031,Wolverhampton,8a1r,Industrial and Multi-ethnic,Post_Industrial,J01000109,Wolverhampton
E02002169,E08000031,Wolverhampton,8a1r,Industrial and Multi-ethnic,Post_Industrial,J01000109,Wolverhampton
E02002170,E08000031,Wolverhampton,8a1r,Industrial and Multi-ethnic,Post_Industrial,J01000109,Wolverhampton
E02002171,E08000031,Wolverhampton,8a1r,Industrial and Multi-ethnic,Post_Industrial,NA,NA
E02002174,E08000031,Wolverhampton,8a1r,Industrial and Multi-ethnic,Post_Industrial,J01000109,Wolverhampton
E02002175,E08000031,Wolverhampton,8a1r,Industrial and Multi-ethnic,Post_Industrial,NA,NA
E02002176,E08000031,Wolverhampton,8a1r,Industrial and Multi-ethnic,Post_Industrial,J01000109,Wolverhampton
E02002177,E08000031,Wolverhampton,8a1r,Industrial and Multi-ethnic,Post_Industrial,NA,NA
E02002178,E08000031,Wolverhampton,8a1r,Industrial and Multi-ethnic,Post_Industrial,J01000109,Wolverhampton
E02002179,E08000031,Wolverhampton,8a1r,Industrial and Multi-ethnic,Post_Industrial,J01000109,Wolverhampton
E02002180,E08000031,Wolverhampton,8a1r,Industrial and Multi-ethnic,Post_Industrial,J01000109,Wolverhampton
E02002181,E08000031,Wolverhampton,8a1r,Industrial and Multi-ethnic,Post_Industrial,NA,NA
E02002182,E08000031,Wolverhampton,8a1r,Industrial and Multi-ethnic,Post_Industrial,J01000109,Wolverhampton
E02002183,E08000032,Bradford,8a1r,Industrial and Multi-ethnic,Post_Industrial,NA,NA
E02002184,E08000032,Bradford,8a1r,Industrial and Multi-ethnic,Post_Industrial,NA,NA
E02002185,E08000032,Bradford,8a1r,Industrial and Multi-ethnic,Post_Industrial,NA,NA
E02002186,E08000032,Bradford,8a1r,Industrial and Multi-ethnic,Post_Industrial,NA,NA
E02002187,E08000032,Bradford,8a1r,Industrial and Multi-ethnic,Post_Industrial,NA,NA
E02002188,E08000032,Bradford,8a1r,Industrial and Multi-ethnic,Post_Industrial,NA,NA
E02002189,E08000032,Bradford,8a1r,Industrial and Multi-ethnic,Post_Industrial,NA,NA
E02002190,E08000032,Bradford,8a1r,Industrial and Multi-ethnic,Post_Industrial,NA,NA
E02002191,E08000032,Bradford,8a1r,Industrial and Multi-ethnic,Post_Industrial,NA,NA
E02002192,E08000032,Bradford,8a1r,Industrial and Multi-ethnic,Post_Industrial,NA,NA
E02002193,E08000032,Bradford,8a1r,Industrial and Multi-ethnic,Post_Industrial,NA,NA
E02002194,E08000032,Bradford,8a1r,Industrial and Multi-ethnic,Post_Industrial,NA,NA
E02002195,E08000032,Bradford,8a1r,Industrial and Multi-ethnic,Post_Industrial,NA,NA
E02002196,E08000032,Bradford,8a1r,Industrial and Multi-ethnic,Post_Industrial,NA,NA
E02002197,E08000032,Bradford,8a1r,Industrial and Multi-ethnic,Post_Industrial,NA,NA
E02002198,E08000032,Bradford,8a1r,Industrial and Multi-ethnic,Post_Industrial,NA,NA
E02002199,E08000032,Bradford,8a1r,Industrial and Multi-ethnic,Post_Industrial,J01000013,Bradford
E02002200,E08000032,Bradford,8a1r,Industrial and Multi-ethnic,Post_Industrial,NA,NA
E02002201,E08000032,Bradford,8a1r,Industrial and Multi-ethnic,Post_Industrial,J01000013,Bradford
E02002202,E08000032,Bradford,8a1r,Industrial and Multi-ethnic,Post_Industrial,NA,NA
E02002203,E08000032,Bradford,8a1r,Industrial and Multi-ethnic,Post_Industrial,NA,NA
E02002204,E08000032,Bradford,8a1r,Industrial and Multi-ethnic,Post_Industrial,NA,NA
E02002205,E08000032,Bradford,8a1r,Industrial and Multi-ethnic,Post_Industrial,NA,NA
E02002206,E08000032,Bradford,8a1r,Industrial and Multi-ethnic,Post_Industrial,J01000013,Bradford
E02002207,E08000032,Bradford,8a1r,Industrial and Multi-ethnic,Post_Industrial,NA,NA
E02002208,E08000032,Bradford,8a1r,Industrial and Multi-ethnic,Post_Industrial,J01000013,Bradford
E02002209,E08000032,Bradford,8a1r,Industrial and Multi-ethnic,Post_Industrial,J01000013,Bradford
E02002210,E08000032,Bradford,8a1r,Industrial and Multi-ethnic,Post_Industrial,J01000013,Bradford
E02002211,E08000032,Bradford,8a1r,Industrial and Multi-ethnic,Post_Industrial,J01000013,Bradford
E02002212,E08000032,Bradford,8a1r,Industrial and Multi-ethnic,Post_Industrial,J01000013,Bradford
E02002213,E08000032,Bradford,8a1r,Industrial and Multi-ethnic,Post_Industrial,NA,NA
E02002214,E08000032,Bradford,8a1r,Industrial and Multi-ethnic,Post_Industrial,J01000013,Bradford
E02002215,E08000032,Bradford,8a1r,Industrial and Multi-ethnic,Post_Industrial,J01000013,Bradford
E02002216,E08000032,Bradford,8a1r,Industrial and Multi-ethnic,Post_Industrial,J01000013,Bradford
E02002217,E08000032,Bradford,8a1r,Industrial and Multi-ethnic,Post_Industrial,J01000013,Bradford
E02002218,E08000032,Bradford,8a1r,Industrial and Multi-ethnic,Post_Industrial,J01000013,Bradford
E02002219,E08000032,Bradford,8a1r,Industrial and Multi-ethnic,Post_Industrial,J01000013,Bradford
E02002220,E08000032,Bradford,8a1r,Industrial and Multi-ethnic,Post_Industrial,J01000013,Bradford
E02002221,E08000032,Bradford,8a1r,Industrial and Multi-ethnic,Post_Industrial,J01000013,Bradford
E02002222,E08000032,Bradford,8a1r,Industrial and Multi-ethnic,Post_Industrial,J01000013,Bradford
E02002223,E08000032,Bradford,8a1r,Industrial and Multi-ethnic,Post_Industrial,J01000013,Bradford
E02002224,E08000032,Bradford,8a1r,Industrial and Multi-ethnic,Post_Industrial,J01000013,Bradford
E02002225,E08000032,Bradford,8a1r,Industrial and Multi-ethnic,Post_Industrial,NA,NA
E02002226,E08000032,Bradford,8a1r,Industrial and Multi-ethnic,Post_Industrial,J01000013,Bradford
E02002227,E08000032,Bradford,8a1r,Industrial and Multi-ethnic,Post_Industrial,J01000013,Bradford
E02002228,E08000032,Bradford,8a1r,Industrial and Multi-ethnic,Post_Industrial,J01000013,Bradford
E02002229,E08000032,Bradford,8a1r,Industrial and Multi-ethnic,Post_Industrial,J01000013,Bradford
E02002230,E08000032,Bradford,8a1r,Industrial and Multi-ethnic,Post_Industrial,J01000013,Bradford
E02002231,E08000032,Bradford,8a1r,Industrial and Multi-ethnic,Post_Industrial,J01000013,Bradford
E02002232,E08000032,Bradford,8a1r,Industrial and Multi-ethnic,Post_Industrial,J01000013,Bradford
E02002233,E08000032,Bradford,8a1r,Industrial and Multi-ethnic,Post_Industrial,J01000013,Bradford
E02002234,E08000032,Bradford,8a1r,Industrial and Multi-ethnic,Post_Industrial,J01000013,Bradford
E02002235,E08000032,Bradford,8a1r,Industrial and Multi-ethnic,Post_Industrial,J01000013,Bradford
E02002236,E08000032,Bradford,8a1r,Industrial and Multi-ethnic,Post_Industrial,J01000013,Bradford
E02002237,E08000032,Bradford,8a1r,Industrial and Multi-ethnic,Post_Industrial,J01000013,Bradford
E02002238,E08000032,Bradford,8a1r,Industrial and Multi-ethnic,Post_Industrial,J01000013,Bradford
E02002239,E08000032,Bradford,8a1r,Industrial and Multi-ethnic,Post_Industrial,J01000013,Bradford
E02002240,E08000032,Bradford,8a1r,Industrial and Multi-ethnic,Post_Industrial,J01000013,Bradford
E02002241,E08000032,Bradford,8a1r,Industrial and Multi-ethnic,Post_Industrial,J01000013,Bradford
E02002242,E08000032,Bradford,8a1r,Industrial and Multi-ethnic,Post_Industrial,J01000013,Bradford
E02002243,E08000032,Bradford,8a1r,Industrial and Multi-ethnic,Post_Industrial,J01000013,Bradford
E02002244,E08000033,Calderdale,8a2r,Urban Living,Urban_Non_London,J01000041,Halifax
E02002245,E08000033,Calderdale,8a2r,Urban Living,Urban_Non_London,J01000041,Halifax
E02002246,E08000033,Calderdale,8a2r,Urban Living,Urban_Non_London,NA,NA
E02002247,E08000033,Calderdale,8a2r,Urban Living,Urban_Non_London,NA,NA
E02002248,E08000033,Calderdale,8a2r,Urban Living,Urban_Non_London,J01000041,Halifax
E02002249,E08000033,Calderdale,8a2r,Urban Living,Urban_Non_London,J01000041,Halifax
E02002250,E08000033,Calderdale,8a2r,Urban Living,Urban_Non_London,NA,NA
E02002251,E08000033,Calderdale,8a2r,Urban Living,Urban_Non_London,J01000041,Halifax
E02002252,E08000033,Calderdale,8a2r,Urban Living,Urban_Non_London,NA,NA
E02002253,E08000033,Calderdale,8a2r,Urban Living,Urban_Non_London,J01000041,Halifax
E02002254,E08000033,Calderdale,8a2r,Urban Living,Urban_Non_London,NA,NA
E02002255,E08000033,Calderdale,8a2r,Urban Living,Urban_Non_London,J01000041,Halifax
E02002256,E08000033,Calderdale,8a2r,Urban Living,Urban_Non_London,NA,NA
E02002257,E08000033,Calderdale,8a2r,Urban Living,Urban_Non_London,J01000041,Halifax
E02002258,E08000033,Calderdale,8a2r,Urban Living,Urban_Non_London,NA,NA
E02002259,E08000033,Calderdale,8a2r,Urban Living,Urban_Non_London,J01000041,Halifax
E02002260,E08000033,Calderdale,8a2r,Urban Living,Urban_Non_London,J01000041,Halifax
E02002261,E08000033,Calderdale,8a2r,Urban Living,Urban_Non_London,J01000041,Halifax
E02002262,E08000033,Calderdale,8a2r,Urban Living,Urban_Non_London,NA,NA
E02002263,E08000033,Calderdale,8a2r,Urban Living,Urban_Non_London,NA,NA
E02002264,E08000033,Calderdale,8a2r,Urban Living,Urban_Non_London,J01000041,Halifax
E02002265,E08000033,Calderdale,8a2r,Urban Living,Urban_Non_London,NA,NA
E02002266,E08000033,Calderdale,8a2r,Urban Living,Urban_Non_London,NA,NA
E02002267,E08000033,Calderdale,8a2r,Urban Living,Urban_Non_London,NA,NA
E02002268,E08000033,Calderdale,8a2r,Urban Living,Urban_Non_London,NA,NA
E02002269,E08000033,Calderdale,8a2r,Urban Living,Urban_Non_London,NA,NA
E02002270,E08000033,Calderdale,8a2r,Urban Living,Urban_Non_London,NA,NA
E02002271,E08000034,Kirklees,8a1r,Industrial and Multi-ethnic,Post_Industrial,J01000013,Bradford
E02002272,E08000034,Kirklees,8a1r,Industrial and Multi-ethnic,Post_Industrial,NA,NA
E02002273,E08000034,Kirklees,8a1r,Industrial and Multi-ethnic,Post_Industrial,J01000013,Bradford
E02002274,E08000034,Kirklees,8a1r,Industrial and Multi-ethnic,Post_Industrial,NA,NA
E02002275,E08000034,Kirklees,8a1r,Industrial and Multi-ethnic,Post_Industrial,NA,NA
E02002276,E08000034,Kirklees,8a1r,Industrial and Multi-ethnic,Post_Industrial,NA,NA
E02002277,E08000034,Kirklees,8a1r,Industrial and Multi-ethnic,Post_Industrial,NA,NA
E02002278,E08000034,Kirklees,8a1r,Industrial and Multi-ethnic,Post_Industrial,NA,NA
E02002279,E08000034,Kirklees,8a1r,Industrial and Multi-ethnic,Post_Industrial,NA,NA
E02002280,E08000034,Kirklees,8a1r,Industrial and Multi-ethnic,Post_Industrial,NA,NA
E02002281,E08000034,Kirklees,8a1r,Industrial and Multi-ethnic,Post_Industrial,NA,NA
E02002282,E08000034,Kirklees,8a1r,Industrial and Multi-ethnic,Post_Industrial,NA,NA
E02002283,E08000034,Kirklees,8a1r,Industrial and Multi-ethnic,Post_Industrial,NA,NA
E02002284,E08000034,Kirklees,8a1r,Industrial and Multi-ethnic,Post_Industrial,NA,NA
E02002285,E08000034,Kirklees,8a1r,Industrial and Multi-ethnic,Post_Industrial,NA,NA
E02002286,E08000034,Kirklees,8a1r,Industrial and Multi-ethnic,Post_Industrial,NA,NA
E02002287,E08000034,Kirklees,8a1r,Industrial and Multi-ethnic,Post_Industrial,NA,NA
E02002288,E08000034,Kirklees,8a1r,Industrial and Multi-ethnic,Post_Industrial,NA,NA
E02002289,E08000034,Kirklees,8a1r,Industrial and Multi-ethnic,Post_Industrial,NA,NA
E02002290,E08000034,Kirklees,8a1r,Industrial and Multi-ethnic,Post_Industrial,NA,NA
E02002291,E08000034,Kirklees,8a1r,Industrial and Multi-ethnic,Post_Industrial,NA,NA
E02002292,E08000034,Kirklees,8a1r,Industrial and Multi-ethnic,Post_Industrial,J01000048,Huddersfield
E02002293,E08000034,Kirklees,8a1r,Industrial and Multi-ethnic,Post_Industrial,NA,NA
E02002294,E08000034,Kirklees,8a1r,Industrial and Multi-ethnic,Post_Industrial,NA,NA
E02002295,E08000034,Kirklees,8a1r,Industrial and Multi-ethnic,Post_Industrial,J01000048,Huddersfield
E02002296,E08000034,Kirklees,8a1r,Industrial and Multi-ethnic,Post_Industrial,NA,NA
E02002297,E08000034,Kirklees,8a1r,Industrial and Multi-ethnic,Post_Industrial,J01000048,Huddersfield
E02002298,E08000034,Kirklees,8a1r,Industrial and Multi-ethnic,Post_Industrial,NA,NA
E02002299,E08000034,Kirklees,8a1r,Industrial and Multi-ethnic,Post_Industrial,J01000048,Huddersfield
E02002300,E08000034,Kirklees,8a1r,Industrial and Multi-ethnic,Post_Industrial,J01000048,Huddersfield
E02002301,E08000034,Kirklees,8a1r,Industrial and Multi-ethnic,Post_Industrial,J01000048,Huddersfield
E02002302,E08000034,Kirklees,8a1r,Industrial and Multi-ethnic,Post_Industrial,J01000048,Huddersfield
E02002303,E08000034,Kirklees,8a1r,Industrial and Multi-ethnic,Post_Industrial,J01000048,Huddersfield
E02002304,E08000034,Kirklees,8a1r,Industrial and Multi-ethnic,Post_Industrial,J01000048,Huddersfield
E02002305,E08000034,Kirklees,8a1r,Industrial and Multi-ethnic,Post_Industrial,J01000048,Huddersfield
E02002306,E08000034,Kirklees,8a1r,Industrial and Multi-ethnic,Post_Industrial,NA,NA
E02002307,E08000034,Kirklees,8a1r,Industrial and Multi-ethnic,Post_Industrial,J01000048,Huddersfield
E02002308,E08000034,Kirklees,8a1r,Industrial and Multi-ethnic,Post_Industrial,J01000048,Huddersfield
E02002309,E08000034,Kirklees,8a1r,Industrial and Multi-ethnic,Post_Industrial,J01000048,Huddersfield
E02002310,E08000034,Kirklees,8a1r,Industrial and Multi-ethnic,Post_Industrial,J01000048,Huddersfield
E02002311,E08000034,Kirklees,8a1r,Industrial and Multi-ethnic,Post_Industrial,J01000048,Huddersfield
E02002312,E08000034,Kirklees,8a1r,Industrial and Multi-ethnic,Post_Industrial,J01000048,Huddersfield
E02002313,E08000034,Kirklees,8a1r,Industrial and Multi-ethnic,Post_Industrial,J01000048,Huddersfield
E02002314,E08000034,Kirklees,8a1r,Industrial and Multi-ethnic,Post_Industrial,J01000048,Huddersfield
E02002315,E08000034,Kirklees,8a1r,Industrial and Multi-ethnic,Post_Industrial,J01000048,Huddersfield
E02002316,E08000034,Kirklees,8a1r,Industrial and Multi-ethnic,Post_Industrial,J01000048,Huddersfield
E02002317,E08000034,Kirklees,8a1r,Industrial and Multi-ethnic,Post_Industrial,J01000048,Huddersfield
E02002318,E08000034,Kirklees,8a1r,Industrial and Multi-ethnic,Post_Industrial,J01000048,Huddersfield
E02002319,E08000034,Kirklees,8a1r,Industrial and Multi-ethnic,Post_Industrial,J01000048,Huddersfield
E02002320,E08000034,Kirklees,8a1r,Industrial and Multi-ethnic,Post_Industrial,NA,NA
E02002321,E08000034,Kirklees,8a1r,Industrial and Multi-ethnic,Post_Industrial,J01000048,Huddersfield
E02002322,E08000034,Kirklees,8a1r,Industrial and Multi-ethnic,Post_Industrial,NA,NA
E02002323,E08000034,Kirklees,8a1r,Industrial and Multi-ethnic,Post_Industrial,NA,NA
E02002324,E08000034,Kirklees,8a1r,Industrial and Multi-ethnic,Post_Industrial,NA,NA
E02002325,E08000034,Kirklees,8a1r,Industrial and Multi-ethnic,Post_Industrial,NA,NA
E02002326,E08000034,Kirklees,8a1r,Industrial and Multi-ethnic,Post_Industrial,NA,NA
E02002327,E08000034,Kirklees,8a1r,Industrial and Multi-ethnic,Post_Industrial,NA,NA
E02002328,E08000034,Kirklees,8a1r,Industrial and Multi-ethnic,Post_Industrial,NA,NA
E02002329,E08000034,Kirklees,8a1r,Industrial and Multi-ethnic,Post_Industrial,NA,NA
E02002330,E08000035,Leeds,2a1r,Larger Towns and Cities,Urban_Non_London,NA,NA
E02002331,E08000035,Leeds,2a1r,Larger Towns and Cities,Urban_Non_London,NA,NA
E02002332,E08000035,Leeds,2a1r,Larger Towns and Cities,Urban_Non_London,NA,NA
E02002333,E08000035,Leeds,2a1r,Larger Towns and Cities,Urban_Non_London,NA,NA
E02002334,E08000035,Leeds,2a1r,Larger Towns and Cities,Urban_Non_London,NA,NA
E02002335,E08000035,Leeds,2a1r,Larger Towns and Cities,Urban_Non_London,NA,NA
E02002336,E08000035,Leeds,2a1r,Larger Towns and Cities,Urban_Non_London,NA,NA
E02002337,E08000035,Leeds,2a1r,Larger Towns and Cities,Urban_Non_London,NA,NA
E02002338,E08000035,Leeds,2a1r,Larger Towns and Cities,Urban_Non_London,NA,NA
E02002339,E08000035,Leeds,2a1r,Larger Towns and Cities,Urban_Non_London,NA,NA
E02002340,E08000035,Leeds,2a1r,Larger Towns and Cities,Urban_Non_London,NA,NA
E02002341,E08000035,Leeds,2a1r,Larger Towns and Cities,Urban_Non_London,J01000051,Leeds
E02002342,E08000035,Leeds,2a1r,Larger Towns and Cities,Urban_Non_London,J01000051,Leeds
E02002343,E08000035,Leeds,2a1r,Larger Towns and Cities,Urban_Non_London,NA,NA
E02002344,E08000035,Leeds,2a1r,Larger Towns and Cities,Urban_Non_London,J01000051,Leeds
E02002345,E08000035,Leeds,2a1r,Larger Towns and Cities,Urban_Non_London,J01000051,Leeds
E02002346,E08000035,Leeds,2a1r,Larger Towns and Cities,Urban_Non_London,J01000051,Leeds
E02002347,E08000035,Leeds,2a1r,Larger Towns and Cities,Urban_Non_London,J01000051,Leeds
E02002348,E08000035,Leeds,2a1r,Larger Towns and Cities,Urban_Non_London,J01000051,Leeds
E02002349,E08000035,Leeds,2a1r,Larger Towns and Cities,Urban_Non_London,J01000051,Leeds
E02002350,E08000035,Leeds,2a1r,Larger Towns and Cities,Urban_Non_London,NA,NA
E02002351,E08000035,Leeds,2a1r,Larger Towns and Cities,Urban_Non_London,NA,NA
E02002352,E08000035,Leeds,2a1r,Larger Towns and Cities,Urban_Non_London,J01000051,Leeds
E02002353,E08000035,Leeds,2a1r,Larger Towns and Cities,Urban_Non_London,J01000051,Leeds
E02002354,E08000035,Leeds,2a1r,Larger Towns and Cities,Urban_Non_London,J01000051,Leeds
E02002356,E08000035,Leeds,2a1r,Larger Towns and Cities,Urban_Non_London,NA,NA
E02002357,E08000035,Leeds,2a1r,Larger Towns and Cities,Urban_Non_London,NA,NA
E02002358,E08000035,Leeds,2a1r,Larger Towns and Cities,Urban_Non_London,J01000051,Leeds
E02002359,E08000035,Leeds,2a1r,Larger Towns and Cities,Urban_Non_London,NA,NA
E02002360,E08000035,Leeds,2a1r,Larger Towns and Cities,Urban_Non_London,J01000051,Leeds
E02002361,E08000035,Leeds,2a1r,Larger Towns and Cities,Urban_Non_London,J01000051,Leeds
E02002362,E08000035,Leeds,2a1r,Larger Towns and Cities,Urban_Non_London,J01000051,Leeds
E02002363,E08000035,Leeds,2a1r,Larger Towns and Cities,Urban_Non_London,J01000051,Leeds
E02002364,E08000035,Leeds,2a1r,Larger Towns and Cities,Urban_Non_London,J01000051,Leeds
E02002366,E08000035,Leeds,2a1r,Larger Towns and Cities,Urban_Non_London,J01000051,Leeds
E02002367,E08000035,Leeds,2a1r,Larger Towns and Cities,Urban_Non_London,J01000051,Leeds
E02002368,E08000035,Leeds,2a1r,Larger Towns and Cities,Urban_Non_London,NA,NA
E02002369,E08000035,Leeds,2a1r,Larger Towns and Cities,Urban_Non_London,J01000051,Leeds
E02002370,E08000035,Leeds,2a1r,Larger Towns and Cities,Urban_Non_London,J01000051,Leeds
E02002371,E08000035,Leeds,2a1r,Larger Towns and Cities,Urban_Non_London,J01000051,Leeds
E02002373,E08000035,Leeds,2a1r,Larger Towns and Cities,Urban_Non_London,J01000051,Leeds
E02002374,E08000035,Leeds,2a1r,Larger Towns and Cities,Urban_Non_London,J01000051,Leeds
E02002375,E08000035,Leeds,2a1r,Larger Towns and Cities,Urban_Non_London,J01000051,Leeds
E02002376,E08000035,Leeds,2a1r,Larger Towns and Cities,Urban_Non_London,J01000051,Leeds
E02002377,E08000035,Leeds,2a1r,Larger Towns and Cities,Urban_Non_London,J01000051,Leeds
E02002379,E08000035,Leeds,2a1r,Larger Towns and Cities,Urban_Non_London,J01000051,Leeds
E02002380,E08000035,Leeds,2a1r,Larger Towns and Cities,Urban_Non_London,J01000051,Leeds
E02002381,E08000035,Leeds,2a1r,Larger Towns and Cities,Urban_Non_London,J01000051,Leeds
E02002382,E08000035,Leeds,2a1r,Larger Towns and Cities,Urban_Non_London,J01000051,Leeds
E02002383,E08000035,Leeds,2a1r,Larger Towns and Cities,Urban_Non_London,J01000051,Leeds
E02002384,E08000035,Leeds,2a1r,Larger Towns and Cities,Urban_Non_London,J01000051,Leeds
E02002385,E08000035,Leeds,2a1r,Larger Towns and Cities,Urban_Non_London,J01000051,Leeds
E02002386,E08000035,Leeds,2a1r,Larger Towns and Cities,Urban_Non_London,J01000051,Leeds
E02002387,E08000035,Leeds,2a1r,Larger Towns and Cities,Urban_Non_London,J01000051,Leeds
E02002388,E08000035,Leeds,2a1r,Larger Towns and Cities,Urban_Non_London,J01000051,Leeds
E02002389,E08000035,Leeds,2a1r,Larger Towns and Cities,Urban_Non_London,J01000051,Leeds
E02002390,E08000035,Leeds,2a1r,Larger Towns and Cities,Urban_Non_London,J01000051,Leeds
E02002391,E08000035,Leeds,2a1r,Larger Towns and Cities,Urban_Non_London,NA,NA
E02002392,E08000035,Leeds,2a1r,Larger Towns and Cities,Urban_Non_London,J01000051,Leeds
E02002393,E08000035,Leeds,2a1r,Larger Towns and Cities,Urban_Non_London,J01000051,Leeds
E02002394,E08000035,Leeds,2a1r,Larger Towns and Cities,Urban_Non_London,J01000051,Leeds
E02002395,E08000035,Leeds,2a1r,Larger Towns and Cities,Urban_Non_London,NA,NA
E02002396,E08000035,Leeds,2a1r,Larger Towns and Cities,Urban_Non_London,J01000051,Leeds
E02002397,E08000035,Leeds,2a1r,Larger Towns and Cities,Urban_Non_London,J01000051,Leeds
E02002398,E08000035,Leeds,2a1r,Larger Towns and Cities,Urban_Non_London,J01000051,Leeds
E02002399,E08000035,Leeds,2a1r,Larger Towns and Cities,Urban_Non_London,J01000051,Leeds
E02002400,E08000035,Leeds,2a1r,Larger Towns and Cities,Urban_Non_London,J01000051,Leeds
E02002401,E08000035,Leeds,2a1r,Larger Towns and Cities,Urban_Non_London,J01000051,Leeds
E02002402,E08000035,Leeds,2a1r,Larger Towns and Cities,Urban_Non_London,J01000051,Leeds
E02002403,E08000035,Leeds,2a1r,Larger Towns and Cities,Urban_Non_London,NA,NA
E02002404,E08000035,Leeds,2a1r,Larger Towns and Cities,Urban_Non_London,J01000051,Leeds
E02002405,E08000035,Leeds,2a1r,Larger Towns and Cities,Urban_Non_London,NA,NA
E02002406,E08000035,Leeds,2a1r,Larger Towns and Cities,Urban_Non_London,NA,NA
E02002407,E08000035,Leeds,2a1r,Larger Towns and Cities,Urban_Non_London,J01000051,Leeds
E02002408,E08000035,Leeds,2a1r,Larger Towns and Cities,Urban_Non_London,NA,NA
E02002409,E08000035,Leeds,2a1r,Larger Towns and Cities,Urban_Non_London,J01000051,Leeds
E02002410,E08000035,Leeds,2a1r,Larger Towns and Cities,Urban_Non_London,J01000051,Leeds
E02002411,E08000035,Leeds,2a1r,Larger Towns and Cities,Urban_Non_London,J01000051,Leeds
E02002412,E08000035,Leeds,2a1r,Larger Towns and Cities,Urban_Non_London,J01000051,Leeds
E02002414,E08000035,Leeds,2a1r,Larger Towns and Cities,Urban_Non_London,J01000051,Leeds
E02002415,E08000035,Leeds,2a1r,Larger Towns and Cities,Urban_Non_London,J01000051,Leeds
E02002416,E08000035,Leeds,2a1r,Larger Towns and Cities,Urban_Non_London,NA,NA
E02002417,E08000035,Leeds,2a1r,Larger Towns and Cities,Urban_Non_London,NA,NA
E02002418,E08000035,Leeds,2a1r,Larger Towns and Cities,Urban_Non_London,NA,NA
E02002419,E08000035,Leeds,2a1r,Larger Towns and Cities,Urban_Non_London,J01000051,Leeds
E02002420,E08000035,Leeds,2a1r,Larger Towns and Cities,Urban_Non_London,J01000051,Leeds
E02002421,E08000035,Leeds,2a1r,Larger Towns and Cities,Urban_Non_London,J01000051,Leeds
E02002422,E08000035,Leeds,2a1r,Larger Towns and Cities,Urban_Non_London,NA,NA
E02002423,E08000035,Leeds,2a1r,Larger Towns and Cities,Urban_Non_London,J01000051,Leeds
E02002424,E08000035,Leeds,2a1r,Larger Towns and Cities,Urban_Non_London,NA,NA
E02002425,E08000035,Leeds,2a1r,Larger Towns and Cities,Urban_Non_London,NA,NA
E02002426,E08000035,Leeds,2a1r,Larger Towns and Cities,Urban_Non_London,NA,NA
E02002427,E08000035,Leeds,2a1r,Larger Towns and Cities,Urban_Non_London,NA,NA
E02002428,E08000035,Leeds,2a1r,Larger Towns and Cities,Urban_Non_London,J01000051,Leeds
E02002429,E08000035,Leeds,2a1r,Larger Towns and Cities,Urban_Non_London,NA,NA
E02002430,E08000035,Leeds,2a1r,Larger Towns and Cities,Urban_Non_London,J01000051,Leeds
E02002431,E08000035,Leeds,2a1r,Larger Towns and Cities,Urban_Non_London,NA,NA
E02002432,E08000035,Leeds,2a1r,Larger Towns and Cities,Urban_Non_London,NA,NA
E02002433,E08000035,Leeds,2a1r,Larger Towns and Cities,Urban_Non_London,NA,NA
E02002434,E08000035,Leeds,2a1r,Larger Towns and Cities,Urban_Non_London,NA,NA
E02002435,E08000035,Leeds,2a1r,Larger Towns and Cities,Urban_Non_London,NA,NA
E02002436,E08000035,Leeds,2a1r,Larger Towns and Cities,Urban_Non_London,NA,NA
E02002437,E08000035,Leeds,2a1r,Larger Towns and Cities,Urban_Non_London,NA,NA
E02002438,E08000036,Wakefield,6a1r,Manufacturing Legacy,Post_Industrial,NA,NA
E02002439,E08000036,Wakefield,6a1r,Manufacturing Legacy,Post_Industrial,NA,NA
E02002440,E08000036,Wakefield,6a1r,Manufacturing Legacy,Post_Industrial,NA,NA
E02002441,E08000036,Wakefield,6a1r,Manufacturing Legacy,Post_Industrial,NA,NA
E02002442,E08000036,Wakefield,6a1r,Manufacturing Legacy,Post_Industrial,NA,NA
E02002443,E08000036,Wakefield,6a1r,Manufacturing Legacy,Post_Industrial,J01000101,Wakefield
E02002444,E08000036,Wakefield,6a1r,Manufacturing Legacy,Post_Industrial,J01000101,Wakefield
E02002445,E08000036,Wakefield,6a1r,Manufacturing Legacy,Post_Industrial,J01000101,Wakefield
E02002446,E08000036,Wakefield,6a1r,Manufacturing Legacy,Post_Industrial,NA,NA
E02002447,E08000036,Wakefield,6a1r,Manufacturing Legacy,Post_Industrial,NA,NA
E02002448,E08000036,Wakefield,6a1r,Manufacturing Legacy,Post_Industrial,NA,NA
E02002449,E08000036,Wakefield,6a1r,Manufacturing Legacy,Post_Industrial,NA,NA
E02002450,E08000036,Wakefield,6a1r,Manufacturing Legacy,Post_Industrial,NA,NA
E02002451,E08000036,Wakefield,6a1r,Manufacturing Legacy,Post_Industrial,J01000101,Wakefield
E02002452,E08000036,Wakefield,6a1r,Manufacturing Legacy,Post_Industrial,NA,NA
E02002453,E08000036,Wakefield,6a1r,Manufacturing Legacy,Post_Industrial,NA,NA
E02002454,E08000036,Wakefield,6a1r,Manufacturing Legacy,Post_Industrial,J01000101,Wakefield
E02002455,E08000036,Wakefield,6a1r,Manufacturing Legacy,Post_Industrial,NA,NA
E02002456,E08000036,Wakefield,6a1r,Manufacturing Legacy,Post_Industrial,J01000101,Wakefield
E02002457,E08000036,Wakefield,6a1r,Manufacturing Legacy,Post_Industrial,J01000101,Wakefield
E02002458,E08000036,Wakefield,6a1r,Manufacturing Legacy,Post_Industrial,NA,NA
E02002459,E08000036,Wakefield,6a1r,Manufacturing Legacy,Post_Industrial,J01000101,Wakefield
E02002460,E08000036,Wakefield,6a1r,Manufacturing Legacy,Post_Industrial,NA,NA
E02002461,E08000036,Wakefield,6a1r,Manufacturing Legacy,Post_Industrial,NA,NA
E02002462,E08000036,Wakefield,6a1r,Manufacturing Legacy,Post_Industrial,NA,NA
E02002463,E08000036,Wakefield,6a1r,Manufacturing Legacy,Post_Industrial,J01000101,Wakefield
E02002464,E08000036,Wakefield,6a1r,Manufacturing Legacy,Post_Industrial,NA,NA
E02002465,E08000036,Wakefield,6a1r,Manufacturing Legacy,Post_Industrial,J01000101,Wakefield
E02002466,E08000036,Wakefield,6a1r,Manufacturing Legacy,Post_Industrial,NA,NA
E02002467,E08000036,Wakefield,6a1r,Manufacturing Legacy,Post_Industrial,J01000101,Wakefield
E02002468,E08000036,Wakefield,6a1r,Manufacturing Legacy,Post_Industrial,NA,NA
E02002469,E08000036,Wakefield,6a1r,Manufacturing Legacy,Post_Industrial,NA,NA
E02002470,E08000036,Wakefield,6a1r,Manufacturing Legacy,Post_Industrial,J01000101,Wakefield
E02002471,E08000036,Wakefield,6a1r,Manufacturing Legacy,Post_Industrial,NA,NA
E02002472,E08000036,Wakefield,6a1r,Manufacturing Legacy,Post_Industrial,NA,NA
E02002473,E08000036,Wakefield,6a1r,Manufacturing Legacy,Post_Industrial,J01000101,Wakefield
E02002474,E08000036,Wakefield,6a1r,Manufacturing Legacy,Post_Industrial,J01000101,Wakefield
E02002475,E08000036,Wakefield,6a1r,Manufacturing Legacy,Post_Industrial,NA,NA
E02002476,E08000036,Wakefield,6a1r,Manufacturing Legacy,Post_Industrial,NA,NA
E02002477,E08000036,Wakefield,6a1r,Manufacturing Legacy,Post_Industrial,NA,NA
E02002478,E08000036,Wakefield,6a1r,Manufacturing Legacy,Post_Industrial,NA,NA
E02002479,E08000036,Wakefield,6a1r,Manufacturing Legacy,Post_Industrial,NA,NA
E02002480,E08000036,Wakefield,6a1r,Manufacturing Legacy,Post_Industrial,NA,NA
E02002481,E08000036,Wakefield,6a1r,Manufacturing Legacy,Post_Industrial,NA,NA
E02002482,E08000036,Wakefield,6a1r,Manufacturing Legacy,Post_Industrial,NA,NA
E02002483,E06000001,Hartlepool,6a2r,Mining Legacy,Post_Industrial,J01000044,Hartlepool
E02002484,E06000001,Hartlepool,6a2r,Mining Legacy,Post_Industrial,J01000044,Hartlepool
E02002485,E06000001,Hartlepool,6a2r,Mining Legacy,Post_Industrial,J01000044,Hartlepool
E02002487,E06000001,Hartlepool,6a2r,Mining Legacy,Post_Industrial,J01000044,Hartlepool
E02002488,E06000001,Hartlepool,6a2r,Mining Legacy,Post_Industrial,J01000044,Hartlepool
E02002489,E06000001,Hartlepool,6a2r,Mining Legacy,Post_Industrial,J01000044,Hartlepool
E02002490,E06000001,Hartlepool,6a2r,Mining Legacy,Post_Industrial,J01000044,Hartlepool
E02002491,E06000001,Hartlepool,6a2r,Mining Legacy,Post_Industrial,J01000044,Hartlepool
E02002492,E06000001,Hartlepool,6a2r,Mining Legacy,Post_Industrial,J01000044,Hartlepool
E02002493,E06000001,Hartlepool,6a2r,Mining Legacy,Post_Industrial,J01000044,Hartlepool
E02002494,E06000001,Hartlepool,6a2r,Mining Legacy,Post_Industrial,J01000044,Hartlepool
E02002496,E06000002,Middlesbrough,8a1r,Industrial and Multi-ethnic,Post_Industrial,J01000060,Middlesbrough
E02002497,E06000002,Middlesbrough,8a1r,Industrial and Multi-ethnic,Post_Industrial,J01000060,Middlesbrough
E02002498,E06000002,Middlesbrough,8a1r,Industrial and Multi-ethnic,Post_Industrial,J01000060,Middlesbrough
E02002499,E06000002,Middlesbrough,8a1r,Industrial and Multi-ethnic,Post_Industrial,J01000060,Middlesbrough
E02002500,E06000002,Middlesbrough,8a1r,Industrial and Multi-ethnic,Post_Industrial,J01000060,Middlesbrough
E02002501,E06000002,Middlesbrough,8a1r,Industrial and Multi-ethnic,Post_Industrial,J01000060,Middlesbrough
E02002502,E06000002,Middlesbrough,8a1r,Industrial and Multi-ethnic,Post_Industrial,J01000060,Middlesbrough
E02002503,E06000002,Middlesbrough,8a1r,Industrial and Multi-ethnic,Post_Industrial,J01000060,Middlesbrough
E02002504,E06000002,Middlesbrough,8a1r,Industrial and Multi-ethnic,Post_Industrial,J01000060,Middlesbrough
E02002505,E06000002,Middlesbrough,8a1r,Industrial and Multi-ethnic,Post_Industrial,J01000060,Middlesbrough
E02002506,E06000002,Middlesbrough,8a1r,Industrial and Multi-ethnic,Post_Industrial,J01000060,Middlesbrough
E02002507,E06000002,Middlesbrough,8a1r,Industrial and Multi-ethnic,Post_Industrial,J01000060,Middlesbrough
E02002508,E06000002,Middlesbrough,8a1r,Industrial and Multi-ethnic,Post_Industrial,J01000060,Middlesbrough
E02002509,E06000002,Middlesbrough,8a1r,Industrial and Multi-ethnic,Post_Industrial,J01000060,Middlesbrough
E02002510,E06000002,Middlesbrough,8a1r,Industrial and Multi-ethnic,Post_Industrial,J01000060,Middlesbrough
E02002512,E06000002,Middlesbrough,8a1r,Industrial and Multi-ethnic,Post_Industrial,J01000060,Middlesbrough
E02002513,E06000002,Middlesbrough,8a1r,Industrial and Multi-ethnic,Post_Industrial,J01000060,Middlesbrough
E02002514,E06000002,Middlesbrough,8a1r,Industrial and Multi-ethnic,Post_Industrial,J01000060,Middlesbrough
E02002515,E06000003,Redcar and Cleveland,6a2r,Mining Legacy,Post_Industrial,NA,NA
E02002516,E06000003,Redcar and Cleveland,6a2r,Mining Legacy,Post_Industrial,NA,NA
E02002517,E06000003,Redcar and Cleveland,6a2r,Mining Legacy,Post_Industrial,NA,NA
E02002518,E06000003,Redcar and Cleveland,6a2r,Mining Legacy,Post_Industrial,NA,NA
E02002519,E06000003,Redcar and Cleveland,6a2r,Mining Legacy,Post_Industrial,NA,NA
E02002520,E06000003,Redcar and Cleveland,6a2r,Mining Legacy,Post_Industrial,NA,NA
E02002521,E06000003,Redcar and Cleveland,6a2r,Mining Legacy,Post_Industrial,NA,NA
E02002523,E06000003,Redcar and Cleveland,6a2r,Mining Legacy,Post_Industrial,J01000060,Middlesbrough
E02002524,E06000003,Redcar and Cleveland,6a2r,Mining Legacy,Post_Industrial,NA,NA
E02002525,E06000003,Redcar and Cleveland,6a2r,Mining Legacy,Post_Industrial,J01000060,Middlesbrough
E02002526,E06000003,Redcar and Cleveland,6a2r,Mining Legacy,Post_Industrial,NA,NA
E02002527,E06000003,Redcar and Cleveland,6a2r,Mining Legacy,Post_Industrial,NA,NA
E02002529,E06000003,Redcar and Cleveland,6a2r,Mining Legacy,Post_Industrial,J01000060,Middlesbrough
E02002530,E06000003,Redcar and Cleveland,6a2r,Mining Legacy,Post_Industrial,NA,NA
E02002532,E06000003,Redcar and Cleveland,6a2r,Mining Legacy,Post_Industrial,NA,NA
E02002533,E06000003,Redcar and Cleveland,6a2r,Mining Legacy,Post_Industrial,NA,NA
E02002534,E06000003,Redcar and Cleveland,6a2r,Mining Legacy,Post_Industrial,NA,NA
E02002535,E06000004,Stockton-on-Tees,6a1r,Manufacturing Legacy,Post_Industrial,NA,NA
E02002536,E06000004,Stockton-on-Tees,6a1r,Manufacturing Legacy,Post_Industrial,NA,NA
E02002537,E06000004,Stockton-on-Tees,6a1r,Manufacturing Legacy,Post_Industrial,NA,NA
E02002538,E06000004,Stockton-on-Tees,6a1r,Manufacturing Legacy,Post_Industrial,NA,NA
E02002539,E06000004,Stockton-on-Tees,6a1r,Manufacturing Legacy,Post_Industrial,NA,NA
E02002540,E06000004,Stockton-on-Tees,6a1r,Manufacturing Legacy,Post_Industrial,J01000094,Stockton-on-Tees
E02002541,E06000004,Stockton-on-Tees,6a1r,Manufacturing Legacy,Post_Industrial,J01000094,Stockton-on-Tees
E02002542,E06000004,Stockton-on-Tees,6a1r,Manufacturing Legacy,Post_Industrial,J01000094,Stockton-on-Tees
E02002543,E06000004,Stockton-on-Tees,6a1r,Manufacturing Legacy,Post_Industrial,J01000094,Stockton-on-Tees
E02002544,E06000004,Stockton-on-Tees,6a1r,Manufacturing Legacy,Post_Industrial,J01000094,Stockton-on-Tees
E02002545,E06000004,Stockton-on-Tees,6a1r,Manufacturing Legacy,Post_Industrial,J01000094,Stockton-on-Tees
E02002546,E06000004,Stockton-on-Tees,6a1r,Manufacturing Legacy,Post_Industrial,J01000094,Stockton-on-Tees
E02002547,E06000004,Stockton-on-Tees,6a1r,Manufacturing Legacy,Post_Industrial,J01000094,Stockton-on-Tees
E02002548,E06000004,Stockton-on-Tees,6a1r,Manufacturing Legacy,Post_Industrial,J01000094,Stockton-on-Tees
E02002549,E06000004,Stockton-on-Tees,6a1r,Manufacturing Legacy,Post_Industrial,J01000094,Stockton-on-Tees
E02002550,E06000004,Stockton-on-Tees,6a1r,Manufacturing Legacy,Post_Industrial,J01000094,Stockton-on-Tees
E02002551,E06000004,Stockton-on-Tees,6a1r,Manufacturing Legacy,Post_Industrial,NA,NA
E02002552,E06000004,Stockton-on-Tees,6a1r,Manufacturing Legacy,Post_Industrial,NA,NA
E02002553,E06000004,Stockton-on-Tees,6a1r,Manufacturing Legacy,Post_Industrial,NA,NA
E02002554,E06000004,Stockton-on-Tees,6a1r,Manufacturing Legacy,Post_Industrial,NA,NA
E02002555,E06000004,Stockton-on-Tees,6a1r,Manufacturing Legacy,Post_Industrial,NA,NA
E02002556,E06000004,Stockton-on-Tees,6a1r,Manufacturing Legacy,Post_Industrial,NA,NA
E02002557,E06000004,Stockton-on-Tees,6a1r,Manufacturing Legacy,Post_Industrial,NA,NA
E02002558,E06000004,Stockton-on-Tees,6a1r,Manufacturing Legacy,Post_Industrial,NA,NA
E02002559,E06000005,Darlington,6a3r,Service Economy,Post_Industrial,J01000030,Darlington
E02002560,E06000005,Darlington,6a3r,Service Economy,Post_Industrial,J01000030,Darlington
E02002561,E06000005,Darlington,6a3r,Service Economy,Post_Industrial,J01000030,Darlington
E02002562,E06000005,Darlington,6a3r,Service Economy,Post_Industrial,J01000030,Darlington
E02002563,E06000005,Darlington,6a3r,Service Economy,Post_Industrial,J01000030,Darlington
E02002564,E06000005,Darlington,6a3r,Service Economy,Post_Industrial,J01000030,Darlington
E02002565,E06000005,Darlington,6a3r,Service Economy,Post_Industrial,J01000030,Darlington
E02002566,E06000005,Darlington,6a3r,Service Economy,Post_Industrial,J01000030,Darlington
E02002567,E06000005,Darlington,6a3r,Service Economy,Post_Industrial,J01000030,Darlington
E02002568,E06000005,Darlington,6a3r,Service Economy,Post_Industrial,J01000030,Darlington
E02002569,E06000005,Darlington,6a3r,Service Economy,Post_Industrial,J01000030,Darlington
E02005293,E07000126,South Ribble,7c2r,Prosperous Towns,Rural_Prosperous,NA,NA
E02005294,E07000126,South Ribble,7c2r,Prosperous Towns,Rural_Prosperous,NA,NA
E02005295,E07000126,South Ribble,7c2r,Prosperous Towns,Rural_Prosperous,NA,NA
E02005296,E07000126,South Ribble,7c2r,Prosperous Towns,Rural_Prosperous,NA,NA
E02005297,E07000126,South Ribble,7c2r,Prosperous Towns,Rural_Prosperous,NA,NA
E02005298,E07000126,South Ribble,7c2r,Prosperous Towns,Rural_Prosperous,NA,NA
E02005299,E07000126,South Ribble,7c2r,Prosperous Towns,Rural_Prosperous,NA,NA
E02005300,E07000126,South Ribble,7c2r,Prosperous Towns,Rural_Prosperous,NA,NA
E02005301,E07000126,South Ribble,7c2r,Prosperous Towns,Rural_Prosperous,NA,NA
E02005302,E07000126,South Ribble,7c2r,Prosperous Towns,Rural_Prosperous,NA,NA
E02005303,E07000126,South Ribble,7c2r,Prosperous Towns,Rural_Prosperous,NA,NA
E02005304,E07000127,West Lancashire,7c2r,Prosperous Towns,Rural_Prosperous,NA,NA
E02005305,E07000127,West Lancashire,7c2r,Prosperous Towns,Rural_Prosperous,NA,NA
E02005306,E07000127,West Lancashire,7c2r,Prosperous Towns,Rural_Prosperous,NA,NA
E02005307,E07000127,West Lancashire,7c2r,Prosperous Towns,Rural_Prosperous,NA,NA
E02005308,E07000127,West Lancashire,7c2r,Prosperous Towns,Rural_Prosperous,NA,NA
E02005309,E07000127,West Lancashire,7c2r,Prosperous Towns,Rural_Prosperous,NA,NA
E02005310,E07000127,West Lancashire,7c2r,Prosperous Towns,Rural_Prosperous,NA,NA
E02005311,E07000127,West Lancashire,7c2r,Prosperous Towns,Rural_Prosperous,NA,NA
E02005312,E07000127,West Lancashire,7c2r,Prosperous Towns,Rural_Prosperous,NA,NA
E02005313,E07000127,West Lancashire,7c2r,Prosperous Towns,Rural_Prosperous,NA,NA
E02005314,E07000127,West Lancashire,7c2r,Prosperous Towns,Rural_Prosperous,NA,NA
E02005315,E07000127,West Lancashire,7c2r,Prosperous Towns,Rural_Prosperous,NA,NA
E02005316,E07000127,West Lancashire,7c2r,Prosperous Towns,Rural_Prosperous,NA,NA
E02005317,E07000127,West Lancashire,7c2r,Prosperous Towns,Rural_Prosperous,NA,NA
E02005318,E07000127,West Lancashire,7c2r,Prosperous Towns,Rural_Prosperous,NA,NA
E02005319,E07000128,Wyre,3a2r,Sparse English and Welsh Countryside,Countryside,NA,NA
E02005320,E07000128,Wyre,3a2r,Sparse English and Welsh Countryside,Countryside,NA,NA
E02005321,E07000128,Wyre,3a2r,Sparse English and Welsh Countryside,Countryside,NA,NA
E02005322,E07000128,Wyre,3a2r,Sparse English and Welsh Countryside,Countryside,NA,NA
E02005323,E07000128,Wyre,3a2r,Sparse English and Welsh Countryside,Countryside,NA,NA
E02005324,E07000128,Wyre,3a2r,Sparse English and Welsh Countryside,Countryside,NA,NA
E02005325,E07000128,Wyre,3a2r,Sparse English and Welsh Countryside,Countryside,NA,NA
E02005326,E07000128,Wyre,3a2r,Sparse English and Welsh Countryside,Countryside,NA,NA
E02005327,E07000128,Wyre,3a2r,Sparse English and Welsh Countryside,Countryside,NA,NA
E02005328,E07000128,Wyre,3a2r,Sparse English and Welsh Countryside,Countryside,NA,NA
E02002570,E06000005,Darlington,6a3r,Service Economy,Post_Industrial,J01000030,Darlington
E02002571,E06000005,Darlington,6a3r,Service Economy,Post_Industrial,J01000030,Darlington
E02002572,E06000005,Darlington,6a3r,Service Economy,Post_Industrial,J01000030,Darlington
E02002573,E06000005,Darlington,6a3r,Service Economy,Post_Industrial,NA,NA
E02002574,E06000006,Halton,6a1r,Manufacturing Legacy,Post_Industrial,NA,NA
E02002575,E06000006,Halton,6a1r,Manufacturing Legacy,Post_Industrial,NA,NA
E02002576,E06000006,Halton,6a1r,Manufacturing Legacy,Post_Industrial,NA,NA
E02002577,E06000006,Halton,6a1r,Manufacturing Legacy,Post_Industrial,NA,NA
E02002578,E06000006,Halton,6a1r,Manufacturing Legacy,Post_Industrial,NA,NA
E02002579,E06000006,Halton,6a1r,Manufacturing Legacy,Post_Industrial,NA,NA
E02002580,E06000006,Halton,6a1r,Manufacturing Legacy,Post_Industrial,NA,NA
E02002581,E06000006,Halton,6a1r,Manufacturing Legacy,Post_Industrial,NA,NA
E02002582,E06000006,Halton,6a1r,Manufacturing Legacy,Post_Industrial,NA,NA
E02002583,E06000006,Halton,6a1r,Manufacturing Legacy,Post_Industrial,NA,NA
E02002584,E06000006,Halton,6a1r,Manufacturing Legacy,Post_Industrial,NA,NA
E02002585,E06000006,Halton,6a1r,Manufacturing Legacy,Post_Industrial,NA,NA
E02002586,E06000006,Halton,6a1r,Manufacturing Legacy,Post_Industrial,NA,NA
E02002587,E06000006,Halton,6a1r,Manufacturing Legacy,Post_Industrial,NA,NA
E02002588,E06000006,Halton,6a1r,Manufacturing Legacy,Post_Industrial,NA,NA
E02002589,E06000006,Halton,6a1r,Manufacturing Legacy,Post_Industrial,NA,NA
E02002590,E06000007,Warrington,7c2r,Prosperous Towns,Rural_Prosperous,NA,NA
E02002591,E06000007,Warrington,7c2r,Prosperous Towns,Rural_Prosperous,NA,NA
E02002592,E06000007,Warrington,7c2r,Prosperous Towns,Rural_Prosperous,NA,NA
E02002593,E06000007,Warrington,7c2r,Prosperous Towns,Rural_Prosperous,J01000103,Warrington
E02002594,E06000007,Warrington,7c2r,Prosperous Towns,Rural_Prosperous,J01000103,Warrington
E02002595,E06000007,Warrington,7c2r,Prosperous Towns,Rural_Prosperous,J01000103,Warrington
E02002596,E06000007,Warrington,7c2r,Prosperous Towns,Rural_Prosperous,J01000103,Warrington
E02002597,E06000007,Warrington,7c2r,Prosperous Towns,Rural_Prosperous,J01000103,Warrington
E02002598,E06000007,Warrington,7c2r,Prosperous Towns,Rural_Prosperous,J01000103,Warrington
E02002599,E06000007,Warrington,7c2r,Prosperous Towns,Rural_Prosperous,J01000103,Warrington
E02002600,E06000007,Warrington,7c2r,Prosperous Towns,Rural_Prosperous,J01000103,Warrington
E02002601,E06000007,Warrington,7c2r,Prosperous Towns,Rural_Prosperous,J01000103,Warrington
E02002602,E06000007,Warrington,7c2r,Prosperous Towns,Rural_Prosperous,J01000103,Warrington
E02002603,E06000007,Warrington,7c2r,Prosperous Towns,Rural_Prosperous,J01000103,Warrington
E02002604,E06000007,Warrington,7c2r,Prosperous Towns,Rural_Prosperous,J01000103,Warrington
E02002605,E06000007,Warrington,7c2r,Prosperous Towns,Rural_Prosperous,J01000103,Warrington
E02002606,E06000007,Warrington,7c2r,Prosperous Towns,Rural_Prosperous,J01000103,Warrington
E02002607,E06000007,Warrington,7c2r,Prosperous Towns,Rural_Prosperous,J01000103,Warrington
E02002608,E06000007,Warrington,7c2r,Prosperous Towns,Rural_Prosperous,J01000103,Warrington
E02002609,E06000007,Warrington,7c2r,Prosperous Towns,Rural_Prosperous,J01000103,Warrington
E02002610,E06000007,Warrington,7c2r,Prosperous Towns,Rural_Prosperous,NA,NA
E02002611,E06000007,Warrington,7c2r,Prosperous Towns,Rural_Prosperous,J01000103,Warrington
E02002612,E06000007,Warrington,7c2r,Prosperous Towns,Rural_Prosperous,J01000103,Warrington
E02002613,E06000007,Warrington,7c2r,Prosperous Towns,Rural_Prosperous,NA,NA
E02002614,E06000007,Warrington,7c2r,Prosperous Towns,Rural_Prosperous,J01000103,Warrington
E02002615,E06000008,Blackburn with Darwen,8a1r,Industrial and Multi-ethnic,Post_Industrial,J01000008,Blackburn
E02002616,E06000008,Blackburn with Darwen,8a1r,Industrial and Multi-ethnic,Post_Industrial,J01000008,Blackburn
E02002617,E06000008,Blackburn with Darwen,8a1r,Industrial and Multi-ethnic,Post_Industrial,J01000008,Blackburn
E02002618,E06000008,Blackburn with Darwen,8a1r,Industrial and Multi-ethnic,Post_Industrial,J01000008,Blackburn
E02002619,E06000008,Blackburn with Darwen,8a1r,Industrial and Multi-ethnic,Post_Industrial,J01000008,Blackburn
E02002620,E06000008,Blackburn with Darwen,8a1r,Industrial and Multi-ethnic,Post_Industrial,J01000008,Blackburn
E02002621,E06000008,Blackburn with Darwen,8a1r,Industrial and Multi-ethnic,Post_Industrial,J01000008,Blackburn
E02002622,E06000008,Blackburn with Darwen,8a1r,Industrial and Multi-ethnic,Post_Industrial,J01000008,Blackburn
E02002623,E06000008,Blackburn with Darwen,8a1r,Industrial and Multi-ethnic,Post_Industrial,J01000008,Blackburn
E02002624,E06000008,Blackburn with Darwen,8a1r,Industrial and Multi-ethnic,Post_Industrial,J01000008,Blackburn
E02002625,E06000008,Blackburn with Darwen,8a1r,Industrial and Multi-ethnic,Post_Industrial,J01000008,Blackburn
E02002626,E06000008,Blackburn with Darwen,8a1r,Industrial and Multi-ethnic,Post_Industrial,J01000008,Blackburn
E02002627,E06000008,Blackburn with Darwen,8a1r,Industrial and Multi-ethnic,Post_Industrial,J01000008,Blackburn
E02002628,E06000008,Blackburn with Darwen,8a1r,Industrial and Multi-ethnic,Post_Industrial,NA,NA
E02002629,E06000008,Blackburn with Darwen,8a1r,Industrial and Multi-ethnic,Post_Industrial,NA,NA
E02002630,E06000008,Blackburn with Darwen,8a1r,Industrial and Multi-ethnic,Post_Industrial,NA,NA
E02002631,E06000008,Blackburn with Darwen,8a1r,Industrial and Multi-ethnic,Post_Industrial,NA,NA
E02002632,E06000008,Blackburn with Darwen,8a1r,Industrial and Multi-ethnic,Post_Industrial,NA,NA
E02002633,E06000009,Blackpool,6a3r,Service Economy,Post_Industrial,J01000009,Blackpool
E02002634,E06000009,Blackpool,6a3r,Service Economy,Post_Industrial,J01000009,Blackpool
E02002635,E06000009,Blackpool,6a3r,Service Economy,Post_Industrial,J01000009,Blackpool
E02002636,E06000009,Blackpool,6a3r,Service Economy,Post_Industrial,J01000009,Blackpool
E02002637,E06000009,Blackpool,6a3r,Service Economy,Post_Industrial,J01000009,Blackpool
E02002638,E06000009,Blackpool,6a3r,Service Economy,Post_Industrial,J01000009,Blackpool
E02002639,E06000009,Blackpool,6a3r,Service Economy,Post_Industrial,J01000009,Blackpool
E02002640,E06000009,Blackpool,6a3r,Service Economy,Post_Industrial,J01000009,Blackpool
E02002641,E06000009,Blackpool,6a3r,Service Economy,Post_Industrial,J01000009,Blackpool
E02002642,E06000009,Blackpool,6a3r,Service Economy,Post_Industrial,J01000009,Blackpool
E02002643,E06000009,Blackpool,6a3r,Service Economy,Post_Industrial,J01000009,Blackpool
E02002644,E06000009,Blackpool,6a3r,Service Economy,Post_Industrial,J01000009,Blackpool
E02002645,E06000009,Blackpool,6a3r,Service Economy,Post_Industrial,J01000009,Blackpool
E02002646,E06000009,Blackpool,6a3r,Service Economy,Post_Industrial,J01000009,Blackpool
E02002647,E06000009,Blackpool,6a3r,Service Economy,Post_Industrial,J01000009,Blackpool
E02002648,E06000009,Blackpool,6a3r,Service Economy,Post_Industrial,J01000009,Blackpool
E02002649,E06000009,Blackpool,6a3r,Service Economy,Post_Industrial,J01000009,Blackpool
E02002650,E06000009,Blackpool,6a3r,Service Economy,Post_Industrial,J01000009,Blackpool
E02002651,E06000009,Blackpool,6a3r,Service Economy,Post_Industrial,J01000009,Blackpool
E02002652,E06000010,"Kingston upon Hull, City of",8a1r,Industrial and Multi-ethnic,Post_Industrial,J01000050,Kingston upon Hull
E02002653,E06000010,"Kingston upon Hull, City of",8a1r,Industrial and Multi-ethnic,Post_Industrial,J01000050,Kingston upon Hull
E02002654,E06000010,"Kingston upon Hull, City of",8a1r,Industrial and Multi-ethnic,Post_Industrial,J01000050,Kingston upon Hull
E02002655,E06000010,"Kingston upon Hull, City of",8a1r,Industrial and Multi-ethnic,Post_Industrial,J01000050,Kingston upon Hull
E02002656,E06000010,"Kingston upon Hull, City of",8a1r,Industrial and Multi-ethnic,Post_Industrial,J01000050,Kingston upon Hull
E02002657,E06000010,"Kingston upon Hull, City of",8a1r,Industrial and Multi-ethnic,Post_Industrial,J01000050,Kingston upon Hull
E02002658,E06000010,"Kingston upon Hull, City of",8a1r,Industrial and Multi-ethnic,Post_Industrial,J01000050,Kingston upon Hull
E02002659,E06000010,"Kingston upon Hull, City of",8a1r,Industrial and Multi-ethnic,Post_Industrial,J01000050,Kingston upon Hull
E02002660,E06000010,"Kingston upon Hull, City of",8a1r,Industrial and Multi-ethnic,Post_Industrial,J01000050,Kingston upon Hull
E02002661,E06000010,"Kingston upon Hull, City of",8a1r,Industrial and Multi-ethnic,Post_Industrial,J01000050,Kingston upon Hull
E02002662,E06000010,"Kingston upon Hull, City of",8a1r,Industrial and Multi-ethnic,Post_Industrial,J01000050,Kingston upon Hull
E02002663,E06000010,"Kingston upon Hull, City of",8a1r,Industrial and Multi-ethnic,Post_Industrial,J01000050,Kingston upon Hull
E02002664,E06000010,"Kingston upon Hull, City of",8a1r,Industrial and Multi-ethnic,Post_Industrial,J01000050,Kingston upon Hull
E02002665,E06000010,"Kingston upon Hull, City of",8a1r,Industrial and Multi-ethnic,Post_Industrial,J01000050,Kingston upon Hull
E02002666,E06000010,"Kingston upon Hull, City of",8a1r,Industrial and Multi-ethnic,Post_Industrial,J01000050,Kingston upon Hull
E02002667,E06000010,"Kingston upon Hull, City of",8a1r,Industrial and Multi-ethnic,Post_Industrial,J01000050,Kingston upon Hull
E02002668,E06000010,"Kingston upon Hull, City of",8a1r,Industrial and Multi-ethnic,Post_Industrial,J01000050,Kingston upon Hull
E02002669,E06000010,"Kingston upon Hull, City of",8a1r,Industrial and Multi-ethnic,Post_Industrial,J01000050,Kingston upon Hull
E02002670,E06000010,"Kingston upon Hull, City of",8a1r,Industrial and Multi-ethnic,Post_Industrial,J01000050,Kingston upon Hull
E02002671,E06000010,"Kingston upon Hull, City of",8a1r,Industrial and Multi-ethnic,Post_Industrial,J01000050,Kingston upon Hull
E02002672,E06000010,"Kingston upon Hull, City of",8a1r,Industrial and Multi-ethnic,Post_Industrial,J01000050,Kingston upon Hull
E02002673,E06000010,"Kingston upon Hull, City of",8a1r,Industrial and Multi-ethnic,Post_Industrial,J01000050,Kingston upon Hull
E02002674,E06000010,"Kingston upon Hull, City of",8a1r,Industrial and Multi-ethnic,Post_Industrial,J01000050,Kingston upon Hull
E02002675,E06000010,"Kingston upon Hull, City of",8a1r,Industrial and Multi-ethnic,Post_Industrial,J01000050,Kingston upon Hull
E02002676,E06000010,"Kingston upon Hull, City of",8a1r,Industrial and Multi-ethnic,Post_Industrial,J01000050,Kingston upon Hull
E02002677,E06000010,"Kingston upon Hull, City of",8a1r,Industrial and Multi-ethnic,Post_Industrial,J01000050,Kingston upon Hull
E02002678,E06000010,"Kingston upon Hull, City of",8a1r,Industrial and Multi-ethnic,Post_Industrial,J01000050,Kingston upon Hull
E02002679,E06000010,"Kingston upon Hull, City of",8a1r,Industrial and Multi-ethnic,Post_Industrial,J01000050,Kingston upon Hull
E02002680,E06000010,"Kingston upon Hull, City of",8a1r,Industrial and Multi-ethnic,Post_Industrial,J01000050,Kingston upon Hull
E02002681,E06000010,"Kingston upon Hull, City of",8a1r,Industrial and Multi-ethnic,Post_Industrial,J01000050,Kingston upon Hull
E02002682,E06000010,"Kingston upon Hull, City of",8a1r,Industrial and Multi-ethnic,Post_Industrial,J01000050,Kingston upon Hull
E02002684,E06000011,East Riding of Yorkshire,3a2r,Sparse English and Welsh Countryside,Countryside,NA,NA
E02002685,E06000011,East Riding of Yorkshire,3a2r,Sparse English and Welsh Countryside,Countryside,NA,NA
E02002686,E06000011,East Riding of Yorkshire,3a2r,Sparse English and Welsh Countryside,Countryside,NA,NA
E02002687,E06000011,East Riding of Yorkshire,3a2r,Sparse English and Welsh Countryside,Countryside,NA,NA
E02002688,E06000011,East Riding of Yorkshire,3a2r,Sparse English and Welsh Countryside,Countryside,NA,NA
E02002689,E06000011,East Riding of Yorkshire,3a2r,Sparse English and Welsh Countryside,Countryside,NA,NA
E02002691,E06000011,East Riding of Yorkshire,3a2r,Sparse English and Welsh Countryside,Countryside,NA,NA
E02002692,E06000011,East Riding of Yorkshire,3a2r,Sparse English and Welsh Countryside,Countryside,NA,NA
E02002693,E06000011,East Riding of Yorkshire,3a2r,Sparse English and Welsh Countryside,Countryside,NA,NA
E02002694,E06000011,East Riding of Yorkshire,3a2r,Sparse English and Welsh Countryside,Countryside,NA,NA
E02002695,E06000011,East Riding of Yorkshire,3a2r,Sparse English and Welsh Countryside,Countryside,NA,NA
E02002696,E06000011,East Riding of Yorkshire,3a2r,Sparse English and Welsh Countryside,Countryside,NA,NA
E02002697,E06000011,East Riding of Yorkshire,3a2r,Sparse English and Welsh Countryside,Countryside,NA,NA
E02002698,E06000011,East Riding of Yorkshire,3a2r,Sparse English and Welsh Countryside,Countryside,NA,NA
E02002699,E06000011,East Riding of Yorkshire,3a2r,Sparse English and Welsh Countryside,Countryside,NA,NA
E02002700,E06000011,East Riding of Yorkshire,3a2r,Sparse English and Welsh Countryside,Countryside,NA,NA
E02002701,E06000011,East Riding of Yorkshire,3a2r,Sparse English and Welsh Countryside,Countryside,NA,NA
E02002702,E06000011,East Riding of Yorkshire,3a2r,Sparse English and Welsh Countryside,Countryside,NA,NA
E02002703,E06000011,East Riding of Yorkshire,3a2r,Sparse English and Welsh Countryside,Countryside,NA,NA
E02002704,E06000011,East Riding of Yorkshire,3a2r,Sparse English and Welsh Countryside,Countryside,NA,NA
E02002705,E06000011,East Riding of Yorkshire,3a2r,Sparse English and Welsh Countryside,Countryside,NA,NA
E02002706,E06000011,East Riding of Yorkshire,3a2r,Sparse English and Welsh Countryside,Countryside,NA,NA
E02002707,E06000011,East Riding of Yorkshire,3a2r,Sparse English and Welsh Countryside,Countryside,NA,NA
E02002708,E06000011,East Riding of Yorkshire,3a2r,Sparse English and Welsh Countryside,Countryside,NA,NA
E02002709,E06000011,East Riding of Yorkshire,3a2r,Sparse English and Welsh Countryside,Countryside,NA,NA
E02002710,E06000011,East Riding of Yorkshire,3a2r,Sparse English and Welsh Countryside,Countryside,J01000050,Kingston upon Hull
E02002711,E06000011,East Riding of Yorkshire,3a2r,Sparse English and Welsh Countryside,Countryside,J01000050,Kingston upon Hull
E02002712,E06000011,East Riding of Yorkshire,3a2r,Sparse English and Welsh Countryside,Countryside,NA,NA
E02002714,E06000011,East Riding of Yorkshire,3a2r,Sparse English and Welsh Countryside,Countryside,NA,NA
E02002715,E06000011,East Riding of Yorkshire,3a2r,Sparse English and Welsh Countryside,Countryside,NA,NA
E02002716,E06000011,East Riding of Yorkshire,3a2r,Sparse English and Welsh Countryside,Countryside,NA,NA
E02002717,E06000011,East Riding of Yorkshire,3a2r,Sparse English and Welsh Countryside,Countryside,NA,NA
E02002718,E06000011,East Riding of Yorkshire,3a2r,Sparse English and Welsh Countryside,Countryside,NA,NA
E02002719,E06000011,East Riding of Yorkshire,3a2r,Sparse English and Welsh Countryside,Countryside,NA,NA
E02002720,E06000011,East Riding of Yorkshire,3a2r,Sparse English and Welsh Countryside,Countryside,NA,NA
E02002721,E06000011,East Riding of Yorkshire,3a2r,Sparse English and Welsh Countryside,Countryside,NA,NA
E02002722,E06000011,East Riding of Yorkshire,3a2r,Sparse English and Welsh Countryside,Countryside,NA,NA
E02002723,E06000011,East Riding of Yorkshire,3a2r,Sparse English and Welsh Countryside,Countryside,NA,NA
E02002724,E06000011,East Riding of Yorkshire,3a2r,Sparse English and Welsh Countryside,Countryside,NA,NA
E02002725,E06000011,East Riding of Yorkshire,3a2r,Sparse English and Welsh Countryside,Countryside,NA,NA
E02002726,E06000012,North East Lincolnshire,6a1r,Manufacturing Legacy,Post_Industrial,NA,NA
E02002727,E06000012,North East Lincolnshire,6a1r,Manufacturing Legacy,Post_Industrial,J01000039,Grimsby
E02002728,E06000012,North East Lincolnshire,6a1r,Manufacturing Legacy,Post_Industrial,J01000039,Grimsby
E02002729,E06000012,North East Lincolnshire,6a1r,Manufacturing Legacy,Post_Industrial,J01000039,Grimsby
E02002730,E06000012,North East Lincolnshire,6a1r,Manufacturing Legacy,Post_Industrial,NA,NA
E02002731,E06000012,North East Lincolnshire,6a1r,Manufacturing Legacy,Post_Industrial,J01000039,Grimsby
E02002732,E06000012,North East Lincolnshire,6a1r,Manufacturing Legacy,Post_Industrial,NA,NA
E02002733,E06000012,North East Lincolnshire,6a1r,Manufacturing Legacy,Post_Industrial,J01000039,Grimsby
E02002734,E06000012,North East Lincolnshire,6a1r,Manufacturing Legacy,Post_Industrial,J01000039,Grimsby
E02002735,E06000012,North East Lincolnshire,6a1r,Manufacturing Legacy,Post_Industrial,NA,NA
E02002736,E06000012,North East Lincolnshire,6a1r,Manufacturing Legacy,Post_Industrial,J01000039,Grimsby
E02002737,E06000012,North East Lincolnshire,6a1r,Manufacturing Legacy,Post_Industrial,J01000039,Grimsby
E02002738,E06000012,North East Lincolnshire,6a1r,Manufacturing Legacy,Post_Industrial,J01000039,Grimsby
E02002739,E06000012,North East Lincolnshire,6a1r,Manufacturing Legacy,Post_Industrial,NA,NA
E02002740,E06000012,North East Lincolnshire,6a1r,Manufacturing Legacy,Post_Industrial,J01000039,Grimsby
E02002741,E06000012,North East Lincolnshire,6a1r,Manufacturing Legacy,Post_Industrial,J01000039,Grimsby
E02002742,E06000012,North East Lincolnshire,6a1r,Manufacturing Legacy,Post_Industrial,NA,NA
E02002743,E06000012,North East Lincolnshire,6a1r,Manufacturing Legacy,Post_Industrial,NA,NA
E02002744,E06000012,North East Lincolnshire,6a1r,Manufacturing Legacy,Post_Industrial,J01000039,Grimsby
E02002745,E06000012,North East Lincolnshire,6a1r,Manufacturing Legacy,Post_Industrial,NA,NA
E02002746,E06000012,North East Lincolnshire,6a1r,Manufacturing Legacy,Post_Industrial,J01000039,Grimsby
E02002747,E06000012,North East Lincolnshire,6a1r,Manufacturing Legacy,Post_Industrial,NA,NA
E02002748,E06000012,North East Lincolnshire,6a1r,Manufacturing Legacy,Post_Industrial,NA,NA
E02002749,E06000013,North Lincolnshire,7a1r,Country Living,Countryside,NA,NA
E02002750,E06000013,North Lincolnshire,7a1r,Country Living,Countryside,NA,NA
E02002751,E06000013,North Lincolnshire,7a1r,Country Living,Countryside,NA,NA
E02002752,E06000013,North Lincolnshire,7a1r,Country Living,Countryside,NA,NA
E02002753,E06000013,North Lincolnshire,7a1r,Country Living,Countryside,J01000081,Scunthorpe
E02002754,E06000013,North Lincolnshire,7a1r,Country Living,Countryside,NA,NA
E02002755,E06000013,North Lincolnshire,7a1r,Country Living,Countryside,J01000081,Scunthorpe
E02002756,E06000013,North Lincolnshire,7a1r,Country Living,Countryside,J01000081,Scunthorpe
E02002757,E06000013,North Lincolnshire,7a1r,Country Living,Countryside,J01000081,Scunthorpe
E02002758,E06000013,North Lincolnshire,7a1r,Country Living,Countryside,J01000081,Scunthorpe
E02002759,E06000013,North Lincolnshire,7a1r,Country Living,Countryside,NA,NA
E02002760,E06000013,North Lincolnshire,7a1r,Country Living,Countryside,J01000081,Scunthorpe
E02002761,E06000013,North Lincolnshire,7a1r,Country Living,Countryside,NA,NA
E02002762,E06000013,North Lincolnshire,7a1r,Country Living,Countryside,J01000081,Scunthorpe
E02002763,E06000013,North Lincolnshire,7a1r,Country Living,Countryside,J01000081,Scunthorpe
E02002764,E06000013,North Lincolnshire,7a1r,Country Living,Countryside,J01000081,Scunthorpe
E02002765,E06000013,North Lincolnshire,7a1r,Country Living,Countryside,J01000081,Scunthorpe
E02002766,E06000013,North Lincolnshire,7a1r,Country Living,Countryside,J01000081,Scunthorpe
E02002767,E06000013,North Lincolnshire,7a1r,Country Living,Countryside,J01000081,Scunthorpe
E02002768,E06000013,North Lincolnshire,7a1r,Country Living,Countryside,NA,NA
E02002769,E06000013,North Lincolnshire,7a1r,Country Living,Countryside,NA,NA
E02002770,E06000013,North Lincolnshire,7a1r,Country Living,Countryside,NA,NA
E02002771,E06000013,North Lincolnshire,7a1r,Country Living,Countryside,NA,NA
E02002772,E06000014,York,2a1r,Larger Towns and Cities,Urban_Non_London,NA,NA
E02002773,E06000014,York,2a1r,Larger Towns and Cities,Urban_Non_London,NA,NA
E02002774,E06000014,York,2a1r,Larger Towns and Cities,Urban_Non_London,NA,NA
E02002775,E06000014,York,2a1r,Larger Towns and Cities,Urban_Non_London,J01000112,York
E02002776,E06000014,York,2a1r,Larger Towns and Cities,Urban_Non_London,J01000112,York
E02002777,E06000014,York,2a1r,Larger Towns and Cities,Urban_Non_London,J01000112,York
E02002778,E06000014,York,2a1r,Larger Towns and Cities,Urban_Non_London,J01000112,York
E02002779,E06000014,York,2a1r,Larger Towns and Cities,Urban_Non_London,J01000112,York
E02002780,E06000014,York,2a1r,Larger Towns and Cities,Urban_Non_London,J01000112,York
E02002781,E06000014,York,2a1r,Larger Towns and Cities,Urban_Non_London,J01000112,York
E02002782,E06000014,York,2a1r,Larger Towns and Cities,Urban_Non_London,NA,NA
E02002783,E06000014,York,2a1r,Larger Towns and Cities,Urban_Non_London,J01000112,York
E02002784,E06000014,York,2a1r,Larger Towns and Cities,Urban_Non_London,J01000112,York
E02002785,E06000014,York,2a1r,Larger Towns and Cities,Urban_Non_London,J01000112,York
E02002786,E06000014,York,2a1r,Larger Towns and Cities,Urban_Non_London,J01000112,York
E02002787,E06000014,York,2a1r,Larger Towns and Cities,Urban_Non_London,J01000112,York
E02002788,E06000014,York,2a1r,Larger Towns and Cities,Urban_Non_London,J01000112,York
E02002789,E06000014,York,2a1r,Larger Towns and Cities,Urban_Non_London,J01000112,York
E02002790,E06000014,York,2a1r,Larger Towns and Cities,Urban_Non_London,J01000112,York
E02002791,E06000014,York,2a1r,Larger Towns and Cities,Urban_Non_London,NA,NA
E02002792,E06000014,York,2a1r,Larger Towns and Cities,Urban_Non_London,J01000112,York
E02002793,E06000014,York,2a1r,Larger Towns and Cities,Urban_Non_London,J01000112,York
E02002794,E06000014,York,2a1r,Larger Towns and Cities,Urban_Non_London,NA,NA
E02002795,E06000014,York,2a1r,Larger Towns and Cities,Urban_Non_London,NA,NA
E02002796,E06000015,Derby,8a1r,Industrial and Multi-ethnic,Post_Industrial,J01000031,Derby
E02002797,E06000015,Derby,8a1r,Industrial and Multi-ethnic,Post_Industrial,J01000031,Derby
E02002798,E06000015,Derby,8a1r,Industrial and Multi-ethnic,Post_Industrial,J01000031,Derby
E02002799,E06000015,Derby,8a1r,Industrial and Multi-ethnic,Post_Industrial,J01000031,Derby
E02002800,E06000015,Derby,8a1r,Industrial and Multi-ethnic,Post_Industrial,J01000031,Derby
E02002801,E06000015,Derby,8a1r,Industrial and Multi-ethnic,Post_Industrial,J01000031,Derby
E02002802,E06000015,Derby,8a1r,Industrial and Multi-ethnic,Post_Industrial,J01000031,Derby
E02002803,E06000015,Derby,8a1r,Industrial and Multi-ethnic,Post_Industrial,J01000031,Derby
E02002804,E06000015,Derby,8a1r,Industrial and Multi-ethnic,Post_Industrial,J01000031,Derby
E02002805,E06000015,Derby,8a1r,Industrial and Multi-ethnic,Post_Industrial,J01000031,Derby
E02002806,E06000015,Derby,8a1r,Industrial and Multi-ethnic,Post_Industrial,J01000031,Derby
E02002807,E06000015,Derby,8a1r,Industrial and Multi-ethnic,Post_Industrial,J01000031,Derby
E02002808,E06000015,Derby,8a1r,Industrial and Multi-ethnic,Post_Industrial,J01000031,Derby
E02002809,E06000015,Derby,8a1r,Industrial and Multi-ethnic,Post_Industrial,J01000031,Derby
E02002810,E06000015,Derby,8a1r,Industrial and Multi-ethnic,Post_Industrial,J01000031,Derby
E02002811,E06000015,Derby,8a1r,Industrial and Multi-ethnic,Post_Industrial,J01000031,Derby
E02002812,E06000015,Derby,8a1r,Industrial and Multi-ethnic,Post_Industrial,J01000031,Derby
E02002813,E06000015,Derby,8a1r,Industrial and Multi-ethnic,Post_Industrial,J01000031,Derby
E02002814,E06000015,Derby,8a1r,Industrial and Multi-ethnic,Post_Industrial,J01000031,Derby
E02002815,E06000015,Derby,8a1r,Industrial and Multi-ethnic,Post_Industrial,J01000031,Derby
E02002816,E06000015,Derby,8a1r,Industrial and Multi-ethnic,Post_Industrial,J01000031,Derby
E02002817,E06000015,Derby,8a1r,Industrial and Multi-ethnic,Post_Industrial,J01000031,Derby
E02002818,E06000015,Derby,8a1r,Industrial and Multi-ethnic,Post_Industrial,J01000031,Derby
E02002819,E06000015,Derby,8a1r,Industrial and Multi-ethnic,Post_Industrial,J01000031,Derby
E02002820,E06000015,Derby,8a1r,Industrial and Multi-ethnic,Post_Industrial,J01000031,Derby
E02002821,E06000015,Derby,8a1r,Industrial and Multi-ethnic,Post_Industrial,J01000031,Derby
E02002822,E06000015,Derby,8a1r,Industrial and Multi-ethnic,Post_Industrial,J01000031,Derby
E02002823,E06000015,Derby,8a1r,Industrial and Multi-ethnic,Post_Industrial,J01000031,Derby
E02002824,E06000015,Derby,8a1r,Industrial and Multi-ethnic,Post_Industrial,J01000031,Derby
E02002825,E06000015,Derby,8a1r,Industrial and Multi-ethnic,Post_Industrial,J01000031,Derby
E02002826,E06000015,Derby,8a1r,Industrial and Multi-ethnic,Post_Industrial,J01000031,Derby
E02002827,E06000016,Leicester,4a1r,Ethnically Diverse Metropolitan  Living,Urban_Non_London,J01000052,Leicester
E02002828,E06000016,Leicester,4a1r,Ethnically Diverse Metropolitan  Living,Urban_Non_London,J01000052,Leicester
E02002829,E06000016,Leicester,4a1r,Ethnically Diverse Metropolitan  Living,Urban_Non_London,J01000052,Leicester
E02002830,E06000016,Leicester,4a1r,Ethnically Diverse Metropolitan  Living,Urban_Non_London,J01000052,Leicester
E02002831,E06000016,Leicester,4a1r,Ethnically Diverse Metropolitan  Living,Urban_Non_London,J01000052,Leicester
E02002832,E06000016,Leicester,4a1r,Ethnically Diverse Metropolitan  Living,Urban_Non_London,J01000052,Leicester
E02002833,E06000016,Leicester,4a1r,Ethnically Diverse Metropolitan  Living,Urban_Non_London,J01000052,Leicester
E02002834,E06000016,Leicester,4a1r,Ethnically Diverse Metropolitan  Living,Urban_Non_London,J01000052,Leicester
E02002835,E06000016,Leicester,4a1r,Ethnically Diverse Metropolitan  Living,Urban_Non_London,J01000052,Leicester
E02002836,E06000016,Leicester,4a1r,Ethnically Diverse Metropolitan  Living,Urban_Non_London,J01000052,Leicester
E02002837,E06000016,Leicester,4a1r,Ethnically Diverse Metropolitan  Living,Urban_Non_London,J01000052,Leicester
E02002838,E06000016,Leicester,4a1r,Ethnically Diverse Metropolitan  Living,Urban_Non_London,J01000052,Leicester
E02002839,E06000016,Leicester,4a1r,Ethnically Diverse Metropolitan  Living,Urban_Non_London,J01000052,Leicester
E02002842,E06000016,Leicester,4a1r,Ethnically Diverse Metropolitan  Living,Urban_Non_London,J01000052,Leicester
E02002843,E06000016,Leicester,4a1r,Ethnically Diverse Metropolitan  Living,Urban_Non_London,J01000052,Leicester
E02002844,E06000016,Leicester,4a1r,Ethnically Diverse Metropolitan  Living,Urban_Non_London,J01000052,Leicester
E02002845,E06000016,Leicester,4a1r,Ethnically Diverse Metropolitan  Living,Urban_Non_London,J01000052,Leicester
E02002846,E06000016,Leicester,4a1r,Ethnically Diverse Metropolitan  Living,Urban_Non_London,J01000052,Leicester
E02002847,E06000016,Leicester,4a1r,Ethnically Diverse Metropolitan  Living,Urban_Non_London,J01000052,Leicester
E02002848,E06000016,Leicester,4a1r,Ethnically Diverse Metropolitan  Living,Urban_Non_London,J01000052,Leicester
E02002849,E06000016,Leicester,4a1r,Ethnically Diverse Metropolitan  Living,Urban_Non_London,J01000052,Leicester
E02002851,E06000016,Leicester,4a1r,Ethnically Diverse Metropolitan  Living,Urban_Non_London,J01000052,Leicester
E02002852,E06000016,Leicester,4a1r,Ethnically Diverse Metropolitan  Living,Urban_Non_London,J01000052,Leicester
E02002853,E06000016,Leicester,4a1r,Ethnically Diverse Metropolitan  Living,Urban_Non_London,J01000052,Leicester
E02002854,E06000016,Leicester,4a1r,Ethnically Diverse Metropolitan  Living,Urban_Non_London,J01000052,Leicester
E02002855,E06000016,Leicester,4a1r,Ethnically Diverse Metropolitan  Living,Urban_Non_London,J01000052,Leicester
E02002856,E06000016,Leicester,4a1r,Ethnically Diverse Metropolitan  Living,Urban_Non_London,J01000052,Leicester
E02002857,E06000016,Leicester,4a1r,Ethnically Diverse Metropolitan  Living,Urban_Non_London,J01000052,Leicester
E02002858,E06000016,Leicester,4a1r,Ethnically Diverse Metropolitan  Living,Urban_Non_London,J01000052,Leicester
E02002860,E06000016,Leicester,4a1r,Ethnically Diverse Metropolitan  Living,Urban_Non_London,J01000052,Leicester
E02002861,E06000016,Leicester,4a1r,Ethnically Diverse Metropolitan  Living,Urban_Non_London,J01000052,Leicester
E02002862,E06000016,Leicester,4a1r,Ethnically Diverse Metropolitan  Living,Urban_Non_London,J01000052,Leicester
E02002863,E06000017,Rutland,3a1r,Older Farming Communities,Countryside,NA,NA
E02002864,E06000017,Rutland,3a1r,Older Farming Communities,Countryside,NA,NA
E02002865,E06000017,Rutland,3a1r,Older Farming Communities,Countryside,NA,NA
E02002866,E06000017,Rutland,3a1r,Older Farming Communities,Countryside,NA,NA
E02002867,E06000017,Rutland,3a1r,Older Farming Communities,Countryside,NA,NA
E02002868,E06000018,Nottingham,2b1r,University Towns and Cities,University_Towns,J01000067,Nottingham
E02002869,E06000018,Nottingham,2b1r,University Towns and Cities,University_Towns,J01000067,Nottingham
E02002871,E06000018,Nottingham,2b1r,University Towns and Cities,University_Towns,J01000067,Nottingham
E02002872,E06000018,Nottingham,2b1r,University Towns and Cities,University_Towns,J01000067,Nottingham
E02002873,E06000018,Nottingham,2b1r,University Towns and Cities,University_Towns,J01000067,Nottingham
E02002874,E06000018,Nottingham,2b1r,University Towns and Cities,University_Towns,J01000067,Nottingham
E02002875,E06000018,Nottingham,2b1r,University Towns and Cities,University_Towns,J01000067,Nottingham
E02002876,E06000018,Nottingham,2b1r,University Towns and Cities,University_Towns,J01000067,Nottingham
E02002877,E06000018,Nottingham,2b1r,University Towns and Cities,University_Towns,J01000067,Nottingham
E02002878,E06000018,Nottingham,2b1r,University Towns and Cities,University_Towns,J01000067,Nottingham
E02002879,E06000018,Nottingham,2b1r,University Towns and Cities,University_Towns,J01000067,Nottingham
E02002880,E06000018,Nottingham,2b1r,University Towns and Cities,University_Towns,J01000067,Nottingham
E02002881,E06000018,Nottingham,2b1r,University Towns and Cities,University_Towns,J01000067,Nottingham
E02002882,E06000018,Nottingham,2b1r,University Towns and Cities,University_Towns,J01000067,Nottingham
E02002883,E06000018,Nottingham,2b1r,University Towns and Cities,University_Towns,J01000067,Nottingham
E02002884,E06000018,Nottingham,2b1r,University Towns and Cities,University_Towns,J01000067,Nottingham
E02002885,E06000018,Nottingham,2b1r,University Towns and Cities,University_Towns,J01000067,Nottingham
E02002886,E06000018,Nottingham,2b1r,University Towns and Cities,University_Towns,J01000067,Nottingham
E02002887,E06000018,Nottingham,2b1r,University Towns and Cities,University_Towns,J01000067,Nottingham
E02002888,E06000018,Nottingham,2b1r,University Towns and Cities,University_Towns,J01000067,Nottingham
E02002889,E06000018,Nottingham,2b1r,University Towns and Cities,University_Towns,J01000067,Nottingham
E02002890,E06000018,Nottingham,2b1r,University Towns and Cities,University_Towns,J01000067,Nottingham
E02002891,E06000018,Nottingham,2b1r,University Towns and Cities,University_Towns,J01000067,Nottingham
E02002892,E06000018,Nottingham,2b1r,University Towns and Cities,University_Towns,J01000067,Nottingham
E02002893,E06000018,Nottingham,2b1r,University Towns and Cities,University_Towns,J01000067,Nottingham
E02002894,E06000018,Nottingham,2b1r,University Towns and Cities,University_Towns,J01000067,Nottingham
E02002895,E06000018,Nottingham,2b1r,University Towns and Cities,University_Towns,J01000067,Nottingham
E02002896,E06000018,Nottingham,2b1r,University Towns and Cities,University_Towns,J01000067,Nottingham
E02002897,E06000018,Nottingham,2b1r,University Towns and Cities,University_Towns,J01000067,Nottingham
E02002898,E06000018,Nottingham,2b1r,University Towns and Cities,University_Towns,J01000067,Nottingham
E02002899,E06000018,Nottingham,2b1r,University Towns and Cities,University_Towns,J01000067,Nottingham
E02002901,E06000018,Nottingham,2b1r,University Towns and Cities,University_Towns,NA,NA
E02002902,E06000018,Nottingham,2b1r,University Towns and Cities,University_Towns,NA,NA
E02002903,E06000018,Nottingham,2b1r,University Towns and Cities,University_Towns,NA,NA
E02002904,E06000018,Nottingham,2b1r,University Towns and Cities,University_Towns,NA,NA
E02002905,E06000019,"Herefordshire, County of",3a2r,Sparse English and Welsh Countryside,Countryside,NA,NA
E02002906,E06000019,"Herefordshire, County of",3a2r,Sparse English and Welsh Countryside,Countryside,NA,NA
E02002907,E06000019,"Herefordshire, County of",3a2r,Sparse English and Welsh Countryside,Countryside,NA,NA
E02002908,E06000019,"Herefordshire, County of",3a2r,Sparse English and Welsh Countryside,Countryside,NA,NA
E02002909,E06000019,"Herefordshire, County of",3a2r,Sparse English and Welsh Countryside,Countryside,NA,NA
E02002910,E06000019,"Herefordshire, County of",3a2r,Sparse English and Welsh Countryside,Countryside,NA,NA
E02002911,E06000019,"Herefordshire, County of",3a2r,Sparse English and Welsh Countryside,Countryside,NA,NA
E02002912,E06000019,"Herefordshire, County of",3a2r,Sparse English and Welsh Countryside,Countryside,NA,NA
E02002913,E06000019,"Herefordshire, County of",3a2r,Sparse English and Welsh Countryside,Countryside,NA,NA
E02002914,E06000019,"Herefordshire, County of",3a2r,Sparse English and Welsh Countryside,Countryside,NA,NA
E02002915,E06000019,"Herefordshire, County of",3a2r,Sparse English and Welsh Countryside,Countryside,NA,NA
E02002916,E06000019,"Herefordshire, County of",3a2r,Sparse English and Welsh Countryside,Countryside,NA,NA
E02002917,E06000019,"Herefordshire, County of",3a2r,Sparse English and Welsh Countryside,Countryside,NA,NA
E02002918,E06000019,"Herefordshire, County of",3a2r,Sparse English and Welsh Countryside,Countryside,NA,NA
E02002919,E06000019,"Herefordshire, County of",3a2r,Sparse English and Welsh Countryside,Countryside,NA,NA
E02002920,E06000019,"Herefordshire, County of",3a2r,Sparse English and Welsh Countryside,Countryside,NA,NA
E02002921,E06000019,"Herefordshire, County of",3a2r,Sparse English and Welsh Countryside,Countryside,NA,NA
E02002922,E06000019,"Herefordshire, County of",3a2r,Sparse English and Welsh Countryside,Countryside,NA,NA
E02002923,E06000019,"Herefordshire, County of",3a2r,Sparse English and Welsh Countryside,Countryside,NA,NA
E02002924,E06000019,"Herefordshire, County of",3a2r,Sparse English and Welsh Countryside,Countryside,NA,NA
E02002925,E06000019,"Herefordshire, County of",3a2r,Sparse English and Welsh Countryside,Countryside,NA,NA
E02002926,E06000019,"Herefordshire, County of",3a2r,Sparse English and Welsh Countryside,Countryside,NA,NA
E02002927,E06000019,"Herefordshire, County of",3a2r,Sparse English and Welsh Countryside,Countryside,NA,NA
E02002928,E06000020,Telford and Wrekin,8a2r,Urban Living,Urban_Non_London,NA,NA
E02002929,E06000020,Telford and Wrekin,8a2r,Urban Living,Urban_Non_London,NA,NA
E02002930,E06000020,Telford and Wrekin,8a2r,Urban Living,Urban_Non_London,NA,NA
E02002931,E06000020,Telford and Wrekin,8a2r,Urban Living,Urban_Non_London,J01000100,Telford
E02002932,E06000020,Telford and Wrekin,8a2r,Urban Living,Urban_Non_London,J01000100,Telford
E02002933,E06000020,Telford and Wrekin,8a2r,Urban Living,Urban_Non_London,J01000100,Telford
E02002934,E06000020,Telford and Wrekin,8a2r,Urban Living,Urban_Non_London,J01000100,Telford
E02002935,E06000020,Telford and Wrekin,8a2r,Urban Living,Urban_Non_London,J01000100,Telford
E02002936,E06000020,Telford and Wrekin,8a2r,Urban Living,Urban_Non_London,J01000100,Telford
E02002937,E06000020,Telford and Wrekin,8a2r,Urban Living,Urban_Non_London,J01000100,Telford
E02002938,E06000020,Telford and Wrekin,8a2r,Urban Living,Urban_Non_London,J01000100,Telford
E02002939,E06000020,Telford and Wrekin,8a2r,Urban Living,Urban_Non_London,J01000100,Telford
E02002940,E06000020,Telford and Wrekin,8a2r,Urban Living,Urban_Non_London,J01000100,Telford
E02002941,E06000020,Telford and Wrekin,8a2r,Urban Living,Urban_Non_London,J01000100,Telford
E02002942,E06000020,Telford and Wrekin,8a2r,Urban Living,Urban_Non_London,J01000100,Telford
E02002943,E06000020,Telford and Wrekin,8a2r,Urban Living,Urban_Non_London,J01000100,Telford
E02002944,E06000020,Telford and Wrekin,8a2r,Urban Living,Urban_Non_London,J01000100,Telford
E02002945,E06000020,Telford and Wrekin,8a2r,Urban Living,Urban_Non_London,J01000100,Telford
E02002946,E06000020,Telford and Wrekin,8a2r,Urban Living,Urban_Non_London,J01000100,Telford
E02002947,E06000020,Telford and Wrekin,8a2r,Urban Living,Urban_Non_London,J01000100,Telford
E02002948,E06000020,Telford and Wrekin,8a2r,Urban Living,Urban_Non_London,J01000100,Telford
E02002949,E06000020,Telford and Wrekin,8a2r,Urban Living,Urban_Non_London,J01000100,Telford
E02002950,E06000020,Telford and Wrekin,8a2r,Urban Living,Urban_Non_London,J01000100,Telford
E02002951,E06000021,Stoke-on-Trent,8a1r,Industrial and Multi-ethnic,Post_Industrial,J01000095,Stoke-on-Trent
E02002952,E06000021,Stoke-on-Trent,8a1r,Industrial and Multi-ethnic,Post_Industrial,J01000095,Stoke-on-Trent
E02002953,E06000021,Stoke-on-Trent,8a1r,Industrial and Multi-ethnic,Post_Industrial,J01000095,Stoke-on-Trent
E02002954,E06000021,Stoke-on-Trent,8a1r,Industrial and Multi-ethnic,Post_Industrial,J01000095,Stoke-on-Trent
E02002955,E06000021,Stoke-on-Trent,8a1r,Industrial and Multi-ethnic,Post_Industrial,J01000095,Stoke-on-Trent
E02002956,E06000021,Stoke-on-Trent,8a1r,Industrial and Multi-ethnic,Post_Industrial,J01000095,Stoke-on-Trent
E02002957,E06000021,Stoke-on-Trent,8a1r,Industrial and Multi-ethnic,Post_Industrial,J01000095,Stoke-on-Trent
E02002958,E06000021,Stoke-on-Trent,8a1r,Industrial and Multi-ethnic,Post_Industrial,J01000095,Stoke-on-Trent
E02002959,E06000021,Stoke-on-Trent,8a1r,Industrial and Multi-ethnic,Post_Industrial,J01000095,Stoke-on-Trent
E02002960,E06000021,Stoke-on-Trent,8a1r,Industrial and Multi-ethnic,Post_Industrial,J01000095,Stoke-on-Trent
E02002961,E06000021,Stoke-on-Trent,8a1r,Industrial and Multi-ethnic,Post_Industrial,J01000095,Stoke-on-Trent
E02002962,E06000021,Stoke-on-Trent,8a1r,Industrial and Multi-ethnic,Post_Industrial,J01000095,Stoke-on-Trent
E02002963,E06000021,Stoke-on-Trent,8a1r,Industrial and Multi-ethnic,Post_Industrial,J01000095,Stoke-on-Trent
E02002964,E06000021,Stoke-on-Trent,8a1r,Industrial and Multi-ethnic,Post_Industrial,J01000095,Stoke-on-Trent
E02002965,E06000021,Stoke-on-Trent,8a1r,Industrial and Multi-ethnic,Post_Industrial,J01000095,Stoke-on-Trent
E02002966,E06000021,Stoke-on-Trent,8a1r,Industrial and Multi-ethnic,Post_Industrial,J01000095,Stoke-on-Trent
E02002967,E06000021,Stoke-on-Trent,8a1r,Industrial and Multi-ethnic,Post_Industrial,J01000095,Stoke-on-Trent
E02002968,E06000021,Stoke-on-Trent,8a1r,Industrial and Multi-ethnic,Post_Industrial,J01000095,Stoke-on-Trent
E02002969,E06000021,Stoke-on-Trent,8a1r,Industrial and Multi-ethnic,Post_Industrial,J01000095,Stoke-on-Trent
E02002970,E06000021,Stoke-on-Trent,8a1r,Industrial and Multi-ethnic,Post_Industrial,J01000095,Stoke-on-Trent
E02002971,E06000021,Stoke-on-Trent,8a1r,Industrial and Multi-ethnic,Post_Industrial,J01000095,Stoke-on-Trent
E02002972,E06000021,Stoke-on-Trent,8a1r,Industrial and Multi-ethnic,Post_Industrial,J01000095,Stoke-on-Trent
E02002973,E06000021,Stoke-on-Trent,8a1r,Industrial and Multi-ethnic,Post_Industrial,J01000095,Stoke-on-Trent
E02002974,E06000021,Stoke-on-Trent,8a1r,Industrial and Multi-ethnic,Post_Industrial,J01000095,Stoke-on-Trent
E02002975,E06000021,Stoke-on-Trent,8a1r,Industrial and Multi-ethnic,Post_Industrial,J01000095,Stoke-on-Trent
E02002976,E06000021,Stoke-on-Trent,8a1r,Industrial and Multi-ethnic,Post_Industrial,J01000095,Stoke-on-Trent
E02002977,E06000021,Stoke-on-Trent,8a1r,Industrial and Multi-ethnic,Post_Industrial,J01000095,Stoke-on-Trent
E02002978,E06000021,Stoke-on-Trent,8a1r,Industrial and Multi-ethnic,Post_Industrial,J01000095,Stoke-on-Trent
E02002979,E06000021,Stoke-on-Trent,8a1r,Industrial and Multi-ethnic,Post_Industrial,J01000095,Stoke-on-Trent
E02002980,E06000021,Stoke-on-Trent,8a1r,Industrial and Multi-ethnic,Post_Industrial,J01000095,Stoke-on-Trent
E02002981,E06000021,Stoke-on-Trent,8a1r,Industrial and Multi-ethnic,Post_Industrial,J01000095,Stoke-on-Trent
E02002982,E06000021,Stoke-on-Trent,8a1r,Industrial and Multi-ethnic,Post_Industrial,J01000095,Stoke-on-Trent
E02002983,E06000021,Stoke-on-Trent,8a1r,Industrial and Multi-ethnic,Post_Industrial,J01000095,Stoke-on-Trent
E02002984,E06000021,Stoke-on-Trent,8a1r,Industrial and Multi-ethnic,Post_Industrial,J01000095,Stoke-on-Trent
E02002985,E06000022,Bath and North East Somerset,2a1r,Larger Towns and Cities,Urban_Non_London,NA,NA
E02002986,E06000022,Bath and North East Somerset,2a1r,Larger Towns and Cities,Urban_Non_London,NA,NA
E02002987,E06000022,Bath and North East Somerset,2a1r,Larger Towns and Cities,Urban_Non_London,NA,NA
E02002988,E06000022,Bath and North East Somerset,2a1r,Larger Towns and Cities,Urban_Non_London,J01000004,Bath
E02002989,E06000022,Bath and North East Somerset,2a1r,Larger Towns and Cities,Urban_Non_London,J01000004,Bath
E02002990,E06000022,Bath and North East Somerset,2a1r,Larger Towns and Cities,Urban_Non_London,J01000004,Bath
E02002991,E06000022,Bath and North East Somerset,2a1r,Larger Towns and Cities,Urban_Non_London,J01000004,Bath
E02002992,E06000022,Bath and North East Somerset,2a1r,Larger Towns and Cities,Urban_Non_London,J01000004,Bath
E02002993,E06000022,Bath and North East Somerset,2a1r,Larger Towns and Cities,Urban_Non_London,J01000004,Bath
E02002994,E06000022,Bath and North East Somerset,2a1r,Larger Towns and Cities,Urban_Non_London,J01000004,Bath
E02002995,E06000022,Bath and North East Somerset,2a1r,Larger Towns and Cities,Urban_Non_London,J01000004,Bath
E02002996,E06000022,Bath and North East Somerset,2a1r,Larger Towns and Cities,Urban_Non_London,J01000004,Bath
E02002997,E06000022,Bath and North East Somerset,2a1r,Larger Towns and Cities,Urban_Non_London,J01000004,Bath
E02002998,E06000022,Bath and North East Somerset,2a1r,Larger Towns and Cities,Urban_Non_London,J01000004,Bath
E02002999,E06000022,Bath and North East Somerset,2a1r,Larger Towns and Cities,Urban_Non_London,J01000004,Bath
E02003000,E06000022,Bath and North East Somerset,2a1r,Larger Towns and Cities,Urban_Non_London,NA,NA
E02003001,E06000022,Bath and North East Somerset,2a1r,Larger Towns and Cities,Urban_Non_London,J01000004,Bath
E02003002,E06000022,Bath and North East Somerset,2a1r,Larger Towns and Cities,Urban_Non_London,J01000004,Bath
E02003003,E06000022,Bath and North East Somerset,2a1r,Larger Towns and Cities,Urban_Non_London,J01000004,Bath
E02003004,E06000022,Bath and North East Somerset,2a1r,Larger Towns and Cities,Urban_Non_London,NA,NA
E02003005,E06000022,Bath and North East Somerset,2a1r,Larger Towns and Cities,Urban_Non_London,NA,NA
E02003006,E06000022,Bath and North East Somerset,2a1r,Larger Towns and Cities,Urban_Non_London,NA,NA
E02003007,E06000022,Bath and North East Somerset,2a1r,Larger Towns and Cities,Urban_Non_London,NA,NA
E02003008,E06000022,Bath and North East Somerset,2a1r,Larger Towns and Cities,Urban_Non_London,NA,NA
E02003009,E06000022,Bath and North East Somerset,2a1r,Larger Towns and Cities,Urban_Non_London,NA,NA
E02003010,E06000022,Bath and North East Somerset,2a1r,Larger Towns and Cities,Urban_Non_London,NA,NA
E02003011,E06000022,Bath and North East Somerset,2a1r,Larger Towns and Cities,Urban_Non_London,NA,NA
E02003012,E06000023,"Bristol, City of",2a1r,Larger Towns and Cities,Urban_Non_London,J01000015,Bristol
E02003013,E06000023,"Bristol, City of",2a1r,Larger Towns and Cities,Urban_Non_London,J01000015,Bristol
E02003014,E06000023,"Bristol, City of",2a1r,Larger Towns and Cities,Urban_Non_London,J01000015,Bristol
E02003015,E06000023,"Bristol, City of",2a1r,Larger Towns and Cities,Urban_Non_London,J01000015,Bristol
E02003016,E06000023,"Bristol, City of",2a1r,Larger Towns and Cities,Urban_Non_London,J01000015,Bristol
E02003017,E06000023,"Bristol, City of",2a1r,Larger Towns and Cities,Urban_Non_London,J01000015,Bristol
E02003018,E06000023,"Bristol, City of",2a1r,Larger Towns and Cities,Urban_Non_London,J01000015,Bristol
E02003019,E06000023,"Bristol, City of",2a1r,Larger Towns and Cities,Urban_Non_London,J01000015,Bristol
E02003020,E06000023,"Bristol, City of",2a1r,Larger Towns and Cities,Urban_Non_London,J01000015,Bristol
E02003021,E06000023,"Bristol, City of",2a1r,Larger Towns and Cities,Urban_Non_London,J01000015,Bristol
E02003022,E06000023,"Bristol, City of",2a1r,Larger Towns and Cities,Urban_Non_London,J01000015,Bristol
E02003023,E06000023,"Bristol, City of",2a1r,Larger Towns and Cities,Urban_Non_London,J01000015,Bristol
E02003024,E06000023,"Bristol, City of",2a1r,Larger Towns and Cities,Urban_Non_London,J01000015,Bristol
E02003025,E06000023,"Bristol, City of",2a1r,Larger Towns and Cities,Urban_Non_London,J01000015,Bristol
E02003026,E06000023,"Bristol, City of",2a1r,Larger Towns and Cities,Urban_Non_London,J01000015,Bristol
E02003027,E06000023,"Bristol, City of",2a1r,Larger Towns and Cities,Urban_Non_London,J01000015,Bristol
E02003028,E06000023,"Bristol, City of",2a1r,Larger Towns and Cities,Urban_Non_London,J01000015,Bristol
E02003029,E06000023,"Bristol, City of",2a1r,Larger Towns and Cities,Urban_Non_London,J01000015,Bristol
E02003030,E06000023,"Bristol, City of",2a1r,Larger Towns and Cities,Urban_Non_London,J01000015,Bristol
E02003031,E06000023,"Bristol, City of",2a1r,Larger Towns and Cities,Urban_Non_London,J01000015,Bristol
E02003032,E06000023,"Bristol, City of",2a1r,Larger Towns and Cities,Urban_Non_London,J01000015,Bristol
E02003033,E06000023,"Bristol, City of",2a1r,Larger Towns and Cities,Urban_Non_London,J01000015,Bristol
E02003034,E06000023,"Bristol, City of",2a1r,Larger Towns and Cities,Urban_Non_London,J01000015,Bristol
E02003036,E06000023,"Bristol, City of",2a1r,Larger Towns and Cities,Urban_Non_London,J01000015,Bristol
E02003037,E06000023,"Bristol, City of",2a1r,Larger Towns and Cities,Urban_Non_London,J01000015,Bristol
E02003038,E06000023,"Bristol, City of",2a1r,Larger Towns and Cities,Urban_Non_London,J01000015,Bristol
E02003039,E06000023,"Bristol, City of",2a1r,Larger Towns and Cities,Urban_Non_London,J01000015,Bristol
E02003040,E06000023,"Bristol, City of",2a1r,Larger Towns and Cities,Urban_Non_London,J01000015,Bristol
E02003041,E06000023,"Bristol, City of",2a1r,Larger Towns and Cities,Urban_Non_London,J01000015,Bristol
E02003043,E06000023,"Bristol, City of",2a1r,Larger Towns and Cities,Urban_Non_London,J01000015,Bristol
E02003044,E06000023,"Bristol, City of",2a1r,Larger Towns and Cities,Urban_Non_London,J01000015,Bristol
E02003045,E06000023,"Bristol, City of",2a1r,Larger Towns and Cities,Urban_Non_London,J01000015,Bristol
E02003046,E06000023,"Bristol, City of",2a1r,Larger Towns and Cities,Urban_Non_London,J01000015,Bristol
E02003047,E06000023,"Bristol, City of",2a1r,Larger Towns and Cities,Urban_Non_London,J01000015,Bristol
E02003048,E06000023,"Bristol, City of",2a1r,Larger Towns and Cities,Urban_Non_London,J01000015,Bristol
E02003049,E06000023,"Bristol, City of",2a1r,Larger Towns and Cities,Urban_Non_London,J01000015,Bristol
E02003050,E06000023,"Bristol, City of",2a1r,Larger Towns and Cities,Urban_Non_London,J01000015,Bristol
E02003051,E06000023,"Bristol, City of",2a1r,Larger Towns and Cities,Urban_Non_London,J01000015,Bristol
E02003052,E06000023,"Bristol, City of",2a1r,Larger Towns and Cities,Urban_Non_London,J01000015,Bristol
E02003053,E06000023,"Bristol, City of",2a1r,Larger Towns and Cities,Urban_Non_London,J01000015,Bristol
E02003054,E06000023,"Bristol, City of",2a1r,Larger Towns and Cities,Urban_Non_London,J01000015,Bristol
E02003055,E06000023,"Bristol, City of",2a1r,Larger Towns and Cities,Urban_Non_London,J01000015,Bristol
E02003056,E06000023,"Bristol, City of",2a1r,Larger Towns and Cities,Urban_Non_London,J01000015,Bristol
E02003057,E06000023,"Bristol, City of",2a1r,Larger Towns and Cities,Urban_Non_London,J01000015,Bristol
E02003058,E06000023,"Bristol, City of",2a1r,Larger Towns and Cities,Urban_Non_London,J01000015,Bristol
E02003059,E06000023,"Bristol, City of",2a1r,Larger Towns and Cities,Urban_Non_London,J01000015,Bristol
E02003060,E06000023,"Bristol, City of",2a1r,Larger Towns and Cities,Urban_Non_London,J01000015,Bristol
E02003061,E06000023,"Bristol, City of",2a1r,Larger Towns and Cities,Urban_Non_London,J01000015,Bristol
E02003062,E06000023,"Bristol, City of",2a1r,Larger Towns and Cities,Urban_Non_London,J01000015,Bristol
E02003063,E06000023,"Bristol, City of",2a1r,Larger Towns and Cities,Urban_Non_London,J01000015,Bristol
E02003064,E06000023,"Bristol, City of",2a1r,Larger Towns and Cities,Urban_Non_London,J01000015,Bristol
E02003065,E06000024,North Somerset,3a2r,Sparse English and Welsh Countryside,Countryside,NA,NA
E02003066,E06000024,North Somerset,3a2r,Sparse English and Welsh Countryside,Countryside,NA,NA
E02003067,E06000024,North Somerset,3a2r,Sparse English and Welsh Countryside,Countryside,NA,NA
E02003068,E06000024,North Somerset,3a2r,Sparse English and Welsh Countryside,Countryside,NA,NA
E02003069,E06000024,North Somerset,3a2r,Sparse English and Welsh Countryside,Countryside,NA,NA
E02003070,E06000024,North Somerset,3a2r,Sparse English and Welsh Countryside,Countryside,NA,NA
E02003071,E06000024,North Somerset,3a2r,Sparse English and Welsh Countryside,Countryside,NA,NA
E02003072,E06000024,North Somerset,3a2r,Sparse English and Welsh Countryside,Countryside,NA,NA
E02003073,E06000024,North Somerset,3a2r,Sparse English and Welsh Countryside,Countryside,NA,NA
E02003074,E06000024,North Somerset,3a2r,Sparse English and Welsh Countryside,Countryside,NA,NA
E02003075,E06000024,North Somerset,3a2r,Sparse English and Welsh Countryside,Countryside,NA,NA
E02003076,E06000024,North Somerset,3a2r,Sparse English and Welsh Countryside,Countryside,NA,NA
E02003077,E06000024,North Somerset,3a2r,Sparse English and Welsh Countryside,Countryside,NA,NA
E02003078,E06000024,North Somerset,3a2r,Sparse English and Welsh Countryside,Countryside,NA,NA
E02003079,E06000024,North Somerset,3a2r,Sparse English and Welsh Countryside,Countryside,J01000106,Weston-Super-Mare
E02003080,E06000024,North Somerset,3a2r,Sparse English and Welsh Countryside,Countryside,J01000106,Weston-Super-Mare
E02003081,E06000024,North Somerset,3a2r,Sparse English and Welsh Countryside,Countryside,J01000106,Weston-Super-Mare
E02003082,E06000024,North Somerset,3a2r,Sparse English and Welsh Countryside,Countryside,J01000106,Weston-Super-Mare
E02003084,E06000024,North Somerset,3a2r,Sparse English and Welsh Countryside,Countryside,J01000106,Weston-Super-Mare
E02003085,E06000024,North Somerset,3a2r,Sparse English and Welsh Countryside,Countryside,J01000106,Weston-Super-Mare
E02003086,E06000024,North Somerset,3a2r,Sparse English and Welsh Countryside,Countryside,J01000106,Weston-Super-Mare
E02003087,E06000024,North Somerset,3a2r,Sparse English and Welsh Countryside,Countryside,NA,NA
E02003088,E06000024,North Somerset,3a2r,Sparse English and Welsh Countryside,Countryside,NA,NA
E02003089,E06000024,North Somerset,3a2r,Sparse English and Welsh Countryside,Countryside,J01000106,Weston-Super-Mare
E02003090,E06000025,South Gloucestershire,7c2r,Prosperous Towns,Rural_Prosperous,NA,NA
E02003091,E06000025,South Gloucestershire,7c2r,Prosperous Towns,Rural_Prosperous,NA,NA
E02003092,E06000025,South Gloucestershire,7c2r,Prosperous Towns,Rural_Prosperous,NA,NA
E02003093,E06000025,South Gloucestershire,7c2r,Prosperous Towns,Rural_Prosperous,NA,NA
E02003094,E06000025,South Gloucestershire,7c2r,Prosperous Towns,Rural_Prosperous,NA,NA
E02003095,E06000025,South Gloucestershire,7c2r,Prosperous Towns,Rural_Prosperous,NA,NA
E02003096,E06000025,South Gloucestershire,7c2r,Prosperous Towns,Rural_Prosperous,NA,NA
E02003097,E06000025,South Gloucestershire,7c2r,Prosperous Towns,Rural_Prosperous,NA,NA
E02003098,E06000025,South Gloucestershire,7c2r,Prosperous Towns,Rural_Prosperous,NA,NA
E02003099,E06000025,South Gloucestershire,7c2r,Prosperous Towns,Rural_Prosperous,NA,NA
E02003100,E06000025,South Gloucestershire,7c2r,Prosperous Towns,Rural_Prosperous,NA,NA
E02003101,E06000025,South Gloucestershire,7c2r,Prosperous Towns,Rural_Prosperous,NA,NA
E02003102,E06000025,South Gloucestershire,7c2r,Prosperous Towns,Rural_Prosperous,NA,NA
E02003103,E06000025,South Gloucestershire,7c2r,Prosperous Towns,Rural_Prosperous,NA,NA
E02003104,E06000025,South Gloucestershire,7c2r,Prosperous Towns,Rural_Prosperous,NA,NA
E02003105,E06000025,South Gloucestershire,7c2r,Prosperous Towns,Rural_Prosperous,NA,NA
E02003106,E06000025,South Gloucestershire,7c2r,Prosperous Towns,Rural_Prosperous,NA,NA
E02003107,E06000025,South Gloucestershire,7c2r,Prosperous Towns,Rural_Prosperous,NA,NA
E02003108,E06000025,South Gloucestershire,7c2r,Prosperous Towns,Rural_Prosperous,NA,NA
E02003109,E06000025,South Gloucestershire,7c2r,Prosperous Towns,Rural_Prosperous,J01000015,Bristol
E02003110,E06000025,South Gloucestershire,7c2r,Prosperous Towns,Rural_Prosperous,J01000015,Bristol
E02003111,E06000025,South Gloucestershire,7c2r,Prosperous Towns,Rural_Prosperous,J01000015,Bristol
E02003112,E06000025,South Gloucestershire,7c2r,Prosperous Towns,Rural_Prosperous,J01000015,Bristol
E02003113,E06000025,South Gloucestershire,7c2r,Prosperous Towns,Rural_Prosperous,NA,NA
E02003114,E06000025,South Gloucestershire,7c2r,Prosperous Towns,Rural_Prosperous,J01000015,Bristol
E02003115,E06000025,South Gloucestershire,7c2r,Prosperous Towns,Rural_Prosperous,J01000015,Bristol
E02003116,E06000025,South Gloucestershire,7c2r,Prosperous Towns,Rural_Prosperous,J01000015,Bristol
E02003117,E06000025,South Gloucestershire,7c2r,Prosperous Towns,Rural_Prosperous,J01000015,Bristol
E02003118,E06000025,South Gloucestershire,7c2r,Prosperous Towns,Rural_Prosperous,J01000015,Bristol
E02003119,E06000025,South Gloucestershire,7c2r,Prosperous Towns,Rural_Prosperous,J01000015,Bristol
E02003120,E06000025,South Gloucestershire,7c2r,Prosperous Towns,Rural_Prosperous,J01000015,Bristol
E02003121,E06000025,South Gloucestershire,7c2r,Prosperous Towns,Rural_Prosperous,J01000015,Bristol
E02003122,E06000026,Plymouth,2a1r,Larger Towns and Cities,Urban_Non_London,J01000072,Plymouth
E02003123,E06000026,Plymouth,2a1r,Larger Towns and Cities,Urban_Non_London,J01000072,Plymouth
E02003124,E06000026,Plymouth,2a1r,Larger Towns and Cities,Urban_Non_London,J01000072,Plymouth
E02003125,E06000026,Plymouth,2a1r,Larger Towns and Cities,Urban_Non_London,J01000072,Plymouth
E02003126,E06000026,Plymouth,2a1r,Larger Towns and Cities,Urban_Non_London,J01000072,Plymouth
E02003127,E06000026,Plymouth,2a1r,Larger Towns and Cities,Urban_Non_London,J01000072,Plymouth
E02003128,E06000026,Plymouth,2a1r,Larger Towns and Cities,Urban_Non_London,J01000072,Plymouth
E02003129,E06000026,Plymouth,2a1r,Larger Towns and Cities,Urban_Non_London,J01000072,Plymouth
E02003130,E06000026,Plymouth,2a1r,Larger Towns and Cities,Urban_Non_London,J01000072,Plymouth
E02003131,E06000026,Plymouth,2a1r,Larger Towns and Cities,Urban_Non_London,J01000072,Plymouth
E02003132,E06000026,Plymouth,2a1r,Larger Towns and Cities,Urban_Non_London,J01000072,Plymouth
E02003133,E06000026,Plymouth,2a1r,Larger Towns and Cities,Urban_Non_London,J01000072,Plymouth
E02003134,E06000026,Plymouth,2a1r,Larger Towns and Cities,Urban_Non_London,J01000072,Plymouth
E02003135,E06000026,Plymouth,2a1r,Larger Towns and Cities,Urban_Non_London,J01000072,Plymouth
E02003136,E06000026,Plymouth,2a1r,Larger Towns and Cities,Urban_Non_London,J01000072,Plymouth
E02003137,E06000026,Plymouth,2a1r,Larger Towns and Cities,Urban_Non_London,J01000072,Plymouth
E02003138,E06000026,Plymouth,2a1r,Larger Towns and Cities,Urban_Non_London,J01000072,Plymouth
E02003139,E06000026,Plymouth,2a1r,Larger Towns and Cities,Urban_Non_London,J01000072,Plymouth
E02003140,E06000026,Plymouth,2a1r,Larger Towns and Cities,Urban_Non_London,J01000072,Plymouth
E02003141,E06000026,Plymouth,2a1r,Larger Towns and Cities,Urban_Non_London,J01000072,Plymouth
E02003142,E06000026,Plymouth,2a1r,Larger Towns and Cities,Urban_Non_London,J01000072,Plymouth
E02003143,E06000026,Plymouth,2a1r,Larger Towns and Cities,Urban_Non_London,J01000072,Plymouth
E02003144,E06000026,Plymouth,2a1r,Larger Towns and Cities,Urban_Non_London,J01000072,Plymouth
E02003145,E06000026,Plymouth,2a1r,Larger Towns and Cities,Urban_Non_London,J01000072,Plymouth
E02003146,E06000026,Plymouth,2a1r,Larger Towns and Cities,Urban_Non_London,J01000072,Plymouth
E02003147,E06000026,Plymouth,2a1r,Larger Towns and Cities,Urban_Non_London,J01000072,Plymouth
E02003148,E06000026,Plymouth,2a1r,Larger Towns and Cities,Urban_Non_London,J01000072,Plymouth
E02003149,E06000026,Plymouth,2a1r,Larger Towns and Cities,Urban_Non_London,J01000072,Plymouth
E02003150,E06000026,Plymouth,2a1r,Larger Towns and Cities,Urban_Non_London,J01000072,Plymouth
E02003151,E06000026,Plymouth,2a1r,Larger Towns and Cities,Urban_Non_London,J01000072,Plymouth
E02003152,E06000026,Plymouth,2a1r,Larger Towns and Cities,Urban_Non_London,J01000072,Plymouth
E02003153,E06000026,Plymouth,2a1r,Larger Towns and Cities,Urban_Non_London,J01000072,Plymouth
E02003154,E06000027,Torbay,3b2r,Seaside Living,Seaside,NA,NA
E02003155,E06000027,Torbay,3b2r,Seaside Living,Seaside,NA,NA
E02003156,E06000027,Torbay,3b2r,Seaside Living,Seaside,NA,NA
E02003157,E06000027,Torbay,3b2r,Seaside Living,Seaside,NA,NA
E02003158,E06000027,Torbay,3b2r,Seaside Living,Seaside,NA,NA
E02003159,E06000027,Torbay,3b2r,Seaside Living,Seaside,NA,NA
E02003161,E06000027,Torbay,3b2r,Seaside Living,Seaside,NA,NA
E02003163,E06000027,Torbay,3b2r,Seaside Living,Seaside,NA,NA
E02003164,E06000027,Torbay,3b2r,Seaside Living,Seaside,NA,NA
E02003165,E06000027,Torbay,3b2r,Seaside Living,Seaside,NA,NA
E02003166,E06000027,Torbay,3b2r,Seaside Living,Seaside,NA,NA
E02003167,E06000027,Torbay,3b2r,Seaside Living,Seaside,NA,NA
E02003168,E06000027,Torbay,3b2r,Seaside Living,Seaside,NA,NA
E02003169,E06000027,Torbay,3b2r,Seaside Living,Seaside,NA,NA
E02003170,E06000027,Torbay,3b2r,Seaside Living,Seaside,NA,NA
E02003171,E06000027,Torbay,3b2r,Seaside Living,Seaside,NA,NA
E02003172,E06000028,Bournemouth,2a1r,Larger Towns and Cities,Urban_Non_London,J01000011,Bournemouth
E02003173,E06000028,Bournemouth,2a1r,Larger Towns and Cities,Urban_Non_London,J01000011,Bournemouth
E02003174,E06000028,Bournemouth,2a1r,Larger Towns and Cities,Urban_Non_London,J01000011,Bournemouth
E02003175,E06000028,Bournemouth,2a1r,Larger Towns and Cities,Urban_Non_London,J01000011,Bournemouth
E02003176,E06000028,Bournemouth,2a1r,Larger Towns and Cities,Urban_Non_London,J01000011,Bournemouth
E02003177,E06000028,Bournemouth,2a1r,Larger Towns and Cities,Urban_Non_London,J01000011,Bournemouth
E02003178,E06000028,Bournemouth,2a1r,Larger Towns and Cities,Urban_Non_London,J01000011,Bournemouth
E02003179,E06000028,Bournemouth,2a1r,Larger Towns and Cities,Urban_Non_London,J01000011,Bournemouth
E02003180,E06000028,Bournemouth,2a1r,Larger Towns and Cities,Urban_Non_London,J01000011,Bournemouth
E02003181,E06000028,Bournemouth,2a1r,Larger Towns and Cities,Urban_Non_London,J01000011,Bournemouth
E02003182,E06000028,Bournemouth,2a1r,Larger Towns and Cities,Urban_Non_London,J01000011,Bournemouth
E02003183,E06000028,Bournemouth,2a1r,Larger Towns and Cities,Urban_Non_London,J01000011,Bournemouth
E02003184,E06000028,Bournemouth,2a1r,Larger Towns and Cities,Urban_Non_London,J01000011,Bournemouth
E02003185,E06000028,Bournemouth,2a1r,Larger Towns and Cities,Urban_Non_London,J01000011,Bournemouth
E02003186,E06000028,Bournemouth,2a1r,Larger Towns and Cities,Urban_Non_London,J01000011,Bournemouth
E02003187,E06000028,Bournemouth,2a1r,Larger Towns and Cities,Urban_Non_London,J01000011,Bournemouth
E02003188,E06000028,Bournemouth,2a1r,Larger Towns and Cities,Urban_Non_London,J01000011,Bournemouth
E02003189,E06000028,Bournemouth,2a1r,Larger Towns and Cities,Urban_Non_London,J01000011,Bournemouth
E02003190,E06000028,Bournemouth,2a1r,Larger Towns and Cities,Urban_Non_London,J01000011,Bournemouth
E02003191,E06000028,Bournemouth,2a1r,Larger Towns and Cities,Urban_Non_London,J01000011,Bournemouth
E02003192,E06000028,Bournemouth,2a1r,Larger Towns and Cities,Urban_Non_London,J01000011,Bournemouth
E02003194,E06000029,Poole,7c2r,Prosperous Towns,Rural_Prosperous,NA,NA
E02003195,E06000029,Poole,7c2r,Prosperous Towns,Rural_Prosperous,J01000011,Bournemouth
E02003196,E06000029,Poole,7c2r,Prosperous Towns,Rural_Prosperous,J01000073,Poole
E02003197,E06000029,Poole,7c2r,Prosperous Towns,Rural_Prosperous,J01000073,Poole
E02003198,E06000029,Poole,7c2r,Prosperous Towns,Rural_Prosperous,J01000073,Poole
E02003199,E06000029,Poole,7c2r,Prosperous Towns,Rural_Prosperous,J01000073,Poole
E02003200,E06000029,Poole,7c2r,Prosperous Towns,Rural_Prosperous,J01000073,Poole
E02003201,E06000029,Poole,7c2r,Prosperous Towns,Rural_Prosperous,J01000073,Poole
E02003202,E06000029,Poole,7c2r,Prosperous Towns,Rural_Prosperous,J01000073,Poole
E02003203,E06000029,Poole,7c2r,Prosperous Towns,Rural_Prosperous,J01000073,Poole
E02003204,E06000029,Poole,7c2r,Prosperous Towns,Rural_Prosperous,J01000073,Poole
E02003205,E06000029,Poole,7c2r,Prosperous Towns,Rural_Prosperous,J01000073,Poole
E02003206,E06000029,Poole,7c2r,Prosperous Towns,Rural_Prosperous,J01000073,Poole
E02003207,E06000029,Poole,7c2r,Prosperous Towns,Rural_Prosperous,J01000073,Poole
E02003208,E06000029,Poole,7c2r,Prosperous Towns,Rural_Prosperous,J01000073,Poole
E02003209,E06000029,Poole,7c2r,Prosperous Towns,Rural_Prosperous,J01000073,Poole
E02003210,E06000029,Poole,7c2r,Prosperous Towns,Rural_Prosperous,J01000073,Poole
E02003211,E06000029,Poole,7c2r,Prosperous Towns,Rural_Prosperous,J01000073,Poole
E02003212,E06000030,Swindon,8b2r,Expanding Areas,Growth_Areas,NA,NA
E02003214,E06000030,Swindon,8b2r,Expanding Areas,Growth_Areas,J01000099,Swindon
E02003215,E06000030,Swindon,8b2r,Expanding Areas,Growth_Areas,J01000099,Swindon
E02003216,E06000030,Swindon,8b2r,Expanding Areas,Growth_Areas,J01000099,Swindon
E02003217,E06000030,Swindon,8b2r,Expanding Areas,Growth_Areas,J01000099,Swindon
E02003218,E06000030,Swindon,8b2r,Expanding Areas,Growth_Areas,J01000099,Swindon
E02003219,E06000030,Swindon,8b2r,Expanding Areas,Growth_Areas,NA,NA
E02003220,E06000030,Swindon,8b2r,Expanding Areas,Growth_Areas,J01000099,Swindon
E02003221,E06000030,Swindon,8b2r,Expanding Areas,Growth_Areas,J01000099,Swindon
E02003222,E06000030,Swindon,8b2r,Expanding Areas,Growth_Areas,J01000099,Swindon
E02003223,E06000030,Swindon,8b2r,Expanding Areas,Growth_Areas,J01000099,Swindon
E02003224,E06000030,Swindon,8b2r,Expanding Areas,Growth_Areas,J01000099,Swindon
E02003225,E06000030,Swindon,8b2r,Expanding Areas,Growth_Areas,J01000099,Swindon
E02003226,E06000030,Swindon,8b2r,Expanding Areas,Growth_Areas,J01000099,Swindon
E02003227,E06000030,Swindon,8b2r,Expanding Areas,Growth_Areas,J01000099,Swindon
E02003228,E06000030,Swindon,8b2r,Expanding Areas,Growth_Areas,J01000099,Swindon
E02003229,E06000030,Swindon,8b2r,Expanding Areas,Growth_Areas,J01000099,Swindon
E02003230,E06000030,Swindon,8b2r,Expanding Areas,Growth_Areas,J01000099,Swindon
E02003231,E06000030,Swindon,8b2r,Expanding Areas,Growth_Areas,J01000099,Swindon
E02003232,E06000030,Swindon,8b2r,Expanding Areas,Growth_Areas,J01000099,Swindon
E02003233,E06000030,Swindon,8b2r,Expanding Areas,Growth_Areas,J01000099,Swindon
E02003234,E06000030,Swindon,8b2r,Expanding Areas,Growth_Areas,J01000099,Swindon
E02003235,E06000030,Swindon,8b2r,Expanding Areas,Growth_Areas,J01000099,Swindon
E02003236,E06000030,Swindon,8b2r,Expanding Areas,Growth_Areas,NA,NA
E02003237,E06000031,Peterborough,8b2r,Expanding Areas,Growth_Areas,NA,NA
E02003238,E06000031,Peterborough,8b2r,Expanding Areas,Growth_Areas,J01000071,Peterborough
E02003239,E06000031,Peterborough,8b2r,Expanding Areas,Growth_Areas,J01000071,Peterborough
E02003240,E06000031,Peterborough,8b2r,Expanding Areas,Growth_Areas,NA,NA
E02003241,E06000031,Peterborough,8b2r,Expanding Areas,Growth_Areas,NA,NA
E02003242,E06000031,Peterborough,8b2r,Expanding Areas,Growth_Areas,J01000071,Peterborough
E02003243,E06000031,Peterborough,8b2r,Expanding Areas,Growth_Areas,J01000071,Peterborough
E02003244,E06000031,Peterborough,8b2r,Expanding Areas,Growth_Areas,J01000071,Peterborough
E02003245,E06000031,Peterborough,8b2r,Expanding Areas,Growth_Areas,J01000071,Peterborough
E02003246,E06000031,Peterborough,8b2r,Expanding Areas,Growth_Areas,J01000071,Peterborough
E02003247,E06000031,Peterborough,8b2r,Expanding Areas,Growth_Areas,J01000071,Peterborough
E02003248,E06000031,Peterborough,8b2r,Expanding Areas,Growth_Areas,J01000071,Peterborough
E02003249,E06000031,Peterborough,8b2r,Expanding Areas,Growth_Areas,J01000071,Peterborough
E02003250,E06000031,Peterborough,8b2r,Expanding Areas,Growth_Areas,J01000071,Peterborough
E02003251,E06000031,Peterborough,8b2r,Expanding Areas,Growth_Areas,J01000071,Peterborough
E02003252,E06000031,Peterborough,8b2r,Expanding Areas,Growth_Areas,J01000071,Peterborough
E02003253,E06000031,Peterborough,8b2r,Expanding Areas,Growth_Areas,J01000071,Peterborough
E02003254,E06000031,Peterborough,8b2r,Expanding Areas,Growth_Areas,J01000071,Peterborough
E02003255,E06000031,Peterborough,8b2r,Expanding Areas,Growth_Areas,J01000071,Peterborough
E02003257,E06000031,Peterborough,8b2r,Expanding Areas,Growth_Areas,J01000071,Peterborough
E02003258,E06000032,Luton,4a1r,Ethnically Diverse Metropolitan  Living,Urban_Non_London,J01000056,Luton
E02003259,E06000032,Luton,4a1r,Ethnically Diverse Metropolitan  Living,Urban_Non_London,J01000056,Luton
E02003260,E06000032,Luton,4a1r,Ethnically Diverse Metropolitan  Living,Urban_Non_London,J01000056,Luton
E02003261,E06000032,Luton,4a1r,Ethnically Diverse Metropolitan  Living,Urban_Non_London,J01000056,Luton
E02003262,E06000032,Luton,4a1r,Ethnically Diverse Metropolitan  Living,Urban_Non_London,J01000056,Luton
E02003263,E06000032,Luton,4a1r,Ethnically Diverse Metropolitan  Living,Urban_Non_London,J01000056,Luton
E02003264,E06000032,Luton,4a1r,Ethnically Diverse Metropolitan  Living,Urban_Non_London,J01000056,Luton
E02003265,E06000032,Luton,4a1r,Ethnically Diverse Metropolitan  Living,Urban_Non_London,J01000056,Luton
E02003266,E06000032,Luton,4a1r,Ethnically Diverse Metropolitan  Living,Urban_Non_London,J01000056,Luton
E02003267,E06000032,Luton,4a1r,Ethnically Diverse Metropolitan  Living,Urban_Non_London,J01000056,Luton
E02003268,E06000032,Luton,4a1r,Ethnically Diverse Metropolitan  Living,Urban_Non_London,J01000056,Luton
E02003269,E06000032,Luton,4a1r,Ethnically Diverse Metropolitan  Living,Urban_Non_London,J01000056,Luton
E02003270,E06000032,Luton,4a1r,Ethnically Diverse Metropolitan  Living,Urban_Non_London,J01000056,Luton
E02003271,E06000032,Luton,4a1r,Ethnically Diverse Metropolitan  Living,Urban_Non_London,J01000056,Luton
E02003272,E06000032,Luton,4a1r,Ethnically Diverse Metropolitan  Living,Urban_Non_London,J01000056,Luton
E02003273,E06000032,Luton,4a1r,Ethnically Diverse Metropolitan  Living,Urban_Non_London,J01000056,Luton
E02003274,E06000032,Luton,4a1r,Ethnically Diverse Metropolitan  Living,Urban_Non_London,J01000056,Luton
E02003275,E06000032,Luton,4a1r,Ethnically Diverse Metropolitan  Living,Urban_Non_London,J01000056,Luton
E02003276,E06000032,Luton,4a1r,Ethnically Diverse Metropolitan  Living,Urban_Non_London,J01000056,Luton
E02003277,E06000032,Luton,4a1r,Ethnically Diverse Metropolitan  Living,Urban_Non_London,J01000056,Luton
E02003278,E06000032,Luton,4a1r,Ethnically Diverse Metropolitan  Living,Urban_Non_London,J01000056,Luton
E02003279,E06000033,Southend-on-Sea,8a2r,Urban Living,Urban_Non_London,J01000088,Southend-on-Sea
E02003280,E06000033,Southend-on-Sea,8a2r,Urban Living,Urban_Non_London,J01000088,Southend-on-Sea
E02003281,E06000033,Southend-on-Sea,8a2r,Urban Living,Urban_Non_London,J01000088,Southend-on-Sea
E02003282,E06000033,Southend-on-Sea,8a2r,Urban Living,Urban_Non_London,J01000088,Southend-on-Sea
E02003283,E06000033,Southend-on-Sea,8a2r,Urban Living,Urban_Non_London,J01000088,Southend-on-Sea
E02003284,E06000033,Southend-on-Sea,8a2r,Urban Living,Urban_Non_London,J01000088,Southend-on-Sea
E02003285,E06000033,Southend-on-Sea,8a2r,Urban Living,Urban_Non_London,J01000088,Southend-on-Sea
E02003286,E06000033,Southend-on-Sea,8a2r,Urban Living,Urban_Non_London,J01000088,Southend-on-Sea
E02003287,E06000033,Southend-on-Sea,8a2r,Urban Living,Urban_Non_London,J01000088,Southend-on-Sea
E02003288,E06000033,Southend-on-Sea,8a2r,Urban Living,Urban_Non_London,J01000088,Southend-on-Sea
E02003289,E06000033,Southend-on-Sea,8a2r,Urban Living,Urban_Non_London,J01000088,Southend-on-Sea
E02003290,E06000033,Southend-on-Sea,8a2r,Urban Living,Urban_Non_London,J01000088,Southend-on-Sea
E02003291,E06000033,Southend-on-Sea,8a2r,Urban Living,Urban_Non_London,J01000088,Southend-on-Sea
E02003292,E06000033,Southend-on-Sea,8a2r,Urban Living,Urban_Non_London,J01000088,Southend-on-Sea
E02003293,E06000033,Southend-on-Sea,8a2r,Urban Living,Urban_Non_London,J01000088,Southend-on-Sea
E02003294,E06000033,Southend-on-Sea,8a2r,Urban Living,Urban_Non_London,J01000088,Southend-on-Sea
E02003295,E06000033,Southend-on-Sea,8a2r,Urban Living,Urban_Non_London,J01000088,Southend-on-Sea
E02003296,E06000034,Thurrock,8b1r,City Periphery,Urban_Non_London,NA,NA
E02003297,E06000034,Thurrock,8b1r,City Periphery,Urban_Non_London,NA,NA
E02003298,E06000034,Thurrock,8b1r,City Periphery,Urban_Non_London,NA,NA
E02003299,E06000034,Thurrock,8b1r,City Periphery,Urban_Non_London,NA,NA
E02003300,E06000034,Thurrock,8b1r,City Periphery,Urban_Non_London,NA,NA
E02003301,E06000034,Thurrock,8b1r,City Periphery,Urban_Non_London,NA,NA
E02003302,E06000034,Thurrock,8b1r,City Periphery,Urban_Non_London,NA,NA
E02003303,E06000034,Thurrock,8b1r,City Periphery,Urban_Non_London,NA,NA
E02003304,E06000034,Thurrock,8b1r,City Periphery,Urban_Non_London,NA,NA
E02003305,E06000034,Thurrock,8b1r,City Periphery,Urban_Non_London,NA,NA
E02003307,E06000034,Thurrock,8b1r,City Periphery,Urban_Non_London,NA,NA
E02003308,E06000034,Thurrock,8b1r,City Periphery,Urban_Non_London,NA,NA
E02003309,E06000034,Thurrock,8b1r,City Periphery,Urban_Non_London,NA,NA
E02003310,E06000034,Thurrock,8b1r,City Periphery,Urban_Non_London,NA,NA
E02003311,E06000034,Thurrock,8b1r,City Periphery,Urban_Non_London,NA,NA
E02003312,E06000034,Thurrock,8b1r,City Periphery,Urban_Non_London,NA,NA
E02003313,E06000034,Thurrock,8b1r,City Periphery,Urban_Non_London,NA,NA
E02003314,E06000035,Medway,8b1r,City Periphery,Urban_Non_London,NA,NA
E02003315,E06000035,Medway,8b1r,City Periphery,Urban_Non_London,NA,NA
E02003316,E06000035,Medway,8b1r,City Periphery,Urban_Non_London,NA,NA
E02003317,E06000035,Medway,8b1r,City Periphery,Urban_Non_London,NA,NA
E02003318,E06000035,Medway,8b1r,City Periphery,Urban_Non_London,NA,NA
E02003319,E06000035,Medway,8b1r,City Periphery,Urban_Non_London,NA,NA
E02003320,E06000035,Medway,8b1r,City Periphery,Urban_Non_London,J01000037,Gillingham
E02003321,E06000035,Medway,8b1r,City Periphery,Urban_Non_London,NA,NA
E02003322,E06000035,Medway,8b1r,City Periphery,Urban_Non_London,J01000037,Gillingham
E02003323,E06000035,Medway,8b1r,City Periphery,Urban_Non_London,J01000037,Gillingham
E02003324,E06000035,Medway,8b1r,City Periphery,Urban_Non_London,NA,NA
E02003325,E06000035,Medway,8b1r,City Periphery,Urban_Non_London,J01000037,Gillingham
E02003326,E06000035,Medway,8b1r,City Periphery,Urban_Non_London,J01000037,Gillingham
E02003327,E06000035,Medway,8b1r,City Periphery,Urban_Non_London,NA,NA
E02003328,E06000035,Medway,8b1r,City Periphery,Urban_Non_London,J01000022,Chatham
E02003329,E06000035,Medway,8b1r,City Periphery,Urban_Non_London,J01000037,Gillingham
E02003330,E06000035,Medway,8b1r,City Periphery,Urban_Non_London,NA,NA
E02003331,E06000035,Medway,8b1r,City Periphery,Urban_Non_London,J01000037,Gillingham
E02003332,E06000035,Medway,8b1r,City Periphery,Urban_Non_London,J01000037,Gillingham
E02003333,E06000035,Medway,8b1r,City Periphery,Urban_Non_London,J01000022,Chatham
E02003334,E06000035,Medway,8b1r,City Periphery,Urban_Non_London,J01000022,Chatham
E02003335,E06000035,Medway,8b1r,City Periphery,Urban_Non_London,J01000022,Chatham
E02003336,E06000035,Medway,8b1r,City Periphery,Urban_Non_London,J01000037,Gillingham
E02003337,E06000035,Medway,8b1r,City Periphery,Urban_Non_London,NA,NA
E02003338,E06000035,Medway,8b1r,City Periphery,Urban_Non_London,J01000037,Gillingham
E02003339,E06000035,Medway,8b1r,City Periphery,Urban_Non_London,NA,NA
E02003340,E06000035,Medway,8b1r,City Periphery,Urban_Non_London,J01000022,Chatham
E02003341,E06000035,Medway,8b1r,City Periphery,Urban_Non_London,NA,NA
E02003342,E06000035,Medway,8b1r,City Periphery,Urban_Non_London,J01000037,Gillingham
E02003343,E06000035,Medway,8b1r,City Periphery,Urban_Non_London,J01000037,Gillingham
E02003344,E06000035,Medway,8b1r,City Periphery,Urban_Non_London,J01000022,Chatham
E02003345,E06000035,Medway,8b1r,City Periphery,Urban_Non_London,J01000037,Gillingham
E02003346,E06000035,Medway,8b1r,City Periphery,Urban_Non_London,J01000022,Chatham
E02003347,E06000035,Medway,8b1r,City Periphery,Urban_Non_London,J01000022,Chatham
E02003348,E06000035,Medway,8b1r,City Periphery,Urban_Non_London,J01000037,Gillingham
E02003349,E06000035,Medway,8b1r,City Periphery,Urban_Non_London,J01000037,Gillingham
E02003350,E06000035,Medway,8b1r,City Periphery,Urban_Non_London,J01000022,Chatham
E02003351,E06000035,Medway,8b1r,City Periphery,Urban_Non_London,J01000022,Chatham
E02003352,E06000036,Bracknell Forest,1a1r,Rural-Urban Fringe,Rural_Prosperous,J01000012,Bracknell
E02003353,E06000036,Bracknell Forest,1a1r,Rural-Urban Fringe,Rural_Prosperous,J01000012,Bracknell
E02003354,E06000036,Bracknell Forest,1a1r,Rural-Urban Fringe,Rural_Prosperous,J01000012,Bracknell
E02003355,E06000036,Bracknell Forest,1a1r,Rural-Urban Fringe,Rural_Prosperous,J01000012,Bracknell
E02003356,E06000036,Bracknell Forest,1a1r,Rural-Urban Fringe,Rural_Prosperous,NA,NA
E02003357,E06000036,Bracknell Forest,1a1r,Rural-Urban Fringe,Rural_Prosperous,J01000012,Bracknell
E02003358,E06000036,Bracknell Forest,1a1r,Rural-Urban Fringe,Rural_Prosperous,J01000012,Bracknell
E02003359,E06000036,Bracknell Forest,1a1r,Rural-Urban Fringe,Rural_Prosperous,J01000012,Bracknell
E02003360,E06000036,Bracknell Forest,1a1r,Rural-Urban Fringe,Rural_Prosperous,J01000012,Bracknell
E02003361,E06000036,Bracknell Forest,1a1r,Rural-Urban Fringe,Rural_Prosperous,J01000012,Bracknell
E02003362,E06000036,Bracknell Forest,1a1r,Rural-Urban Fringe,Rural_Prosperous,J01000012,Bracknell
E02003363,E06000036,Bracknell Forest,1a1r,Rural-Urban Fringe,Rural_Prosperous,NA,NA
E02003364,E06000036,Bracknell Forest,1a1r,Rural-Urban Fringe,Rural_Prosperous,NA,NA
E02003365,E06000036,Bracknell Forest,1a1r,Rural-Urban Fringe,Rural_Prosperous,NA,NA
E02003366,E06000036,Bracknell Forest,1a1r,Rural-Urban Fringe,Rural_Prosperous,NA,NA
E02003367,E06000037,West Berkshire,1b2r,Rural Growth Areas,Growth_Areas,NA,NA
E02003368,E06000037,West Berkshire,1b2r,Rural Growth Areas,Growth_Areas,NA,NA
E02003369,E06000037,West Berkshire,1b2r,Rural Growth Areas,Growth_Areas,NA,NA
E02003370,E06000037,West Berkshire,1b2r,Rural Growth Areas,Growth_Areas,J01000076,Reading
E02003371,E06000037,West Berkshire,1b2r,Rural Growth Areas,Growth_Areas,J01000076,Reading
E02003372,E06000037,West Berkshire,1b2r,Rural Growth Areas,Growth_Areas,J01000076,Reading
E02003373,E06000037,West Berkshire,1b2r,Rural Growth Areas,Growth_Areas,NA,NA
E02003374,E06000037,West Berkshire,1b2r,Rural Growth Areas,Growth_Areas,J01000076,Reading
E02003375,E06000037,West Berkshire,1b2r,Rural Growth Areas,Growth_Areas,NA,NA
E02003376,E06000037,West Berkshire,1b2r,Rural Growth Areas,Growth_Areas,NA,NA
E02003377,E06000037,West Berkshire,1b2r,Rural Growth Areas,Growth_Areas,NA,NA
E02003378,E06000037,West Berkshire,1b2r,Rural Growth Areas,Growth_Areas,NA,NA
E02003379,E06000037,West Berkshire,1b2r,Rural Growth Areas,Growth_Areas,NA,NA
E02003380,E06000037,West Berkshire,1b2r,Rural Growth Areas,Growth_Areas,NA,NA
E02003381,E06000037,West Berkshire,1b2r,Rural Growth Areas,Growth_Areas,NA,NA
E02003382,E06000037,West Berkshire,1b2r,Rural Growth Areas,Growth_Areas,NA,NA
E02003383,E06000037,West Berkshire,1b2r,Rural Growth Areas,Growth_Areas,NA,NA
E02003384,E06000037,West Berkshire,1b2r,Rural Growth Areas,Growth_Areas,NA,NA
E02003385,E06000037,West Berkshire,1b2r,Rural Growth Areas,Growth_Areas,NA,NA
E02003386,E06000037,West Berkshire,1b2r,Rural Growth Areas,Growth_Areas,NA,NA
E02003387,E06000037,West Berkshire,1b2r,Rural Growth Areas,Growth_Areas,NA,NA
E02003388,E06000037,West Berkshire,1b2r,Rural Growth Areas,Growth_Areas,NA,NA
E02003389,E06000038,Reading,2b1r,University Towns and Cities,University_Towns,J01000076,Reading
E02003390,E06000038,Reading,2b1r,University Towns and Cities,University_Towns,J01000076,Reading
E02003391,E06000038,Reading,2b1r,University Towns and Cities,University_Towns,J01000076,Reading
E02003392,E06000038,Reading,2b1r,University Towns and Cities,University_Towns,J01000076,Reading
E02003393,E06000038,Reading,2b1r,University Towns and Cities,University_Towns,J01000076,Reading
E02003394,E06000038,Reading,2b1r,University Towns and Cities,University_Towns,J01000076,Reading
E02003395,E06000038,Reading,2b1r,University Towns and Cities,University_Towns,J01000076,Reading
E02003396,E06000038,Reading,2b1r,University Towns and Cities,University_Towns,J01000076,Reading
E02003397,E06000038,Reading,2b1r,University Towns and Cities,University_Towns,J01000076,Reading
E02003398,E06000038,Reading,2b1r,University Towns and Cities,University_Towns,J01000076,Reading
E02003399,E06000038,Reading,2b1r,University Towns and Cities,University_Towns,J01000076,Reading
E02003400,E06000038,Reading,2b1r,University Towns and Cities,University_Towns,J01000076,Reading
E02003401,E06000038,Reading,2b1r,University Towns and Cities,University_Towns,J01000076,Reading
E02003402,E06000038,Reading,2b1r,University Towns and Cities,University_Towns,J01000076,Reading
E02003403,E06000038,Reading,2b1r,University Towns and Cities,University_Towns,J01000076,Reading
E02003404,E06000038,Reading,2b1r,University Towns and Cities,University_Towns,J01000076,Reading
E02003405,E06000038,Reading,2b1r,University Towns and Cities,University_Towns,J01000076,Reading
E02003406,E06000038,Reading,2b1r,University Towns and Cities,University_Towns,J01000076,Reading
E02003407,E06000039,Slough,4a1r,Ethnically Diverse Metropolitan  Living,Urban_Non_London,J01000084,Slough
E02003408,E06000039,Slough,4a1r,Ethnically Diverse Metropolitan  Living,Urban_Non_London,J01000084,Slough
E02003409,E06000039,Slough,4a1r,Ethnically Diverse Metropolitan  Living,Urban_Non_London,J01000084,Slough
E02003410,E06000039,Slough,4a1r,Ethnically Diverse Metropolitan  Living,Urban_Non_London,J01000084,Slough
E02003411,E06000039,Slough,4a1r,Ethnically Diverse Metropolitan  Living,Urban_Non_London,J01000084,Slough
E02003412,E06000039,Slough,4a1r,Ethnically Diverse Metropolitan  Living,Urban_Non_London,J01000084,Slough
E02003413,E06000039,Slough,4a1r,Ethnically Diverse Metropolitan  Living,Urban_Non_London,J01000084,Slough
E02003414,E06000039,Slough,4a1r,Ethnically Diverse Metropolitan  Living,Urban_Non_London,J01000084,Slough
E02003415,E06000039,Slough,4a1r,Ethnically Diverse Metropolitan  Living,Urban_Non_London,J01000084,Slough
E02003416,E06000039,Slough,4a1r,Ethnically Diverse Metropolitan  Living,Urban_Non_London,J01000084,Slough
E02003417,E06000039,Slough,4a1r,Ethnically Diverse Metropolitan  Living,Urban_Non_London,J01000084,Slough
E02003418,E06000039,Slough,4a1r,Ethnically Diverse Metropolitan  Living,Urban_Non_London,J01000084,Slough
E02003419,E06000039,Slough,4a1r,Ethnically Diverse Metropolitan  Living,Urban_Non_London,J01000084,Slough
E02003420,E06000039,Slough,4a1r,Ethnically Diverse Metropolitan  Living,Urban_Non_London,NA,NA
E02003421,E06000040,Windsor and Maidenhead,1a1r,Rural-Urban Fringe,Rural_Prosperous,NA,NA
E02003422,E06000040,Windsor and Maidenhead,1a1r,Rural-Urban Fringe,Rural_Prosperous,NA,NA
E02003423,E06000040,Windsor and Maidenhead,1a1r,Rural-Urban Fringe,Rural_Prosperous,NA,NA
E02003424,E06000040,Windsor and Maidenhead,1a1r,Rural-Urban Fringe,Rural_Prosperous,NA,NA
E02003425,E06000040,Windsor and Maidenhead,1a1r,Rural-Urban Fringe,Rural_Prosperous,NA,NA
E02003426,E06000040,Windsor and Maidenhead,1a1r,Rural-Urban Fringe,Rural_Prosperous,NA,NA
E02003427,E06000040,Windsor and Maidenhead,1a1r,Rural-Urban Fringe,Rural_Prosperous,NA,NA
E02003428,E06000040,Windsor and Maidenhead,1a1r,Rural-Urban Fringe,Rural_Prosperous,NA,NA
E02003429,E06000040,Windsor and Maidenhead,1a1r,Rural-Urban Fringe,Rural_Prosperous,NA,NA
E02003430,E06000040,Windsor and Maidenhead,1a1r,Rural-Urban Fringe,Rural_Prosperous,NA,NA
E02003431,E06000040,Windsor and Maidenhead,1a1r,Rural-Urban Fringe,Rural_Prosperous,NA,NA
E02003432,E06000040,Windsor and Maidenhead,1a1r,Rural-Urban Fringe,Rural_Prosperous,NA,NA
E02003433,E06000040,Windsor and Maidenhead,1a1r,Rural-Urban Fringe,Rural_Prosperous,NA,NA
E02003434,E06000040,Windsor and Maidenhead,1a1r,Rural-Urban Fringe,Rural_Prosperous,NA,NA
E02003435,E06000040,Windsor and Maidenhead,1a1r,Rural-Urban Fringe,Rural_Prosperous,NA,NA
E02003436,E06000040,Windsor and Maidenhead,1a1r,Rural-Urban Fringe,Rural_Prosperous,NA,NA
E02003437,E06000040,Windsor and Maidenhead,1a1r,Rural-Urban Fringe,Rural_Prosperous,NA,NA
E02003438,E06000040,Windsor and Maidenhead,1a1r,Rural-Urban Fringe,Rural_Prosperous,NA,NA
E02003439,E06000041,Wokingham,1b1r,Affluent rural,Rural_Prosperous,NA,NA
E02003440,E06000041,Wokingham,1b1r,Affluent rural,Rural_Prosperous,NA,NA
E02003441,E06000041,Wokingham,1b1r,Affluent rural,Rural_Prosperous,J01000076,Reading
E02003442,E06000041,Wokingham,1b1r,Affluent rural,Rural_Prosperous,J01000076,Reading
E02003443,E06000041,Wokingham,1b1r,Affluent rural,Rural_Prosperous,J01000076,Reading
E02003444,E06000041,Wokingham,1b1r,Affluent rural,Rural_Prosperous,J01000076,Reading
E02003445,E06000041,Wokingham,1b1r,Affluent rural,Rural_Prosperous,J01000076,Reading
E02003446,E06000041,Wokingham,1b1r,Affluent rural,Rural_Prosperous,J01000076,Reading
E02003447,E06000041,Wokingham,1b1r,Affluent rural,Rural_Prosperous,NA,NA
E02003448,E06000041,Wokingham,1b1r,Affluent rural,Rural_Prosperous,NA,NA
E02003449,E06000041,Wokingham,1b1r,Affluent rural,Rural_Prosperous,J01000076,Reading
E02003450,E06000041,Wokingham,1b1r,Affluent rural,Rural_Prosperous,J01000076,Reading
E02003451,E06000041,Wokingham,1b1r,Affluent rural,Rural_Prosperous,NA,NA
E02003452,E06000041,Wokingham,1b1r,Affluent rural,Rural_Prosperous,NA,NA
E02003453,E06000041,Wokingham,1b1r,Affluent rural,Rural_Prosperous,NA,NA
E02003454,E06000041,Wokingham,1b1r,Affluent rural,Rural_Prosperous,NA,NA
E02003455,E06000041,Wokingham,1b1r,Affluent rural,Rural_Prosperous,NA,NA
E02003456,E06000041,Wokingham,1b1r,Affluent rural,Rural_Prosperous,NA,NA
E02003457,E06000041,Wokingham,1b1r,Affluent rural,Rural_Prosperous,NA,NA
E02003458,E06000041,Wokingham,1b1r,Affluent rural,Rural_Prosperous,NA,NA
E02003459,E06000042,Milton Keynes,8b2r,Expanding Areas,Growth_Areas,NA,NA
E02003460,E06000042,Milton Keynes,8b2r,Expanding Areas,Growth_Areas,NA,NA
E02003461,E06000042,Milton Keynes,8b2r,Expanding Areas,Growth_Areas,NA,NA
E02003462,E06000042,Milton Keynes,8b2r,Expanding Areas,Growth_Areas,NA,NA
E02003463,E06000042,Milton Keynes,8b2r,Expanding Areas,Growth_Areas,J01000061,Milton Keynes
E02003464,E06000042,Milton Keynes,8b2r,Expanding Areas,Growth_Areas,J01000061,Milton Keynes
E02003465,E06000042,Milton Keynes,8b2r,Expanding Areas,Growth_Areas,J01000061,Milton Keynes
E02003466,E06000042,Milton Keynes,8b2r,Expanding Areas,Growth_Areas,J01000061,Milton Keynes
E02003467,E06000042,Milton Keynes,8b2r,Expanding Areas,Growth_Areas,J01000061,Milton Keynes
E02003468,E06000042,Milton Keynes,8b2r,Expanding Areas,Growth_Areas,J01000061,Milton Keynes
E02003469,E06000042,Milton Keynes,8b2r,Expanding Areas,Growth_Areas,J01000061,Milton Keynes
E02003470,E06000042,Milton Keynes,8b2r,Expanding Areas,Growth_Areas,J01000061,Milton Keynes
E02003471,E06000042,Milton Keynes,8b2r,Expanding Areas,Growth_Areas,J01000061,Milton Keynes
E02003472,E06000042,Milton Keynes,8b2r,Expanding Areas,Growth_Areas,J01000061,Milton Keynes
E02003473,E06000042,Milton Keynes,8b2r,Expanding Areas,Growth_Areas,J01000061,Milton Keynes
E02003474,E06000042,Milton Keynes,8b2r,Expanding Areas,Growth_Areas,NA,NA
E02003475,E06000042,Milton Keynes,8b2r,Expanding Areas,Growth_Areas,J01000061,Milton Keynes
E02003476,E06000042,Milton Keynes,8b2r,Expanding Areas,Growth_Areas,J01000061,Milton Keynes
E02003477,E06000042,Milton Keynes,8b2r,Expanding Areas,Growth_Areas,J01000061,Milton Keynes
E02003478,E06000042,Milton Keynes,8b2r,Expanding Areas,Growth_Areas,J01000061,Milton Keynes
E02003479,E06000042,Milton Keynes,8b2r,Expanding Areas,Growth_Areas,J01000061,Milton Keynes
E02003480,E06000042,Milton Keynes,8b2r,Expanding Areas,Growth_Areas,J01000061,Milton Keynes
E02003481,E06000042,Milton Keynes,8b2r,Expanding Areas,Growth_Areas,J01000061,Milton Keynes
E02003482,E06000042,Milton Keynes,8b2r,Expanding Areas,Growth_Areas,NA,NA
E02003483,E06000042,Milton Keynes,8b2r,Expanding Areas,Growth_Areas,J01000061,Milton Keynes
E02003484,E06000042,Milton Keynes,8b2r,Expanding Areas,Growth_Areas,J01000061,Milton Keynes
E02003485,E06000042,Milton Keynes,8b2r,Expanding Areas,Growth_Areas,NA,NA
E02003486,E06000042,Milton Keynes,8b2r,Expanding Areas,Growth_Areas,J01000061,Milton Keynes
E02003487,E06000042,Milton Keynes,8b2r,Expanding Areas,Growth_Areas,NA,NA
E02003488,E06000042,Milton Keynes,8b2r,Expanding Areas,Growth_Areas,NA,NA
E02003489,E06000042,Milton Keynes,8b2r,Expanding Areas,Growth_Areas,NA,NA
E02003490,E06000042,Milton Keynes,8b2r,Expanding Areas,Growth_Areas,NA,NA
E02003491,E06000043,Brighton and Hove,2b1r,University Towns and Cities,University_Towns,J01000014,Brighton and Hove
E02003492,E06000043,Brighton and Hove,2b1r,University Towns and Cities,University_Towns,J01000014,Brighton and Hove
E02003493,E06000043,Brighton and Hove,2b1r,University Towns and Cities,University_Towns,J01000014,Brighton and Hove
E02003494,E06000043,Brighton and Hove,2b1r,University Towns and Cities,University_Towns,J01000014,Brighton and Hove
E02003495,E06000043,Brighton and Hove,2b1r,University Towns and Cities,University_Towns,NA,NA
E02003496,E06000043,Brighton and Hove,2b1r,University Towns and Cities,University_Towns,J01000014,Brighton and Hove
E02003497,E06000043,Brighton and Hove,2b1r,University Towns and Cities,University_Towns,J01000014,Brighton and Hove
E02003498,E06000043,Brighton and Hove,2b1r,University Towns and Cities,University_Towns,J01000014,Brighton and Hove
E02003499,E06000043,Brighton and Hove,2b1r,University Towns and Cities,University_Towns,J01000014,Brighton and Hove
E02003500,E06000043,Brighton and Hove,2b1r,University Towns and Cities,University_Towns,J01000014,Brighton and Hove
E02003501,E06000043,Brighton and Hove,2b1r,University Towns and Cities,University_Towns,J01000014,Brighton and Hove
E02003502,E06000043,Brighton and Hove,2b1r,University Towns and Cities,University_Towns,NA,NA
E02003503,E06000043,Brighton and Hove,2b1r,University Towns and Cities,University_Towns,J01000014,Brighton and Hove
E02003504,E06000043,Brighton and Hove,2b1r,University Towns and Cities,University_Towns,J01000014,Brighton and Hove
E02003505,E06000043,Brighton and Hove,2b1r,University Towns and Cities,University_Towns,J01000014,Brighton and Hove
E02003506,E06000043,Brighton and Hove,2b1r,University Towns and Cities,University_Towns,J01000014,Brighton and Hove
E02003507,E06000043,Brighton and Hove,2b1r,University Towns and Cities,University_Towns,NA,NA
E02003508,E06000043,Brighton and Hove,2b1r,University Towns and Cities,University_Towns,J01000014,Brighton and Hove
E02003509,E06000043,Brighton and Hove,2b1r,University Towns and Cities,University_Towns,J01000014,Brighton and Hove
E02003510,E06000043,Brighton and Hove,2b1r,University Towns and Cities,University_Towns,J01000014,Brighton and Hove
E02003511,E06000043,Brighton and Hove,2b1r,University Towns and Cities,University_Towns,J01000014,Brighton and Hove
E02003512,E06000043,Brighton and Hove,2b1r,University Towns and Cities,University_Towns,J01000014,Brighton and Hove
E02003513,E06000043,Brighton and Hove,2b1r,University Towns and Cities,University_Towns,J01000014,Brighton and Hove
E02003514,E06000043,Brighton and Hove,2b1r,University Towns and Cities,University_Towns,J01000014,Brighton and Hove
E02003515,E06000043,Brighton and Hove,2b1r,University Towns and Cities,University_Towns,J01000014,Brighton and Hove
E02003516,E06000043,Brighton and Hove,2b1r,University Towns and Cities,University_Towns,J01000014,Brighton and Hove
E02003517,E06000043,Brighton and Hove,2b1r,University Towns and Cities,University_Towns,J01000014,Brighton and Hove
E02003518,E06000043,Brighton and Hove,2b1r,University Towns and Cities,University_Towns,J01000014,Brighton and Hove
E02003519,E06000043,Brighton and Hove,2b1r,University Towns and Cities,University_Towns,J01000014,Brighton and Hove
E02003520,E06000043,Brighton and Hove,2b1r,University Towns and Cities,University_Towns,J01000014,Brighton and Hove
E02003521,E06000043,Brighton and Hove,2b1r,University Towns and Cities,University_Towns,J01000014,Brighton and Hove
E02003522,E06000043,Brighton and Hove,2b1r,University Towns and Cities,University_Towns,J01000014,Brighton and Hove
E02003523,E06000043,Brighton and Hove,2b1r,University Towns and Cities,University_Towns,NA,NA
E02003524,E06000044,Portsmouth,2a1r,Larger Towns and Cities,Urban_Non_London,J01000074,Portsmouth
E02003525,E06000044,Portsmouth,2a1r,Larger Towns and Cities,Urban_Non_London,J01000074,Portsmouth
E02003526,E06000044,Portsmouth,2a1r,Larger Towns and Cities,Urban_Non_London,J01000074,Portsmouth
E02003527,E06000044,Portsmouth,2a1r,Larger Towns and Cities,Urban_Non_London,J01000074,Portsmouth
E02003529,E06000044,Portsmouth,2a1r,Larger Towns and Cities,Urban_Non_London,J01000074,Portsmouth
E02003530,E06000044,Portsmouth,2a1r,Larger Towns and Cities,Urban_Non_London,J01000074,Portsmouth
E02003531,E06000044,Portsmouth,2a1r,Larger Towns and Cities,Urban_Non_London,J01000074,Portsmouth
E02003532,E06000044,Portsmouth,2a1r,Larger Towns and Cities,Urban_Non_London,J01000074,Portsmouth
E02003533,E06000044,Portsmouth,2a1r,Larger Towns and Cities,Urban_Non_London,J01000074,Portsmouth
E02003534,E06000044,Portsmouth,2a1r,Larger Towns and Cities,Urban_Non_London,J01000074,Portsmouth
E02003535,E06000044,Portsmouth,2a1r,Larger Towns and Cities,Urban_Non_London,J01000074,Portsmouth
E02003536,E06000044,Portsmouth,2a1r,Larger Towns and Cities,Urban_Non_London,J01000074,Portsmouth
E02003537,E06000044,Portsmouth,2a1r,Larger Towns and Cities,Urban_Non_London,J01000074,Portsmouth
E02003538,E06000044,Portsmouth,2a1r,Larger Towns and Cities,Urban_Non_London,J01000074,Portsmouth
E02003539,E06000044,Portsmouth,2a1r,Larger Towns and Cities,Urban_Non_London,J01000074,Portsmouth
E02003540,E06000044,Portsmouth,2a1r,Larger Towns and Cities,Urban_Non_London,J01000074,Portsmouth
E02003541,E06000044,Portsmouth,2a1r,Larger Towns and Cities,Urban_Non_London,J01000074,Portsmouth
E02003542,E06000044,Portsmouth,2a1r,Larger Towns and Cities,Urban_Non_London,J01000074,Portsmouth
E02003543,E06000044,Portsmouth,2a1r,Larger Towns and Cities,Urban_Non_London,J01000074,Portsmouth
E02003544,E06000044,Portsmouth,2a1r,Larger Towns and Cities,Urban_Non_London,J01000074,Portsmouth
E02003545,E06000044,Portsmouth,2a1r,Larger Towns and Cities,Urban_Non_London,J01000074,Portsmouth
E02003546,E06000044,Portsmouth,2a1r,Larger Towns and Cities,Urban_Non_London,J01000074,Portsmouth
E02003547,E06000044,Portsmouth,2a1r,Larger Towns and Cities,Urban_Non_London,J01000074,Portsmouth
E02003548,E06000044,Portsmouth,2a1r,Larger Towns and Cities,Urban_Non_London,J01000074,Portsmouth
E02003549,E06000045,Southampton,2a1r,Larger Towns and Cities,Urban_Non_London,J01000087,Southampton
E02003550,E06000045,Southampton,2a1r,Larger Towns and Cities,Urban_Non_London,J01000087,Southampton
E02003551,E06000045,Southampton,2a1r,Larger Towns and Cities,Urban_Non_London,J01000087,Southampton
E02003552,E06000045,Southampton,2a1r,Larger Towns and Cities,Urban_Non_London,J01000087,Southampton
E02003553,E06000045,Southampton,2a1r,Larger Towns and Cities,Urban_Non_London,J01000087,Southampton
E02003554,E06000045,Southampton,2a1r,Larger Towns and Cities,Urban_Non_London,J01000087,Southampton
E02003555,E06000045,Southampton,2a1r,Larger Towns and Cities,Urban_Non_London,J01000087,Southampton
E02003556,E06000045,Southampton,2a1r,Larger Towns and Cities,Urban_Non_London,J01000087,Southampton
E02003557,E06000045,Southampton,2a1r,Larger Towns and Cities,Urban_Non_London,J01000087,Southampton
E02003558,E06000045,Southampton,2a1r,Larger Towns and Cities,Urban_Non_London,J01000087,Southampton
E02003559,E06000045,Southampton,2a1r,Larger Towns and Cities,Urban_Non_London,J01000087,Southampton
E02003560,E06000045,Southampton,2a1r,Larger Towns and Cities,Urban_Non_London,J01000087,Southampton
E02003561,E06000045,Southampton,2a1r,Larger Towns and Cities,Urban_Non_London,J01000087,Southampton
E02003562,E06000045,Southampton,2a1r,Larger Towns and Cities,Urban_Non_London,J01000087,Southampton
E02003563,E06000045,Southampton,2a1r,Larger Towns and Cities,Urban_Non_London,J01000087,Southampton
E02003564,E06000045,Southampton,2a1r,Larger Towns and Cities,Urban_Non_London,J01000087,Southampton
E02003565,E06000045,Southampton,2a1r,Larger Towns and Cities,Urban_Non_London,J01000087,Southampton
E02003566,E06000045,Southampton,2a1r,Larger Towns and Cities,Urban_Non_London,J01000087,Southampton
E02003567,E06000045,Southampton,2a1r,Larger Towns and Cities,Urban_Non_London,J01000087,Southampton
E02003568,E06000045,Southampton,2a1r,Larger Towns and Cities,Urban_Non_London,J01000087,Southampton
E02003569,E06000045,Southampton,2a1r,Larger Towns and Cities,Urban_Non_London,J01000087,Southampton
E02003570,E06000045,Southampton,2a1r,Larger Towns and Cities,Urban_Non_London,J01000087,Southampton
E02003571,E06000045,Southampton,2a1r,Larger Towns and Cities,Urban_Non_London,J01000087,Southampton
E02003572,E06000045,Southampton,2a1r,Larger Towns and Cities,Urban_Non_London,J01000087,Southampton
E02003573,E06000045,Southampton,2a1r,Larger Towns and Cities,Urban_Non_London,J01000087,Southampton
E02003574,E06000045,Southampton,2a1r,Larger Towns and Cities,Urban_Non_London,J01000087,Southampton
E02003575,E06000045,Southampton,2a1r,Larger Towns and Cities,Urban_Non_London,J01000087,Southampton
E02003576,E06000045,Southampton,2a1r,Larger Towns and Cities,Urban_Non_London,J01000087,Southampton
E02003577,E06000045,Southampton,2a1r,Larger Towns and Cities,Urban_Non_London,J01000087,Southampton
E02003578,E06000045,Southampton,2a1r,Larger Towns and Cities,Urban_Non_London,J01000087,Southampton
E02003579,E06000045,Southampton,2a1r,Larger Towns and Cities,Urban_Non_London,J01000087,Southampton
E02003580,E06000045,Southampton,2a1r,Larger Towns and Cities,Urban_Non_London,J01000087,Southampton
E02003581,E06000046,Isle of Wight,3b1r,Ageing Coastal Living,Seaside,NA,NA
E02003582,E06000046,Isle of Wight,3b1r,Ageing Coastal Living,Seaside,NA,NA
E02003583,E06000046,Isle of Wight,3b1r,Ageing Coastal Living,Seaside,NA,NA
E02003584,E06000046,Isle of Wight,3b1r,Ageing Coastal Living,Seaside,NA,NA
E02003585,E06000046,Isle of Wight,3b1r,Ageing Coastal Living,Seaside,NA,NA
E02003586,E06000046,Isle of Wight,3b1r,Ageing Coastal Living,Seaside,NA,NA
E02003587,E06000046,Isle of Wight,3b1r,Ageing Coastal Living,Seaside,NA,NA
E02003588,E06000046,Isle of Wight,3b1r,Ageing Coastal Living,Seaside,NA,NA
E02003589,E06000046,Isle of Wight,3b1r,Ageing Coastal Living,Seaside,NA,NA
E02003590,E06000046,Isle of Wight,3b1r,Ageing Coastal Living,Seaside,NA,NA
E02003591,E06000046,Isle of Wight,3b1r,Ageing Coastal Living,Seaside,NA,NA
E02003592,E06000046,Isle of Wight,3b1r,Ageing Coastal Living,Seaside,NA,NA
E02003593,E06000046,Isle of Wight,3b1r,Ageing Coastal Living,Seaside,NA,NA
E02003594,E06000046,Isle of Wight,3b1r,Ageing Coastal Living,Seaside,NA,NA
E02003595,E06000046,Isle of Wight,3b1r,Ageing Coastal Living,Seaside,NA,NA
E02003596,E06000046,Isle of Wight,3b1r,Ageing Coastal Living,Seaside,NA,NA
E02003597,E06000046,Isle of Wight,3b1r,Ageing Coastal Living,Seaside,NA,NA
E02003598,E06000046,Isle of Wight,3b1r,Ageing Coastal Living,Seaside,NA,NA
E02003599,E06000056,Central Bedfordshire,1b2r,Rural Growth Areas,Growth_Areas,NA,NA
E02003600,E06000056,Central Bedfordshire,1b2r,Rural Growth Areas,Growth_Areas,NA,NA
E02003601,E06000056,Central Bedfordshire,1b2r,Rural Growth Areas,Growth_Areas,NA,NA
E02003602,E06000056,Central Bedfordshire,1b2r,Rural Growth Areas,Growth_Areas,NA,NA
E02003603,E06000056,Central Bedfordshire,1b2r,Rural Growth Areas,Growth_Areas,NA,NA
E02003604,E06000056,Central Bedfordshire,1b2r,Rural Growth Areas,Growth_Areas,NA,NA
E02003605,E06000056,Central Bedfordshire,1b2r,Rural Growth Areas,Growth_Areas,NA,NA
E02003606,E06000056,Central Bedfordshire,1b2r,Rural Growth Areas,Growth_Areas,NA,NA
E02003607,E06000056,Central Bedfordshire,1b2r,Rural Growth Areas,Growth_Areas,NA,NA
E02003608,E06000056,Central Bedfordshire,1b2r,Rural Growth Areas,Growth_Areas,NA,NA
E02003609,E06000056,Central Bedfordshire,1b2r,Rural Growth Areas,Growth_Areas,NA,NA
E02003610,E06000056,Central Bedfordshire,1b2r,Rural Growth Areas,Growth_Areas,NA,NA
E02003611,E06000056,Central Bedfordshire,1b2r,Rural Growth Areas,Growth_Areas,NA,NA
E02003612,E06000056,Central Bedfordshire,1b2r,Rural Growth Areas,Growth_Areas,NA,NA
E02003613,E06000056,Central Bedfordshire,1b2r,Rural Growth Areas,Growth_Areas,NA,NA
E02003614,E06000056,Central Bedfordshire,1b2r,Rural Growth Areas,Growth_Areas,NA,NA
E02003615,E06000056,Central Bedfordshire,1b2r,Rural Growth Areas,Growth_Areas,NA,NA
E02003616,E06000055,Bedford,8b2r,Expanding Areas,Growth_Areas,NA,NA
E02003617,E06000055,Bedford,8b2r,Expanding Areas,Growth_Areas,NA,NA
E02003618,E06000055,Bedford,8b2r,Expanding Areas,Growth_Areas,NA,NA
E02003619,E06000055,Bedford,8b2r,Expanding Areas,Growth_Areas,NA,NA
E02003620,E06000055,Bedford,8b2r,Expanding Areas,Growth_Areas,J01000005,Bedford
E02003621,E06000055,Bedford,8b2r,Expanding Areas,Growth_Areas,J01000005,Bedford
E02003622,E06000055,Bedford,8b2r,Expanding Areas,Growth_Areas,J01000005,Bedford
E02003623,E06000055,Bedford,8b2r,Expanding Areas,Growth_Areas,NA,NA
E02003624,E06000055,Bedford,8b2r,Expanding Areas,Growth_Areas,J01000005,Bedford
E02003625,E06000055,Bedford,8b2r,Expanding Areas,Growth_Areas,J01000005,Bedford
E02003626,E06000055,Bedford,8b2r,Expanding Areas,Growth_Areas,J01000005,Bedford
E02003627,E06000055,Bedford,8b2r,Expanding Areas,Growth_Areas,J01000005,Bedford
E02003628,E06000055,Bedford,8b2r,Expanding Areas,Growth_Areas,J01000005,Bedford
E02003629,E06000055,Bedford,8b2r,Expanding Areas,Growth_Areas,J01000005,Bedford
E02003630,E06000055,Bedford,8b2r,Expanding Areas,Growth_Areas,J01000005,Bedford
E02003631,E06000055,Bedford,8b2r,Expanding Areas,Growth_Areas,NA,NA
E02003632,E06000055,Bedford,8b2r,Expanding Areas,Growth_Areas,NA,NA
E02003633,E06000055,Bedford,8b2r,Expanding Areas,Growth_Areas,NA,NA
E02003634,E06000055,Bedford,8b2r,Expanding Areas,Growth_Areas,NA,NA
E02003635,E06000055,Bedford,8b2r,Expanding Areas,Growth_Areas,NA,NA
E02003636,E06000056,Central Bedfordshire,1b2r,Rural Growth Areas,Growth_Areas,NA,NA
E02003637,E06000056,Central Bedfordshire,1b2r,Rural Growth Areas,Growth_Areas,NA,NA
E02003638,E06000056,Central Bedfordshire,1b2r,Rural Growth Areas,Growth_Areas,NA,NA
E02003639,E06000056,Central Bedfordshire,1b2r,Rural Growth Areas,Growth_Areas,NA,NA
E02003640,E06000056,Central Bedfordshire,1b2r,Rural Growth Areas,Growth_Areas,NA,NA
E02003641,E06000056,Central Bedfordshire,1b2r,Rural Growth Areas,Growth_Areas,NA,NA
E02003642,E06000056,Central Bedfordshire,1b2r,Rural Growth Areas,Growth_Areas,NA,NA
E02003643,E06000056,Central Bedfordshire,1b2r,Rural Growth Areas,Growth_Areas,NA,NA
E02003644,E06000056,Central Bedfordshire,1b2r,Rural Growth Areas,Growth_Areas,NA,NA
E02003645,E06000056,Central Bedfordshire,1b2r,Rural Growth Areas,Growth_Areas,J01000056,Luton
E02003646,E06000056,Central Bedfordshire,1b2r,Rural Growth Areas,Growth_Areas,NA,NA
E02003647,E06000056,Central Bedfordshire,1b2r,Rural Growth Areas,Growth_Areas,NA,NA
E02003648,E06000056,Central Bedfordshire,1b2r,Rural Growth Areas,Growth_Areas,NA,NA
E02003649,E06000056,Central Bedfordshire,1b2r,Rural Growth Areas,Growth_Areas,NA,NA
E02003650,E06000056,Central Bedfordshire,1b2r,Rural Growth Areas,Growth_Areas,NA,NA
E02003651,E06000056,Central Bedfordshire,1b2r,Rural Growth Areas,Growth_Areas,NA,NA
E02003652,E07000004,Aylesbury Vale,1b2r,Rural Growth Areas,Growth_Areas,NA,NA
E02003653,E07000004,Aylesbury Vale,1b2r,Rural Growth Areas,Growth_Areas,NA,NA
E02003654,E07000004,Aylesbury Vale,1b2r,Rural Growth Areas,Growth_Areas,NA,NA
E02003655,E07000004,Aylesbury Vale,1b2r,Rural Growth Areas,Growth_Areas,NA,NA
E02003656,E07000004,Aylesbury Vale,1b2r,Rural Growth Areas,Growth_Areas,NA,NA
E02003657,E07000004,Aylesbury Vale,1b2r,Rural Growth Areas,Growth_Areas,NA,NA
E02003658,E07000004,Aylesbury Vale,1b2r,Rural Growth Areas,Growth_Areas,NA,NA
E02003659,E07000004,Aylesbury Vale,1b2r,Rural Growth Areas,Growth_Areas,NA,NA
E02003660,E07000004,Aylesbury Vale,1b2r,Rural Growth Areas,Growth_Areas,NA,NA
E02003661,E07000004,Aylesbury Vale,1b2r,Rural Growth Areas,Growth_Areas,NA,NA
E02003662,E07000004,Aylesbury Vale,1b2r,Rural Growth Areas,Growth_Areas,NA,NA
E02003663,E07000004,Aylesbury Vale,1b2r,Rural Growth Areas,Growth_Areas,NA,NA
E02003664,E07000004,Aylesbury Vale,1b2r,Rural Growth Areas,Growth_Areas,NA,NA
E02003665,E07000004,Aylesbury Vale,1b2r,Rural Growth Areas,Growth_Areas,NA,NA
E02003666,E07000004,Aylesbury Vale,1b2r,Rural Growth Areas,Growth_Areas,NA,NA
E02003667,E07000004,Aylesbury Vale,1b2r,Rural Growth Areas,Growth_Areas,NA,NA
E02003668,E07000004,Aylesbury Vale,1b2r,Rural Growth Areas,Growth_Areas,NA,NA
E02003669,E07000004,Aylesbury Vale,1b2r,Rural Growth Areas,Growth_Areas,NA,NA
E02003670,E07000004,Aylesbury Vale,1b2r,Rural Growth Areas,Growth_Areas,NA,NA
E02003671,E07000004,Aylesbury Vale,1b2r,Rural Growth Areas,Growth_Areas,NA,NA
E02003672,E07000004,Aylesbury Vale,1b2r,Rural Growth Areas,Growth_Areas,NA,NA
E02003673,E07000004,Aylesbury Vale,1b2r,Rural Growth Areas,Growth_Areas,NA,NA
E02003674,E07000004,Aylesbury Vale,1b2r,Rural Growth Areas,Growth_Areas,NA,NA
E02003675,E07000004,Aylesbury Vale,1b2r,Rural Growth Areas,Growth_Areas,NA,NA
E02003676,E07000005,Chiltern,1b1r,Affluent rural,Rural_Prosperous,NA,NA
E02003677,E07000005,Chiltern,1b1r,Affluent rural,Rural_Prosperous,NA,NA
E02003678,E07000005,Chiltern,1b1r,Affluent rural,Rural_Prosperous,NA,NA
E02003679,E07000005,Chiltern,1b1r,Affluent rural,Rural_Prosperous,NA,NA
E02003680,E07000005,Chiltern,1b1r,Affluent rural,Rural_Prosperous,NA,NA
E02003681,E07000005,Chiltern,1b1r,Affluent rural,Rural_Prosperous,NA,NA
E02003682,E07000005,Chiltern,1b1r,Affluent rural,Rural_Prosperous,NA,NA
E02003683,E07000005,Chiltern,1b1r,Affluent rural,Rural_Prosperous,NA,NA
E02003685,E07000005,Chiltern,1b1r,Affluent rural,Rural_Prosperous,NA,NA
E02003686,E07000005,Chiltern,1b1r,Affluent rural,Rural_Prosperous,NA,NA
E02003687,E07000005,Chiltern,1b1r,Affluent rural,Rural_Prosperous,NA,NA
E02003688,E07000006,South Bucks,1a1r,Rural-Urban Fringe,Rural_Prosperous,NA,NA
E02003689,E07000006,South Bucks,1a1r,Rural-Urban Fringe,Rural_Prosperous,NA,NA
E02003690,E07000006,South Bucks,1a1r,Rural-Urban Fringe,Rural_Prosperous,NA,NA
E02003691,E07000006,South Bucks,1a1r,Rural-Urban Fringe,Rural_Prosperous,NA,NA
E02003692,E07000006,South Bucks,1a1r,Rural-Urban Fringe,Rural_Prosperous,NA,NA
E02003693,E07000006,South Bucks,1a1r,Rural-Urban Fringe,Rural_Prosperous,J01000084,Slough
E02003694,E07000006,South Bucks,1a1r,Rural-Urban Fringe,Rural_Prosperous,J01000084,Slough
E02003695,E07000006,South Bucks,1a1r,Rural-Urban Fringe,Rural_Prosperous,NA,NA
E02003696,E07000007,Wycombe,1a1r,Rural-Urban Fringe,Rural_Prosperous,NA,NA
E02003697,E07000007,Wycombe,1a1r,Rural-Urban Fringe,Rural_Prosperous,NA,NA
E02003698,E07000007,Wycombe,1a1r,Rural-Urban Fringe,Rural_Prosperous,NA,NA
E02003699,E07000007,Wycombe,1a1r,Rural-Urban Fringe,Rural_Prosperous,NA,NA
E02003701,E07000007,Wycombe,1a1r,Rural-Urban Fringe,Rural_Prosperous,J01000047,High Wycombe
E02003702,E07000007,Wycombe,1a1r,Rural-Urban Fringe,Rural_Prosperous,NA,NA
E02003703,E07000007,Wycombe,1a1r,Rural-Urban Fringe,Rural_Prosperous,J01000047,High Wycombe
E02003704,E07000007,Wycombe,1a1r,Rural-Urban Fringe,Rural_Prosperous,J01000047,High Wycombe
E02003705,E07000007,Wycombe,1a1r,Rural-Urban Fringe,Rural_Prosperous,J01000047,High Wycombe
E02003706,E07000007,Wycombe,1a1r,Rural-Urban Fringe,Rural_Prosperous,J01000047,High Wycombe
E02003707,E07000007,Wycombe,1a1r,Rural-Urban Fringe,Rural_Prosperous,J01000047,High Wycombe
E02003708,E07000007,Wycombe,1a1r,Rural-Urban Fringe,Rural_Prosperous,J01000047,High Wycombe
E02003709,E07000007,Wycombe,1a1r,Rural-Urban Fringe,Rural_Prosperous,J01000047,High Wycombe
E02003710,E07000007,Wycombe,1a1r,Rural-Urban Fringe,Rural_Prosperous,J01000047,High Wycombe
E02003711,E07000007,Wycombe,1a1r,Rural-Urban Fringe,Rural_Prosperous,J01000047,High Wycombe
E02003712,E07000007,Wycombe,1a1r,Rural-Urban Fringe,Rural_Prosperous,J01000047,High Wycombe
E02003713,E07000007,Wycombe,1a1r,Rural-Urban Fringe,Rural_Prosperous,NA,NA
E02003714,E07000007,Wycombe,1a1r,Rural-Urban Fringe,Rural_Prosperous,NA,NA
E02003715,E07000007,Wycombe,1a1r,Rural-Urban Fringe,Rural_Prosperous,NA,NA
E02003716,E07000007,Wycombe,1a1r,Rural-Urban Fringe,Rural_Prosperous,NA,NA
E02003717,E07000007,Wycombe,1a1r,Rural-Urban Fringe,Rural_Prosperous,NA,NA
E02003718,E07000007,Wycombe,1a1r,Rural-Urban Fringe,Rural_Prosperous,NA,NA
E02003719,E07000008,Cambridge,2b1r,University Towns and Cities,University_Towns,J01000019,Cambridge
E02003720,E07000008,Cambridge,2b1r,University Towns and Cities,University_Towns,J01000019,Cambridge
E02003721,E07000008,Cambridge,2b1r,University Towns and Cities,University_Towns,J01000019,Cambridge
E02003722,E07000008,Cambridge,2b1r,University Towns and Cities,University_Towns,J01000019,Cambridge
E02003723,E07000008,Cambridge,2b1r,University Towns and Cities,University_Towns,J01000019,Cambridge
E02003724,E07000008,Cambridge,2b1r,University Towns and Cities,University_Towns,J01000019,Cambridge
E02003725,E07000008,Cambridge,2b1r,University Towns and Cities,University_Towns,J01000019,Cambridge
E02003726,E07000008,Cambridge,2b1r,University Towns and Cities,University_Towns,J01000019,Cambridge
E02003727,E07000008,Cambridge,2b1r,University Towns and Cities,University_Towns,J01000019,Cambridge
E02003728,E07000008,Cambridge,2b1r,University Towns and Cities,University_Towns,J01000019,Cambridge
E02003729,E07000008,Cambridge,2b1r,University Towns and Cities,University_Towns,J01000019,Cambridge
E02003730,E07000008,Cambridge,2b1r,University Towns and Cities,University_Towns,J01000019,Cambridge
E02003731,E07000008,Cambridge,2b1r,University Towns and Cities,University_Towns,J01000019,Cambridge
E02003732,E07000009,East Cambridgeshire,7a1r,Country Living,Countryside,NA,NA
E02003733,E07000009,East Cambridgeshire,7a1r,Country Living,Countryside,NA,NA
E02003734,E07000009,East Cambridgeshire,7a1r,Country Living,Countryside,NA,NA
E02003735,E07000009,East Cambridgeshire,7a1r,Country Living,Countryside,NA,NA
E02003736,E07000009,East Cambridgeshire,7a1r,Country Living,Countryside,NA,NA
E02003737,E07000009,East Cambridgeshire,7a1r,Country Living,Countryside,NA,NA
E02003738,E07000009,East Cambridgeshire,7a1r,Country Living,Countryside,NA,NA
E02003739,E07000009,East Cambridgeshire,7a1r,Country Living,Countryside,NA,NA
E02003740,E07000009,East Cambridgeshire,7a1r,Country Living,Countryside,NA,NA
E02003742,E07000010,Fenland,7a1r,Country Living,Countryside,NA,NA
E02003743,E07000010,Fenland,7a1r,Country Living,Countryside,NA,NA
E02003744,E07000010,Fenland,7a1r,Country Living,Countryside,NA,NA
E02003745,E07000010,Fenland,7a1r,Country Living,Countryside,NA,NA
E02003746,E07000010,Fenland,7a1r,Country Living,Countryside,NA,NA
E02003747,E07000010,Fenland,7a1r,Country Living,Countryside,NA,NA
E02003748,E07000010,Fenland,7a1r,Country Living,Countryside,NA,NA
E02003749,E07000010,Fenland,7a1r,Country Living,Countryside,NA,NA
E02003750,E07000010,Fenland,7a1r,Country Living,Countryside,NA,NA
E02003751,E07000010,Fenland,7a1r,Country Living,Countryside,NA,NA
E02003752,E07000010,Fenland,7a1r,Country Living,Countryside,NA,NA
E02003753,E07000011,Huntingdonshire,7a1r,Country Living,Countryside,NA,NA
E02003754,E07000011,Huntingdonshire,7a1r,Country Living,Countryside,NA,NA
E02003755,E07000011,Huntingdonshire,7a1r,Country Living,Countryside,NA,NA
E02003756,E07000011,Huntingdonshire,7a1r,Country Living,Countryside,NA,NA
E02003757,E07000011,Huntingdonshire,7a1r,Country Living,Countryside,NA,NA
E02003758,E07000011,Huntingdonshire,7a1r,Country Living,Countryside,NA,NA
E02003759,E07000011,Huntingdonshire,7a1r,Country Living,Countryside,NA,NA
E02003760,E07000011,Huntingdonshire,7a1r,Country Living,Countryside,NA,NA
E02003761,E07000011,Huntingdonshire,7a1r,Country Living,Countryside,NA,NA
E02003762,E07000011,Huntingdonshire,7a1r,Country Living,Countryside,NA,NA
E02003763,E07000011,Huntingdonshire,7a1r,Country Living,Countryside,NA,NA
E02003764,E07000011,Huntingdonshire,7a1r,Country Living,Countryside,NA,NA
E02003765,E07000011,Huntingdonshire,7a1r,Country Living,Countryside,NA,NA
E02003766,E07000011,Huntingdonshire,7a1r,Country Living,Countryside,NA,NA
E02003767,E07000011,Huntingdonshire,7a1r,Country Living,Countryside,NA,NA
E02003768,E07000011,Huntingdonshire,7a1r,Country Living,Countryside,NA,NA
E02003769,E07000011,Huntingdonshire,7a1r,Country Living,Countryside,NA,NA
E02003770,E07000011,Huntingdonshire,7a1r,Country Living,Countryside,NA,NA
E02003771,E07000011,Huntingdonshire,7a1r,Country Living,Countryside,NA,NA
E02003772,E07000011,Huntingdonshire,7a1r,Country Living,Countryside,NA,NA
E02003773,E07000011,Huntingdonshire,7a1r,Country Living,Countryside,NA,NA
E02003774,E07000011,Huntingdonshire,7a1r,Country Living,Countryside,NA,NA
E02003775,E07000012,South Cambridgeshire,1b1r,Affluent rural,Rural_Prosperous,NA,NA
E02003776,E07000012,South Cambridgeshire,1b1r,Affluent rural,Rural_Prosperous,NA,NA
E02003777,E07000012,South Cambridgeshire,1b1r,Affluent rural,Rural_Prosperous,NA,NA
E02003778,E07000012,South Cambridgeshire,1b1r,Affluent rural,Rural_Prosperous,NA,NA
E02003779,E07000012,South Cambridgeshire,1b1r,Affluent rural,Rural_Prosperous,NA,NA
E02003780,E07000012,South Cambridgeshire,1b1r,Affluent rural,Rural_Prosperous,NA,NA
E02003781,E07000012,South Cambridgeshire,1b1r,Affluent rural,Rural_Prosperous,J01000019,Cambridge
E02003783,E07000012,South Cambridgeshire,1b1r,Affluent rural,Rural_Prosperous,J01000019,Cambridge
E02003784,E07000012,South Cambridgeshire,1b1r,Affluent rural,Rural_Prosperous,NA,NA
E02003785,E07000012,South Cambridgeshire,1b1r,Affluent rural,Rural_Prosperous,J01000019,Cambridge
E02003786,E07000012,South Cambridgeshire,1b1r,Affluent rural,Rural_Prosperous,J01000019,Cambridge
E02003787,E07000012,South Cambridgeshire,1b1r,Affluent rural,Rural_Prosperous,NA,NA
E02003788,E07000012,South Cambridgeshire,1b1r,Affluent rural,Rural_Prosperous,NA,NA
E02003789,E07000012,South Cambridgeshire,1b1r,Affluent rural,Rural_Prosperous,NA,NA
E02003790,E07000012,South Cambridgeshire,1b1r,Affluent rural,Rural_Prosperous,NA,NA
E02003791,E07000012,South Cambridgeshire,1b1r,Affluent rural,Rural_Prosperous,NA,NA
E02003792,E07000012,South Cambridgeshire,1b1r,Affluent rural,Rural_Prosperous,NA,NA
E02003793,E07000012,South Cambridgeshire,1b1r,Affluent rural,Rural_Prosperous,NA,NA
E02003794,E06000050,Cheshire West and Chester,7c2r,Prosperous Towns,Rural_Prosperous,NA,NA
E02003795,E06000050,Cheshire West and Chester,7c2r,Prosperous Towns,Rural_Prosperous,NA,NA
E02003796,E06000050,Cheshire West and Chester,7c2r,Prosperous Towns,Rural_Prosperous,J01000025,Chester
E02003797,E06000050,Cheshire West and Chester,7c2r,Prosperous Towns,Rural_Prosperous,J01000025,Chester
E02003798,E06000050,Cheshire West and Chester,7c2r,Prosperous Towns,Rural_Prosperous,J01000025,Chester
E02003799,E06000050,Cheshire West and Chester,7c2r,Prosperous Towns,Rural_Prosperous,J01000025,Chester
E02003800,E06000050,Cheshire West and Chester,7c2r,Prosperous Towns,Rural_Prosperous,NA,NA
E02003801,E06000050,Cheshire West and Chester,7c2r,Prosperous Towns,Rural_Prosperous,J01000025,Chester
E02003802,E06000050,Cheshire West and Chester,7c2r,Prosperous Towns,Rural_Prosperous,J01000025,Chester
E02003803,E06000050,Cheshire West and Chester,7c2r,Prosperous Towns,Rural_Prosperous,J01000025,Chester
E02003804,E06000050,Cheshire West and Chester,7c2r,Prosperous Towns,Rural_Prosperous,J01000025,Chester
E02003805,E06000050,Cheshire West and Chester,7c2r,Prosperous Towns,Rural_Prosperous,NA,NA
E02003806,E06000050,Cheshire West and Chester,7c2r,Prosperous Towns,Rural_Prosperous,J01000025,Chester
E02003807,E06000050,Cheshire West and Chester,7c2r,Prosperous Towns,Rural_Prosperous,J01000025,Chester
E02003808,E06000050,Cheshire West and Chester,7c2r,Prosperous Towns,Rural_Prosperous,J01000025,Chester
E02003809,E06000050,Cheshire West and Chester,7c2r,Prosperous Towns,Rural_Prosperous,NA,NA
E02003810,E06000050,Cheshire West and Chester,7c2r,Prosperous Towns,Rural_Prosperous,NA,NA
E02003811,E06000049,Cheshire East,7a1r,Country Living,Countryside,NA,NA
E02003812,E06000049,Cheshire East,7a1r,Country Living,Countryside,NA,NA
E02003813,E06000049,Cheshire East,7a1r,Country Living,Countryside,NA,NA
E02003814,E06000049,Cheshire East,7a1r,Country Living,Countryside,NA,NA
E02003815,E06000049,Cheshire East,7a1r,Country Living,Countryside,NA,NA
E02003816,E06000049,Cheshire East,7a1r,Country Living,Countryside,NA,NA
E02003817,E06000049,Cheshire East,7a1r,Country Living,Countryside,NA,NA
E02003818,E06000049,Cheshire East,7a1r,Country Living,Countryside,NA,NA
E02003819,E06000049,Cheshire East,7a1r,Country Living,Countryside,NA,NA
E02003820,E06000049,Cheshire East,7a1r,Country Living,Countryside,NA,NA
E02003821,E06000049,Cheshire East,7a1r,Country Living,Countryside,NA,NA
E02003822,E06000049,Cheshire East,7a1r,Country Living,Countryside,NA,NA
E02003823,E06000049,Cheshire East,7a1r,Country Living,Countryside,NA,NA
E02003824,E06000049,Cheshire East,7a1r,Country Living,Countryside,NA,NA
E02003825,E06000049,Cheshire East,7a1r,Country Living,Countryside,NA,NA
E02003826,E06000049,Cheshire East,7a1r,Country Living,Countryside,NA,NA
E02003827,E06000049,Cheshire East,7a1r,Country Living,Countryside,NA,NA
E02003828,E06000049,Cheshire East,7a1r,Country Living,Countryside,NA,NA
E02003829,E06000049,Cheshire East,7a1r,Country Living,Countryside,NA,NA
E02003830,E06000049,Cheshire East,7a1r,Country Living,Countryside,NA,NA
E02003831,E06000049,Cheshire East,7a1r,Country Living,Countryside,NA,NA
E02003832,E06000049,Cheshire East,7a1r,Country Living,Countryside,NA,NA
E02003833,E06000049,Cheshire East,7a1r,Country Living,Countryside,NA,NA
E02003834,E06000049,Cheshire East,7a1r,Country Living,Countryside,NA,NA
E02003835,E06000049,Cheshire East,7a1r,Country Living,Countryside,NA,NA
E02003836,E06000049,Cheshire East,7a1r,Country Living,Countryside,NA,NA
E02003837,E06000049,Cheshire East,7a1r,Country Living,Countryside,NA,NA
E02003838,E06000049,Cheshire East,7a1r,Country Living,Countryside,NA,NA
E02003839,E06000049,Cheshire East,7a1r,Country Living,Countryside,NA,NA
E02003840,E06000049,Cheshire East,7a1r,Country Living,Countryside,NA,NA
E02003841,E06000050,Cheshire West and Chester,7c2r,Prosperous Towns,Rural_Prosperous,NA,NA
E02003842,E06000050,Cheshire West and Chester,7c2r,Prosperous Towns,Rural_Prosperous,NA,NA
E02003843,E06000050,Cheshire West and Chester,7c2r,Prosperous Towns,Rural_Prosperous,NA,NA
E02003844,E06000050,Cheshire West and Chester,7c2r,Prosperous Towns,Rural_Prosperous,NA,NA
E02003845,E06000050,Cheshire West and Chester,7c2r,Prosperous Towns,Rural_Prosperous,NA,NA
E02003846,E06000050,Cheshire West and Chester,7c2r,Prosperous Towns,Rural_Prosperous,NA,NA
E02003847,E06000050,Cheshire West and Chester,7c2r,Prosperous Towns,Rural_Prosperous,NA,NA
E02003848,E06000050,Cheshire West and Chester,7c2r,Prosperous Towns,Rural_Prosperous,NA,NA
E02003849,E06000050,Cheshire West and Chester,7c2r,Prosperous Towns,Rural_Prosperous,NA,NA
E02003850,E06000050,Cheshire West and Chester,7c2r,Prosperous Towns,Rural_Prosperous,NA,NA
E02003851,E06000050,Cheshire West and Chester,7c2r,Prosperous Towns,Rural_Prosperous,NA,NA
E02003852,E06000050,Cheshire West and Chester,7c2r,Prosperous Towns,Rural_Prosperous,NA,NA
E02003853,E06000049,Cheshire East,7a1r,Country Living,Countryside,NA,NA
E02003854,E06000049,Cheshire East,7a1r,Country Living,Countryside,NA,NA
E02003855,E06000049,Cheshire East,7a1r,Country Living,Countryside,NA,NA
E02003856,E06000049,Cheshire East,7a1r,Country Living,Countryside,NA,NA
E02003857,E06000049,Cheshire East,7a1r,Country Living,Countryside,NA,NA
E02003858,E06000049,Cheshire East,7a1r,Country Living,Countryside,NA,NA
E02003859,E06000049,Cheshire East,7a1r,Country Living,Countryside,NA,NA
E02003860,E06000049,Cheshire East,7a1r,Country Living,Countryside,NA,NA
E02003861,E06000049,Cheshire East,7a1r,Country Living,Countryside,NA,NA
E02003862,E06000049,Cheshire East,7a1r,Country Living,Countryside,NA,NA
E02003863,E06000049,Cheshire East,7a1r,Country Living,Countryside,NA,NA
E02003864,E06000049,Cheshire East,7a1r,Country Living,Countryside,NA,NA
E02003865,E06000049,Cheshire East,7a1r,Country Living,Countryside,NA,NA
E02003866,E06000049,Cheshire East,7a1r,Country Living,Countryside,NA,NA
E02003867,E06000049,Cheshire East,7a1r,Country Living,Countryside,NA,NA
E02003868,E06000049,Cheshire East,7a1r,Country Living,Countryside,NA,NA
E02003869,E06000049,Cheshire East,7a1r,Country Living,Countryside,NA,NA
E02003870,E06000049,Cheshire East,7a1r,Country Living,Countryside,NA,NA
E02003871,E06000049,Cheshire East,7a1r,Country Living,Countryside,NA,NA
E02003872,E06000049,Cheshire East,7a1r,Country Living,Countryside,NA,NA
E02003873,E06000049,Cheshire East,7a1r,Country Living,Countryside,NA,NA
E02003874,E06000050,Cheshire West and Chester,7c2r,Prosperous Towns,Rural_Prosperous,NA,NA
E02003875,E06000050,Cheshire West and Chester,7c2r,Prosperous Towns,Rural_Prosperous,NA,NA
E02003876,E06000050,Cheshire West and Chester,7c2r,Prosperous Towns,Rural_Prosperous,NA,NA
E02003877,E06000050,Cheshire West and Chester,7c2r,Prosperous Towns,Rural_Prosperous,NA,NA
E02003878,E06000050,Cheshire West and Chester,7c2r,Prosperous Towns,Rural_Prosperous,NA,NA
E02003879,E06000050,Cheshire West and Chester,7c2r,Prosperous Towns,Rural_Prosperous,NA,NA
E02003880,E06000050,Cheshire West and Chester,7c2r,Prosperous Towns,Rural_Prosperous,NA,NA
E02003881,E06000050,Cheshire West and Chester,7c2r,Prosperous Towns,Rural_Prosperous,NA,NA
E02003882,E06000050,Cheshire West and Chester,7c2r,Prosperous Towns,Rural_Prosperous,NA,NA
E02003883,E06000050,Cheshire West and Chester,7c2r,Prosperous Towns,Rural_Prosperous,NA,NA
E02003884,E06000050,Cheshire West and Chester,7c2r,Prosperous Towns,Rural_Prosperous,NA,NA
E02003885,E06000050,Cheshire West and Chester,7c2r,Prosperous Towns,Rural_Prosperous,NA,NA
E02003886,E06000050,Cheshire West and Chester,7c2r,Prosperous Towns,Rural_Prosperous,NA,NA
E02003887,E06000050,Cheshire West and Chester,7c2r,Prosperous Towns,Rural_Prosperous,NA,NA
E02003888,E06000050,Cheshire West and Chester,7c2r,Prosperous Towns,Rural_Prosperous,NA,NA
E02003889,E06000050,Cheshire West and Chester,7c2r,Prosperous Towns,Rural_Prosperous,NA,NA
E02003890,E06000050,Cheshire West and Chester,7c2r,Prosperous Towns,Rural_Prosperous,NA,NA
E02003891,E06000050,Cheshire West and Chester,7c2r,Prosperous Towns,Rural_Prosperous,NA,NA
E02003892,E06000052,Cornwall,3b1r,Ageing Coastal Living,Seaside,NA,NA
E02003893,E06000052,Cornwall,3b1r,Ageing Coastal Living,Seaside,NA,NA
E02003894,E06000052,Cornwall,3b1r,Ageing Coastal Living,Seaside,NA,NA
E02003895,E06000052,Cornwall,3b1r,Ageing Coastal Living,Seaside,NA,NA
E02003896,E06000052,Cornwall,3b1r,Ageing Coastal Living,Seaside,NA,NA
E02003897,E06000052,Cornwall,3b1r,Ageing Coastal Living,Seaside,NA,NA
E02003898,E06000052,Cornwall,3b1r,Ageing Coastal Living,Seaside,NA,NA
E02003899,E06000052,Cornwall,3b1r,Ageing Coastal Living,Seaside,NA,NA
E02003900,E06000052,Cornwall,3b1r,Ageing Coastal Living,Seaside,NA,NA
E02003901,E06000052,Cornwall,3b1r,Ageing Coastal Living,Seaside,NA,NA
E02003902,E06000052,Cornwall,3b1r,Ageing Coastal Living,Seaside,NA,NA
E02003903,E06000052,Cornwall,3b1r,Ageing Coastal Living,Seaside,NA,NA
E02003904,E06000052,Cornwall,3b1r,Ageing Coastal Living,Seaside,NA,NA
E02003905,E06000052,Cornwall,3b1r,Ageing Coastal Living,Seaside,NA,NA
E02003906,E06000052,Cornwall,3b1r,Ageing Coastal Living,Seaside,NA,NA
E02003907,E06000052,Cornwall,3b1r,Ageing Coastal Living,Seaside,NA,NA
E02003908,E06000052,Cornwall,3b1r,Ageing Coastal Living,Seaside,NA,NA
E02003909,E06000052,Cornwall,3b1r,Ageing Coastal Living,Seaside,NA,NA
E02003910,E06000052,Cornwall,3b1r,Ageing Coastal Living,Seaside,NA,NA
E02003911,E06000052,Cornwall,3b1r,Ageing Coastal Living,Seaside,NA,NA
E02003912,E06000052,Cornwall,3b1r,Ageing Coastal Living,Seaside,NA,NA
E02003913,E06000052,Cornwall,3b1r,Ageing Coastal Living,Seaside,NA,NA
E02003914,E06000052,Cornwall,3b1r,Ageing Coastal Living,Seaside,NA,NA
E02003915,E06000052,Cornwall,3b1r,Ageing Coastal Living,Seaside,NA,NA
E02003916,E06000052,Cornwall,3b1r,Ageing Coastal Living,Seaside,NA,NA
E02003917,E06000052,Cornwall,3b1r,Ageing Coastal Living,Seaside,NA,NA
E02003918,E06000052,Cornwall,3b1r,Ageing Coastal Living,Seaside,NA,NA
E02003919,E06000052,Cornwall,3b1r,Ageing Coastal Living,Seaside,NA,NA
E02003920,E06000052,Cornwall,3b1r,Ageing Coastal Living,Seaside,NA,NA
E02003921,E06000052,Cornwall,3b1r,Ageing Coastal Living,Seaside,NA,NA
E02003922,E06000052,Cornwall,3b1r,Ageing Coastal Living,Seaside,NA,NA
E02003923,E06000052,Cornwall,3b1r,Ageing Coastal Living,Seaside,NA,NA
E02003924,E06000052,Cornwall,3b1r,Ageing Coastal Living,Seaside,NA,NA
E02003925,E06000052,Cornwall,3b1r,Ageing Coastal Living,Seaside,NA,NA
E02003926,E06000052,Cornwall,3b1r,Ageing Coastal Living,Seaside,NA,NA
E02003927,E06000052,Cornwall,3b1r,Ageing Coastal Living,Seaside,NA,NA
E02003928,E06000052,Cornwall,3b1r,Ageing Coastal Living,Seaside,NA,NA
E02003929,E06000052,Cornwall,3b1r,Ageing Coastal Living,Seaside,NA,NA
E02003930,E06000052,Cornwall,3b1r,Ageing Coastal Living,Seaside,NA,NA
E02003931,E06000052,Cornwall,3b1r,Ageing Coastal Living,Seaside,NA,NA
E02003932,E06000052,Cornwall,3b1r,Ageing Coastal Living,Seaside,NA,NA
E02003933,E06000052,Cornwall,3b1r,Ageing Coastal Living,Seaside,NA,NA
E02003934,E06000052,Cornwall,3b1r,Ageing Coastal Living,Seaside,NA,NA
E02003935,E06000052,Cornwall,3b1r,Ageing Coastal Living,Seaside,NA,NA
E02003936,E06000052,Cornwall,3b1r,Ageing Coastal Living,Seaside,NA,NA
E02003937,E06000052,Cornwall,3b1r,Ageing Coastal Living,Seaside,NA,NA
E02003938,E06000052,Cornwall,3b1r,Ageing Coastal Living,Seaside,NA,NA
E02003939,E06000052,Cornwall,3b1r,Ageing Coastal Living,Seaside,NA,NA
E02003940,E06000052,Cornwall,3b1r,Ageing Coastal Living,Seaside,NA,NA
E02003941,E06000052,Cornwall,3b1r,Ageing Coastal Living,Seaside,NA,NA
E02003942,E06000052,Cornwall,3b1r,Ageing Coastal Living,Seaside,NA,NA
E02003943,E06000052,Cornwall,3b1r,Ageing Coastal Living,Seaside,NA,NA
E02003944,E06000052,Cornwall,3b1r,Ageing Coastal Living,Seaside,NA,NA
E02003945,E06000052,Cornwall,3b1r,Ageing Coastal Living,Seaside,NA,NA
E02003946,E06000052,Cornwall,3b1r,Ageing Coastal Living,Seaside,NA,NA
E02003947,E06000052,Cornwall,3b1r,Ageing Coastal Living,Seaside,NA,NA
E02003948,E06000052,Cornwall,3b1r,Ageing Coastal Living,Seaside,NA,NA
E02003949,E06000052,Cornwall,3b1r,Ageing Coastal Living,Seaside,NA,NA
E02003950,E06000052,Cornwall,3b1r,Ageing Coastal Living,Seaside,NA,NA
E02003951,E06000052,Cornwall,3b1r,Ageing Coastal Living,Seaside,NA,NA
E02003952,E06000052,Cornwall,3b1r,Ageing Coastal Living,Seaside,NA,NA
E02003953,E06000052,Cornwall,3b1r,Ageing Coastal Living,Seaside,NA,NA
E02003954,E06000052,Cornwall,3b1r,Ageing Coastal Living,Seaside,NA,NA
E02003955,E06000052,Cornwall,3b1r,Ageing Coastal Living,Seaside,NA,NA
E02003956,E06000052,Cornwall,3b1r,Ageing Coastal Living,Seaside,NA,NA
E02003957,E06000052,Cornwall,3b1r,Ageing Coastal Living,Seaside,NA,NA
E02003958,E06000052,Cornwall,3b1r,Ageing Coastal Living,Seaside,NA,NA
E02003959,E06000052,Cornwall,3b1r,Ageing Coastal Living,Seaside,NA,NA
E02003960,E06000052,Cornwall,3b1r,Ageing Coastal Living,Seaside,NA,NA
E02003961,E06000052,Cornwall,3b1r,Ageing Coastal Living,Seaside,NA,NA
E02003962,E06000052,Cornwall,3b1r,Ageing Coastal Living,Seaside,NA,NA
E02003963,E06000052,Cornwall,3b1r,Ageing Coastal Living,Seaside,NA,NA
E02003964,E06000052,Cornwall,3b1r,Ageing Coastal Living,Seaside,NA,NA
E02003965,E07000026,Allerdale,3a2r,Sparse English and Welsh Countryside,Countryside,NA,NA
E02003966,E07000026,Allerdale,3a2r,Sparse English and Welsh Countryside,Countryside,NA,NA
E02003967,E07000026,Allerdale,3a2r,Sparse English and Welsh Countryside,Countryside,NA,NA
E02003968,E07000026,Allerdale,3a2r,Sparse English and Welsh Countryside,Countryside,NA,NA
E02003969,E07000026,Allerdale,3a2r,Sparse English and Welsh Countryside,Countryside,NA,NA
E02003970,E07000026,Allerdale,3a2r,Sparse English and Welsh Countryside,Countryside,NA,NA
E02003971,E07000026,Allerdale,3a2r,Sparse English and Welsh Countryside,Countryside,NA,NA
E02003972,E07000026,Allerdale,3a2r,Sparse English and Welsh Countryside,Countryside,NA,NA
E02003973,E07000026,Allerdale,3a2r,Sparse English and Welsh Countryside,Countryside,NA,NA
E02003974,E07000026,Allerdale,3a2r,Sparse English and Welsh Countryside,Countryside,NA,NA
E02003975,E07000026,Allerdale,3a2r,Sparse English and Welsh Countryside,Countryside,NA,NA
E02003976,E07000026,Allerdale,3a2r,Sparse English and Welsh Countryside,Countryside,NA,NA
E02003977,E07000027,Barrow-in-Furness,6a2r,Mining Legacy,Post_Industrial,NA,NA
E02003978,E07000027,Barrow-in-Furness,6a2r,Mining Legacy,Post_Industrial,NA,NA
E02003979,E07000027,Barrow-in-Furness,6a2r,Mining Legacy,Post_Industrial,NA,NA
E02003980,E07000027,Barrow-in-Furness,6a2r,Mining Legacy,Post_Industrial,NA,NA
E02003981,E07000027,Barrow-in-Furness,6a2r,Mining Legacy,Post_Industrial,NA,NA
E02003982,E07000027,Barrow-in-Furness,6a2r,Mining Legacy,Post_Industrial,NA,NA
E02003983,E07000027,Barrow-in-Furness,6a2r,Mining Legacy,Post_Industrial,NA,NA
E02003984,E07000027,Barrow-in-Furness,6a2r,Mining Legacy,Post_Industrial,NA,NA
E02003985,E07000027,Barrow-in-Furness,6a2r,Mining Legacy,Post_Industrial,NA,NA
E02003986,E07000027,Barrow-in-Furness,6a2r,Mining Legacy,Post_Industrial,NA,NA
E02003987,E07000028,Carlisle,6a1r,Manufacturing Legacy,Post_Industrial,NA,NA
E02003988,E07000028,Carlisle,6a1r,Manufacturing Legacy,Post_Industrial,NA,NA
E02003989,E07000028,Carlisle,6a1r,Manufacturing Legacy,Post_Industrial,J01000021,Carlisle
E02003990,E07000028,Carlisle,6a1r,Manufacturing Legacy,Post_Industrial,J01000021,Carlisle
E02003991,E07000028,Carlisle,6a1r,Manufacturing Legacy,Post_Industrial,J01000021,Carlisle
E02003992,E07000028,Carlisle,6a1r,Manufacturing Legacy,Post_Industrial,J01000021,Carlisle
E02003993,E07000028,Carlisle,6a1r,Manufacturing Legacy,Post_Industrial,NA,NA
E02003994,E07000028,Carlisle,6a1r,Manufacturing Legacy,Post_Industrial,J01000021,Carlisle
E02003995,E07000028,Carlisle,6a1r,Manufacturing Legacy,Post_Industrial,J01000021,Carlisle
E02003996,E07000028,Carlisle,6a1r,Manufacturing Legacy,Post_Industrial,J01000021,Carlisle
E02003997,E07000028,Carlisle,6a1r,Manufacturing Legacy,Post_Industrial,J01000021,Carlisle
E02003998,E07000028,Carlisle,6a1r,Manufacturing Legacy,Post_Industrial,J01000021,Carlisle
E02003999,E07000028,Carlisle,6a1r,Manufacturing Legacy,Post_Industrial,J01000021,Carlisle
E02004000,E07000029,Copeland,6a2r,Mining Legacy,Post_Industrial,NA,NA
E02004001,E07000029,Copeland,6a2r,Mining Legacy,Post_Industrial,NA,NA
E02004002,E07000029,Copeland,6a2r,Mining Legacy,Post_Industrial,NA,NA
E02004003,E07000029,Copeland,6a2r,Mining Legacy,Post_Industrial,NA,NA
E02004004,E07000029,Copeland,6a2r,Mining Legacy,Post_Industrial,NA,NA
E02004005,E07000029,Copeland,6a2r,Mining Legacy,Post_Industrial,NA,NA
E02004006,E07000029,Copeland,6a2r,Mining Legacy,Post_Industrial,NA,NA
E02004007,E07000029,Copeland,6a2r,Mining Legacy,Post_Industrial,NA,NA
E02004008,E07000030,Eden,3a1r,Older Farming Communities,Countryside,NA,NA
E02004009,E07000030,Eden,3a1r,Older Farming Communities,Countryside,NA,NA
E02004010,E07000030,Eden,3a1r,Older Farming Communities,Countryside,NA,NA
E02004011,E07000030,Eden,3a1r,Older Farming Communities,Countryside,NA,NA
E02004012,E07000030,Eden,3a1r,Older Farming Communities,Countryside,NA,NA
E02004013,E07000030,Eden,3a1r,Older Farming Communities,Countryside,NA,NA
E02004014,E07000030,Eden,3a1r,Older Farming Communities,Countryside,NA,NA
E02004015,E07000031,South Lakeland,3a1r,Older Farming Communities,Countryside,NA,NA
E02004016,E07000031,South Lakeland,3a1r,Older Farming Communities,Countryside,NA,NA
E02004017,E07000031,South Lakeland,3a1r,Older Farming Communities,Countryside,NA,NA
E02004018,E07000031,South Lakeland,3a1r,Older Farming Communities,Countryside,NA,NA
E02004019,E07000031,South Lakeland,3a1r,Older Farming Communities,Countryside,NA,NA
E02004020,E07000031,South Lakeland,3a1r,Older Farming Communities,Countryside,NA,NA
E02004021,E07000031,South Lakeland,3a1r,Older Farming Communities,Countryside,NA,NA
E02004022,E07000031,South Lakeland,3a1r,Older Farming Communities,Countryside,NA,NA
E02004023,E07000031,South Lakeland,3a1r,Older Farming Communities,Countryside,NA,NA
E02004024,E07000031,South Lakeland,3a1r,Older Farming Communities,Countryside,NA,NA
E02004025,E07000031,South Lakeland,3a1r,Older Farming Communities,Countryside,NA,NA
E02004026,E07000031,South Lakeland,3a1r,Older Farming Communities,Countryside,NA,NA
E02004027,E07000031,South Lakeland,3a1r,Older Farming Communities,Countryside,NA,NA
E02004028,E07000031,South Lakeland,3a1r,Older Farming Communities,Countryside,NA,NA
E02004029,E07000032,Amber Valley,7a1r,Country Living,Countryside,NA,NA
E02004030,E07000032,Amber Valley,7a1r,Country Living,Countryside,NA,NA
E02004031,E07000032,Amber Valley,7a1r,Country Living,Countryside,NA,NA
E02004032,E07000032,Amber Valley,7a1r,Country Living,Countryside,NA,NA
E02004033,E07000032,Amber Valley,7a1r,Country Living,Countryside,NA,NA
E02004034,E07000032,Amber Valley,7a1r,Country Living,Countryside,NA,NA
E02004035,E07000032,Amber Valley,7a1r,Country Living,Countryside,NA,NA
E02004036,E07000032,Amber Valley,7a1r,Country Living,Countryside,NA,NA
E02004037,E07000032,Amber Valley,7a1r,Country Living,Countryside,NA,NA
E02004038,E07000032,Amber Valley,7a1r,Country Living,Countryside,NA,NA
E02004039,E07000032,Amber Valley,7a1r,Country Living,Countryside,NA,NA
E02004040,E07000032,Amber Valley,7a1r,Country Living,Countryside,NA,NA
E02004041,E07000032,Amber Valley,7a1r,Country Living,Countryside,NA,NA
E02004043,E07000032,Amber Valley,7a1r,Country Living,Countryside,NA,NA
E02004044,E07000032,Amber Valley,7a1r,Country Living,Countryside,NA,NA
E02004045,E07000033,Bolsover,6a1r,Manufacturing Legacy,Post_Industrial,NA,NA
E02004046,E07000033,Bolsover,6a1r,Manufacturing Legacy,Post_Industrial,NA,NA
E02004047,E07000033,Bolsover,6a1r,Manufacturing Legacy,Post_Industrial,NA,NA
E02004048,E07000033,Bolsover,6a1r,Manufacturing Legacy,Post_Industrial,NA,NA
E02004049,E07000033,Bolsover,6a1r,Manufacturing Legacy,Post_Industrial,NA,NA
E02004050,E07000033,Bolsover,6a1r,Manufacturing Legacy,Post_Industrial,NA,NA
E02004051,E07000033,Bolsover,6a1r,Manufacturing Legacy,Post_Industrial,NA,NA
E02004052,E07000033,Bolsover,6a1r,Manufacturing Legacy,Post_Industrial,NA,NA
E02004053,E07000033,Bolsover,6a1r,Manufacturing Legacy,Post_Industrial,NA,NA
E02004054,E07000033,Bolsover,6a1r,Manufacturing Legacy,Post_Industrial,NA,NA
E02004055,E07000034,Chesterfield,6a1r,Manufacturing Legacy,Post_Industrial,J01000026,Chesterfield
E02004056,E07000034,Chesterfield,6a1r,Manufacturing Legacy,Post_Industrial,NA,NA
E02004057,E07000034,Chesterfield,6a1r,Manufacturing Legacy,Post_Industrial,J01000026,Chesterfield
E02004058,E07000034,Chesterfield,6a1r,Manufacturing Legacy,Post_Industrial,J01000026,Chesterfield
E02004059,E07000034,Chesterfield,6a1r,Manufacturing Legacy,Post_Industrial,J01000026,Chesterfield
E02004060,E07000034,Chesterfield,6a1r,Manufacturing Legacy,Post_Industrial,NA,NA
E02004061,E07000034,Chesterfield,6a1r,Manufacturing Legacy,Post_Industrial,J01000026,Chesterfield
E02004062,E07000034,Chesterfield,6a1r,Manufacturing Legacy,Post_Industrial,J01000026,Chesterfield
E02004063,E07000034,Chesterfield,6a1r,Manufacturing Legacy,Post_Industrial,J01000026,Chesterfield
E02004064,E07000034,Chesterfield,6a1r,Manufacturing Legacy,Post_Industrial,J01000026,Chesterfield
E02004065,E07000034,Chesterfield,6a1r,Manufacturing Legacy,Post_Industrial,J01000026,Chesterfield
E02004066,E07000034,Chesterfield,6a1r,Manufacturing Legacy,Post_Industrial,J01000026,Chesterfield
E02004067,E07000034,Chesterfield,6a1r,Manufacturing Legacy,Post_Industrial,J01000026,Chesterfield
E02004068,E07000035,Derbyshire Dales,3a1r,Older Farming Communities,Countryside,NA,NA
E02004069,E07000035,Derbyshire Dales,3a1r,Older Farming Communities,Countryside,NA,NA
E02004070,E07000035,Derbyshire Dales,3a1r,Older Farming Communities,Countryside,NA,NA
E02004071,E07000035,Derbyshire Dales,3a1r,Older Farming Communities,Countryside,NA,NA
E02004072,E07000035,Derbyshire Dales,3a1r,Older Farming Communities,Countryside,NA,NA
E02004073,E07000035,Derbyshire Dales,3a1r,Older Farming Communities,Countryside,NA,NA
E02004074,E07000035,Derbyshire Dales,3a1r,Older Farming Communities,Countryside,NA,NA
E02004075,E07000035,Derbyshire Dales,3a1r,Older Farming Communities,Countryside,NA,NA
E02004076,E07000035,Derbyshire Dales,3a1r,Older Farming Communities,Countryside,NA,NA
E02004077,E07000035,Derbyshire Dales,3a1r,Older Farming Communities,Countryside,NA,NA
E02004078,E07000036,Erewash,7a1r,Country Living,Countryside,NA,NA
E02004080,E07000036,Erewash,7a1r,Country Living,Countryside,NA,NA
E02004081,E07000036,Erewash,7a1r,Country Living,Countryside,NA,NA
E02004082,E07000036,Erewash,7a1r,Country Living,Countryside,NA,NA
E02004083,E07000036,Erewash,7a1r,Country Living,Countryside,NA,NA
E02004084,E07000036,Erewash,7a1r,Country Living,Countryside,NA,NA
E02004085,E07000036,Erewash,7a1r,Country Living,Countryside,NA,NA
E02004086,E07000036,Erewash,7a1r,Country Living,Countryside,NA,NA
E02004087,E07000036,Erewash,7a1r,Country Living,Countryside,NA,NA
E02004088,E07000036,Erewash,7a1r,Country Living,Countryside,NA,NA
E02004089,E07000036,Erewash,7a1r,Country Living,Countryside,NA,NA
E02004090,E07000036,Erewash,7a1r,Country Living,Countryside,NA,NA
E02004091,E07000036,Erewash,7a1r,Country Living,Countryside,NA,NA
E02004092,E07000036,Erewash,7a1r,Country Living,Countryside,NA,NA
E02004093,E07000037,High Peak,7c2r,Prosperous Towns,Rural_Prosperous,NA,NA
E02004094,E07000037,High Peak,7c2r,Prosperous Towns,Rural_Prosperous,NA,NA
E02004095,E07000037,High Peak,7c2r,Prosperous Towns,Rural_Prosperous,NA,NA
E02004096,E07000037,High Peak,7c2r,Prosperous Towns,Rural_Prosperous,NA,NA
E02004097,E07000037,High Peak,7c2r,Prosperous Towns,Rural_Prosperous,NA,NA
E02004098,E07000037,High Peak,7c2r,Prosperous Towns,Rural_Prosperous,NA,NA
E02004100,E07000037,High Peak,7c2r,Prosperous Towns,Rural_Prosperous,NA,NA
E02004102,E07000037,High Peak,7c2r,Prosperous Towns,Rural_Prosperous,NA,NA
E02004103,E07000037,High Peak,7c2r,Prosperous Towns,Rural_Prosperous,NA,NA
E02004104,E07000037,High Peak,7c2r,Prosperous Towns,Rural_Prosperous,NA,NA
E02004105,E07000038,North East Derbyshire,7c1r,Prosperous Semi-rural,Rural_Prosperous,NA,NA
E02004106,E07000038,North East Derbyshire,7c1r,Prosperous Semi-rural,Rural_Prosperous,NA,NA
E02004108,E07000038,North East Derbyshire,7c1r,Prosperous Semi-rural,Rural_Prosperous,NA,NA
E02004109,E07000038,North East Derbyshire,7c1r,Prosperous Semi-rural,Rural_Prosperous,NA,NA
E02004110,E07000038,North East Derbyshire,7c1r,Prosperous Semi-rural,Rural_Prosperous,NA,NA
E02004111,E07000038,North East Derbyshire,7c1r,Prosperous Semi-rural,Rural_Prosperous,J01000026,Chesterfield
E02004112,E07000038,North East Derbyshire,7c1r,Prosperous Semi-rural,Rural_Prosperous,NA,NA
E02004113,E07000038,North East Derbyshire,7c1r,Prosperous Semi-rural,Rural_Prosperous,NA,NA
E02004114,E07000038,North East Derbyshire,7c1r,Prosperous Semi-rural,Rural_Prosperous,NA,NA
E02004115,E07000038,North East Derbyshire,7c1r,Prosperous Semi-rural,Rural_Prosperous,NA,NA
E02004116,E07000038,North East Derbyshire,7c1r,Prosperous Semi-rural,Rural_Prosperous,NA,NA
E02004117,E07000038,North East Derbyshire,7c1r,Prosperous Semi-rural,Rural_Prosperous,NA,NA
E02004118,E07000039,South Derbyshire,7a1r,Country Living,Countryside,NA,NA
E02004119,E07000039,South Derbyshire,7a1r,Country Living,Countryside,NA,NA
E02004120,E07000039,South Derbyshire,7a1r,Country Living,Countryside,J01000031,Derby
E02004121,E07000039,South Derbyshire,7a1r,Country Living,Countryside,NA,NA
E02004122,E07000039,South Derbyshire,7a1r,Country Living,Countryside,NA,NA
E02004123,E07000039,South Derbyshire,7a1r,Country Living,Countryside,NA,NA
E02004124,E07000039,South Derbyshire,7a1r,Country Living,Countryside,NA,NA
E02004125,E07000039,South Derbyshire,7a1r,Country Living,Countryside,NA,NA
E02004126,E07000039,South Derbyshire,7a1r,Country Living,Countryside,NA,NA
E02004128,E07000039,South Derbyshire,7a1r,Country Living,Countryside,NA,NA
E02004129,E07000040,East Devon,3b1r,Ageing Coastal Living,Seaside,NA,NA
E02004130,E07000040,East Devon,3b1r,Ageing Coastal Living,Seaside,NA,NA
E02004131,E07000040,East Devon,3b1r,Ageing Coastal Living,Seaside,NA,NA
E02004132,E07000040,East Devon,3b1r,Ageing Coastal Living,Seaside,NA,NA
E02004133,E07000040,East Devon,3b1r,Ageing Coastal Living,Seaside,NA,NA
E02004134,E07000040,East Devon,3b1r,Ageing Coastal Living,Seaside,NA,NA
E02004135,E07000040,East Devon,3b1r,Ageing Coastal Living,Seaside,NA,NA
E02004136,E07000040,East Devon,3b1r,Ageing Coastal Living,Seaside,NA,NA
E02004137,E07000040,East Devon,3b1r,Ageing Coastal Living,Seaside,NA,NA
E02004138,E07000040,East Devon,3b1r,Ageing Coastal Living,Seaside,NA,NA
E02004139,E07000040,East Devon,3b1r,Ageing Coastal Living,Seaside,NA,NA
E02004140,E07000040,East Devon,3b1r,Ageing Coastal Living,Seaside,NA,NA
E02004141,E07000040,East Devon,3b1r,Ageing Coastal Living,Seaside,NA,NA
E02004142,E07000040,East Devon,3b1r,Ageing Coastal Living,Seaside,NA,NA
E02004143,E07000040,East Devon,3b1r,Ageing Coastal Living,Seaside,NA,NA
E02004144,E07000040,East Devon,3b1r,Ageing Coastal Living,Seaside,NA,NA
E02004145,E07000040,East Devon,3b1r,Ageing Coastal Living,Seaside,NA,NA
E02004146,E07000040,East Devon,3b1r,Ageing Coastal Living,Seaside,NA,NA
E02004147,E07000040,East Devon,3b1r,Ageing Coastal Living,Seaside,NA,NA
E02004148,E07000040,East Devon,3b1r,Ageing Coastal Living,Seaside,NA,NA
E02004149,E07000041,Exeter,2a1r,Larger Towns and Cities,Urban_Non_London,J01000035,Exeter
E02004150,E07000041,Exeter,2a1r,Larger Towns and Cities,Urban_Non_London,J01000035,Exeter
E02004151,E07000041,Exeter,2a1r,Larger Towns and Cities,Urban_Non_London,J01000035,Exeter
E02004152,E07000041,Exeter,2a1r,Larger Towns and Cities,Urban_Non_London,J01000035,Exeter
E02004153,E07000041,Exeter,2a1r,Larger Towns and Cities,Urban_Non_London,J01000035,Exeter
E02004154,E07000041,Exeter,2a1r,Larger Towns and Cities,Urban_Non_London,J01000035,Exeter
E02004155,E07000041,Exeter,2a1r,Larger Towns and Cities,Urban_Non_London,J01000035,Exeter
E02004156,E07000041,Exeter,2a1r,Larger Towns and Cities,Urban_Non_London,J01000035,Exeter
E02004157,E07000041,Exeter,2a1r,Larger Towns and Cities,Urban_Non_London,J01000035,Exeter
E02004158,E07000041,Exeter,2a1r,Larger Towns and Cities,Urban_Non_London,J01000035,Exeter
E02004159,E07000041,Exeter,2a1r,Larger Towns and Cities,Urban_Non_London,J01000035,Exeter
E02004160,E07000041,Exeter,2a1r,Larger Towns and Cities,Urban_Non_London,J01000035,Exeter
E02004161,E07000041,Exeter,2a1r,Larger Towns and Cities,Urban_Non_London,J01000035,Exeter
E02004162,E07000041,Exeter,2a1r,Larger Towns and Cities,Urban_Non_London,J01000035,Exeter
E02004163,E07000041,Exeter,2a1r,Larger Towns and Cities,Urban_Non_London,NA,NA
E02004164,E07000042,Mid Devon,3a2r,Sparse English and Welsh Countryside,Countryside,NA,NA
E02004165,E07000042,Mid Devon,3a2r,Sparse English and Welsh Countryside,Countryside,NA,NA
E02004166,E07000042,Mid Devon,3a2r,Sparse English and Welsh Countryside,Countryside,NA,NA
E02004167,E07000042,Mid Devon,3a2r,Sparse English and Welsh Countryside,Countryside,NA,NA
E02004168,E07000042,Mid Devon,3a2r,Sparse English and Welsh Countryside,Countryside,NA,NA
E02004169,E07000042,Mid Devon,3a2r,Sparse English and Welsh Countryside,Countryside,NA,NA
E02004170,E07000042,Mid Devon,3a2r,Sparse English and Welsh Countryside,Countryside,NA,NA
E02004171,E07000042,Mid Devon,3a2r,Sparse English and Welsh Countryside,Countryside,NA,NA
E02004172,E07000042,Mid Devon,3a2r,Sparse English and Welsh Countryside,Countryside,NA,NA
E02004173,E07000042,Mid Devon,3a2r,Sparse English and Welsh Countryside,Countryside,NA,NA
E02004174,E07000042,Mid Devon,3a2r,Sparse English and Welsh Countryside,Countryside,NA,NA
E02004175,E07000043,North Devon,3b1r,Ageing Coastal Living,Seaside,NA,NA
E02004176,E07000043,North Devon,3b1r,Ageing Coastal Living,Seaside,NA,NA
E02004177,E07000043,North Devon,3b1r,Ageing Coastal Living,Seaside,NA,NA
E02004178,E07000043,North Devon,3b1r,Ageing Coastal Living,Seaside,NA,NA
E02004179,E07000043,North Devon,3b1r,Ageing Coastal Living,Seaside,NA,NA
E02004180,E07000043,North Devon,3b1r,Ageing Coastal Living,Seaside,NA,NA
E02004181,E07000043,North Devon,3b1r,Ageing Coastal Living,Seaside,NA,NA
E02004182,E07000043,North Devon,3b1r,Ageing Coastal Living,Seaside,NA,NA
E02004183,E07000043,North Devon,3b1r,Ageing Coastal Living,Seaside,NA,NA
E02004184,E07000043,North Devon,3b1r,Ageing Coastal Living,Seaside,NA,NA
E02004185,E07000043,North Devon,3b1r,Ageing Coastal Living,Seaside,NA,NA
E02004186,E07000043,North Devon,3b1r,Ageing Coastal Living,Seaside,NA,NA
E02004187,E07000043,North Devon,3b1r,Ageing Coastal Living,Seaside,NA,NA
E02004188,E07000043,North Devon,3b1r,Ageing Coastal Living,Seaside,NA,NA
E02004189,E07000044,South Hams,3a1r,Older Farming Communities,Countryside,J01000072,Plymouth
E02004190,E07000044,South Hams,3a1r,Older Farming Communities,Countryside,NA,NA
E02004191,E07000044,South Hams,3a1r,Older Farming Communities,Countryside,NA,NA
E02004192,E07000044,South Hams,3a1r,Older Farming Communities,Countryside,NA,NA
E02004193,E07000044,South Hams,3a1r,Older Farming Communities,Countryside,NA,NA
E02004194,E07000044,South Hams,3a1r,Older Farming Communities,Countryside,NA,NA
E02004195,E07000044,South Hams,3a1r,Older Farming Communities,Countryside,NA,NA
E02004196,E07000044,South Hams,3a1r,Older Farming Communities,Countryside,NA,NA
E02004197,E07000044,South Hams,3a1r,Older Farming Communities,Countryside,NA,NA
E02004198,E07000044,South Hams,3a1r,Older Farming Communities,Countryside,NA,NA
E02004199,E07000044,South Hams,3a1r,Older Farming Communities,Countryside,NA,NA
E02004200,E07000044,South Hams,3a1r,Older Farming Communities,Countryside,NA,NA
E02004201,E07000045,Teignbridge,3b1r,Ageing Coastal Living,Seaside,NA,NA
E02004202,E07000045,Teignbridge,3b1r,Ageing Coastal Living,Seaside,NA,NA
E02004203,E07000045,Teignbridge,3b1r,Ageing Coastal Living,Seaside,NA,NA
E02004204,E07000045,Teignbridge,3b1r,Ageing Coastal Living,Seaside,NA,NA
E02004205,E07000045,Teignbridge,3b1r,Ageing Coastal Living,Seaside,NA,NA
E02004206,E07000045,Teignbridge,3b1r,Ageing Coastal Living,Seaside,NA,NA
E02004207,E07000045,Teignbridge,3b1r,Ageing Coastal Living,Seaside,NA,NA
E02004208,E07000045,Teignbridge,3b1r,Ageing Coastal Living,Seaside,NA,NA
E02004209,E07000045,Teignbridge,3b1r,Ageing Coastal Living,Seaside,NA,NA
E02004210,E07000045,Teignbridge,3b1r,Ageing Coastal Living,Seaside,NA,NA
E02004211,E07000045,Teignbridge,3b1r,Ageing Coastal Living,Seaside,NA,NA
E02004212,E07000045,Teignbridge,3b1r,Ageing Coastal Living,Seaside,NA,NA
E02004213,E07000045,Teignbridge,3b1r,Ageing Coastal Living,Seaside,NA,NA
E02004214,E07000045,Teignbridge,3b1r,Ageing Coastal Living,Seaside,NA,NA
E02004215,E07000045,Teignbridge,3b1r,Ageing Coastal Living,Seaside,NA,NA
E02004216,E07000045,Teignbridge,3b1r,Ageing Coastal Living,Seaside,NA,NA
E02004217,E07000045,Teignbridge,3b1r,Ageing Coastal Living,Seaside,NA,NA
E02004218,E07000045,Teignbridge,3b1r,Ageing Coastal Living,Seaside,NA,NA
E02004219,E07000045,Teignbridge,3b1r,Ageing Coastal Living,Seaside,NA,NA
E02004220,E07000046,Torridge,3a1r,Older Farming Communities,Countryside,NA,NA
E02004221,E07000046,Torridge,3a1r,Older Farming Communities,Countryside,NA,NA
E02004222,E07000046,Torridge,3a1r,Older Farming Communities,Countryside,NA,NA
E02004223,E07000046,Torridge,3a1r,Older Farming Communities,Countryside,NA,NA
E02004224,E07000046,Torridge,3a1r,Older Farming Communities,Countryside,NA,NA
E02004225,E07000046,Torridge,3a1r,Older Farming Communities,Countryside,NA,NA
E02004226,E07000046,Torridge,3a1r,Older Farming Communities,Countryside,NA,NA
E02004227,E07000046,Torridge,3a1r,Older Farming Communities,Countryside,NA,NA
E02004228,E07000046,Torridge,3a1r,Older Farming Communities,Countryside,NA,NA
E02004229,E07000047,West Devon,3a1r,Older Farming Communities,Countryside,NA,NA
E02004230,E07000047,West Devon,3a1r,Older Farming Communities,Countryside,NA,NA
E02004231,E07000047,West Devon,3a1r,Older Farming Communities,Countryside,NA,NA
E02004232,E07000047,West Devon,3a1r,Older Farming Communities,Countryside,NA,NA
E02004233,E07000047,West Devon,3a1r,Older Farming Communities,Countryside,NA,NA
E02004234,E07000047,West Devon,3a1r,Older Farming Communities,Countryside,NA,NA
E02004235,E07000047,West Devon,3a1r,Older Farming Communities,Countryside,NA,NA
E02004236,E07000048,Christchurch,3b1r,Ageing Coastal Living,Seaside,NA,NA
E02004237,E07000048,Christchurch,3b1r,Ageing Coastal Living,Seaside,NA,NA
E02004238,E07000048,Christchurch,3b1r,Ageing Coastal Living,Seaside,NA,NA
E02004239,E07000048,Christchurch,3b1r,Ageing Coastal Living,Seaside,NA,NA
E02004240,E07000048,Christchurch,3b1r,Ageing Coastal Living,Seaside,NA,NA
E02004241,E07000048,Christchurch,3b1r,Ageing Coastal Living,Seaside,NA,NA
E02004242,E07000048,Christchurch,3b1r,Ageing Coastal Living,Seaside,NA,NA
E02004243,E07000049,East Dorset,3a1r,Older Farming Communities,Countryside,NA,NA
E02004244,E07000049,East Dorset,3a1r,Older Farming Communities,Countryside,NA,NA
E02004245,E07000049,East Dorset,3a1r,Older Farming Communities,Countryside,NA,NA
E02004246,E07000049,East Dorset,3a1r,Older Farming Communities,Countryside,NA,NA
E02004247,E07000049,East Dorset,3a1r,Older Farming Communities,Countryside,NA,NA
E02004248,E07000049,East Dorset,3a1r,Older Farming Communities,Countryside,NA,NA
E02004249,E07000049,East Dorset,3a1r,Older Farming Communities,Countryside,NA,NA
E02004250,E07000049,East Dorset,3a1r,Older Farming Communities,Countryside,NA,NA
E02004251,E07000049,East Dorset,3a1r,Older Farming Communities,Countryside,NA,NA
E02004252,E07000049,East Dorset,3a1r,Older Farming Communities,Countryside,NA,NA
E02004253,E07000049,East Dorset,3a1r,Older Farming Communities,Countryside,NA,NA
E02004254,E07000049,East Dorset,3a1r,Older Farming Communities,Countryside,J01000073,Poole
E02004255,E07000050,North Dorset,3a2r,Sparse English and Welsh Countryside,Countryside,NA,NA
E02004256,E07000050,North Dorset,3a2r,Sparse English and Welsh Countryside,Countryside,NA,NA
E02004257,E07000050,North Dorset,3a2r,Sparse English and Welsh Countryside,Countryside,NA,NA
E02004258,E07000050,North Dorset,3a2r,Sparse English and Welsh Countryside,Countryside,NA,NA
E02004259,E07000050,North Dorset,3a2r,Sparse English and Welsh Countryside,Countryside,NA,NA
E02004260,E07000050,North Dorset,3a2r,Sparse English and Welsh Countryside,Countryside,NA,NA
E02004261,E07000050,North Dorset,3a2r,Sparse English and Welsh Countryside,Countryside,NA,NA
E02004262,E07000050,North Dorset,3a2r,Sparse English and Welsh Countryside,Countryside,NA,NA
E02004263,E07000051,Purbeck,3a1r,Older Farming Communities,Countryside,NA,NA
E02004264,E07000051,Purbeck,3a1r,Older Farming Communities,Countryside,J01000073,Poole
E02004265,E07000051,Purbeck,3a1r,Older Farming Communities,Countryside,NA,NA
E02004266,E07000051,Purbeck,3a1r,Older Farming Communities,Countryside,NA,NA
E02004267,E07000051,Purbeck,3a1r,Older Farming Communities,Countryside,NA,NA
E02004268,E07000051,Purbeck,3a1r,Older Farming Communities,Countryside,NA,NA
E02004269,E07000052,West Dorset,3a1r,Older Farming Communities,Countryside,NA,NA
E02004270,E07000052,West Dorset,3a1r,Older Farming Communities,Countryside,NA,NA
E02004271,E07000052,West Dorset,3a1r,Older Farming Communities,Countryside,NA,NA
E02004272,E07000052,West Dorset,3a1r,Older Farming Communities,Countryside,NA,NA
E02004273,E07000052,West Dorset,3a1r,Older Farming Communities,Countryside,NA,NA
E02004274,E07000052,West Dorset,3a1r,Older Farming Communities,Countryside,NA,NA
E02004275,E07000052,West Dorset,3a1r,Older Farming Communities,Countryside,NA,NA
E02004276,E07000052,West Dorset,3a1r,Older Farming Communities,Countryside,NA,NA
E02004277,E07000052,West Dorset,3a1r,Older Farming Communities,Countryside,NA,NA
E02004278,E07000052,West Dorset,3a1r,Older Farming Communities,Countryside,NA,NA
E02004279,E07000052,West Dorset,3a1r,Older Farming Communities,Countryside,NA,NA
E02004280,E07000052,West Dorset,3a1r,Older Farming Communities,Countryside,NA,NA
E02004281,E07000053,Weymouth and Portland,3b2r,Seaside Living,Seaside,NA,NA
E02004282,E07000053,Weymouth and Portland,3b2r,Seaside Living,Seaside,NA,NA
E02004283,E07000053,Weymouth and Portland,3b2r,Seaside Living,Seaside,NA,NA
E02004284,E07000053,Weymouth and Portland,3b2r,Seaside Living,Seaside,NA,NA
E02004285,E07000053,Weymouth and Portland,3b2r,Seaside Living,Seaside,NA,NA
E02004286,E07000053,Weymouth and Portland,3b2r,Seaside Living,Seaside,NA,NA
E02004287,E07000053,Weymouth and Portland,3b2r,Seaside Living,Seaside,NA,NA
E02004288,E07000053,Weymouth and Portland,3b2r,Seaside Living,Seaside,NA,NA
E02004289,E07000053,Weymouth and Portland,3b2r,Seaside Living,Seaside,NA,NA
E02004290,E06000047,County Durham,6a2r,Mining Legacy,Post_Industrial,NA,NA
E02004291,E06000047,County Durham,6a2r,Mining Legacy,Post_Industrial,NA,NA
E02004292,E06000047,County Durham,6a2r,Mining Legacy,Post_Industrial,NA,NA
E02004293,E06000047,County Durham,6a2r,Mining Legacy,Post_Industrial,NA,NA
E02004294,E06000047,County Durham,6a2r,Mining Legacy,Post_Industrial,NA,NA
E02004295,E06000047,County Durham,6a2r,Mining Legacy,Post_Industrial,NA,NA
E02004296,E06000047,County Durham,6a2r,Mining Legacy,Post_Industrial,NA,NA
E02004297,E06000047,County Durham,6a2r,Mining Legacy,Post_Industrial,NA,NA
E02004298,E06000047,County Durham,6a2r,Mining Legacy,Post_Industrial,NA,NA
E02004299,E06000047,County Durham,6a2r,Mining Legacy,Post_Industrial,NA,NA
E02004300,E06000047,County Durham,6a2r,Mining Legacy,Post_Industrial,NA,NA
E02004301,E06000047,County Durham,6a2r,Mining Legacy,Post_Industrial,NA,NA
E02004302,E06000047,County Durham,6a2r,Mining Legacy,Post_Industrial,NA,NA
E02004303,E06000047,County Durham,6a2r,Mining Legacy,Post_Industrial,NA,NA
E02004304,E06000047,County Durham,6a2r,Mining Legacy,Post_Industrial,NA,NA
E02004305,E06000047,County Durham,6a2r,Mining Legacy,Post_Industrial,NA,NA
E02004306,E06000047,County Durham,6a2r,Mining Legacy,Post_Industrial,NA,NA
E02004307,E06000047,County Durham,6a2r,Mining Legacy,Post_Industrial,NA,NA
E02004308,E06000047,County Durham,6a2r,Mining Legacy,Post_Industrial,NA,NA
E02004309,E06000047,County Durham,6a2r,Mining Legacy,Post_Industrial,NA,NA
E02004310,E06000047,County Durham,6a2r,Mining Legacy,Post_Industrial,NA,NA
E02004311,E06000047,County Durham,6a2r,Mining Legacy,Post_Industrial,NA,NA
E02004312,E06000047,County Durham,6a2r,Mining Legacy,Post_Industrial,NA,NA
E02004313,E06000047,County Durham,6a2r,Mining Legacy,Post_Industrial,NA,NA
E02004314,E06000047,County Durham,6a2r,Mining Legacy,Post_Industrial,NA,NA
E02004315,E06000047,County Durham,6a2r,Mining Legacy,Post_Industrial,NA,NA
E02004316,E06000047,County Durham,6a2r,Mining Legacy,Post_Industrial,NA,NA
E02004317,E06000047,County Durham,6a2r,Mining Legacy,Post_Industrial,NA,NA
E02004318,E06000047,County Durham,6a2r,Mining Legacy,Post_Industrial,NA,NA
E02004319,E06000047,County Durham,6a2r,Mining Legacy,Post_Industrial,NA,NA
E02004320,E06000047,County Durham,6a2r,Mining Legacy,Post_Industrial,NA,NA
E02004321,E06000047,County Durham,6a2r,Mining Legacy,Post_Industrial,NA,NA
E02004322,E06000047,County Durham,6a2r,Mining Legacy,Post_Industrial,NA,NA
E02004323,E06000047,County Durham,6a2r,Mining Legacy,Post_Industrial,NA,NA
E02004324,E06000047,County Durham,6a2r,Mining Legacy,Post_Industrial,NA,NA
E02004325,E06000047,County Durham,6a2r,Mining Legacy,Post_Industrial,NA,NA
E02004326,E06000047,County Durham,6a2r,Mining Legacy,Post_Industrial,NA,NA
E02004327,E06000047,County Durham,6a2r,Mining Legacy,Post_Industrial,NA,NA
E02004328,E06000047,County Durham,6a2r,Mining Legacy,Post_Industrial,NA,NA
E02004329,E06000047,County Durham,6a2r,Mining Legacy,Post_Industrial,NA,NA
E02004330,E06000047,County Durham,6a2r,Mining Legacy,Post_Industrial,NA,NA
E02004331,E06000047,County Durham,6a2r,Mining Legacy,Post_Industrial,NA,NA
E02004332,E06000047,County Durham,6a2r,Mining Legacy,Post_Industrial,NA,NA
E02004333,E06000047,County Durham,6a2r,Mining Legacy,Post_Industrial,NA,NA
E02004334,E06000047,County Durham,6a2r,Mining Legacy,Post_Industrial,NA,NA
E02004335,E06000047,County Durham,6a2r,Mining Legacy,Post_Industrial,NA,NA
E02004336,E06000047,County Durham,6a2r,Mining Legacy,Post_Industrial,NA,NA
E02004337,E06000047,County Durham,6a2r,Mining Legacy,Post_Industrial,NA,NA
E02004338,E06000047,County Durham,6a2r,Mining Legacy,Post_Industrial,NA,NA
E02004339,E06000047,County Durham,6a2r,Mining Legacy,Post_Industrial,NA,NA
E02004340,E06000047,County Durham,6a2r,Mining Legacy,Post_Industrial,NA,NA
E02004341,E06000047,County Durham,6a2r,Mining Legacy,Post_Industrial,NA,NA
E02004342,E06000047,County Durham,6a2r,Mining Legacy,Post_Industrial,NA,NA
E02004343,E06000047,County Durham,6a2r,Mining Legacy,Post_Industrial,NA,NA
E02004344,E06000047,County Durham,6a2r,Mining Legacy,Post_Industrial,NA,NA
E02004345,E06000047,County Durham,6a2r,Mining Legacy,Post_Industrial,NA,NA
E02004346,E06000047,County Durham,6a2r,Mining Legacy,Post_Industrial,NA,NA
E02004347,E06000047,County Durham,6a2r,Mining Legacy,Post_Industrial,NA,NA
E02004348,E06000047,County Durham,6a2r,Mining Legacy,Post_Industrial,NA,NA
E02004349,E06000047,County Durham,6a2r,Mining Legacy,Post_Industrial,NA,NA
E02004350,E06000047,County Durham,6a2r,Mining Legacy,Post_Industrial,NA,NA
E02004351,E06000047,County Durham,6a2r,Mining Legacy,Post_Industrial,NA,NA
E02004352,E06000047,County Durham,6a2r,Mining Legacy,Post_Industrial,NA,NA
E02004353,E06000047,County Durham,6a2r,Mining Legacy,Post_Industrial,NA,NA
E02004354,E06000047,County Durham,6a2r,Mining Legacy,Post_Industrial,NA,NA
E02004355,E06000047,County Durham,6a2r,Mining Legacy,Post_Industrial,NA,NA
E02004356,E07000061,Eastbourne,2a1r,Larger Towns and Cities,Urban_Non_London,J01000034,Eastbourne
E02004357,E07000061,Eastbourne,2a1r,Larger Towns and Cities,Urban_Non_London,J01000034,Eastbourne
E02004358,E07000061,Eastbourne,2a1r,Larger Towns and Cities,Urban_Non_London,J01000034,Eastbourne
E02004359,E07000061,Eastbourne,2a1r,Larger Towns and Cities,Urban_Non_London,J01000034,Eastbourne
E02004361,E07000061,Eastbourne,2a1r,Larger Towns and Cities,Urban_Non_London,J01000034,Eastbourne
E02004362,E07000061,Eastbourne,2a1r,Larger Towns and Cities,Urban_Non_London,J01000034,Eastbourne
E02004363,E07000061,Eastbourne,2a1r,Larger Towns and Cities,Urban_Non_London,J01000034,Eastbourne
E02004364,E07000061,Eastbourne,2a1r,Larger Towns and Cities,Urban_Non_London,J01000034,Eastbourne
E02004365,E07000061,Eastbourne,2a1r,Larger Towns and Cities,Urban_Non_London,J01000034,Eastbourne
E02004366,E07000061,Eastbourne,2a1r,Larger Towns and Cities,Urban_Non_London,J01000034,Eastbourne
E02004367,E07000061,Eastbourne,2a1r,Larger Towns and Cities,Urban_Non_London,J01000034,Eastbourne
E02004368,E07000062,Hastings,8a2r,Urban Living,Urban_Non_London,J01000045,Hastings
E02004369,E07000062,Hastings,8a2r,Urban Living,Urban_Non_London,J01000045,Hastings
E02004370,E07000062,Hastings,8a2r,Urban Living,Urban_Non_London,J01000045,Hastings
E02004371,E07000062,Hastings,8a2r,Urban Living,Urban_Non_London,J01000045,Hastings
E02004372,E07000062,Hastings,8a2r,Urban Living,Urban_Non_London,J01000045,Hastings
E02004373,E07000062,Hastings,8a2r,Urban Living,Urban_Non_London,J01000045,Hastings
E02004374,E07000062,Hastings,8a2r,Urban Living,Urban_Non_London,J01000045,Hastings
E02004375,E07000062,Hastings,8a2r,Urban Living,Urban_Non_London,J01000045,Hastings
E02004376,E07000062,Hastings,8a2r,Urban Living,Urban_Non_London,J01000045,Hastings
E02004377,E07000062,Hastings,8a2r,Urban Living,Urban_Non_London,J01000045,Hastings
E02004378,E07000062,Hastings,8a2r,Urban Living,Urban_Non_London,J01000045,Hastings
E02004379,E07000063,Lewes,3b1r,Ageing Coastal Living,Seaside,NA,NA
E02004380,E07000063,Lewes,3b1r,Ageing Coastal Living,Seaside,NA,NA
E02004381,E07000063,Lewes,3b1r,Ageing Coastal Living,Seaside,NA,NA
E02004382,E07000063,Lewes,3b1r,Ageing Coastal Living,Seaside,NA,NA
E02004383,E07000063,Lewes,3b1r,Ageing Coastal Living,Seaside,NA,NA
E02004384,E07000063,Lewes,3b1r,Ageing Coastal Living,Seaside,NA,NA
E02004385,E07000063,Lewes,3b1r,Ageing Coastal Living,Seaside,NA,NA
E02004386,E07000063,Lewes,3b1r,Ageing Coastal Living,Seaside,NA,NA
E02004387,E07000063,Lewes,3b1r,Ageing Coastal Living,Seaside,NA,NA
E02004388,E07000063,Lewes,3b1r,Ageing Coastal Living,Seaside,NA,NA
E02004389,E07000063,Lewes,3b1r,Ageing Coastal Living,Seaside,NA,NA
E02004390,E07000063,Lewes,3b1r,Ageing Coastal Living,Seaside,NA,NA
E02004391,E07000063,Lewes,3b1r,Ageing Coastal Living,Seaside,NA,NA
E02004392,E07000064,Rother,3b1r,Ageing Coastal Living,Seaside,NA,NA
E02004393,E07000064,Rother,3b1r,Ageing Coastal Living,Seaside,NA,NA
E02004394,E07000064,Rother,3b1r,Ageing Coastal Living,Seaside,NA,NA
E02004395,E07000064,Rother,3b1r,Ageing Coastal Living,Seaside,NA,NA
E02004396,E07000064,Rother,3b1r,Ageing Coastal Living,Seaside,NA,NA
E02004397,E07000064,Rother,3b1r,Ageing Coastal Living,Seaside,NA,NA
E02004398,E07000064,Rother,3b1r,Ageing Coastal Living,Seaside,NA,NA
E02004399,E07000064,Rother,3b1r,Ageing Coastal Living,Seaside,NA,NA
E02004400,E07000064,Rother,3b1r,Ageing Coastal Living,Seaside,NA,NA
E02004401,E07000064,Rother,3b1r,Ageing Coastal Living,Seaside,NA,NA
E02004402,E07000064,Rother,3b1r,Ageing Coastal Living,Seaside,NA,NA
E02004403,E07000065,Wealden,3a1r,Older Farming Communities,Countryside,NA,NA
E02004404,E07000065,Wealden,3a1r,Older Farming Communities,Countryside,NA,NA
E02004405,E07000065,Wealden,3a1r,Older Farming Communities,Countryside,NA,NA
E02004406,E07000065,Wealden,3a1r,Older Farming Communities,Countryside,NA,NA
E02004407,E07000065,Wealden,3a1r,Older Farming Communities,Countryside,NA,NA
E02004408,E07000065,Wealden,3a1r,Older Farming Communities,Countryside,NA,NA
E02004409,E07000065,Wealden,3a1r,Older Farming Communities,Countryside,NA,NA
E02004410,E07000065,Wealden,3a1r,Older Farming Communities,Countryside,NA,NA
E02004411,E07000065,Wealden,3a1r,Older Farming Communities,Countryside,NA,NA
E02004412,E07000065,Wealden,3a1r,Older Farming Communities,Countryside,NA,NA
E02004413,E07000065,Wealden,3a1r,Older Farming Communities,Countryside,NA,NA
E02004414,E07000065,Wealden,3a1r,Older Farming Communities,Countryside,NA,NA
E02004415,E07000065,Wealden,3a1r,Older Farming Communities,Countryside,NA,NA
E02004416,E07000065,Wealden,3a1r,Older Farming Communities,Countryside,NA,NA
E02004417,E07000065,Wealden,3a1r,Older Farming Communities,Countryside,NA,NA
E02004418,E07000065,Wealden,3a1r,Older Farming Communities,Countryside,NA,NA
E02004419,E07000065,Wealden,3a1r,Older Farming Communities,Countryside,NA,NA
E02004420,E07000065,Wealden,3a1r,Older Farming Communities,Countryside,NA,NA
E02004421,E07000065,Wealden,3a1r,Older Farming Communities,Countryside,NA,NA
E02004422,E07000065,Wealden,3a1r,Older Farming Communities,Countryside,NA,NA
E02004423,E07000065,Wealden,3a1r,Older Farming Communities,Countryside,J01000034,Eastbourne
E02004424,E07000066,Basildon,8b1r,City Periphery,Urban_Non_London,NA,NA
E02004425,E07000066,Basildon,8b1r,City Periphery,Urban_Non_London,NA,NA
E02004426,E07000066,Basildon,8b1r,City Periphery,Urban_Non_London,NA,NA
E02004427,E07000066,Basildon,8b1r,City Periphery,Urban_Non_London,NA,NA
E02004428,E07000066,Basildon,8b1r,City Periphery,Urban_Non_London,NA,NA
E02004429,E07000066,Basildon,8b1r,City Periphery,Urban_Non_London,NA,NA
E02004430,E07000066,Basildon,8b1r,City Periphery,Urban_Non_London,NA,NA
E02004431,E07000066,Basildon,8b1r,City Periphery,Urban_Non_London,NA,NA
E02004432,E07000066,Basildon,8b1r,City Periphery,Urban_Non_London,NA,NA
E02004433,E07000066,Basildon,8b1r,City Periphery,Urban_Non_London,J01000002,Basildon
E02004434,E07000066,Basildon,8b1r,City Periphery,Urban_Non_London,J01000002,Basildon
E02004435,E07000066,Basildon,8b1r,City Periphery,Urban_Non_London,J01000002,Basildon
E02004436,E07000066,Basildon,8b1r,City Periphery,Urban_Non_London,J01000002,Basildon
E02004437,E07000066,Basildon,8b1r,City Periphery,Urban_Non_London,J01000002,Basildon
E02004438,E07000066,Basildon,8b1r,City Periphery,Urban_Non_London,J01000002,Basildon
E02004439,E07000066,Basildon,8b1r,City Periphery,Urban_Non_London,J01000002,Basildon
E02004440,E07000066,Basildon,8b1r,City Periphery,Urban_Non_London,J01000002,Basildon
E02004441,E07000066,Basildon,8b1r,City Periphery,Urban_Non_London,J01000002,Basildon
E02004442,E07000066,Basildon,8b1r,City Periphery,Urban_Non_London,J01000002,Basildon
E02004443,E07000066,Basildon,8b1r,City Periphery,Urban_Non_London,J01000002,Basildon
E02004444,E07000066,Basildon,8b1r,City Periphery,Urban_Non_London,J01000002,Basildon
E02004445,E07000066,Basildon,8b1r,City Periphery,Urban_Non_London,J01000002,Basildon
E02004446,E07000067,Braintree,7a1r,Country Living,Countryside,NA,NA
E02004447,E07000067,Braintree,7a1r,Country Living,Countryside,NA,NA
E02004448,E07000067,Braintree,7a1r,Country Living,Countryside,NA,NA
E02004449,E07000067,Braintree,7a1r,Country Living,Countryside,NA,NA
E02004450,E07000067,Braintree,7a1r,Country Living,Countryside,NA,NA
E02004451,E07000067,Braintree,7a1r,Country Living,Countryside,NA,NA
E02004452,E07000067,Braintree,7a1r,Country Living,Countryside,NA,NA
E02004453,E07000067,Braintree,7a1r,Country Living,Countryside,NA,NA
E02004454,E07000067,Braintree,7a1r,Country Living,Countryside,NA,NA
E02004455,E07000067,Braintree,7a1r,Country Living,Countryside,NA,NA
E02004456,E07000067,Braintree,7a1r,Country Living,Countryside,NA,NA
E02004457,E07000067,Braintree,7a1r,Country Living,Countryside,NA,NA
E02004458,E07000067,Braintree,7a1r,Country Living,Countryside,NA,NA
E02004459,E07000067,Braintree,7a1r,Country Living,Countryside,NA,NA
E02004460,E07000067,Braintree,7a1r,Country Living,Countryside,NA,NA
E02004461,E07000067,Braintree,7a1r,Country Living,Countryside,NA,NA
E02004462,E07000067,Braintree,7a1r,Country Living,Countryside,NA,NA
E02004463,E07000067,Braintree,7a1r,Country Living,Countryside,NA,NA
E02004464,E07000068,Brentwood,1b2r,Rural Growth Areas,Growth_Areas,NA,NA
E02004465,E07000068,Brentwood,1b2r,Rural Growth Areas,Growth_Areas,NA,NA
E02004466,E07000068,Brentwood,1b2r,Rural Growth Areas,Growth_Areas,NA,NA
E02004467,E07000068,Brentwood,1b2r,Rural Growth Areas,Growth_Areas,NA,NA
E02004468,E07000068,Brentwood,1b2r,Rural Growth Areas,Growth_Areas,NA,NA
E02004469,E07000068,Brentwood,1b2r,Rural Growth Areas,Growth_Areas,NA,NA
E02004470,E07000068,Brentwood,1b2r,Rural Growth Areas,Growth_Areas,NA,NA
E02004471,E07000068,Brentwood,1b2r,Rural Growth Areas,Growth_Areas,NA,NA
E02004472,E07000068,Brentwood,1b2r,Rural Growth Areas,Growth_Areas,NA,NA
E02004473,E07000069,Castle Point,7c1r,Prosperous Semi-rural,Rural_Prosperous,NA,NA
E02004474,E07000069,Castle Point,7c1r,Prosperous Semi-rural,Rural_Prosperous,NA,NA
E02004475,E07000069,Castle Point,7c1r,Prosperous Semi-rural,Rural_Prosperous,NA,NA
E02004476,E07000069,Castle Point,7c1r,Prosperous Semi-rural,Rural_Prosperous,NA,NA
E02004477,E07000069,Castle Point,7c1r,Prosperous Semi-rural,Rural_Prosperous,NA,NA
E02004478,E07000069,Castle Point,7c1r,Prosperous Semi-rural,Rural_Prosperous,NA,NA
E02004479,E07000069,Castle Point,7c1r,Prosperous Semi-rural,Rural_Prosperous,NA,NA
E02004480,E07000069,Castle Point,7c1r,Prosperous Semi-rural,Rural_Prosperous,NA,NA
E02004481,E07000069,Castle Point,7c1r,Prosperous Semi-rural,Rural_Prosperous,NA,NA
E02004482,E07000069,Castle Point,7c1r,Prosperous Semi-rural,Rural_Prosperous,NA,NA
E02004483,E07000069,Castle Point,7c1r,Prosperous Semi-rural,Rural_Prosperous,NA,NA
E02004484,E07000069,Castle Point,7c1r,Prosperous Semi-rural,Rural_Prosperous,NA,NA
E02004485,E07000070,Chelmsford,1b2r,Rural Growth Areas,Growth_Areas,NA,NA
E02004486,E07000070,Chelmsford,1b2r,Rural Growth Areas,Growth_Areas,J01000023,Chelmsford
E02004487,E07000070,Chelmsford,1b2r,Rural Growth Areas,Growth_Areas,J01000023,Chelmsford
E02004488,E07000070,Chelmsford,1b2r,Rural Growth Areas,Growth_Areas,J01000023,Chelmsford
E02004489,E07000070,Chelmsford,1b2r,Rural Growth Areas,Growth_Areas,NA,NA
E02004490,E07000070,Chelmsford,1b2r,Rural Growth Areas,Growth_Areas,J01000023,Chelmsford
E02004491,E07000070,Chelmsford,1b2r,Rural Growth Areas,Growth_Areas,J01000023,Chelmsford
E02004492,E07000070,Chelmsford,1b2r,Rural Growth Areas,Growth_Areas,J01000023,Chelmsford
E02004493,E07000070,Chelmsford,1b2r,Rural Growth Areas,Growth_Areas,J01000023,Chelmsford
E02004494,E07000070,Chelmsford,1b2r,Rural Growth Areas,Growth_Areas,J01000023,Chelmsford
E02004495,E07000070,Chelmsford,1b2r,Rural Growth Areas,Growth_Areas,NA,NA
E02004496,E07000070,Chelmsford,1b2r,Rural Growth Areas,Growth_Areas,J01000023,Chelmsford
E02004497,E07000070,Chelmsford,1b2r,Rural Growth Areas,Growth_Areas,J01000023,Chelmsford
E02004498,E07000070,Chelmsford,1b2r,Rural Growth Areas,Growth_Areas,J01000023,Chelmsford
E02004499,E07000070,Chelmsford,1b2r,Rural Growth Areas,Growth_Areas,J01000023,Chelmsford
E02004500,E07000070,Chelmsford,1b2r,Rural Growth Areas,Growth_Areas,NA,NA
E02004501,E07000070,Chelmsford,1b2r,Rural Growth Areas,Growth_Areas,J01000023,Chelmsford
E02004502,E07000070,Chelmsford,1b2r,Rural Growth Areas,Growth_Areas,NA,NA
E02004503,E07000070,Chelmsford,1b2r,Rural Growth Areas,Growth_Areas,NA,NA
E02004504,E07000070,Chelmsford,1b2r,Rural Growth Areas,Growth_Areas,NA,NA
E02004505,E07000070,Chelmsford,1b2r,Rural Growth Areas,Growth_Areas,NA,NA
E02004506,E07000071,Colchester,1b2r,Rural Growth Areas,Growth_Areas,NA,NA
E02004507,E07000071,Colchester,1b2r,Rural Growth Areas,Growth_Areas,J01000027,Colchester
E02004508,E07000071,Colchester,1b2r,Rural Growth Areas,Growth_Areas,NA,NA
E02004509,E07000071,Colchester,1b2r,Rural Growth Areas,Growth_Areas,J01000027,Colchester
E02004512,E07000071,Colchester,1b2r,Rural Growth Areas,Growth_Areas,J01000027,Colchester
E02004513,E07000071,Colchester,1b2r,Rural Growth Areas,Growth_Areas,J01000027,Colchester
E02004514,E07000071,Colchester,1b2r,Rural Growth Areas,Growth_Areas,J01000027,Colchester
E02004515,E07000071,Colchester,1b2r,Rural Growth Areas,Growth_Areas,NA,NA
E02004516,E07000071,Colchester,1b2r,Rural Growth Areas,Growth_Areas,J01000027,Colchester
E02004517,E07000071,Colchester,1b2r,Rural Growth Areas,Growth_Areas,J01000027,Colchester
E02004518,E07000071,Colchester,1b2r,Rural Growth Areas,Growth_Areas,J01000027,Colchester
E02004519,E07000071,Colchester,1b2r,Rural Growth Areas,Growth_Areas,J01000027,Colchester
E02004520,E07000071,Colchester,1b2r,Rural Growth Areas,Growth_Areas,J01000027,Colchester
E02004521,E07000071,Colchester,1b2r,Rural Growth Areas,Growth_Areas,J01000027,Colchester
E02004522,E07000071,Colchester,1b2r,Rural Growth Areas,Growth_Areas,NA,NA
E02004523,E07000071,Colchester,1b2r,Rural Growth Areas,Growth_Areas,J01000027,Colchester
E02004524,E07000071,Colchester,1b2r,Rural Growth Areas,Growth_Areas,NA,NA
E02004525,E07000071,Colchester,1b2r,Rural Growth Areas,Growth_Areas,NA,NA
E02004526,E07000071,Colchester,1b2r,Rural Growth Areas,Growth_Areas,NA,NA
E02004527,E07000072,Epping Forest,1b2r,Rural Growth Areas,Growth_Areas,NA,NA
E02004528,E07000072,Epping Forest,1b2r,Rural Growth Areas,Growth_Areas,NA,NA
E02004529,E07000072,Epping Forest,1b2r,Rural Growth Areas,Growth_Areas,NA,NA
E02004530,E07000072,Epping Forest,1b2r,Rural Growth Areas,Growth_Areas,NA,NA
E02004531,E07000072,Epping Forest,1b2r,Rural Growth Areas,Growth_Areas,NA,NA
E02004532,E07000072,Epping Forest,1b2r,Rural Growth Areas,Growth_Areas,NA,NA
E02004533,E07000072,Epping Forest,1b2r,Rural Growth Areas,Growth_Areas,NA,NA
E02004534,E07000072,Epping Forest,1b2r,Rural Growth Areas,Growth_Areas,NA,NA
E02004535,E07000072,Epping Forest,1b2r,Rural Growth Areas,Growth_Areas,NA,NA
E02004536,E07000072,Epping Forest,1b2r,Rural Growth Areas,Growth_Areas,NA,NA
E02004537,E07000072,Epping Forest,1b2r,Rural Growth Areas,Growth_Areas,NA,NA
E02004538,E07000072,Epping Forest,1b2r,Rural Growth Areas,Growth_Areas,NA,NA
E02004539,E07000072,Epping Forest,1b2r,Rural Growth Areas,Growth_Areas,NA,NA
E02004540,E07000072,Epping Forest,1b2r,Rural Growth Areas,Growth_Areas,NA,NA
E02004541,E07000072,Epping Forest,1b2r,Rural Growth Areas,Growth_Areas,NA,NA
E02004542,E07000072,Epping Forest,1b2r,Rural Growth Areas,Growth_Areas,NA,NA
E02004543,E07000072,Epping Forest,1b2r,Rural Growth Areas,Growth_Areas,NA,NA
E02004544,E07000073,Harlow,8b1r,City Periphery,Urban_Non_London,J01000042,Harlow
E02004545,E07000073,Harlow,8b1r,City Periphery,Urban_Non_London,J01000042,Harlow
E02004546,E07000073,Harlow,8b1r,City Periphery,Urban_Non_London,J01000042,Harlow
E02004547,E07000073,Harlow,8b1r,City Periphery,Urban_Non_London,J01000042,Harlow
E02004548,E07000073,Harlow,8b1r,City Periphery,Urban_Non_London,J01000042,Harlow
E02004549,E07000073,Harlow,8b1r,City Periphery,Urban_Non_London,J01000042,Harlow
E02004550,E07000073,Harlow,8b1r,City Periphery,Urban_Non_London,J01000042,Harlow
E02004551,E07000073,Harlow,8b1r,City Periphery,Urban_Non_London,J01000042,Harlow
E02004552,E07000073,Harlow,8b1r,City Periphery,Urban_Non_London,J01000042,Harlow
E02004553,E07000073,Harlow,8b1r,City Periphery,Urban_Non_London,J01000042,Harlow
E02004554,E07000073,Harlow,8b1r,City Periphery,Urban_Non_London,J01000042,Harlow
E02004555,E07000074,Maldon,7a1r,Country Living,Countryside,NA,NA
E02004556,E07000074,Maldon,7a1r,Country Living,Countryside,NA,NA
E02004557,E07000074,Maldon,7a1r,Country Living,Countryside,NA,NA
E02004558,E07000074,Maldon,7a1r,Country Living,Countryside,NA,NA
E02004559,E07000074,Maldon,7a1r,Country Living,Countryside,NA,NA
E02004560,E07000074,Maldon,7a1r,Country Living,Countryside,NA,NA
E02004561,E07000074,Maldon,7a1r,Country Living,Countryside,NA,NA
E02004562,E07000074,Maldon,7a1r,Country Living,Countryside,NA,NA
E02004563,E07000075,Rochford,7c1r,Prosperous Semi-rural,Rural_Prosperous,NA,NA
E02004564,E07000075,Rochford,7c1r,Prosperous Semi-rural,Rural_Prosperous,NA,NA
E02004565,E07000075,Rochford,7c1r,Prosperous Semi-rural,Rural_Prosperous,NA,NA
E02004566,E07000075,Rochford,7c1r,Prosperous Semi-rural,Rural_Prosperous,NA,NA
E02004567,E07000075,Rochford,7c1r,Prosperous Semi-rural,Rural_Prosperous,NA,NA
E02004568,E07000075,Rochford,7c1r,Prosperous Semi-rural,Rural_Prosperous,NA,NA
E02004569,E07000075,Rochford,7c1r,Prosperous Semi-rural,Rural_Prosperous,NA,NA
E02004570,E07000075,Rochford,7c1r,Prosperous Semi-rural,Rural_Prosperous,NA,NA
E02004571,E07000075,Rochford,7c1r,Prosperous Semi-rural,Rural_Prosperous,NA,NA
E02004572,E07000075,Rochford,7c1r,Prosperous Semi-rural,Rural_Prosperous,NA,NA
E02004573,E07000076,Tendring,3b1r,Ageing Coastal Living,Seaside,NA,NA
E02004574,E07000076,Tendring,3b1r,Ageing Coastal Living,Seaside,NA,NA
E02004575,E07000076,Tendring,3b1r,Ageing Coastal Living,Seaside,NA,NA
E02004576,E07000076,Tendring,3b1r,Ageing Coastal Living,Seaside,NA,NA
E02004577,E07000076,Tendring,3b1r,Ageing Coastal Living,Seaside,NA,NA
E02004578,E07000076,Tendring,3b1r,Ageing Coastal Living,Seaside,NA,NA
E02004579,E07000076,Tendring,3b1r,Ageing Coastal Living,Seaside,NA,NA
E02004580,E07000076,Tendring,3b1r,Ageing Coastal Living,Seaside,NA,NA
E02004581,E07000076,Tendring,3b1r,Ageing Coastal Living,Seaside,NA,NA
E02004582,E07000076,Tendring,3b1r,Ageing Coastal Living,Seaside,NA,NA
E02004583,E07000076,Tendring,3b1r,Ageing Coastal Living,Seaside,NA,NA
E02004584,E07000076,Tendring,3b1r,Ageing Coastal Living,Seaside,NA,NA
E02004585,E07000076,Tendring,3b1r,Ageing Coastal Living,Seaside,NA,NA
E02004586,E07000076,Tendring,3b1r,Ageing Coastal Living,Seaside,NA,NA
E02004587,E07000076,Tendring,3b1r,Ageing Coastal Living,Seaside,NA,NA
E02004588,E07000076,Tendring,3b1r,Ageing Coastal Living,Seaside,NA,NA
E02004589,E07000076,Tendring,3b1r,Ageing Coastal Living,Seaside,NA,NA
E02004590,E07000076,Tendring,3b1r,Ageing Coastal Living,Seaside,NA,NA
E02004591,E07000077,Uttlesford,1b2r,Rural Growth Areas,Growth_Areas,NA,NA
E02004592,E07000077,Uttlesford,1b2r,Rural Growth Areas,Growth_Areas,NA,NA
E02004593,E07000077,Uttlesford,1b2r,Rural Growth Areas,Growth_Areas,NA,NA
E02004594,E07000077,Uttlesford,1b2r,Rural Growth Areas,Growth_Areas,NA,NA
E02004595,E07000077,Uttlesford,1b2r,Rural Growth Areas,Growth_Areas,NA,NA
E02004596,E07000077,Uttlesford,1b2r,Rural Growth Areas,Growth_Areas,NA,NA
E02004597,E07000077,Uttlesford,1b2r,Rural Growth Areas,Growth_Areas,NA,NA
E02004598,E07000077,Uttlesford,1b2r,Rural Growth Areas,Growth_Areas,NA,NA
E02004599,E07000077,Uttlesford,1b2r,Rural Growth Areas,Growth_Areas,NA,NA
E02004600,E07000078,Cheltenham,2a1r,Larger Towns and Cities,Urban_Non_London,J01000024,Cheltenham
E02004601,E07000078,Cheltenham,2a1r,Larger Towns and Cities,Urban_Non_London,J01000024,Cheltenham
E02004602,E07000078,Cheltenham,2a1r,Larger Towns and Cities,Urban_Non_London,J01000024,Cheltenham
E02004603,E07000078,Cheltenham,2a1r,Larger Towns and Cities,Urban_Non_London,J01000024,Cheltenham
E02004604,E07000078,Cheltenham,2a1r,Larger Towns and Cities,Urban_Non_London,J01000024,Cheltenham
E02004605,E07000078,Cheltenham,2a1r,Larger Towns and Cities,Urban_Non_London,J01000024,Cheltenham
E02004606,E07000078,Cheltenham,2a1r,Larger Towns and Cities,Urban_Non_London,J01000024,Cheltenham
E02004607,E07000078,Cheltenham,2a1r,Larger Towns and Cities,Urban_Non_London,J01000024,Cheltenham
E02004608,E07000078,Cheltenham,2a1r,Larger Towns and Cities,Urban_Non_London,J01000024,Cheltenham
E02004609,E07000078,Cheltenham,2a1r,Larger Towns and Cities,Urban_Non_London,J01000024,Cheltenham
E02004610,E07000078,Cheltenham,2a1r,Larger Towns and Cities,Urban_Non_London,J01000024,Cheltenham
E02004611,E07000078,Cheltenham,2a1r,Larger Towns and Cities,Urban_Non_London,J01000024,Cheltenham
E02004612,E07000078,Cheltenham,2a1r,Larger Towns and Cities,Urban_Non_London,J01000024,Cheltenham
E02004613,E07000078,Cheltenham,2a1r,Larger Towns and Cities,Urban_Non_London,J01000024,Cheltenham
E02004614,E07000078,Cheltenham,2a1r,Larger Towns and Cities,Urban_Non_London,J01000024,Cheltenham
E02004615,E07000079,Cotswold,3a1r,Older Farming Communities,Countryside,NA,NA
E02004616,E07000079,Cotswold,3a1r,Older Farming Communities,Countryside,NA,NA
E02004617,E07000079,Cotswold,3a1r,Older Farming Communities,Countryside,NA,NA
E02004618,E07000079,Cotswold,3a1r,Older Farming Communities,Countryside,NA,NA
E02004619,E07000079,Cotswold,3a1r,Older Farming Communities,Countryside,NA,NA
E02004620,E07000079,Cotswold,3a1r,Older Farming Communities,Countryside,NA,NA
E02004621,E07000079,Cotswold,3a1r,Older Farming Communities,Countryside,NA,NA
E02004622,E07000079,Cotswold,3a1r,Older Farming Communities,Countryside,NA,NA
E02004623,E07000079,Cotswold,3a1r,Older Farming Communities,Countryside,NA,NA
E02004624,E07000079,Cotswold,3a1r,Older Farming Communities,Countryside,NA,NA
E02004625,E07000079,Cotswold,3a1r,Older Farming Communities,Countryside,NA,NA
E02004626,E07000080,Forest of Dean,7a1r,Country Living,Countryside,NA,NA
E02004627,E07000080,Forest of Dean,7a1r,Country Living,Countryside,NA,NA
E02004628,E07000080,Forest of Dean,7a1r,Country Living,Countryside,NA,NA
E02004629,E07000080,Forest of Dean,7a1r,Country Living,Countryside,NA,NA
E02004630,E07000080,Forest of Dean,7a1r,Country Living,Countryside,NA,NA
E02004631,E07000080,Forest of Dean,7a1r,Country Living,Countryside,NA,NA
E02004632,E07000080,Forest of Dean,7a1r,Country Living,Countryside,NA,NA
E02004633,E07000080,Forest of Dean,7a1r,Country Living,Countryside,NA,NA
E02004634,E07000080,Forest of Dean,7a1r,Country Living,Countryside,NA,NA
E02004635,E07000080,Forest of Dean,7a1r,Country Living,Countryside,NA,NA
E02004636,E07000081,Gloucester,8a2r,Urban Living,Urban_Non_London,J01000038,Gloucester
E02004637,E07000081,Gloucester,8a2r,Urban Living,Urban_Non_London,J01000038,Gloucester
E02004638,E07000081,Gloucester,8a2r,Urban Living,Urban_Non_London,J01000038,Gloucester
E02004639,E07000081,Gloucester,8a2r,Urban Living,Urban_Non_London,J01000038,Gloucester
E02004640,E07000081,Gloucester,8a2r,Urban Living,Urban_Non_London,J01000038,Gloucester
E02004641,E07000081,Gloucester,8a2r,Urban Living,Urban_Non_London,J01000038,Gloucester
E02004642,E07000081,Gloucester,8a2r,Urban Living,Urban_Non_London,J01000038,Gloucester
E02004643,E07000081,Gloucester,8a2r,Urban Living,Urban_Non_London,J01000038,Gloucester
E02004644,E07000081,Gloucester,8a2r,Urban Living,Urban_Non_London,J01000038,Gloucester
E02004645,E07000081,Gloucester,8a2r,Urban Living,Urban_Non_London,J01000038,Gloucester
E02004646,E07000081,Gloucester,8a2r,Urban Living,Urban_Non_London,J01000038,Gloucester
E02004647,E07000081,Gloucester,8a2r,Urban Living,Urban_Non_London,J01000038,Gloucester
E02004648,E07000081,Gloucester,8a2r,Urban Living,Urban_Non_London,J01000038,Gloucester
E02004649,E07000081,Gloucester,8a2r,Urban Living,Urban_Non_London,J01000038,Gloucester
E02004650,E07000081,Gloucester,8a2r,Urban Living,Urban_Non_London,J01000038,Gloucester
E02004651,E07000082,Stroud,7a1r,Country Living,Countryside,J01000038,Gloucester
E02004652,E07000082,Stroud,7a1r,Country Living,Countryside,NA,NA
E02004653,E07000082,Stroud,7a1r,Country Living,Countryside,NA,NA
E02004654,E07000082,Stroud,7a1r,Country Living,Countryside,NA,NA
E02004655,E07000082,Stroud,7a1r,Country Living,Countryside,NA,NA
E02004656,E07000082,Stroud,7a1r,Country Living,Countryside,NA,NA
E02004657,E07000082,Stroud,7a1r,Country Living,Countryside,NA,NA
E02004658,E07000082,Stroud,7a1r,Country Living,Countryside,NA,NA
E02004659,E07000082,Stroud,7a1r,Country Living,Countryside,NA,NA
E02004660,E07000082,Stroud,7a1r,Country Living,Countryside,NA,NA
E02004661,E07000082,Stroud,7a1r,Country Living,Countryside,NA,NA
E02004662,E07000082,Stroud,7a1r,Country Living,Countryside,NA,NA
E02004663,E07000082,Stroud,7a1r,Country Living,Countryside,NA,NA
E02004664,E07000082,Stroud,7a1r,Country Living,Countryside,NA,NA
E02004665,E07000082,Stroud,7a1r,Country Living,Countryside,NA,NA
E02004666,E07000083,Tewkesbury,7a1r,Country Living,Countryside,NA,NA
E02004667,E07000083,Tewkesbury,7a1r,Country Living,Countryside,NA,NA
E02004668,E07000083,Tewkesbury,7a1r,Country Living,Countryside,NA,NA
E02004669,E07000083,Tewkesbury,7a1r,Country Living,Countryside,NA,NA
E02004670,E07000083,Tewkesbury,7a1r,Country Living,Countryside,NA,NA
E02004671,E07000083,Tewkesbury,7a1r,Country Living,Countryside,NA,NA
E02004672,E07000083,Tewkesbury,7a1r,Country Living,Countryside,NA,NA
E02004673,E07000083,Tewkesbury,7a1r,Country Living,Countryside,NA,NA
E02004674,E07000083,Tewkesbury,7a1r,Country Living,Countryside,J01000038,Gloucester
E02004675,E07000084,Basingstoke and Deane,1b2r,Rural Growth Areas,Growth_Areas,NA,NA
E02004676,E07000084,Basingstoke and Deane,1b2r,Rural Growth Areas,Growth_Areas,NA,NA
E02004677,E07000084,Basingstoke and Deane,1b2r,Rural Growth Areas,Growth_Areas,NA,NA
E02004678,E07000084,Basingstoke and Deane,1b2r,Rural Growth Areas,Growth_Areas,NA,NA
E02004679,E07000084,Basingstoke and Deane,1b2r,Rural Growth Areas,Growth_Areas,NA,NA
E02004680,E07000084,Basingstoke and Deane,1b2r,Rural Growth Areas,Growth_Areas,J01000003,Basingstoke
E02004681,E07000084,Basingstoke and Deane,1b2r,Rural Growth Areas,Growth_Areas,J01000003,Basingstoke
E02004682,E07000084,Basingstoke and Deane,1b2r,Rural Growth Areas,Growth_Areas,J01000003,Basingstoke
E02004683,E07000084,Basingstoke and Deane,1b2r,Rural Growth Areas,Growth_Areas,J01000003,Basingstoke
E02004684,E07000084,Basingstoke and Deane,1b2r,Rural Growth Areas,Growth_Areas,J01000003,Basingstoke
E02004685,E07000084,Basingstoke and Deane,1b2r,Rural Growth Areas,Growth_Areas,J01000003,Basingstoke
E02004686,E07000084,Basingstoke and Deane,1b2r,Rural Growth Areas,Growth_Areas,J01000003,Basingstoke
E02004687,E07000084,Basingstoke and Deane,1b2r,Rural Growth Areas,Growth_Areas,J01000003,Basingstoke
E02004688,E07000084,Basingstoke and Deane,1b2r,Rural Growth Areas,Growth_Areas,J01000003,Basingstoke
E02004689,E07000084,Basingstoke and Deane,1b2r,Rural Growth Areas,Growth_Areas,NA,NA
E02004690,E07000084,Basingstoke and Deane,1b2r,Rural Growth Areas,Growth_Areas,J01000003,Basingstoke
E02004691,E07000084,Basingstoke and Deane,1b2r,Rural Growth Areas,Growth_Areas,J01000003,Basingstoke
E02004692,E07000084,Basingstoke and Deane,1b2r,Rural Growth Areas,Growth_Areas,J01000003,Basingstoke
E02004693,E07000084,Basingstoke and Deane,1b2r,Rural Growth Areas,Growth_Areas,J01000003,Basingstoke
E02004694,E07000084,Basingstoke and Deane,1b2r,Rural Growth Areas,Growth_Areas,NA,NA
E02004695,E07000084,Basingstoke and Deane,1b2r,Rural Growth Areas,Growth_Areas,J01000003,Basingstoke
E02004696,E07000084,Basingstoke and Deane,1b2r,Rural Growth Areas,Growth_Areas,NA,NA
E02004697,E07000085,East Hampshire,1b1r,Affluent rural,Rural_Prosperous,NA,NA
E02004698,E07000085,East Hampshire,1b1r,Affluent rural,Rural_Prosperous,NA,NA
E02004699,E07000085,East Hampshire,1b1r,Affluent rural,Rural_Prosperous,NA,NA
E02004700,E07000085,East Hampshire,1b1r,Affluent rural,Rural_Prosperous,NA,NA
E02004702,E07000085,East Hampshire,1b1r,Affluent rural,Rural_Prosperous,NA,NA
E02004703,E07000085,East Hampshire,1b1r,Affluent rural,Rural_Prosperous,NA,NA
E02004704,E07000085,East Hampshire,1b1r,Affluent rural,Rural_Prosperous,NA,NA
E02004705,E07000085,East Hampshire,1b1r,Affluent rural,Rural_Prosperous,NA,NA
E02004706,E07000085,East Hampshire,1b1r,Affluent rural,Rural_Prosperous,NA,NA
E02004707,E07000085,East Hampshire,1b1r,Affluent rural,Rural_Prosperous,NA,NA
E02004708,E07000085,East Hampshire,1b1r,Affluent rural,Rural_Prosperous,NA,NA
E02004709,E07000085,East Hampshire,1b1r,Affluent rural,Rural_Prosperous,NA,NA
E02004710,E07000085,East Hampshire,1b1r,Affluent rural,Rural_Prosperous,NA,NA
E02004712,E07000086,Eastleigh,7c2r,Prosperous Towns,Rural_Prosperous,NA,NA
E02004713,E07000086,Eastleigh,7c2r,Prosperous Towns,Rural_Prosperous,NA,NA
E02004714,E07000086,Eastleigh,7c2r,Prosperous Towns,Rural_Prosperous,NA,NA
E02004715,E07000086,Eastleigh,7c2r,Prosperous Towns,Rural_Prosperous,NA,NA
E02004716,E07000086,Eastleigh,7c2r,Prosperous Towns,Rural_Prosperous,NA,NA
E02004717,E07000086,Eastleigh,7c2r,Prosperous Towns,Rural_Prosperous,NA,NA
E02004718,E07000086,Eastleigh,7c2r,Prosperous Towns,Rural_Prosperous,NA,NA
E02004719,E07000086,Eastleigh,7c2r,Prosperous Towns,Rural_Prosperous,NA,NA
E02004720,E07000086,Eastleigh,7c2r,Prosperous Towns,Rural_Prosperous,J01000087,Southampton
E02004721,E07000086,Eastleigh,7c2r,Prosperous Towns,Rural_Prosperous,NA,NA
E02004722,E07000086,Eastleigh,7c2r,Prosperous Towns,Rural_Prosperous,NA,NA
E02004723,E07000086,Eastleigh,7c2r,Prosperous Towns,Rural_Prosperous,NA,NA
E02004724,E07000086,Eastleigh,7c2r,Prosperous Towns,Rural_Prosperous,NA,NA
E02004725,E07000086,Eastleigh,7c2r,Prosperous Towns,Rural_Prosperous,NA,NA
E02004726,E07000086,Eastleigh,7c2r,Prosperous Towns,Rural_Prosperous,NA,NA
E02004727,E07000087,Fareham,7c2r,Prosperous Towns,Rural_Prosperous,NA,NA
E02004728,E07000087,Fareham,7c2r,Prosperous Towns,Rural_Prosperous,NA,NA
E02004729,E07000087,Fareham,7c2r,Prosperous Towns,Rural_Prosperous,NA,NA
E02004730,E07000087,Fareham,7c2r,Prosperous Towns,Rural_Prosperous,NA,NA
E02004731,E07000087,Fareham,7c2r,Prosperous Towns,Rural_Prosperous,NA,NA
E02004732,E07000087,Fareham,7c2r,Prosperous Towns,Rural_Prosperous,NA,NA
E02004733,E07000087,Fareham,7c2r,Prosperous Towns,Rural_Prosperous,NA,NA
E02004734,E07000087,Fareham,7c2r,Prosperous Towns,Rural_Prosperous,NA,NA
E02004735,E07000087,Fareham,7c2r,Prosperous Towns,Rural_Prosperous,NA,NA
E02004736,E07000087,Fareham,7c2r,Prosperous Towns,Rural_Prosperous,J01000074,Portsmouth
E02004737,E07000087,Fareham,7c2r,Prosperous Towns,Rural_Prosperous,NA,NA
E02004738,E07000087,Fareham,7c2r,Prosperous Towns,Rural_Prosperous,J01000074,Portsmouth
E02004739,E07000087,Fareham,7c2r,Prosperous Towns,Rural_Prosperous,NA,NA
E02004740,E07000087,Fareham,7c2r,Prosperous Towns,Rural_Prosperous,NA,NA
E02004741,E07000088,Gosport,6a3r,Service Economy,Post_Industrial,NA,NA
E02004742,E07000088,Gosport,6a3r,Service Economy,Post_Industrial,NA,NA
E02004743,E07000088,Gosport,6a3r,Service Economy,Post_Industrial,NA,NA
E02004744,E07000088,Gosport,6a3r,Service Economy,Post_Industrial,NA,NA
E02004745,E07000088,Gosport,6a3r,Service Economy,Post_Industrial,NA,NA
E02004746,E07000088,Gosport,6a3r,Service Economy,Post_Industrial,NA,NA
E02004747,E07000088,Gosport,6a3r,Service Economy,Post_Industrial,NA,NA
E02004748,E07000088,Gosport,6a3r,Service Economy,Post_Industrial,NA,NA
E02004749,E07000088,Gosport,6a3r,Service Economy,Post_Industrial,NA,NA
E02004750,E07000088,Gosport,6a3r,Service Economy,Post_Industrial,NA,NA
E02004751,E07000089,Hart,1b1r,Affluent rural,Rural_Prosperous,NA,NA
E02004752,E07000089,Hart,1b1r,Affluent rural,Rural_Prosperous,NA,NA
E02004753,E07000089,Hart,1b1r,Affluent rural,Rural_Prosperous,NA,NA
E02004754,E07000089,Hart,1b1r,Affluent rural,Rural_Prosperous,NA,NA
E02004755,E07000089,Hart,1b1r,Affluent rural,Rural_Prosperous,NA,NA
E02004756,E07000089,Hart,1b1r,Affluent rural,Rural_Prosperous,NA,NA
E02004757,E07000089,Hart,1b1r,Affluent rural,Rural_Prosperous,NA,NA
E02004758,E07000089,Hart,1b1r,Affluent rural,Rural_Prosperous,NA,NA
E02004759,E07000089,Hart,1b1r,Affluent rural,Rural_Prosperous,NA,NA
E02004760,E07000089,Hart,1b1r,Affluent rural,Rural_Prosperous,NA,NA
E02004761,E07000089,Hart,1b1r,Affluent rural,Rural_Prosperous,NA,NA
E02004764,E07000090,Havant,6a1r,Manufacturing Legacy,Post_Industrial,NA,NA
E02004765,E07000090,Havant,6a1r,Manufacturing Legacy,Post_Industrial,NA,NA
E02004766,E07000090,Havant,6a1r,Manufacturing Legacy,Post_Industrial,NA,NA
E02004767,E07000090,Havant,6a1r,Manufacturing Legacy,Post_Industrial,NA,NA
E02004768,E07000090,Havant,6a1r,Manufacturing Legacy,Post_Industrial,NA,NA
E02004769,E07000090,Havant,6a1r,Manufacturing Legacy,Post_Industrial,NA,NA
E02004770,E07000090,Havant,6a1r,Manufacturing Legacy,Post_Industrial,NA,NA
E02004771,E07000090,Havant,6a1r,Manufacturing Legacy,Post_Industrial,NA,NA
E02004772,E07000090,Havant,6a1r,Manufacturing Legacy,Post_Industrial,NA,NA
E02004774,E07000090,Havant,6a1r,Manufacturing Legacy,Post_Industrial,NA,NA
E02004775,E07000090,Havant,6a1r,Manufacturing Legacy,Post_Industrial,NA,NA
E02004776,E07000090,Havant,6a1r,Manufacturing Legacy,Post_Industrial,NA,NA
E02004777,E07000090,Havant,6a1r,Manufacturing Legacy,Post_Industrial,NA,NA
E02004778,E07000090,Havant,6a1r,Manufacturing Legacy,Post_Industrial,NA,NA
E02004779,E07000091,New Forest,3b1r,Ageing Coastal Living,Seaside,NA,NA
E02004780,E07000091,New Forest,3b1r,Ageing Coastal Living,Seaside,NA,NA
E02004781,E07000091,New Forest,3b1r,Ageing Coastal Living,Seaside,NA,NA
E02004782,E07000091,New Forest,3b1r,Ageing Coastal Living,Seaside,NA,NA
E02004783,E07000091,New Forest,3b1r,Ageing Coastal Living,Seaside,NA,NA
E02004784,E07000091,New Forest,3b1r,Ageing Coastal Living,Seaside,NA,NA
E02004785,E07000091,New Forest,3b1r,Ageing Coastal Living,Seaside,NA,NA
E02004786,E07000091,New Forest,3b1r,Ageing Coastal Living,Seaside,NA,NA
E02004787,E07000091,New Forest,3b1r,Ageing Coastal Living,Seaside,NA,NA
E02004788,E07000091,New Forest,3b1r,Ageing Coastal Living,Seaside,NA,NA
E02004789,E07000091,New Forest,3b1r,Ageing Coastal Living,Seaside,NA,NA
E02004790,E07000091,New Forest,3b1r,Ageing Coastal Living,Seaside,NA,NA
E02004791,E07000091,New Forest,3b1r,Ageing Coastal Living,Seaside,NA,NA
E02004792,E07000091,New Forest,3b1r,Ageing Coastal Living,Seaside,NA,NA
E02004793,E07000091,New Forest,3b1r,Ageing Coastal Living,Seaside,NA,NA
E02004794,E07000091,New Forest,3b1r,Ageing Coastal Living,Seaside,NA,NA
E02004795,E07000091,New Forest,3b1r,Ageing Coastal Living,Seaside,NA,NA
E02004796,E07000091,New Forest,3b1r,Ageing Coastal Living,Seaside,NA,NA
E02004797,E07000091,New Forest,3b1r,Ageing Coastal Living,Seaside,NA,NA
E02004798,E07000091,New Forest,3b1r,Ageing Coastal Living,Seaside,NA,NA
E02004799,E07000091,New Forest,3b1r,Ageing Coastal Living,Seaside,NA,NA
E02004800,E07000091,New Forest,3b1r,Ageing Coastal Living,Seaside,NA,NA
E02004801,E07000091,New Forest,3b1r,Ageing Coastal Living,Seaside,NA,NA
E02004802,E07000092,Rushmoor,8b2r,Expanding Areas,Growth_Areas,NA,NA
E02004803,E07000092,Rushmoor,8b2r,Expanding Areas,Growth_Areas,NA,NA
E02004804,E07000092,Rushmoor,8b2r,Expanding Areas,Growth_Areas,NA,NA
E02004805,E07000092,Rushmoor,8b2r,Expanding Areas,Growth_Areas,NA,NA
E02004806,E07000092,Rushmoor,8b2r,Expanding Areas,Growth_Areas,NA,NA
E02004807,E07000092,Rushmoor,8b2r,Expanding Areas,Growth_Areas,NA,NA
E02004808,E07000092,Rushmoor,8b2r,Expanding Areas,Growth_Areas,NA,NA
E02004809,E07000092,Rushmoor,8b2r,Expanding Areas,Growth_Areas,NA,NA
E02004810,E07000092,Rushmoor,8b2r,Expanding Areas,Growth_Areas,NA,NA
E02004811,E07000092,Rushmoor,8b2r,Expanding Areas,Growth_Areas,NA,NA
E02004812,E07000092,Rushmoor,8b2r,Expanding Areas,Growth_Areas,NA,NA
E02004813,E07000092,Rushmoor,8b2r,Expanding Areas,Growth_Areas,NA,NA
E02004814,E07000093,Test Valley,1b2r,Rural Growth Areas,Growth_Areas,NA,NA
E02004815,E07000093,Test Valley,1b2r,Rural Growth Areas,Growth_Areas,NA,NA
E02004816,E07000093,Test Valley,1b2r,Rural Growth Areas,Growth_Areas,NA,NA
E02004817,E07000093,Test Valley,1b2r,Rural Growth Areas,Growth_Areas,NA,NA
E02004818,E07000093,Test Valley,1b2r,Rural Growth Areas,Growth_Areas,NA,NA
E02004819,E07000093,Test Valley,1b2r,Rural Growth Areas,Growth_Areas,NA,NA
E02004820,E07000093,Test Valley,1b2r,Rural Growth Areas,Growth_Areas,NA,NA
E02004821,E07000093,Test Valley,1b2r,Rural Growth Areas,Growth_Areas,NA,NA
E02004822,E07000093,Test Valley,1b2r,Rural Growth Areas,Growth_Areas,NA,NA
E02004823,E07000093,Test Valley,1b2r,Rural Growth Areas,Growth_Areas,NA,NA
E02004824,E07000093,Test Valley,1b2r,Rural Growth Areas,Growth_Areas,NA,NA
E02004825,E07000093,Test Valley,1b2r,Rural Growth Areas,Growth_Areas,NA,NA
E02004826,E07000093,Test Valley,1b2r,Rural Growth Areas,Growth_Areas,NA,NA
E02004827,E07000093,Test Valley,1b2r,Rural Growth Areas,Growth_Areas,NA,NA
E02004828,E07000093,Test Valley,1b2r,Rural Growth Areas,Growth_Areas,J01000087,Southampton
E02004829,E07000094,Winchester,1b1r,Affluent rural,Rural_Prosperous,NA,NA
E02004830,E07000094,Winchester,1b1r,Affluent rural,Rural_Prosperous,NA,NA
E02004831,E07000094,Winchester,1b1r,Affluent rural,Rural_Prosperous,NA,NA
E02004832,E07000094,Winchester,1b1r,Affluent rural,Rural_Prosperous,NA,NA
E02004833,E07000094,Winchester,1b1r,Affluent rural,Rural_Prosperous,NA,NA
E02004834,E07000094,Winchester,1b1r,Affluent rural,Rural_Prosperous,NA,NA
E02004835,E07000094,Winchester,1b1r,Affluent rural,Rural_Prosperous,NA,NA
E02004836,E07000094,Winchester,1b1r,Affluent rural,Rural_Prosperous,NA,NA
E02004837,E07000094,Winchester,1b1r,Affluent rural,Rural_Prosperous,NA,NA
E02004838,E07000094,Winchester,1b1r,Affluent rural,Rural_Prosperous,NA,NA
E02004839,E07000094,Winchester,1b1r,Affluent rural,Rural_Prosperous,NA,NA
E02004840,E07000094,Winchester,1b1r,Affluent rural,Rural_Prosperous,NA,NA
E02004841,E07000094,Winchester,1b1r,Affluent rural,Rural_Prosperous,NA,NA
E02004842,E07000094,Winchester,1b1r,Affluent rural,Rural_Prosperous,NA,NA
E02004843,E07000095,Broxbourne,8b1r,City Periphery,Urban_Non_London,NA,NA
E02004844,E07000095,Broxbourne,8b1r,City Periphery,Urban_Non_London,NA,NA
E02004845,E07000095,Broxbourne,8b1r,City Periphery,Urban_Non_London,NA,NA
E02004846,E07000095,Broxbourne,8b1r,City Periphery,Urban_Non_London,NA,NA
E02004847,E07000095,Broxbourne,8b1r,City Periphery,Urban_Non_London,NA,NA
E02004848,E07000095,Broxbourne,8b1r,City Periphery,Urban_Non_London,NA,NA
E02004849,E07000095,Broxbourne,8b1r,City Periphery,Urban_Non_London,NA,NA
E02004850,E07000095,Broxbourne,8b1r,City Periphery,Urban_Non_London,NA,NA
E02004851,E07000095,Broxbourne,8b1r,City Periphery,Urban_Non_London,NA,NA
E02004852,E07000095,Broxbourne,8b1r,City Periphery,Urban_Non_London,NA,NA
E02004853,E07000095,Broxbourne,8b1r,City Periphery,Urban_Non_London,NA,NA
E02004854,E07000095,Broxbourne,8b1r,City Periphery,Urban_Non_London,NA,NA
E02004855,E07000095,Broxbourne,8b1r,City Periphery,Urban_Non_London,NA,NA
E02004856,E07000096,Dacorum,1b2r,Rural Growth Areas,Growth_Areas,NA,NA
E02004857,E07000096,Dacorum,1b2r,Rural Growth Areas,Growth_Areas,NA,NA
E02004858,E07000096,Dacorum,1b2r,Rural Growth Areas,Growth_Areas,NA,NA
E02004859,E07000096,Dacorum,1b2r,Rural Growth Areas,Growth_Areas,NA,NA
E02004860,E07000096,Dacorum,1b2r,Rural Growth Areas,Growth_Areas,J01000046,Hemel Hempstead
E02004861,E07000096,Dacorum,1b2r,Rural Growth Areas,Growth_Areas,NA,NA
E02004862,E07000096,Dacorum,1b2r,Rural Growth Areas,Growth_Areas,J01000046,Hemel Hempstead
E02004863,E07000096,Dacorum,1b2r,Rural Growth Areas,Growth_Areas,J01000046,Hemel Hempstead
E02004864,E07000096,Dacorum,1b2r,Rural Growth Areas,Growth_Areas,NA,NA
E02004865,E07000096,Dacorum,1b2r,Rural Growth Areas,Growth_Areas,J01000046,Hemel Hempstead
E02004866,E07000096,Dacorum,1b2r,Rural Growth Areas,Growth_Areas,J01000046,Hemel Hempstead
E02004867,E07000096,Dacorum,1b2r,Rural Growth Areas,Growth_Areas,NA,NA
E02004868,E07000096,Dacorum,1b2r,Rural Growth Areas,Growth_Areas,J01000046,Hemel Hempstead
E02004869,E07000096,Dacorum,1b2r,Rural Growth Areas,Growth_Areas,NA,NA
E02004870,E07000096,Dacorum,1b2r,Rural Growth Areas,Growth_Areas,J01000046,Hemel Hempstead
E02004871,E07000096,Dacorum,1b2r,Rural Growth Areas,Growth_Areas,J01000046,Hemel Hempstead
E02004872,E07000096,Dacorum,1b2r,Rural Growth Areas,Growth_Areas,J01000046,Hemel Hempstead
E02004873,E07000096,Dacorum,1b2r,Rural Growth Areas,Growth_Areas,J01000046,Hemel Hempstead
E02004874,E07000096,Dacorum,1b2r,Rural Growth Areas,Growth_Areas,J01000046,Hemel Hempstead
E02004875,E07000096,Dacorum,1b2r,Rural Growth Areas,Growth_Areas,J01000046,Hemel Hempstead
E02004876,E07000096,Dacorum,1b2r,Rural Growth Areas,Growth_Areas,NA,NA
E02004877,E07000096,Dacorum,1b2r,Rural Growth Areas,Growth_Areas,J01000046,Hemel Hempstead
E02004878,E07000242,East Hertfordshire,1b2r,Rural Growth Areas,Growth_Areas,NA,NA
E02004879,E07000242,East Hertfordshire,1b2r,Rural Growth Areas,Growth_Areas,NA,NA
E02004880,E07000242,East Hertfordshire,1b2r,Rural Growth Areas,Growth_Areas,NA,NA
E02004881,E07000242,East Hertfordshire,1b2r,Rural Growth Areas,Growth_Areas,NA,NA
E02004882,E07000242,East Hertfordshire,1b2r,Rural Growth Areas,Growth_Areas,NA,NA
E02004883,E07000242,East Hertfordshire,1b2r,Rural Growth Areas,Growth_Areas,NA,NA
E02004884,E07000242,East Hertfordshire,1b2r,Rural Growth Areas,Growth_Areas,NA,NA
E02004885,E07000242,East Hertfordshire,1b2r,Rural Growth Areas,Growth_Areas,NA,NA
E02004886,E07000242,East Hertfordshire,1b2r,Rural Growth Areas,Growth_Areas,NA,NA
E02004887,E07000242,East Hertfordshire,1b2r,Rural Growth Areas,Growth_Areas,NA,NA
E02004888,E07000242,East Hertfordshire,1b2r,Rural Growth Areas,Growth_Areas,NA,NA
E02004889,E07000242,East Hertfordshire,1b2r,Rural Growth Areas,Growth_Areas,NA,NA
E02004890,E07000242,East Hertfordshire,1b2r,Rural Growth Areas,Growth_Areas,NA,NA
E02004891,E07000242,East Hertfordshire,1b2r,Rural Growth Areas,Growth_Areas,NA,NA
E02004892,E07000242,East Hertfordshire,1b2r,Rural Growth Areas,Growth_Areas,NA,NA
E02004893,E07000242,East Hertfordshire,1b2r,Rural Growth Areas,Growth_Areas,NA,NA
E02004894,E07000242,East Hertfordshire,1b2r,Rural Growth Areas,Growth_Areas,NA,NA
E02004895,E07000242,East Hertfordshire,1b2r,Rural Growth Areas,Growth_Areas,NA,NA
E02004896,E07000098,Hertsmere,1a1r,Rural-Urban Fringe,Rural_Prosperous,NA,NA
E02004897,E07000098,Hertsmere,1a1r,Rural-Urban Fringe,Rural_Prosperous,NA,NA
E02004898,E07000098,Hertsmere,1a1r,Rural-Urban Fringe,Rural_Prosperous,NA,NA
E02004899,E07000098,Hertsmere,1a1r,Rural-Urban Fringe,Rural_Prosperous,NA,NA
E02004900,E07000098,Hertsmere,1a1r,Rural-Urban Fringe,Rural_Prosperous,NA,NA
E02004901,E07000098,Hertsmere,1a1r,Rural-Urban Fringe,Rural_Prosperous,NA,NA
E02004902,E07000098,Hertsmere,1a1r,Rural-Urban Fringe,Rural_Prosperous,NA,NA
E02004903,E07000098,Hertsmere,1a1r,Rural-Urban Fringe,Rural_Prosperous,NA,NA
E02004904,E07000098,Hertsmere,1a1r,Rural-Urban Fringe,Rural_Prosperous,NA,NA
E02004905,E07000098,Hertsmere,1a1r,Rural-Urban Fringe,Rural_Prosperous,NA,NA
E02004906,E07000098,Hertsmere,1a1r,Rural-Urban Fringe,Rural_Prosperous,NA,NA
E02004907,E07000098,Hertsmere,1a1r,Rural-Urban Fringe,Rural_Prosperous,NA,NA
E02004908,E07000098,Hertsmere,1a1r,Rural-Urban Fringe,Rural_Prosperous,NA,NA
E02004909,E07000099,North Hertfordshire,1b2r,Rural Growth Areas,Growth_Areas,NA,NA
E02004910,E07000099,North Hertfordshire,1b2r,Rural Growth Areas,Growth_Areas,NA,NA
E02004911,E07000099,North Hertfordshire,1b2r,Rural Growth Areas,Growth_Areas,NA,NA
E02004912,E07000099,North Hertfordshire,1b2r,Rural Growth Areas,Growth_Areas,NA,NA
E02004913,E07000099,North Hertfordshire,1b2r,Rural Growth Areas,Growth_Areas,NA,NA
E02004914,E07000099,North Hertfordshire,1b2r,Rural Growth Areas,Growth_Areas,NA,NA
E02004915,E07000099,North Hertfordshire,1b2r,Rural Growth Areas,Growth_Areas,NA,NA
E02004916,E07000099,North Hertfordshire,1b2r,Rural Growth Areas,Growth_Areas,NA,NA
E02004917,E07000099,North Hertfordshire,1b2r,Rural Growth Areas,Growth_Areas,NA,NA
E02004918,E07000099,North Hertfordshire,1b2r,Rural Growth Areas,Growth_Areas,NA,NA
E02004919,E07000099,North Hertfordshire,1b2r,Rural Growth Areas,Growth_Areas,NA,NA
E02004920,E07000099,North Hertfordshire,1b2r,Rural Growth Areas,Growth_Areas,NA,NA
E02004921,E07000099,North Hertfordshire,1b2r,Rural Growth Areas,Growth_Areas,NA,NA
E02004922,E07000099,North Hertfordshire,1b2r,Rural Growth Areas,Growth_Areas,NA,NA
E02004923,E07000099,North Hertfordshire,1b2r,Rural Growth Areas,Growth_Areas,NA,NA
E02004924,E07000240,St Albans,1a1r,Rural-Urban Fringe,Rural_Prosperous,NA,NA
E02004925,E07000240,St Albans,1a1r,Rural-Urban Fringe,Rural_Prosperous,NA,NA
E02004926,E07000240,St Albans,1a1r,Rural-Urban Fringe,Rural_Prosperous,NA,NA
E02004927,E07000240,St Albans,1a1r,Rural-Urban Fringe,Rural_Prosperous,NA,NA
E02004928,E07000240,St Albans,1a1r,Rural-Urban Fringe,Rural_Prosperous,NA,NA
E02004929,E07000240,St Albans,1a1r,Rural-Urban Fringe,Rural_Prosperous,NA,NA
E02004930,E07000240,St Albans,1a1r,Rural-Urban Fringe,Rural_Prosperous,J01000090,St Albans
E02004931,E07000240,St Albans,1a1r,Rural-Urban Fringe,Rural_Prosperous,J01000090,St Albans
E02004932,E07000240,St Albans,1a1r,Rural-Urban Fringe,Rural_Prosperous,J01000090,St Albans
E02004933,E07000240,St Albans,1a1r,Rural-Urban Fringe,Rural_Prosperous,J01000090,St Albans
E02004934,E07000240,St Albans,1a1r,Rural-Urban Fringe,Rural_Prosperous,J01000090,St Albans
E02004935,E07000240,St Albans,1a1r,Rural-Urban Fringe,Rural_Prosperous,J01000090,St Albans
E02004936,E07000240,St Albans,1a1r,Rural-Urban Fringe,Rural_Prosperous,J01000090,St Albans
E02004937,E07000240,St Albans,1a1r,Rural-Urban Fringe,Rural_Prosperous,J01000090,St Albans
E02004938,E07000240,St Albans,1a1r,Rural-Urban Fringe,Rural_Prosperous,J01000090,St Albans
E02004939,E07000240,St Albans,1a1r,Rural-Urban Fringe,Rural_Prosperous,J01000090,St Albans
E02004940,E07000240,St Albans,1a1r,Rural-Urban Fringe,Rural_Prosperous,J01000090,St Albans
E02004941,E07000240,St Albans,1a1r,Rural-Urban Fringe,Rural_Prosperous,J01000090,St Albans
E02004942,E07000240,St Albans,1a1r,Rural-Urban Fringe,Rural_Prosperous,NA,NA
E02004943,E07000240,St Albans,1a1r,Rural-Urban Fringe,Rural_Prosperous,J01000104,Watford
E02004944,E07000243,Stevenage,8b1r,City Periphery,Urban_Non_London,J01000092,Stevenage
E02004945,E07000243,Stevenage,8b1r,City Periphery,Urban_Non_London,J01000092,Stevenage
E02004946,E07000243,Stevenage,8b1r,City Periphery,Urban_Non_London,J01000092,Stevenage
E02004947,E07000243,Stevenage,8b1r,City Periphery,Urban_Non_London,J01000092,Stevenage
E02004948,E07000243,Stevenage,8b1r,City Periphery,Urban_Non_London,J01000092,Stevenage
E02004949,E07000243,Stevenage,8b1r,City Periphery,Urban_Non_London,J01000092,Stevenage
E02004950,E07000243,Stevenage,8b1r,City Periphery,Urban_Non_London,J01000092,Stevenage
E02004951,E07000243,Stevenage,8b1r,City Periphery,Urban_Non_London,J01000092,Stevenage
E02004952,E07000243,Stevenage,8b1r,City Periphery,Urban_Non_London,J01000092,Stevenage
E02004953,E07000243,Stevenage,8b1r,City Periphery,Urban_Non_London,J01000092,Stevenage
E02004954,E07000243,Stevenage,8b1r,City Periphery,Urban_Non_London,J01000092,Stevenage
E02004955,E07000243,Stevenage,8b1r,City Periphery,Urban_Non_London,J01000092,Stevenage
E02004956,E07000102,Three Rivers,1a1r,Rural-Urban Fringe,Rural_Prosperous,J01000104,Watford
E02004957,E07000102,Three Rivers,1a1r,Rural-Urban Fringe,Rural_Prosperous,J01000104,Watford
E02004958,E07000102,Three Rivers,1a1r,Rural-Urban Fringe,Rural_Prosperous,NA,NA
E02004959,E07000102,Three Rivers,1a1r,Rural-Urban Fringe,Rural_Prosperous,NA,NA
E02004960,E07000102,Three Rivers,1a1r,Rural-Urban Fringe,Rural_Prosperous,NA,NA
E02004961,E07000102,Three Rivers,1a1r,Rural-Urban Fringe,Rural_Prosperous,NA,NA
E02004962,E07000102,Three Rivers,1a1r,Rural-Urban Fringe,Rural_Prosperous,NA,NA
E02004963,E07000102,Three Rivers,1a1r,Rural-Urban Fringe,Rural_Prosperous,NA,NA
E02004964,E07000102,Three Rivers,1a1r,Rural-Urban Fringe,Rural_Prosperous,NA,NA
E02004965,E07000102,Three Rivers,1a1r,Rural-Urban Fringe,Rural_Prosperous,J01000104,Watford
E02004966,E07000102,Three Rivers,1a1r,Rural-Urban Fringe,Rural_Prosperous,NA,NA
E02004967,E07000102,Three Rivers,1a1r,Rural-Urban Fringe,Rural_Prosperous,J01000104,Watford
E02004968,E07000103,Watford,8b2r,Expanding Areas,Growth_Areas,J01000104,Watford
E02004969,E07000103,Watford,8b2r,Expanding Areas,Growth_Areas,J01000104,Watford
E02004970,E07000103,Watford,8b2r,Expanding Areas,Growth_Areas,J01000104,Watford
E02004971,E07000103,Watford,8b2r,Expanding Areas,Growth_Areas,J01000104,Watford
E02004972,E07000103,Watford,8b2r,Expanding Areas,Growth_Areas,J01000104,Watford
E02004973,E07000103,Watford,8b2r,Expanding Areas,Growth_Areas,J01000104,Watford
E02004974,E07000103,Watford,8b2r,Expanding Areas,Growth_Areas,J01000104,Watford
E02004975,E07000103,Watford,8b2r,Expanding Areas,Growth_Areas,J01000104,Watford
E02004976,E07000103,Watford,8b2r,Expanding Areas,Growth_Areas,J01000104,Watford
E02004977,E07000103,Watford,8b2r,Expanding Areas,Growth_Areas,J01000104,Watford
E02004978,E07000103,Watford,8b2r,Expanding Areas,Growth_Areas,J01000104,Watford
E02004979,E07000103,Watford,8b2r,Expanding Areas,Growth_Areas,J01000104,Watford
E02004980,E07000241,Welwyn Hatfield,2a1r,Larger Towns and Cities,Urban_Non_London,NA,NA
E02004981,E07000241,Welwyn Hatfield,2a1r,Larger Towns and Cities,Urban_Non_London,NA,NA
E02004982,E07000241,Welwyn Hatfield,2a1r,Larger Towns and Cities,Urban_Non_London,NA,NA
E02004983,E07000241,Welwyn Hatfield,2a1r,Larger Towns and Cities,Urban_Non_London,NA,NA
E02004984,E07000241,Welwyn Hatfield,2a1r,Larger Towns and Cities,Urban_Non_London,NA,NA
E02004985,E07000241,Welwyn Hatfield,2a1r,Larger Towns and Cities,Urban_Non_London,NA,NA
E02004986,E07000241,Welwyn Hatfield,2a1r,Larger Towns and Cities,Urban_Non_London,NA,NA
E02004987,E07000241,Welwyn Hatfield,2a1r,Larger Towns and Cities,Urban_Non_London,NA,NA
E02004988,E07000241,Welwyn Hatfield,2a1r,Larger Towns and Cities,Urban_Non_London,NA,NA
E02004989,E07000241,Welwyn Hatfield,2a1r,Larger Towns and Cities,Urban_Non_London,NA,NA
E02004990,E07000241,Welwyn Hatfield,2a1r,Larger Towns and Cities,Urban_Non_London,NA,NA
E02004991,E07000241,Welwyn Hatfield,2a1r,Larger Towns and Cities,Urban_Non_London,NA,NA
E02004992,E07000241,Welwyn Hatfield,2a1r,Larger Towns and Cities,Urban_Non_London,NA,NA
E02004993,E07000241,Welwyn Hatfield,2a1r,Larger Towns and Cities,Urban_Non_London,NA,NA
E02004994,E07000241,Welwyn Hatfield,2a1r,Larger Towns and Cities,Urban_Non_London,NA,NA
E02004995,E07000241,Welwyn Hatfield,2a1r,Larger Towns and Cities,Urban_Non_London,NA,NA
E02004996,E07000105,Ashford,7a1r,Country Living,Countryside,NA,NA
E02004997,E07000105,Ashford,7a1r,Country Living,Countryside,NA,NA
E02004998,E07000105,Ashford,7a1r,Country Living,Countryside,NA,NA
E02004999,E07000105,Ashford,7a1r,Country Living,Countryside,NA,NA
E02005000,E07000105,Ashford,7a1r,Country Living,Countryside,NA,NA
E02005001,E07000105,Ashford,7a1r,Country Living,Countryside,NA,NA
E02005002,E07000105,Ashford,7a1r,Country Living,Countryside,NA,NA
E02005003,E07000105,Ashford,7a1r,Country Living,Countryside,NA,NA
E02005004,E07000105,Ashford,7a1r,Country Living,Countryside,NA,NA
E02005005,E07000105,Ashford,7a1r,Country Living,Countryside,NA,NA
E02005006,E07000105,Ashford,7a1r,Country Living,Countryside,NA,NA
E02005007,E07000105,Ashford,7a1r,Country Living,Countryside,NA,NA
E02005008,E07000105,Ashford,7a1r,Country Living,Countryside,NA,NA
E02005009,E07000105,Ashford,7a1r,Country Living,Countryside,NA,NA
E02005010,E07000106,Canterbury,2a1r,Larger Towns and Cities,Urban_Non_London,NA,NA
E02005011,E07000106,Canterbury,2a1r,Larger Towns and Cities,Urban_Non_London,NA,NA
E02005012,E07000106,Canterbury,2a1r,Larger Towns and Cities,Urban_Non_London,NA,NA
E02005013,E07000106,Canterbury,2a1r,Larger Towns and Cities,Urban_Non_London,NA,NA
E02005014,E07000106,Canterbury,2a1r,Larger Towns and Cities,Urban_Non_London,NA,NA
E02005015,E07000106,Canterbury,2a1r,Larger Towns and Cities,Urban_Non_London,NA,NA
E02005016,E07000106,Canterbury,2a1r,Larger Towns and Cities,Urban_Non_London,NA,NA
E02005017,E07000106,Canterbury,2a1r,Larger Towns and Cities,Urban_Non_London,NA,NA
E02005018,E07000106,Canterbury,2a1r,Larger Towns and Cities,Urban_Non_London,NA,NA
E02005019,E07000106,Canterbury,2a1r,Larger Towns and Cities,Urban_Non_London,NA,NA
E02005020,E07000106,Canterbury,2a1r,Larger Towns and Cities,Urban_Non_London,NA,NA
E02005021,E07000106,Canterbury,2a1r,Larger Towns and Cities,Urban_Non_London,NA,NA
E02005022,E07000106,Canterbury,2a1r,Larger Towns and Cities,Urban_Non_London,NA,NA
E02005023,E07000106,Canterbury,2a1r,Larger Towns and Cities,Urban_Non_London,NA,NA
E02005025,E07000106,Canterbury,2a1r,Larger Towns and Cities,Urban_Non_London,NA,NA
E02005026,E07000106,Canterbury,2a1r,Larger Towns and Cities,Urban_Non_London,NA,NA
E02005027,E07000106,Canterbury,2a1r,Larger Towns and Cities,Urban_Non_London,NA,NA
E02005028,E07000107,Dartford,8b1r,City Periphery,Urban_Non_London,NA,NA
E02005029,E07000107,Dartford,8b1r,City Periphery,Urban_Non_London,NA,NA
E02005030,E07000107,Dartford,8b1r,City Periphery,Urban_Non_London,NA,NA
E02005031,E07000107,Dartford,8b1r,City Periphery,Urban_Non_London,NA,NA
E02005032,E07000107,Dartford,8b1r,City Periphery,Urban_Non_London,NA,NA
E02005033,E07000107,Dartford,8b1r,City Periphery,Urban_Non_London,NA,NA
E02005034,E07000107,Dartford,8b1r,City Periphery,Urban_Non_London,NA,NA
E02005035,E07000107,Dartford,8b1r,City Periphery,Urban_Non_London,NA,NA
E02005036,E07000107,Dartford,8b1r,City Periphery,Urban_Non_London,NA,NA
E02005037,E07000107,Dartford,8b1r,City Periphery,Urban_Non_London,NA,NA
E02005038,E07000107,Dartford,8b1r,City Periphery,Urban_Non_London,NA,NA
E02005039,E07000107,Dartford,8b1r,City Periphery,Urban_Non_London,NA,NA
E02005040,E07000107,Dartford,8b1r,City Periphery,Urban_Non_London,NA,NA
E02005041,E07000108,Dover,3b2r,Seaside Living,Seaside,NA,NA
E02005042,E07000108,Dover,3b2r,Seaside Living,Seaside,NA,NA
E02005043,E07000108,Dover,3b2r,Seaside Living,Seaside,NA,NA
E02005044,E07000108,Dover,3b2r,Seaside Living,Seaside,NA,NA
E02005045,E07000108,Dover,3b2r,Seaside Living,Seaside,NA,NA
E02005046,E07000108,Dover,3b2r,Seaside Living,Seaside,NA,NA
E02005047,E07000108,Dover,3b2r,Seaside Living,Seaside,NA,NA
E02005048,E07000108,Dover,3b2r,Seaside Living,Seaside,NA,NA
E02005049,E07000108,Dover,3b2r,Seaside Living,Seaside,NA,NA
E02005050,E07000108,Dover,3b2r,Seaside Living,Seaside,NA,NA
E02005051,E07000108,Dover,3b2r,Seaside Living,Seaside,NA,NA
E02005052,E07000108,Dover,3b2r,Seaside Living,Seaside,NA,NA
E02005053,E07000108,Dover,3b2r,Seaside Living,Seaside,NA,NA
E02005054,E07000108,Dover,3b2r,Seaside Living,Seaside,NA,NA
E02005055,E07000109,Gravesham,8b1r,City Periphery,Urban_Non_London,NA,NA
E02005056,E07000109,Gravesham,8b1r,City Periphery,Urban_Non_London,NA,NA
E02005057,E07000109,Gravesham,8b1r,City Periphery,Urban_Non_London,NA,NA
E02005058,E07000109,Gravesham,8b1r,City Periphery,Urban_Non_London,NA,NA
E02005059,E07000109,Gravesham,8b1r,City Periphery,Urban_Non_London,NA,NA
E02005060,E07000109,Gravesham,8b1r,City Periphery,Urban_Non_London,NA,NA
E02005061,E07000109,Gravesham,8b1r,City Periphery,Urban_Non_London,NA,NA
E02005062,E07000109,Gravesham,8b1r,City Periphery,Urban_Non_London,NA,NA
E02005063,E07000109,Gravesham,8b1r,City Periphery,Urban_Non_London,NA,NA
E02005064,E07000109,Gravesham,8b1r,City Periphery,Urban_Non_London,NA,NA
E02005065,E07000109,Gravesham,8b1r,City Periphery,Urban_Non_London,NA,NA
E02005066,E07000109,Gravesham,8b1r,City Periphery,Urban_Non_London,NA,NA
E02005067,E07000109,Gravesham,8b1r,City Periphery,Urban_Non_London,NA,NA
E02005068,E07000110,Maidstone,1b2r,Rural Growth Areas,Growth_Areas,J01000022,Chatham
E02005069,E07000110,Maidstone,1b2r,Rural Growth Areas,Growth_Areas,J01000057,Maidstone
E02005070,E07000110,Maidstone,1b2r,Rural Growth Areas,Growth_Areas,J01000057,Maidstone
E02005071,E07000110,Maidstone,1b2r,Rural Growth Areas,Growth_Areas,J01000057,Maidstone
E02005072,E07000110,Maidstone,1b2r,Rural Growth Areas,Growth_Areas,J01000057,Maidstone
E02005073,E07000110,Maidstone,1b2r,Rural Growth Areas,Growth_Areas,J01000057,Maidstone
E02005074,E07000110,Maidstone,1b2r,Rural Growth Areas,Growth_Areas,J01000057,Maidstone
E02005075,E07000110,Maidstone,1b2r,Rural Growth Areas,Growth_Areas,J01000057,Maidstone
E02005076,E07000110,Maidstone,1b2r,Rural Growth Areas,Growth_Areas,J01000057,Maidstone
E02005077,E07000110,Maidstone,1b2r,Rural Growth Areas,Growth_Areas,J01000057,Maidstone
E02005078,E07000110,Maidstone,1b2r,Rural Growth Areas,Growth_Areas,NA,NA
E02005079,E07000110,Maidstone,1b2r,Rural Growth Areas,Growth_Areas,J01000057,Maidstone
E02005080,E07000110,Maidstone,1b2r,Rural Growth Areas,Growth_Areas,J01000057,Maidstone
E02005081,E07000110,Maidstone,1b2r,Rural Growth Areas,Growth_Areas,NA,NA
E02005082,E07000110,Maidstone,1b2r,Rural Growth Areas,Growth_Areas,NA,NA
E02005083,E07000110,Maidstone,1b2r,Rural Growth Areas,Growth_Areas,NA,NA
E02005084,E07000110,Maidstone,1b2r,Rural Growth Areas,Growth_Areas,NA,NA
E02005085,E07000110,Maidstone,1b2r,Rural Growth Areas,Growth_Areas,NA,NA
E02005086,E07000110,Maidstone,1b2r,Rural Growth Areas,Growth_Areas,NA,NA
E02005087,E07000111,Sevenoaks,1b2r,Rural Growth Areas,Growth_Areas,NA,NA
E02005088,E07000111,Sevenoaks,1b2r,Rural Growth Areas,Growth_Areas,NA,NA
E02005089,E07000111,Sevenoaks,1b2r,Rural Growth Areas,Growth_Areas,NA,NA
E02005090,E07000111,Sevenoaks,1b2r,Rural Growth Areas,Growth_Areas,NA,NA
E02005091,E07000111,Sevenoaks,1b2r,Rural Growth Areas,Growth_Areas,NA,NA
E02005093,E07000111,Sevenoaks,1b2r,Rural Growth Areas,Growth_Areas,NA,NA
E02005094,E07000111,Sevenoaks,1b2r,Rural Growth Areas,Growth_Areas,NA,NA
E02005095,E07000111,Sevenoaks,1b2r,Rural Growth Areas,Growth_Areas,NA,NA
E02005096,E07000111,Sevenoaks,1b2r,Rural Growth Areas,Growth_Areas,NA,NA
E02005097,E07000111,Sevenoaks,1b2r,Rural Growth Areas,Growth_Areas,NA,NA
E02005098,E07000111,Sevenoaks,1b2r,Rural Growth Areas,Growth_Areas,NA,NA
E02005099,E07000111,Sevenoaks,1b2r,Rural Growth Areas,Growth_Areas,NA,NA
E02005100,E07000111,Sevenoaks,1b2r,Rural Growth Areas,Growth_Areas,NA,NA
E02005101,E07000111,Sevenoaks,1b2r,Rural Growth Areas,Growth_Areas,NA,NA
E02005102,E07000112,Shepway,3b2r,Seaside Living,Seaside,NA,NA
E02005103,E07000112,Shepway,3b2r,Seaside Living,Seaside,NA,NA
E02005104,E07000112,Shepway,3b2r,Seaside Living,Seaside,NA,NA
E02005105,E07000112,Shepway,3b2r,Seaside Living,Seaside,NA,NA
E02005106,E07000112,Shepway,3b2r,Seaside Living,Seaside,NA,NA
E02005107,E07000112,Shepway,3b2r,Seaside Living,Seaside,NA,NA
E02005109,E07000112,Shepway,3b2r,Seaside Living,Seaside,NA,NA
E02005110,E07000112,Shepway,3b2r,Seaside Living,Seaside,NA,NA
E02005111,E07000112,Shepway,3b2r,Seaside Living,Seaside,NA,NA
E02005112,E07000112,Shepway,3b2r,Seaside Living,Seaside,NA,NA
E02005113,E07000112,Shepway,3b2r,Seaside Living,Seaside,NA,NA
E02005114,E07000112,Shepway,3b2r,Seaside Living,Seaside,NA,NA
E02005115,E07000113,Swale,7a1r,Country Living,Countryside,NA,NA
E02005116,E07000113,Swale,7a1r,Country Living,Countryside,NA,NA
E02005117,E07000113,Swale,7a1r,Country Living,Countryside,NA,NA
E02005118,E07000113,Swale,7a1r,Country Living,Countryside,NA,NA
E02005119,E07000113,Swale,7a1r,Country Living,Countryside,NA,NA
E02005120,E07000113,Swale,7a1r,Country Living,Countryside,NA,NA
E02005121,E07000113,Swale,7a1r,Country Living,Countryside,NA,NA
E02005122,E07000113,Swale,7a1r,Country Living,Countryside,NA,NA
E02005123,E07000113,Swale,7a1r,Country Living,Countryside,NA,NA
E02005124,E07000113,Swale,7a1r,Country Living,Countryside,NA,NA
E02005125,E07000113,Swale,7a1r,Country Living,Countryside,NA,NA
E02005126,E07000113,Swale,7a1r,Country Living,Countryside,NA,NA
E02005127,E07000113,Swale,7a1r,Country Living,Countryside,NA,NA
E02005128,E07000113,Swale,7a1r,Country Living,Countryside,NA,NA
E02005129,E07000113,Swale,7a1r,Country Living,Countryside,NA,NA
E02005130,E07000113,Swale,7a1r,Country Living,Countryside,NA,NA
E02005131,E07000113,Swale,7a1r,Country Living,Countryside,NA,NA
E02005132,E07000114,Thanet,3b2r,Seaside Living,Seaside,NA,NA
E02005133,E07000114,Thanet,3b2r,Seaside Living,Seaside,NA,NA
E02005134,E07000114,Thanet,3b2r,Seaside Living,Seaside,NA,NA
E02005135,E07000114,Thanet,3b2r,Seaside Living,Seaside,NA,NA
E02005136,E07000114,Thanet,3b2r,Seaside Living,Seaside,NA,NA
E02005137,E07000114,Thanet,3b2r,Seaside Living,Seaside,NA,NA
E02005138,E07000114,Thanet,3b2r,Seaside Living,Seaside,NA,NA
E02005139,E07000114,Thanet,3b2r,Seaside Living,Seaside,NA,NA
E02005140,E07000114,Thanet,3b2r,Seaside Living,Seaside,NA,NA
E02005141,E07000114,Thanet,3b2r,Seaside Living,Seaside,NA,NA
E02005142,E07000114,Thanet,3b2r,Seaside Living,Seaside,NA,NA
E02005143,E07000114,Thanet,3b2r,Seaside Living,Seaside,NA,NA
E02005144,E07000114,Thanet,3b2r,Seaside Living,Seaside,NA,NA
E02005145,E07000114,Thanet,3b2r,Seaside Living,Seaside,NA,NA
E02005146,E07000114,Thanet,3b2r,Seaside Living,Seaside,NA,NA
E02005147,E07000114,Thanet,3b2r,Seaside Living,Seaside,NA,NA
E02005148,E07000114,Thanet,3b2r,Seaside Living,Seaside,NA,NA
E02005149,E07000115,Tonbridge and Malling,1b2r,Rural Growth Areas,Growth_Areas,NA,NA
E02005150,E07000115,Tonbridge and Malling,1b2r,Rural Growth Areas,Growth_Areas,NA,NA
E02005151,E07000115,Tonbridge and Malling,1b2r,Rural Growth Areas,Growth_Areas,NA,NA
E02005153,E07000115,Tonbridge and Malling,1b2r,Rural Growth Areas,Growth_Areas,NA,NA
E02005154,E07000115,Tonbridge and Malling,1b2r,Rural Growth Areas,Growth_Areas,NA,NA
E02005155,E07000115,Tonbridge and Malling,1b2r,Rural Growth Areas,Growth_Areas,NA,NA
E02005156,E07000115,Tonbridge and Malling,1b2r,Rural Growth Areas,Growth_Areas,NA,NA
E02005157,E07000115,Tonbridge and Malling,1b2r,Rural Growth Areas,Growth_Areas,NA,NA
E02005158,E07000115,Tonbridge and Malling,1b2r,Rural Growth Areas,Growth_Areas,NA,NA
E02005159,E07000115,Tonbridge and Malling,1b2r,Rural Growth Areas,Growth_Areas,NA,NA
E02005160,E07000115,Tonbridge and Malling,1b2r,Rural Growth Areas,Growth_Areas,NA,NA
E02005161,E07000115,Tonbridge and Malling,1b2r,Rural Growth Areas,Growth_Areas,NA,NA
E02005162,E07000116,Tunbridge Wells,1b2r,Rural Growth Areas,Growth_Areas,NA,NA
E02005163,E07000116,Tunbridge Wells,1b2r,Rural Growth Areas,Growth_Areas,NA,NA
E02005164,E07000116,Tunbridge Wells,1b2r,Rural Growth Areas,Growth_Areas,NA,NA
E02005165,E07000116,Tunbridge Wells,1b2r,Rural Growth Areas,Growth_Areas,NA,NA
E02005166,E07000116,Tunbridge Wells,1b2r,Rural Growth Areas,Growth_Areas,NA,NA
E02005167,E07000116,Tunbridge Wells,1b2r,Rural Growth Areas,Growth_Areas,NA,NA
E02005168,E07000116,Tunbridge Wells,1b2r,Rural Growth Areas,Growth_Areas,NA,NA
E02005169,E07000116,Tunbridge Wells,1b2r,Rural Growth Areas,Growth_Areas,NA,NA
E02005170,E07000116,Tunbridge Wells,1b2r,Rural Growth Areas,Growth_Areas,NA,NA
E02005171,E07000116,Tunbridge Wells,1b2r,Rural Growth Areas,Growth_Areas,NA,NA
E02005172,E07000116,Tunbridge Wells,1b2r,Rural Growth Areas,Growth_Areas,NA,NA
E02005173,E07000116,Tunbridge Wells,1b2r,Rural Growth Areas,Growth_Areas,NA,NA
E02005174,E07000116,Tunbridge Wells,1b2r,Rural Growth Areas,Growth_Areas,NA,NA
E02005175,E07000116,Tunbridge Wells,1b2r,Rural Growth Areas,Growth_Areas,NA,NA
E02005176,E07000117,Burnley,8a2r,Urban Living,Urban_Non_London,J01000016,Burnley
E02005177,E07000117,Burnley,8a2r,Urban Living,Urban_Non_London,J01000016,Burnley
E02005178,E07000117,Burnley,8a2r,Urban Living,Urban_Non_London,J01000016,Burnley
E02005179,E07000117,Burnley,8a2r,Urban Living,Urban_Non_London,J01000016,Burnley
E02005180,E07000117,Burnley,8a2r,Urban Living,Urban_Non_London,J01000016,Burnley
E02005181,E07000117,Burnley,8a2r,Urban Living,Urban_Non_London,J01000016,Burnley
E02005182,E07000117,Burnley,8a2r,Urban Living,Urban_Non_London,J01000016,Burnley
E02005183,E07000117,Burnley,8a2r,Urban Living,Urban_Non_London,J01000016,Burnley
E02005184,E07000117,Burnley,8a2r,Urban Living,Urban_Non_London,NA,NA
E02005185,E07000117,Burnley,8a2r,Urban Living,Urban_Non_London,J01000016,Burnley
E02005186,E07000117,Burnley,8a2r,Urban Living,Urban_Non_London,J01000016,Burnley
E02005189,E07000118,Chorley,7c2r,Prosperous Towns,Rural_Prosperous,NA,NA
E02005190,E07000118,Chorley,7c2r,Prosperous Towns,Rural_Prosperous,NA,NA
E02005191,E07000118,Chorley,7c2r,Prosperous Towns,Rural_Prosperous,NA,NA
E02005192,E07000118,Chorley,7c2r,Prosperous Towns,Rural_Prosperous,NA,NA
E02005193,E07000118,Chorley,7c2r,Prosperous Towns,Rural_Prosperous,NA,NA
E02005194,E07000118,Chorley,7c2r,Prosperous Towns,Rural_Prosperous,NA,NA
E02005195,E07000118,Chorley,7c2r,Prosperous Towns,Rural_Prosperous,NA,NA
E02005196,E07000118,Chorley,7c2r,Prosperous Towns,Rural_Prosperous,NA,NA
E02005197,E07000118,Chorley,7c2r,Prosperous Towns,Rural_Prosperous,NA,NA
E02005198,E07000118,Chorley,7c2r,Prosperous Towns,Rural_Prosperous,NA,NA
E02005199,E07000118,Chorley,7c2r,Prosperous Towns,Rural_Prosperous,NA,NA
E02005200,E07000118,Chorley,7c2r,Prosperous Towns,Rural_Prosperous,NA,NA
E02005201,E07000118,Chorley,7c2r,Prosperous Towns,Rural_Prosperous,NA,NA
E02005202,E07000118,Chorley,7c2r,Prosperous Towns,Rural_Prosperous,NA,NA
E02005203,E07000119,Fylde,3a1r,Older Farming Communities,Countryside,NA,NA
E02005204,E07000119,Fylde,3a1r,Older Farming Communities,Countryside,NA,NA
E02005205,E07000119,Fylde,3a1r,Older Farming Communities,Countryside,NA,NA
E02005206,E07000119,Fylde,3a1r,Older Farming Communities,Countryside,NA,NA
E02005207,E07000119,Fylde,3a1r,Older Farming Communities,Countryside,NA,NA
E02005208,E07000119,Fylde,3a1r,Older Farming Communities,Countryside,NA,NA
E02005209,E07000119,Fylde,3a1r,Older Farming Communities,Countryside,NA,NA
E02005210,E07000119,Fylde,3a1r,Older Farming Communities,Countryside,NA,NA
E02005211,E07000119,Fylde,3a1r,Older Farming Communities,Countryside,NA,NA
E02005212,E07000120,Hyndburn,8a2r,Urban Living,Urban_Non_London,NA,NA
E02005213,E07000120,Hyndburn,8a2r,Urban Living,Urban_Non_London,NA,NA
E02005214,E07000120,Hyndburn,8a2r,Urban Living,Urban_Non_London,NA,NA
E02005215,E07000120,Hyndburn,8a2r,Urban Living,Urban_Non_London,NA,NA
E02005216,E07000120,Hyndburn,8a2r,Urban Living,Urban_Non_London,NA,NA
E02005217,E07000120,Hyndburn,8a2r,Urban Living,Urban_Non_London,NA,NA
E02005218,E07000120,Hyndburn,8a2r,Urban Living,Urban_Non_London,NA,NA
E02005219,E07000120,Hyndburn,8a2r,Urban Living,Urban_Non_London,NA,NA
E02005220,E07000120,Hyndburn,8a2r,Urban Living,Urban_Non_London,NA,NA
E02005221,E07000121,Lancaster,2a1r,Larger Towns and Cities,Urban_Non_London,NA,NA
E02005222,E07000121,Lancaster,2a1r,Larger Towns and Cities,Urban_Non_London,NA,NA
E02005223,E07000121,Lancaster,2a1r,Larger Towns and Cities,Urban_Non_London,NA,NA
E02005224,E07000121,Lancaster,2a1r,Larger Towns and Cities,Urban_Non_London,NA,NA
E02005225,E07000121,Lancaster,2a1r,Larger Towns and Cities,Urban_Non_London,NA,NA
E02005226,E07000121,Lancaster,2a1r,Larger Towns and Cities,Urban_Non_London,NA,NA
E02005228,E07000121,Lancaster,2a1r,Larger Towns and Cities,Urban_Non_London,NA,NA
E02005229,E07000121,Lancaster,2a1r,Larger Towns and Cities,Urban_Non_London,NA,NA
E02005230,E07000121,Lancaster,2a1r,Larger Towns and Cities,Urban_Non_London,NA,NA
E02005231,E07000121,Lancaster,2a1r,Larger Towns and Cities,Urban_Non_London,NA,NA
E02005233,E07000121,Lancaster,2a1r,Larger Towns and Cities,Urban_Non_London,NA,NA
E02005234,E07000121,Lancaster,2a1r,Larger Towns and Cities,Urban_Non_London,NA,NA
E02005235,E07000121,Lancaster,2a1r,Larger Towns and Cities,Urban_Non_London,NA,NA
E02005236,E07000121,Lancaster,2a1r,Larger Towns and Cities,Urban_Non_London,NA,NA
E02005237,E07000121,Lancaster,2a1r,Larger Towns and Cities,Urban_Non_London,NA,NA
E02005238,E07000121,Lancaster,2a1r,Larger Towns and Cities,Urban_Non_London,NA,NA
E02005239,E07000121,Lancaster,2a1r,Larger Towns and Cities,Urban_Non_London,NA,NA
E02005240,E07000122,Pendle,8a2r,Urban Living,Urban_Non_London,NA,NA
E02005241,E07000122,Pendle,8a2r,Urban Living,Urban_Non_London,NA,NA
E02005242,E07000122,Pendle,8a2r,Urban Living,Urban_Non_London,NA,NA
E02005243,E07000122,Pendle,8a2r,Urban Living,Urban_Non_London,NA,NA
E02005244,E07000122,Pendle,8a2r,Urban Living,Urban_Non_London,NA,NA
E02005245,E07000122,Pendle,8a2r,Urban Living,Urban_Non_London,NA,NA
E02005246,E07000122,Pendle,8a2r,Urban Living,Urban_Non_London,NA,NA
E02005247,E07000122,Pendle,8a2r,Urban Living,Urban_Non_London,NA,NA
E02005248,E07000122,Pendle,8a2r,Urban Living,Urban_Non_London,NA,NA
E02005249,E07000122,Pendle,8a2r,Urban Living,Urban_Non_London,NA,NA
E02005250,E07000122,Pendle,8a2r,Urban Living,Urban_Non_London,NA,NA
E02005251,E07000122,Pendle,8a2r,Urban Living,Urban_Non_London,NA,NA
E02005252,E07000122,Pendle,8a2r,Urban Living,Urban_Non_London,NA,NA
E02005253,E07000123,Preston,2a1r,Larger Towns and Cities,Urban_Non_London,NA,NA
E02005254,E07000123,Preston,2a1r,Larger Towns and Cities,Urban_Non_London,NA,NA
E02005255,E07000123,Preston,2a1r,Larger Towns and Cities,Urban_Non_London,J01000075,Preston
E02005256,E07000123,Preston,2a1r,Larger Towns and Cities,Urban_Non_London,J01000075,Preston
E02005257,E07000123,Preston,2a1r,Larger Towns and Cities,Urban_Non_London,J01000075,Preston
E02005258,E07000123,Preston,2a1r,Larger Towns and Cities,Urban_Non_London,J01000075,Preston
E02005259,E07000123,Preston,2a1r,Larger Towns and Cities,Urban_Non_London,J01000075,Preston
E02005260,E07000123,Preston,2a1r,Larger Towns and Cities,Urban_Non_London,J01000075,Preston
E02005261,E07000123,Preston,2a1r,Larger Towns and Cities,Urban_Non_London,J01000075,Preston
E02005262,E07000123,Preston,2a1r,Larger Towns and Cities,Urban_Non_London,J01000075,Preston
E02005263,E07000123,Preston,2a1r,Larger Towns and Cities,Urban_Non_London,J01000075,Preston
E02005264,E07000123,Preston,2a1r,Larger Towns and Cities,Urban_Non_London,J01000075,Preston
E02005265,E07000123,Preston,2a1r,Larger Towns and Cities,Urban_Non_London,J01000075,Preston
E02005266,E07000123,Preston,2a1r,Larger Towns and Cities,Urban_Non_London,J01000075,Preston
E02005267,E07000123,Preston,2a1r,Larger Towns and Cities,Urban_Non_London,J01000075,Preston
E02005268,E07000123,Preston,2a1r,Larger Towns and Cities,Urban_Non_London,J01000075,Preston
E02005269,E07000123,Preston,2a1r,Larger Towns and Cities,Urban_Non_London,J01000075,Preston
E02005270,E07000124,Ribble Valley,3a1r,Older Farming Communities,Countryside,NA,NA
E02005271,E07000124,Ribble Valley,3a1r,Older Farming Communities,Countryside,NA,NA
E02005272,E07000124,Ribble Valley,3a1r,Older Farming Communities,Countryside,NA,NA
E02005273,E07000124,Ribble Valley,3a1r,Older Farming Communities,Countryside,NA,NA
E02005274,E07000124,Ribble Valley,3a1r,Older Farming Communities,Countryside,NA,NA
E02005275,E07000124,Ribble Valley,3a1r,Older Farming Communities,Countryside,NA,NA
E02005276,E07000124,Ribble Valley,3a1r,Older Farming Communities,Countryside,NA,NA
E02005277,E07000124,Ribble Valley,3a1r,Older Farming Communities,Countryside,J01000008,Blackburn
E02005278,E07000125,Rossendale,6a1r,Manufacturing Legacy,Post_Industrial,NA,NA
E02005279,E07000125,Rossendale,6a1r,Manufacturing Legacy,Post_Industrial,NA,NA
E02005280,E07000125,Rossendale,6a1r,Manufacturing Legacy,Post_Industrial,NA,NA
E02005281,E07000125,Rossendale,6a1r,Manufacturing Legacy,Post_Industrial,NA,NA
E02005284,E07000125,Rossendale,6a1r,Manufacturing Legacy,Post_Industrial,NA,NA
E02005285,E07000125,Rossendale,6a1r,Manufacturing Legacy,Post_Industrial,NA,NA
E02005286,E07000125,Rossendale,6a1r,Manufacturing Legacy,Post_Industrial,NA,NA
E02005287,E07000126,South Ribble,7c2r,Prosperous Towns,Rural_Prosperous,NA,NA
E02005288,E07000126,South Ribble,7c2r,Prosperous Towns,Rural_Prosperous,NA,NA
E02005289,E07000126,South Ribble,7c2r,Prosperous Towns,Rural_Prosperous,NA,NA
E02005290,E07000126,South Ribble,7c2r,Prosperous Towns,Rural_Prosperous,NA,NA
E02005291,E07000126,South Ribble,7c2r,Prosperous Towns,Rural_Prosperous,NA,NA
E02005292,E07000126,South Ribble,7c2r,Prosperous Towns,Rural_Prosperous,NA,NA
E02005329,E07000128,Wyre,3a2r,Sparse English and Welsh Countryside,Countryside,NA,NA
E02005330,E07000128,Wyre,3a2r,Sparse English and Welsh Countryside,Countryside,NA,NA
E02005331,E07000128,Wyre,3a2r,Sparse English and Welsh Countryside,Countryside,NA,NA
E02005332,E07000128,Wyre,3a2r,Sparse English and Welsh Countryside,Countryside,NA,NA
E02005334,E07000129,Blaby,7c2r,Prosperous Towns,Rural_Prosperous,J01000052,Leicester
E02005335,E07000129,Blaby,7c2r,Prosperous Towns,Rural_Prosperous,J01000052,Leicester
E02005336,E07000129,Blaby,7c2r,Prosperous Towns,Rural_Prosperous,J01000052,Leicester
E02005337,E07000129,Blaby,7c2r,Prosperous Towns,Rural_Prosperous,J01000052,Leicester
E02005338,E07000129,Blaby,7c2r,Prosperous Towns,Rural_Prosperous,NA,NA
E02005339,E07000129,Blaby,7c2r,Prosperous Towns,Rural_Prosperous,NA,NA
E02005340,E07000129,Blaby,7c2r,Prosperous Towns,Rural_Prosperous,NA,NA
E02005341,E07000129,Blaby,7c2r,Prosperous Towns,Rural_Prosperous,NA,NA
E02005342,E07000129,Blaby,7c2r,Prosperous Towns,Rural_Prosperous,NA,NA
E02005343,E07000129,Blaby,7c2r,Prosperous Towns,Rural_Prosperous,NA,NA
E02005344,E07000129,Blaby,7c2r,Prosperous Towns,Rural_Prosperous,NA,NA
E02005345,E07000130,Charnwood,7c2r,Prosperous Towns,Rural_Prosperous,NA,NA
E02005346,E07000130,Charnwood,7c2r,Prosperous Towns,Rural_Prosperous,NA,NA
E02005347,E07000130,Charnwood,7c2r,Prosperous Towns,Rural_Prosperous,NA,NA
E02005348,E07000130,Charnwood,7c2r,Prosperous Towns,Rural_Prosperous,NA,NA
E02005349,E07000130,Charnwood,7c2r,Prosperous Towns,Rural_Prosperous,NA,NA
E02005350,E07000130,Charnwood,7c2r,Prosperous Towns,Rural_Prosperous,NA,NA
E02005351,E07000130,Charnwood,7c2r,Prosperous Towns,Rural_Prosperous,NA,NA
E02005352,E07000130,Charnwood,7c2r,Prosperous Towns,Rural_Prosperous,NA,NA
E02005353,E07000130,Charnwood,7c2r,Prosperous Towns,Rural_Prosperous,NA,NA
E02005354,E07000130,Charnwood,7c2r,Prosperous Towns,Rural_Prosperous,NA,NA
E02005355,E07000130,Charnwood,7c2r,Prosperous Towns,Rural_Prosperous,NA,NA
E02005356,E07000130,Charnwood,7c2r,Prosperous Towns,Rural_Prosperous,NA,NA
E02005357,E07000130,Charnwood,7c2r,Prosperous Towns,Rural_Prosperous,NA,NA
E02005358,E07000130,Charnwood,7c2r,Prosperous Towns,Rural_Prosperous,NA,NA
E02005359,E07000130,Charnwood,7c2r,Prosperous Towns,Rural_Prosperous,NA,NA
E02005360,E07000130,Charnwood,7c2r,Prosperous Towns,Rural_Prosperous,NA,NA
E02005361,E07000130,Charnwood,7c2r,Prosperous Towns,Rural_Prosperous,NA,NA
E02005362,E07000130,Charnwood,7c2r,Prosperous Towns,Rural_Prosperous,NA,NA
E02005363,E07000130,Charnwood,7c2r,Prosperous Towns,Rural_Prosperous,NA,NA
E02005364,E07000130,Charnwood,7c2r,Prosperous Towns,Rural_Prosperous,NA,NA
E02005365,E07000130,Charnwood,7c2r,Prosperous Towns,Rural_Prosperous,J01000052,Leicester
E02005366,E07000130,Charnwood,7c2r,Prosperous Towns,Rural_Prosperous,NA,NA
E02005368,E07000131,Harborough,7a1r,Country Living,Countryside,NA,NA
E02005369,E07000131,Harborough,7a1r,Country Living,Countryside,NA,NA
E02005370,E07000131,Harborough,7a1r,Country Living,Countryside,NA,NA
E02005371,E07000131,Harborough,7a1r,Country Living,Countryside,NA,NA
E02005372,E07000131,Harborough,7a1r,Country Living,Countryside,NA,NA
E02005373,E07000131,Harborough,7a1r,Country Living,Countryside,NA,NA
E02005374,E07000131,Harborough,7a1r,Country Living,Countryside,NA,NA
E02005375,E07000131,Harborough,7a1r,Country Living,Countryside,NA,NA
E02005376,E07000131,Harborough,7a1r,Country Living,Countryside,NA,NA
E02005377,E07000132,Hinckley and Bosworth,7a1r,Country Living,Countryside,NA,NA
E02005378,E07000132,Hinckley and Bosworth,7a1r,Country Living,Countryside,NA,NA
E02005379,E07000132,Hinckley and Bosworth,7a1r,Country Living,Countryside,NA,NA
E02005380,E07000132,Hinckley and Bosworth,7a1r,Country Living,Countryside,NA,NA
E02005381,E07000132,Hinckley and Bosworth,7a1r,Country Living,Countryside,NA,NA
E02005382,E07000132,Hinckley and Bosworth,7a1r,Country Living,Countryside,NA,NA
E02005383,E07000132,Hinckley and Bosworth,7a1r,Country Living,Countryside,NA,NA
E02005384,E07000132,Hinckley and Bosworth,7a1r,Country Living,Countryside,NA,NA
E02005385,E07000132,Hinckley and Bosworth,7a1r,Country Living,Countryside,NA,NA
E02005386,E07000132,Hinckley and Bosworth,7a1r,Country Living,Countryside,NA,NA
E02005387,E07000132,Hinckley and Bosworth,7a1r,Country Living,Countryside,NA,NA
E02005388,E07000132,Hinckley and Bosworth,7a1r,Country Living,Countryside,NA,NA
E02005389,E07000132,Hinckley and Bosworth,7a1r,Country Living,Countryside,NA,NA
E02005390,E07000132,Hinckley and Bosworth,7a1r,Country Living,Countryside,NA,NA
E02005391,E07000133,Melton,7a1r,Country Living,Countryside,NA,NA
E02005392,E07000133,Melton,7a1r,Country Living,Countryside,NA,NA
E02005393,E07000133,Melton,7a1r,Country Living,Countryside,NA,NA
E02005394,E07000133,Melton,7a1r,Country Living,Countryside,NA,NA
E02005395,E07000133,Melton,7a1r,Country Living,Countryside,NA,NA
E02005396,E07000133,Melton,7a1r,Country Living,Countryside,NA,NA
E02005397,E07000134,North West Leicestershire,7a1r,Country Living,Countryside,NA,NA
E02005398,E07000134,North West Leicestershire,7a1r,Country Living,Countryside,NA,NA
E02005399,E07000134,North West Leicestershire,7a1r,Country Living,Countryside,NA,NA
E02005400,E07000134,North West Leicestershire,7a1r,Country Living,Countryside,NA,NA
E02005401,E07000134,North West Leicestershire,7a1r,Country Living,Countryside,NA,NA
E02005402,E07000134,North West Leicestershire,7a1r,Country Living,Countryside,NA,NA
E02005403,E07000134,North West Leicestershire,7a1r,Country Living,Countryside,NA,NA
E02005404,E07000134,North West Leicestershire,7a1r,Country Living,Countryside,NA,NA
E02005405,E07000134,North West Leicestershire,7a1r,Country Living,Countryside,NA,NA
E02005406,E07000134,North West Leicestershire,7a1r,Country Living,Countryside,NA,NA
E02005407,E07000134,North West Leicestershire,7a1r,Country Living,Countryside,NA,NA
E02005408,E07000134,North West Leicestershire,7a1r,Country Living,Countryside,NA,NA
E02005409,E07000134,North West Leicestershire,7a1r,Country Living,Countryside,NA,NA
E02005412,E07000135,Oadby and Wigston,7c2r,Prosperous Towns,Rural_Prosperous,NA,NA
E02005414,E07000135,Oadby and Wigston,7c2r,Prosperous Towns,Rural_Prosperous,NA,NA
E02005415,E07000135,Oadby and Wigston,7c2r,Prosperous Towns,Rural_Prosperous,NA,NA
E02005416,E07000135,Oadby and Wigston,7c2r,Prosperous Towns,Rural_Prosperous,NA,NA
E02005417,E07000136,Boston,8a2r,Urban Living,Urban_Non_London,NA,NA
E02005418,E07000136,Boston,8a2r,Urban Living,Urban_Non_London,NA,NA
E02005419,E07000136,Boston,8a2r,Urban Living,Urban_Non_London,NA,NA
E02005420,E07000136,Boston,8a2r,Urban Living,Urban_Non_London,NA,NA
E02005422,E07000136,Boston,8a2r,Urban Living,Urban_Non_London,NA,NA
E02005423,E07000136,Boston,8a2r,Urban Living,Urban_Non_London,NA,NA
E02005424,E07000137,East Lindsey,3b1r,Ageing Coastal Living,Seaside,NA,NA
E02005425,E07000137,East Lindsey,3b1r,Ageing Coastal Living,Seaside,NA,NA
E02005426,E07000137,East Lindsey,3b1r,Ageing Coastal Living,Seaside,NA,NA
E02005427,E07000137,East Lindsey,3b1r,Ageing Coastal Living,Seaside,NA,NA
E02005428,E07000137,East Lindsey,3b1r,Ageing Coastal Living,Seaside,NA,NA
E02005429,E07000137,East Lindsey,3b1r,Ageing Coastal Living,Seaside,NA,NA
E02005430,E07000137,East Lindsey,3b1r,Ageing Coastal Living,Seaside,NA,NA
E02005431,E07000137,East Lindsey,3b1r,Ageing Coastal Living,Seaside,NA,NA
E02005432,E07000137,East Lindsey,3b1r,Ageing Coastal Living,Seaside,NA,NA
E02005433,E07000137,East Lindsey,3b1r,Ageing Coastal Living,Seaside,NA,NA
E02005434,E07000137,East Lindsey,3b1r,Ageing Coastal Living,Seaside,NA,NA
E02005435,E07000137,East Lindsey,3b1r,Ageing Coastal Living,Seaside,NA,NA
E02005436,E07000137,East Lindsey,3b1r,Ageing Coastal Living,Seaside,NA,NA
E02005437,E07000137,East Lindsey,3b1r,Ageing Coastal Living,Seaside,NA,NA
E02005438,E07000137,East Lindsey,3b1r,Ageing Coastal Living,Seaside,NA,NA
E02005439,E07000137,East Lindsey,3b1r,Ageing Coastal Living,Seaside,NA,NA
E02005440,E07000137,East Lindsey,3b1r,Ageing Coastal Living,Seaside,NA,NA
E02005441,E07000137,East Lindsey,3b1r,Ageing Coastal Living,Seaside,NA,NA
E02005442,E07000138,Lincoln,2a1r,Larger Towns and Cities,Urban_Non_London,J01000053,Lincoln
E02005443,E07000138,Lincoln,2a1r,Larger Towns and Cities,Urban_Non_London,J01000053,Lincoln
E02005444,E07000138,Lincoln,2a1r,Larger Towns and Cities,Urban_Non_London,J01000053,Lincoln
E02005445,E07000138,Lincoln,2a1r,Larger Towns and Cities,Urban_Non_London,J01000053,Lincoln
E02005446,E07000138,Lincoln,2a1r,Larger Towns and Cities,Urban_Non_London,J01000053,Lincoln
E02005447,E07000138,Lincoln,2a1r,Larger Towns and Cities,Urban_Non_London,J01000053,Lincoln
E02005448,E07000138,Lincoln,2a1r,Larger Towns and Cities,Urban_Non_London,J01000053,Lincoln
E02005449,E07000138,Lincoln,2a1r,Larger Towns and Cities,Urban_Non_London,J01000053,Lincoln
E02005450,E07000138,Lincoln,2a1r,Larger Towns and Cities,Urban_Non_London,J01000053,Lincoln
E02005451,E07000138,Lincoln,2a1r,Larger Towns and Cities,Urban_Non_London,J01000053,Lincoln
E02005452,E07000138,Lincoln,2a1r,Larger Towns and Cities,Urban_Non_London,J01000053,Lincoln
E02005453,E07000139,North Kesteven,3a2r,Sparse English and Welsh Countryside,Countryside,NA,NA
E02005455,E07000139,North Kesteven,3a2r,Sparse English and Welsh Countryside,Countryside,NA,NA
E02005456,E07000139,North Kesteven,3a2r,Sparse English and Welsh Countryside,Countryside,NA,NA
E02005457,E07000139,North Kesteven,3a2r,Sparse English and Welsh Countryside,Countryside,NA,NA
E02005458,E07000139,North Kesteven,3a2r,Sparse English and Welsh Countryside,Countryside,NA,NA
E02005459,E07000139,North Kesteven,3a2r,Sparse English and Welsh Countryside,Countryside,NA,NA
E02005460,E07000139,North Kesteven,3a2r,Sparse English and Welsh Countryside,Countryside,NA,NA
E02005461,E07000139,North Kesteven,3a2r,Sparse English and Welsh Countryside,Countryside,NA,NA
E02005462,E07000139,North Kesteven,3a2r,Sparse English and Welsh Countryside,Countryside,NA,NA
E02005463,E07000139,North Kesteven,3a2r,Sparse English and Welsh Countryside,Countryside,NA,NA
E02005464,E07000139,North Kesteven,3a2r,Sparse English and Welsh Countryside,Countryside,NA,NA
E02005465,E07000140,South Holland,7a1r,Country Living,Countryside,NA,NA
E02005466,E07000140,South Holland,7a1r,Country Living,Countryside,NA,NA
E02005467,E07000140,South Holland,7a1r,Country Living,Countryside,NA,NA
E02005468,E07000140,South Holland,7a1r,Country Living,Countryside,NA,NA
E02005469,E07000140,South Holland,7a1r,Country Living,Countryside,NA,NA
E02005470,E07000140,South Holland,7a1r,Country Living,Countryside,NA,NA
E02005471,E07000140,South Holland,7a1r,Country Living,Countryside,NA,NA
E02005472,E07000140,South Holland,7a1r,Country Living,Countryside,NA,NA
E02005473,E07000140,South Holland,7a1r,Country Living,Countryside,NA,NA
E02005474,E07000140,South Holland,7a1r,Country Living,Countryside,NA,NA
E02005475,E07000140,South Holland,7a1r,Country Living,Countryside,NA,NA
E02005476,E07000141,South Kesteven,7a1r,Country Living,Countryside,NA,NA
E02005477,E07000141,South Kesteven,7a1r,Country Living,Countryside,NA,NA
E02005478,E07000141,South Kesteven,7a1r,Country Living,Countryside,NA,NA
E02005479,E07000141,South Kesteven,7a1r,Country Living,Countryside,NA,NA
E02005480,E07000141,South Kesteven,7a1r,Country Living,Countryside,NA,NA
E02005481,E07000141,South Kesteven,7a1r,Country Living,Countryside,NA,NA
E02005482,E07000141,South Kesteven,7a1r,Country Living,Countryside,NA,NA
E02005483,E07000141,South Kesteven,7a1r,Country Living,Countryside,NA,NA
E02005484,E07000141,South Kesteven,7a1r,Country Living,Countryside,NA,NA
E02005485,E07000141,South Kesteven,7a1r,Country Living,Countryside,NA,NA
E02005486,E07000141,South Kesteven,7a1r,Country Living,Countryside,NA,NA
E02005487,E07000141,South Kesteven,7a1r,Country Living,Countryside,NA,NA
E02005488,E07000141,South Kesteven,7a1r,Country Living,Countryside,NA,NA
E02005489,E07000141,South Kesteven,7a1r,Country Living,Countryside,NA,NA
E02005490,E07000141,South Kesteven,7a1r,Country Living,Countryside,NA,NA
E02005491,E07000141,South Kesteven,7a1r,Country Living,Countryside,NA,NA
E02005492,E07000142,West Lindsey,3a2r,Sparse English and Welsh Countryside,Countryside,NA,NA
E02005493,E07000142,West Lindsey,3a2r,Sparse English and Welsh Countryside,Countryside,NA,NA
E02005494,E07000142,West Lindsey,3a2r,Sparse English and Welsh Countryside,Countryside,NA,NA
E02005495,E07000142,West Lindsey,3a2r,Sparse English and Welsh Countryside,Countryside,NA,NA
E02005496,E07000142,West Lindsey,3a2r,Sparse English and Welsh Countryside,Countryside,NA,NA
E02005497,E07000142,West Lindsey,3a2r,Sparse English and Welsh Countryside,Countryside,NA,NA
E02005498,E07000142,West Lindsey,3a2r,Sparse English and Welsh Countryside,Countryside,NA,NA
E02005499,E07000142,West Lindsey,3a2r,Sparse English and Welsh Countryside,Countryside,NA,NA
E02005500,E07000142,West Lindsey,3a2r,Sparse English and Welsh Countryside,Countryside,NA,NA
E02005501,E07000142,West Lindsey,3a2r,Sparse English and Welsh Countryside,Countryside,NA,NA
E02005502,E07000142,West Lindsey,3a2r,Sparse English and Welsh Countryside,Countryside,NA,NA
E02005503,E07000143,Breckland,3a2r,Sparse English and Welsh Countryside,Countryside,NA,NA
E02005504,E07000143,Breckland,3a2r,Sparse English and Welsh Countryside,Countryside,NA,NA
E02005505,E07000143,Breckland,3a2r,Sparse English and Welsh Countryside,Countryside,NA,NA
E02005506,E07000143,Breckland,3a2r,Sparse English and Welsh Countryside,Countryside,NA,NA
E02005507,E07000143,Breckland,3a2r,Sparse English and Welsh Countryside,Countryside,NA,NA
E02005508,E07000143,Breckland,3a2r,Sparse English and Welsh Countryside,Countryside,NA,NA
E02005509,E07000143,Breckland,3a2r,Sparse English and Welsh Countryside,Countryside,NA,NA
E02005510,E07000143,Breckland,3a2r,Sparse English and Welsh Countryside,Countryside,NA,NA
E02005511,E07000143,Breckland,3a2r,Sparse English and Welsh Countryside,Countryside,NA,NA
E02005512,E07000143,Breckland,3a2r,Sparse English and Welsh Countryside,Countryside,NA,NA
E02005513,E07000143,Breckland,3a2r,Sparse English and Welsh Countryside,Countryside,NA,NA
E02005514,E07000143,Breckland,3a2r,Sparse English and Welsh Countryside,Countryside,NA,NA
E02005515,E07000143,Breckland,3a2r,Sparse English and Welsh Countryside,Countryside,NA,NA
E02005516,E07000143,Breckland,3a2r,Sparse English and Welsh Countryside,Countryside,NA,NA
E02005517,E07000143,Breckland,3a2r,Sparse English and Welsh Countryside,Countryside,NA,NA
E02005518,E07000143,Breckland,3a2r,Sparse English and Welsh Countryside,Countryside,NA,NA
E02005519,E07000143,Breckland,3a2r,Sparse English and Welsh Countryside,Countryside,NA,NA
E02005520,E07000144,Broadland,7a1r,Country Living,Countryside,NA,NA
E02005521,E07000144,Broadland,7a1r,Country Living,Countryside,NA,NA
E02005522,E07000144,Broadland,7a1r,Country Living,Countryside,NA,NA
E02005523,E07000144,Broadland,7a1r,Country Living,Countryside,NA,NA
E02005524,E07000144,Broadland,7a1r,Country Living,Countryside,NA,NA
E02005525,E07000144,Broadland,7a1r,Country Living,Countryside,NA,NA
E02005526,E07000144,Broadland,7a1r,Country Living,Countryside,NA,NA
E02005527,E07000144,Broadland,7a1r,Country Living,Countryside,NA,NA
E02005528,E07000144,Broadland,7a1r,Country Living,Countryside,J01000066,Norwich
E02005529,E07000144,Broadland,7a1r,Country Living,Countryside,J01000066,Norwich
E02005530,E07000144,Broadland,7a1r,Country Living,Countryside,J01000066,Norwich
E02005531,E07000144,Broadland,7a1r,Country Living,Countryside,J01000066,Norwich
E02005532,E07000144,Broadland,7a1r,Country Living,Countryside,J01000066,Norwich
E02005533,E07000144,Broadland,7a1r,Country Living,Countryside,NA,NA
E02005534,E07000144,Broadland,7a1r,Country Living,Countryside,J01000066,Norwich
E02005535,E07000144,Broadland,7a1r,Country Living,Countryside,J01000066,Norwich
E02005536,E07000144,Broadland,7a1r,Country Living,Countryside,NA,NA
E02005537,E07000144,Broadland,7a1r,Country Living,Countryside,NA,NA
E02005538,E07000145,Great Yarmouth,3b2r,Seaside Living,Seaside,NA,NA
E02005539,E07000145,Great Yarmouth,3b2r,Seaside Living,Seaside,NA,NA
E02005540,E07000145,Great Yarmouth,3b2r,Seaside Living,Seaside,NA,NA
E02005541,E07000145,Great Yarmouth,3b2r,Seaside Living,Seaside,NA,NA
E02005542,E07000145,Great Yarmouth,3b2r,Seaside Living,Seaside,NA,NA
E02005543,E07000145,Great Yarmouth,3b2r,Seaside Living,Seaside,NA,NA
E02005544,E07000145,Great Yarmouth,3b2r,Seaside Living,Seaside,NA,NA
E02005545,E07000145,Great Yarmouth,3b2r,Seaside Living,Seaside,NA,NA
E02005546,E07000145,Great Yarmouth,3b2r,Seaside Living,Seaside,NA,NA
E02005547,E07000145,Great Yarmouth,3b2r,Seaside Living,Seaside,NA,NA
E02005548,E07000145,Great Yarmouth,3b2r,Seaside Living,Seaside,NA,NA
E02005549,E07000145,Great Yarmouth,3b2r,Seaside Living,Seaside,NA,NA
E02005550,E07000145,Great Yarmouth,3b2r,Seaside Living,Seaside,NA,NA
E02005551,E07000146,King's Lynn and West Norfolk,3a2r,Sparse English and Welsh Countryside,Countryside,NA,NA
E02005552,E07000146,King's Lynn and West Norfolk,3a2r,Sparse English and Welsh Countryside,Countryside,NA,NA
E02005553,E07000146,King's Lynn and West Norfolk,3a2r,Sparse English and Welsh Countryside,Countryside,NA,NA
E02005554,E07000146,King's Lynn and West Norfolk,3a2r,Sparse English and Welsh Countryside,Countryside,NA,NA
E02005555,E07000146,King's Lynn and West Norfolk,3a2r,Sparse English and Welsh Countryside,Countryside,NA,NA
E02005556,E07000146,King's Lynn and West Norfolk,3a2r,Sparse English and Welsh Countryside,Countryside,NA,NA
E02005557,E07000146,King's Lynn and West Norfolk,3a2r,Sparse English and Welsh Countryside,Countryside,NA,NA
E02005558,E07000146,King's Lynn and West Norfolk,3a2r,Sparse English and Welsh Countryside,Countryside,NA,NA
E02005559,E07000146,King's Lynn and West Norfolk,3a2r,Sparse English and Welsh Countryside,Countryside,NA,NA
E02005560,E07000146,King's Lynn and West Norfolk,3a2r,Sparse English and Welsh Countryside,Countryside,NA,NA
E02005561,E07000146,King's Lynn and West Norfolk,3a2r,Sparse English and Welsh Countryside,Countryside,NA,NA
E02005562,E07000146,King's Lynn and West Norfolk,3a2r,Sparse English and Welsh Countryside,Countryside,NA,NA
E02005563,E07000146,King's Lynn and West Norfolk,3a2r,Sparse English and Welsh Countryside,Countryside,NA,NA
E02005564,E07000146,King's Lynn and West Norfolk,3a2r,Sparse English and Welsh Countryside,Countryside,NA,NA
E02005565,E07000146,King's Lynn and West Norfolk,3a2r,Sparse English and Welsh Countryside,Countryside,NA,NA
E02005566,E07000146,King's Lynn and West Norfolk,3a2r,Sparse English and Welsh Countryside,Countryside,NA,NA
E02005567,E07000146,King's Lynn and West Norfolk,3a2r,Sparse English and Welsh Countryside,Countryside,NA,NA
E02005568,E07000146,King's Lynn and West Norfolk,3a2r,Sparse English and Welsh Countryside,Countryside,NA,NA
E02005569,E07000146,King's Lynn and West Norfolk,3a2r,Sparse English and Welsh Countryside,Countryside,NA,NA
E02005570,E07000147,North Norfolk,3b1r,Ageing Coastal Living,Seaside,NA,NA
E02005571,E07000147,North Norfolk,3b1r,Ageing Coastal Living,Seaside,NA,NA
E02005572,E07000147,North Norfolk,3b1r,Ageing Coastal Living,Seaside,NA,NA
E02005573,E07000147,North Norfolk,3b1r,Ageing Coastal Living,Seaside,NA,NA
E02005574,E07000147,North Norfolk,3b1r,Ageing Coastal Living,Seaside,NA,NA
E02005575,E07000147,North Norfolk,3b1r,Ageing Coastal Living,Seaside,NA,NA
E02005576,E07000147,North Norfolk,3b1r,Ageing Coastal Living,Seaside,NA,NA
E02005577,E07000147,North Norfolk,3b1r,Ageing Coastal Living,Seaside,NA,NA
E02005578,E07000147,North Norfolk,3b1r,Ageing Coastal Living,Seaside,NA,NA
E02005579,E07000147,North Norfolk,3b1r,Ageing Coastal Living,Seaside,NA,NA
E02005580,E07000147,North Norfolk,3b1r,Ageing Coastal Living,Seaside,NA,NA
E02005581,E07000147,North Norfolk,3b1r,Ageing Coastal Living,Seaside,NA,NA
E02005582,E07000147,North Norfolk,3b1r,Ageing Coastal Living,Seaside,NA,NA
E02005583,E07000147,North Norfolk,3b1r,Ageing Coastal Living,Seaside,NA,NA
E02005584,E07000148,Norwich,2a1r,Larger Towns and Cities,Urban_Non_London,J01000066,Norwich
E02005585,E07000148,Norwich,2a1r,Larger Towns and Cities,Urban_Non_London,J01000066,Norwich
E02005586,E07000148,Norwich,2a1r,Larger Towns and Cities,Urban_Non_London,J01000066,Norwich
E02005587,E07000148,Norwich,2a1r,Larger Towns and Cities,Urban_Non_London,J01000066,Norwich
E02005588,E07000148,Norwich,2a1r,Larger Towns and Cities,Urban_Non_London,J01000066,Norwich
E02005589,E07000148,Norwich,2a1r,Larger Towns and Cities,Urban_Non_London,J01000066,Norwich
E02005590,E07000148,Norwich,2a1r,Larger Towns and Cities,Urban_Non_London,J01000066,Norwich
E02005592,E07000148,Norwich,2a1r,Larger Towns and Cities,Urban_Non_London,J01000066,Norwich
E02005593,E07000148,Norwich,2a1r,Larger Towns and Cities,Urban_Non_London,J01000066,Norwich
E02005594,E07000148,Norwich,2a1r,Larger Towns and Cities,Urban_Non_London,J01000066,Norwich
E02005595,E07000148,Norwich,2a1r,Larger Towns and Cities,Urban_Non_London,J01000066,Norwich
E02005596,E07000148,Norwich,2a1r,Larger Towns and Cities,Urban_Non_London,J01000066,Norwich
E02005597,E07000149,South Norfolk,7a1r,Country Living,Countryside,J01000066,Norwich
E02005598,E07000149,South Norfolk,7a1r,Country Living,Countryside,NA,NA
E02005599,E07000149,South Norfolk,7a1r,Country Living,Countryside,NA,NA
E02005600,E07000149,South Norfolk,7a1r,Country Living,Countryside,NA,NA
E02005601,E07000149,South Norfolk,7a1r,Country Living,Countryside,NA,NA
E02005602,E07000149,South Norfolk,7a1r,Country Living,Countryside,NA,NA
E02005603,E07000149,South Norfolk,7a1r,Country Living,Countryside,NA,NA
E02005604,E07000149,South Norfolk,7a1r,Country Living,Countryside,NA,NA
E02005605,E07000149,South Norfolk,7a1r,Country Living,Countryside,NA,NA
E02005606,E07000149,South Norfolk,7a1r,Country Living,Countryside,NA,NA
E02005607,E07000149,South Norfolk,7a1r,Country Living,Countryside,NA,NA
E02005608,E07000149,South Norfolk,7a1r,Country Living,Countryside,NA,NA
E02005609,E07000149,South Norfolk,7a1r,Country Living,Countryside,NA,NA
E02005610,E07000149,South Norfolk,7a1r,Country Living,Countryside,NA,NA
E02005611,E07000149,South Norfolk,7a1r,Country Living,Countryside,NA,NA
E02005612,E07000150,Corby,8b2r,Expanding Areas,Growth_Areas,NA,NA
E02005613,E07000150,Corby,8b2r,Expanding Areas,Growth_Areas,NA,NA
E02005614,E07000150,Corby,8b2r,Expanding Areas,Growth_Areas,NA,NA
E02005615,E07000150,Corby,8b2r,Expanding Areas,Growth_Areas,NA,NA
E02005616,E07000150,Corby,8b2r,Expanding Areas,Growth_Areas,NA,NA
E02005617,E07000150,Corby,8b2r,Expanding Areas,Growth_Areas,NA,NA
E02005619,E07000151,Daventry,7a1r,Country Living,Countryside,NA,NA
E02005620,E07000151,Daventry,7a1r,Country Living,Countryside,NA,NA
E02005621,E07000151,Daventry,7a1r,Country Living,Countryside,NA,NA
E02005622,E07000151,Daventry,7a1r,Country Living,Countryside,NA,NA
E02005623,E07000151,Daventry,7a1r,Country Living,Countryside,J01000065,Northampton
E02005624,E07000151,Daventry,7a1r,Country Living,Countryside,NA,NA
E02005625,E07000151,Daventry,7a1r,Country Living,Countryside,NA,NA
E02005626,E07000151,Daventry,7a1r,Country Living,Countryside,NA,NA
E02005627,E07000151,Daventry,7a1r,Country Living,Countryside,NA,NA
E02005628,E07000151,Daventry,7a1r,Country Living,Countryside,NA,NA
E02005629,E07000152,East Northamptonshire,7a1r,Country Living,Countryside,NA,NA
E02005630,E07000152,East Northamptonshire,7a1r,Country Living,Countryside,NA,NA
E02005631,E07000152,East Northamptonshire,7a1r,Country Living,Countryside,NA,NA
E02005632,E07000152,East Northamptonshire,7a1r,Country Living,Countryside,NA,NA
E02005633,E07000152,East Northamptonshire,7a1r,Country Living,Countryside,NA,NA
E02005634,E07000152,East Northamptonshire,7a1r,Country Living,Countryside,NA,NA
E02005635,E07000152,East Northamptonshire,7a1r,Country Living,Countryside,NA,NA
E02005636,E07000152,East Northamptonshire,7a1r,Country Living,Countryside,NA,NA
E02005637,E07000152,East Northamptonshire,7a1r,Country Living,Countryside,NA,NA
E02005638,E07000152,East Northamptonshire,7a1r,Country Living,Countryside,NA,NA
E02005639,E07000153,Kettering,8a2r,Urban Living,Urban_Non_London,NA,NA
E02005640,E07000153,Kettering,8a2r,Urban Living,Urban_Non_London,NA,NA
E02005641,E07000153,Kettering,8a2r,Urban Living,Urban_Non_London,NA,NA
E02005642,E07000153,Kettering,8a2r,Urban Living,Urban_Non_London,NA,NA
E02005643,E07000153,Kettering,8a2r,Urban Living,Urban_Non_London,NA,NA
E02005644,E07000153,Kettering,8a2r,Urban Living,Urban_Non_London,NA,NA
E02005645,E07000153,Kettering,8a2r,Urban Living,Urban_Non_London,NA,NA
E02005646,E07000153,Kettering,8a2r,Urban Living,Urban_Non_London,NA,NA
E02005647,E07000153,Kettering,8a2r,Urban Living,Urban_Non_London,NA,NA
E02005648,E07000153,Kettering,8a2r,Urban Living,Urban_Non_London,NA,NA
E02005649,E07000153,Kettering,8a2r,Urban Living,Urban_Non_London,NA,NA
E02005650,E07000154,Northampton,8b2r,Expanding Areas,Growth_Areas,J01000065,Northampton
E02005651,E07000154,Northampton,8b2r,Expanding Areas,Growth_Areas,J01000065,Northampton
E02005652,E07000154,Northampton,8b2r,Expanding Areas,Growth_Areas,J01000065,Northampton
E02005653,E07000154,Northampton,8b2r,Expanding Areas,Growth_Areas,J01000065,Northampton
E02005654,E07000154,Northampton,8b2r,Expanding Areas,Growth_Areas,J01000065,Northampton
E02005655,E07000154,Northampton,8b2r,Expanding Areas,Growth_Areas,J01000065,Northampton
E02005656,E07000154,Northampton,8b2r,Expanding Areas,Growth_Areas,J01000065,Northampton
E02005657,E07000154,Northampton,8b2r,Expanding Areas,Growth_Areas,J01000065,Northampton
E02005658,E07000154,Northampton,8b2r,Expanding Areas,Growth_Areas,J01000065,Northampton
E02005659,E07000154,Northampton,8b2r,Expanding Areas,Growth_Areas,J01000065,Northampton
E02005660,E07000154,Northampton,8b2r,Expanding Areas,Growth_Areas,J01000065,Northampton
E02005661,E07000154,Northampton,8b2r,Expanding Areas,Growth_Areas,J01000065,Northampton
E02005662,E07000154,Northampton,8b2r,Expanding Areas,Growth_Areas,J01000065,Northampton
E02005663,E07000154,Northampton,8b2r,Expanding Areas,Growth_Areas,J01000065,Northampton
E02005664,E07000154,Northampton,8b2r,Expanding Areas,Growth_Areas,J01000065,Northampton
E02005665,E07000154,Northampton,8b2r,Expanding Areas,Growth_Areas,J01000065,Northampton
E02005666,E07000154,Northampton,8b2r,Expanding Areas,Growth_Areas,J01000065,Northampton
E02005667,E07000154,Northampton,8b2r,Expanding Areas,Growth_Areas,J01000065,Northampton
E02005668,E07000154,Northampton,8b2r,Expanding Areas,Growth_Areas,J01000065,Northampton
E02005669,E07000154,Northampton,8b2r,Expanding Areas,Growth_Areas,J01000065,Northampton
E02005670,E07000154,Northampton,8b2r,Expanding Areas,Growth_Areas,J01000065,Northampton
E02005671,E07000154,Northampton,8b2r,Expanding Areas,Growth_Areas,J01000065,Northampton
E02005672,E07000154,Northampton,8b2r,Expanding Areas,Growth_Areas,J01000065,Northampton
E02005673,E07000154,Northampton,8b2r,Expanding Areas,Growth_Areas,J01000065,Northampton
E02005674,E07000154,Northampton,8b2r,Expanding Areas,Growth_Areas,J01000065,Northampton
E02005675,E07000154,Northampton,8b2r,Expanding Areas,Growth_Areas,J01000065,Northampton
E02005676,E07000154,Northampton,8b2r,Expanding Areas,Growth_Areas,J01000065,Northampton
E02005677,E07000154,Northampton,8b2r,Expanding Areas,Growth_Areas,J01000065,Northampton
E02005678,E07000154,Northampton,8b2r,Expanding Areas,Growth_Areas,NA,NA
E02005679,E07000154,Northampton,8b2r,Expanding Areas,Growth_Areas,J01000065,Northampton
E02005680,E07000154,Northampton,8b2r,Expanding Areas,Growth_Areas,J01000065,Northampton
E02005681,E07000155,South Northamptonshire,7a1r,Country Living,Countryside,NA,NA
E02005682,E07000155,South Northamptonshire,7a1r,Country Living,Countryside,NA,NA
E02005683,E07000155,South Northamptonshire,7a1r,Country Living,Countryside,NA,NA
E02005684,E07000155,South Northamptonshire,7a1r,Country Living,Countryside,NA,NA
E02005685,E07000155,South Northamptonshire,7a1r,Country Living,Countryside,NA,NA
E02005686,E07000155,South Northamptonshire,7a1r,Country Living,Countryside,NA,NA
E02005687,E07000155,South Northamptonshire,7a1r,Country Living,Countryside,NA,NA
E02005688,E07000155,South Northamptonshire,7a1r,Country Living,Countryside,NA,NA
E02005689,E07000155,South Northamptonshire,7a1r,Country Living,Countryside,NA,NA
E02005690,E07000155,South Northamptonshire,7a1r,Country Living,Countryside,NA,NA
E02005691,E07000155,South Northamptonshire,7a1r,Country Living,Countryside,NA,NA
E02005692,E07000156,Wellingborough,8b2r,Expanding Areas,Growth_Areas,NA,NA
E02005693,E07000156,Wellingborough,8b2r,Expanding Areas,Growth_Areas,NA,NA
E02005694,E07000156,Wellingborough,8b2r,Expanding Areas,Growth_Areas,NA,NA
E02005695,E07000156,Wellingborough,8b2r,Expanding Areas,Growth_Areas,NA,NA
E02005696,E07000156,Wellingborough,8b2r,Expanding Areas,Growth_Areas,NA,NA
E02005697,E07000156,Wellingborough,8b2r,Expanding Areas,Growth_Areas,NA,NA
E02005698,E07000156,Wellingborough,8b2r,Expanding Areas,Growth_Areas,NA,NA
E02005699,E07000156,Wellingborough,8b2r,Expanding Areas,Growth_Areas,NA,NA
E02005700,E07000156,Wellingborough,8b2r,Expanding Areas,Growth_Areas,NA,NA
E02005701,E07000156,Wellingborough,8b2r,Expanding Areas,Growth_Areas,NA,NA
E02005702,E06000057,Northumberland,3a2r,Sparse English and Welsh Countryside,Countryside,NA,NA
E02005703,E06000057,Northumberland,3a2r,Sparse English and Welsh Countryside,Countryside,NA,NA
E02005704,E06000057,Northumberland,3a2r,Sparse English and Welsh Countryside,Countryside,NA,NA
E02005705,E06000057,Northumberland,3a2r,Sparse English and Welsh Countryside,Countryside,NA,NA
E02005706,E06000057,Northumberland,3a2r,Sparse English and Welsh Countryside,Countryside,NA,NA
E02005707,E06000057,Northumberland,3a2r,Sparse English and Welsh Countryside,Countryside,NA,NA
E02005708,E06000057,Northumberland,3a2r,Sparse English and Welsh Countryside,Countryside,NA,NA
E02005709,E06000057,Northumberland,3a2r,Sparse English and Welsh Countryside,Countryside,NA,NA
E02005710,E06000057,Northumberland,3a2r,Sparse English and Welsh Countryside,Countryside,NA,NA
E02005711,E06000057,Northumberland,3a2r,Sparse English and Welsh Countryside,Countryside,NA,NA
E02005712,E06000057,Northumberland,3a2r,Sparse English and Welsh Countryside,Countryside,NA,NA
E02005713,E06000057,Northumberland,3a2r,Sparse English and Welsh Countryside,Countryside,NA,NA
E02005714,E06000057,Northumberland,3a2r,Sparse English and Welsh Countryside,Countryside,NA,NA
E02005715,E06000057,Northumberland,3a2r,Sparse English and Welsh Countryside,Countryside,NA,NA
E02005716,E06000057,Northumberland,3a2r,Sparse English and Welsh Countryside,Countryside,NA,NA
E02005717,E06000057,Northumberland,3a2r,Sparse English and Welsh Countryside,Countryside,NA,NA
E02005718,E06000057,Northumberland,3a2r,Sparse English and Welsh Countryside,Countryside,NA,NA
E02005719,E06000057,Northumberland,3a2r,Sparse English and Welsh Countryside,Countryside,NA,NA
E02005720,E06000057,Northumberland,3a2r,Sparse English and Welsh Countryside,Countryside,NA,NA
E02005721,E06000057,Northumberland,3a2r,Sparse English and Welsh Countryside,Countryside,NA,NA
E02005722,E06000057,Northumberland,3a2r,Sparse English and Welsh Countryside,Countryside,NA,NA
E02005723,E06000057,Northumberland,3a2r,Sparse English and Welsh Countryside,Countryside,NA,NA
E02005724,E06000057,Northumberland,3a2r,Sparse English and Welsh Countryside,Countryside,NA,NA
E02005725,E06000057,Northumberland,3a2r,Sparse English and Welsh Countryside,Countryside,NA,NA
E02005726,E06000057,Northumberland,3a2r,Sparse English and Welsh Countryside,Countryside,NA,NA
E02005727,E06000057,Northumberland,3a2r,Sparse English and Welsh Countryside,Countryside,NA,NA
E02005728,E06000057,Northumberland,3a2r,Sparse English and Welsh Countryside,Countryside,NA,NA
E02005729,E06000057,Northumberland,3a2r,Sparse English and Welsh Countryside,Countryside,NA,NA
E02005730,E06000057,Northumberland,3a2r,Sparse English and Welsh Countryside,Countryside,NA,NA
E02005731,E06000057,Northumberland,3a2r,Sparse English and Welsh Countryside,Countryside,NA,NA
E02005732,E06000057,Northumberland,3a2r,Sparse English and Welsh Countryside,Countryside,NA,NA
E02005733,E06000057,Northumberland,3a2r,Sparse English and Welsh Countryside,Countryside,NA,NA
E02005734,E06000057,Northumberland,3a2r,Sparse English and Welsh Countryside,Countryside,NA,NA
E02005735,E06000057,Northumberland,3a2r,Sparse English and Welsh Countryside,Countryside,NA,NA
E02005736,E06000057,Northumberland,3a2r,Sparse English and Welsh Countryside,Countryside,NA,NA
E02005737,E06000057,Northumberland,3a2r,Sparse English and Welsh Countryside,Countryside,NA,NA
E02005738,E06000057,Northumberland,3a2r,Sparse English and Welsh Countryside,Countryside,NA,NA
E02005739,E06000057,Northumberland,3a2r,Sparse English and Welsh Countryside,Countryside,NA,NA
E02005740,E06000057,Northumberland,3a2r,Sparse English and Welsh Countryside,Countryside,NA,NA
E02005741,E06000057,Northumberland,3a2r,Sparse English and Welsh Countryside,Countryside,NA,NA
E02005742,E07000163,Craven,3a1r,Older Farming Communities,Countryside,NA,NA
E02005743,E07000163,Craven,3a1r,Older Farming Communities,Countryside,NA,NA
E02005744,E07000163,Craven,3a1r,Older Farming Communities,Countryside,NA,NA
E02005745,E07000163,Craven,3a1r,Older Farming Communities,Countryside,NA,NA
E02005746,E07000163,Craven,3a1r,Older Farming Communities,Countryside,NA,NA
E02005747,E07000163,Craven,3a1r,Older Farming Communities,Countryside,NA,NA
E02005748,E07000163,Craven,3a1r,Older Farming Communities,Countryside,NA,NA
E02005749,E07000163,Craven,3a1r,Older Farming Communities,Countryside,NA,NA
E02005750,E07000164,Hambleton,3a2r,Sparse English and Welsh Countryside,Countryside,NA,NA
E02005751,E07000164,Hambleton,3a2r,Sparse English and Welsh Countryside,Countryside,NA,NA
E02005752,E07000164,Hambleton,3a2r,Sparse English and Welsh Countryside,Countryside,NA,NA
E02005753,E07000164,Hambleton,3a2r,Sparse English and Welsh Countryside,Countryside,NA,NA
E02005754,E07000164,Hambleton,3a2r,Sparse English and Welsh Countryside,Countryside,NA,NA
E02005755,E07000164,Hambleton,3a2r,Sparse English and Welsh Countryside,Countryside,NA,NA
E02005756,E07000164,Hambleton,3a2r,Sparse English and Welsh Countryside,Countryside,NA,NA
E02005757,E07000164,Hambleton,3a2r,Sparse English and Welsh Countryside,Countryside,NA,NA
E02005758,E07000164,Hambleton,3a2r,Sparse English and Welsh Countryside,Countryside,NA,NA
E02005759,E07000164,Hambleton,3a2r,Sparse English and Welsh Countryside,Countryside,NA,NA
E02005760,E07000164,Hambleton,3a2r,Sparse English and Welsh Countryside,Countryside,NA,NA
E02005761,E07000165,Harrogate,3a1r,Older Farming Communities,Countryside,NA,NA
E02005762,E07000165,Harrogate,3a1r,Older Farming Communities,Countryside,NA,NA
E02005763,E07000165,Harrogate,3a1r,Older Farming Communities,Countryside,NA,NA
E02005764,E07000165,Harrogate,3a1r,Older Farming Communities,Countryside,NA,NA
E02005765,E07000165,Harrogate,3a1r,Older Farming Communities,Countryside,NA,NA
E02005766,E07000165,Harrogate,3a1r,Older Farming Communities,Countryside,NA,NA
E02005767,E07000165,Harrogate,3a1r,Older Farming Communities,Countryside,NA,NA
E02005768,E07000165,Harrogate,3a1r,Older Farming Communities,Countryside,NA,NA
E02005769,E07000165,Harrogate,3a1r,Older Farming Communities,Countryside,NA,NA
E02005770,E07000165,Harrogate,3a1r,Older Farming Communities,Countryside,J01000043,Harrogate
E02005771,E07000165,Harrogate,3a1r,Older Farming Communities,Countryside,J01000043,Harrogate
E02005772,E07000165,Harrogate,3a1r,Older Farming Communities,Countryside,NA,NA
E02005773,E07000165,Harrogate,3a1r,Older Farming Communities,Countryside,J01000043,Harrogate
E02005774,E07000165,Harrogate,3a1r,Older Farming Communities,Countryside,J01000043,Harrogate
E02005775,E07000165,Harrogate,3a1r,Older Farming Communities,Countryside,J01000043,Harrogate
E02005776,E07000165,Harrogate,3a1r,Older Farming Communities,Countryside,NA,NA
E02005777,E07000165,Harrogate,3a1r,Older Farming Communities,Countryside,J01000043,Harrogate
E02005778,E07000165,Harrogate,3a1r,Older Farming Communities,Countryside,NA,NA
E02005779,E07000165,Harrogate,3a1r,Older Farming Communities,Countryside,J01000043,Harrogate
E02005780,E07000165,Harrogate,3a1r,Older Farming Communities,Countryside,J01000043,Harrogate
E02005781,E07000165,Harrogate,3a1r,Older Farming Communities,Countryside,NA,NA
E02005782,E07000166,Richmondshire,3a2r,Sparse English and Welsh Countryside,Countryside,NA,NA
E02005783,E07000166,Richmondshire,3a2r,Sparse English and Welsh Countryside,Countryside,NA,NA
E02005784,E07000166,Richmondshire,3a2r,Sparse English and Welsh Countryside,Countryside,NA,NA
E02005785,E07000166,Richmondshire,3a2r,Sparse English and Welsh Countryside,Countryside,NA,NA
E02005786,E07000166,Richmondshire,3a2r,Sparse English and Welsh Countryside,Countryside,NA,NA
E02005787,E07000166,Richmondshire,3a2r,Sparse English and Welsh Countryside,Countryside,NA,NA
E02005788,E07000167,Ryedale,3a1r,Older Farming Communities,Countryside,NA,NA
E02005789,E07000167,Ryedale,3a1r,Older Farming Communities,Countryside,NA,NA
E02005790,E07000167,Ryedale,3a1r,Older Farming Communities,Countryside,NA,NA
E02005791,E07000167,Ryedale,3a1r,Older Farming Communities,Countryside,NA,NA
E02005794,E07000167,Ryedale,3a1r,Older Farming Communities,Countryside,NA,NA
E02005795,E07000168,Scarborough,3b1r,Ageing Coastal Living,Seaside,NA,NA
E02005796,E07000168,Scarborough,3b1r,Ageing Coastal Living,Seaside,NA,NA
E02005797,E07000168,Scarborough,3b1r,Ageing Coastal Living,Seaside,NA,NA
E02005798,E07000168,Scarborough,3b1r,Ageing Coastal Living,Seaside,NA,NA
E02005799,E07000168,Scarborough,3b1r,Ageing Coastal Living,Seaside,NA,NA
E02005800,E07000168,Scarborough,3b1r,Ageing Coastal Living,Seaside,NA,NA
E02005801,E07000168,Scarborough,3b1r,Ageing Coastal Living,Seaside,NA,NA
E02005802,E07000168,Scarborough,3b1r,Ageing Coastal Living,Seaside,NA,NA
E02005803,E07000168,Scarborough,3b1r,Ageing Coastal Living,Seaside,NA,NA
E02005804,E07000168,Scarborough,3b1r,Ageing Coastal Living,Seaside,NA,NA
E02005805,E07000168,Scarborough,3b1r,Ageing Coastal Living,Seaside,NA,NA
E02005806,E07000168,Scarborough,3b1r,Ageing Coastal Living,Seaside,NA,NA
E02005807,E07000168,Scarborough,3b1r,Ageing Coastal Living,Seaside,NA,NA
E02005808,E07000168,Scarborough,3b1r,Ageing Coastal Living,Seaside,NA,NA
E02005809,E07000169,Selby,7a1r,Country Living,Countryside,NA,NA
E02005810,E07000169,Selby,7a1r,Country Living,Countryside,NA,NA
E02005811,E07000169,Selby,7a1r,Country Living,Countryside,NA,NA
E02005812,E07000169,Selby,7a1r,Country Living,Countryside,NA,NA
E02005813,E07000169,Selby,7a1r,Country Living,Countryside,NA,NA
E02005814,E07000169,Selby,7a1r,Country Living,Countryside,NA,NA
E02005815,E07000169,Selby,7a1r,Country Living,Countryside,NA,NA
E02005816,E07000169,Selby,7a1r,Country Living,Countryside,NA,NA
E02005817,E07000169,Selby,7a1r,Country Living,Countryside,NA,NA
E02005818,E07000169,Selby,7a1r,Country Living,Countryside,NA,NA
E02005819,E07000170,Ashfield,6a1r,Manufacturing Legacy,Post_Industrial,NA,NA
E02005820,E07000170,Ashfield,6a1r,Manufacturing Legacy,Post_Industrial,NA,NA
E02005821,E07000170,Ashfield,6a1r,Manufacturing Legacy,Post_Industrial,NA,NA
E02005822,E07000170,Ashfield,6a1r,Manufacturing Legacy,Post_Industrial,NA,NA
E02005823,E07000170,Ashfield,6a1r,Manufacturing Legacy,Post_Industrial,NA,NA
E02005824,E07000170,Ashfield,6a1r,Manufacturing Legacy,Post_Industrial,NA,NA
E02005825,E07000170,Ashfield,6a1r,Manufacturing Legacy,Post_Industrial,NA,NA
E02005826,E07000170,Ashfield,6a1r,Manufacturing Legacy,Post_Industrial,NA,NA
E02005827,E07000170,Ashfield,6a1r,Manufacturing Legacy,Post_Industrial,NA,NA
E02005828,E07000170,Ashfield,6a1r,Manufacturing Legacy,Post_Industrial,NA,NA
E02005829,E07000170,Ashfield,6a1r,Manufacturing Legacy,Post_Industrial,NA,NA
E02005830,E07000170,Ashfield,6a1r,Manufacturing Legacy,Post_Industrial,NA,NA
E02005831,E07000170,Ashfield,6a1r,Manufacturing Legacy,Post_Industrial,NA,NA
E02005832,E07000170,Ashfield,6a1r,Manufacturing Legacy,Post_Industrial,NA,NA
E02005833,E07000170,Ashfield,6a1r,Manufacturing Legacy,Post_Industrial,NA,NA
E02005834,E07000170,Ashfield,6a1r,Manufacturing Legacy,Post_Industrial,NA,NA
E02005835,E07000171,Bassetlaw,7a1r,Country Living,Countryside,NA,NA
E02005836,E07000171,Bassetlaw,7a1r,Country Living,Countryside,NA,NA
E02005837,E07000171,Bassetlaw,7a1r,Country Living,Countryside,NA,NA
E02005838,E07000171,Bassetlaw,7a1r,Country Living,Countryside,NA,NA
E02005839,E07000171,Bassetlaw,7a1r,Country Living,Countryside,NA,NA
E02005840,E07000171,Bassetlaw,7a1r,Country Living,Countryside,NA,NA
E02005842,E07000171,Bassetlaw,7a1r,Country Living,Countryside,NA,NA
E02005843,E07000171,Bassetlaw,7a1r,Country Living,Countryside,NA,NA
E02005844,E07000171,Bassetlaw,7a1r,Country Living,Countryside,NA,NA
E02005846,E07000171,Bassetlaw,7a1r,Country Living,Countryside,NA,NA
E02005847,E07000171,Bassetlaw,7a1r,Country Living,Countryside,NA,NA
E02005848,E07000171,Bassetlaw,7a1r,Country Living,Countryside,NA,NA
E02005849,E07000171,Bassetlaw,7a1r,Country Living,Countryside,NA,NA
E02005850,E07000172,Broxtowe,7c2r,Prosperous Towns,Rural_Prosperous,NA,NA
E02005851,E07000172,Broxtowe,7c2r,Prosperous Towns,Rural_Prosperous,NA,NA
E02005852,E07000172,Broxtowe,7c2r,Prosperous Towns,Rural_Prosperous,NA,NA
E02005853,E07000172,Broxtowe,7c2r,Prosperous Towns,Rural_Prosperous,NA,NA
E02005856,E07000172,Broxtowe,7c2r,Prosperous Towns,Rural_Prosperous,NA,NA
E02005857,E07000172,Broxtowe,7c2r,Prosperous Towns,Rural_Prosperous,NA,NA
E02005858,E07000172,Broxtowe,7c2r,Prosperous Towns,Rural_Prosperous,NA,NA
E02005859,E07000172,Broxtowe,7c2r,Prosperous Towns,Rural_Prosperous,NA,NA
E02005860,E07000172,Broxtowe,7c2r,Prosperous Towns,Rural_Prosperous,NA,NA
E02005861,E07000172,Broxtowe,7c2r,Prosperous Towns,Rural_Prosperous,NA,NA
E02005862,E07000172,Broxtowe,7c2r,Prosperous Towns,Rural_Prosperous,NA,NA
E02005863,E07000172,Broxtowe,7c2r,Prosperous Towns,Rural_Prosperous,NA,NA
E02005864,E07000172,Broxtowe,7c2r,Prosperous Towns,Rural_Prosperous,NA,NA
E02005865,E07000173,Gedling,7c2r,Prosperous Towns,Rural_Prosperous,NA,NA
E02005866,E07000173,Gedling,7c2r,Prosperous Towns,Rural_Prosperous,NA,NA
E02005868,E07000173,Gedling,7c2r,Prosperous Towns,Rural_Prosperous,NA,NA
E02005869,E07000173,Gedling,7c2r,Prosperous Towns,Rural_Prosperous,NA,NA
E02005870,E07000173,Gedling,7c2r,Prosperous Towns,Rural_Prosperous,NA,NA
E02005871,E07000173,Gedling,7c2r,Prosperous Towns,Rural_Prosperous,NA,NA
E02005872,E07000173,Gedling,7c2r,Prosperous Towns,Rural_Prosperous,NA,NA
E02005873,E07000173,Gedling,7c2r,Prosperous Towns,Rural_Prosperous,NA,NA
E02005874,E07000173,Gedling,7c2r,Prosperous Towns,Rural_Prosperous,NA,NA
E02005875,E07000173,Gedling,7c2r,Prosperous Towns,Rural_Prosperous,NA,NA
E02005876,E07000173,Gedling,7c2r,Prosperous Towns,Rural_Prosperous,NA,NA
E02005877,E07000173,Gedling,7c2r,Prosperous Towns,Rural_Prosperous,NA,NA
E02005878,E07000173,Gedling,7c2r,Prosperous Towns,Rural_Prosperous,NA,NA
E02005879,E07000173,Gedling,7c2r,Prosperous Towns,Rural_Prosperous,NA,NA
E02005880,E07000174,Mansfield,6a1r,Manufacturing Legacy,Post_Industrial,NA,NA
E02005881,E07000174,Mansfield,6a1r,Manufacturing Legacy,Post_Industrial,NA,NA
E02005882,E07000174,Mansfield,6a1r,Manufacturing Legacy,Post_Industrial,NA,NA
E02005883,E07000174,Mansfield,6a1r,Manufacturing Legacy,Post_Industrial,NA,NA
E02005884,E07000174,Mansfield,6a1r,Manufacturing Legacy,Post_Industrial,NA,NA
E02005885,E07000174,Mansfield,6a1r,Manufacturing Legacy,Post_Industrial,J01000059,Mansfield
E02005886,E07000174,Mansfield,6a1r,Manufacturing Legacy,Post_Industrial,J01000059,Mansfield
E02005887,E07000174,Mansfield,6a1r,Manufacturing Legacy,Post_Industrial,J01000059,Mansfield
E02005888,E07000174,Mansfield,6a1r,Manufacturing Legacy,Post_Industrial,J01000059,Mansfield
E02005889,E07000174,Mansfield,6a1r,Manufacturing Legacy,Post_Industrial,J01000059,Mansfield
E02005890,E07000174,Mansfield,6a1r,Manufacturing Legacy,Post_Industrial,J01000059,Mansfield
E02005891,E07000174,Mansfield,6a1r,Manufacturing Legacy,Post_Industrial,J01000059,Mansfield
E02005892,E07000174,Mansfield,6a1r,Manufacturing Legacy,Post_Industrial,J01000059,Mansfield
E02005893,E07000175,Newark and Sherwood,7a1r,Country Living,Countryside,NA,NA
E02005894,E07000175,Newark and Sherwood,7a1r,Country Living,Countryside,NA,NA
E02005895,E07000175,Newark and Sherwood,7a1r,Country Living,Countryside,NA,NA
E02005896,E07000175,Newark and Sherwood,7a1r,Country Living,Countryside,NA,NA
E02005897,E07000175,Newark and Sherwood,7a1r,Country Living,Countryside,NA,NA
E02005898,E07000175,Newark and Sherwood,7a1r,Country Living,Countryside,NA,NA
E02005899,E07000175,Newark and Sherwood,7a1r,Country Living,Countryside,NA,NA
E02005900,E07000175,Newark and Sherwood,7a1r,Country Living,Countryside,NA,NA
E02005901,E07000175,Newark and Sherwood,7a1r,Country Living,Countryside,NA,NA
E02005902,E07000175,Newark and Sherwood,7a1r,Country Living,Countryside,NA,NA
E02005903,E07000175,Newark and Sherwood,7a1r,Country Living,Countryside,NA,NA
E02005904,E07000175,Newark and Sherwood,7a1r,Country Living,Countryside,NA,NA
E02005905,E07000175,Newark and Sherwood,7a1r,Country Living,Countryside,NA,NA
E02005906,E07000176,Rushcliffe,1b1r,Affluent rural,Rural_Prosperous,NA,NA
E02005907,E07000176,Rushcliffe,1b1r,Affluent rural,Rural_Prosperous,NA,NA
E02005908,E07000176,Rushcliffe,1b1r,Affluent rural,Rural_Prosperous,NA,NA
E02005909,E07000176,Rushcliffe,1b1r,Affluent rural,Rural_Prosperous,NA,NA
E02005910,E07000176,Rushcliffe,1b1r,Affluent rural,Rural_Prosperous,NA,NA
E02005911,E07000176,Rushcliffe,1b1r,Affluent rural,Rural_Prosperous,NA,NA
E02005912,E07000176,Rushcliffe,1b1r,Affluent rural,Rural_Prosperous,NA,NA
E02005913,E07000176,Rushcliffe,1b1r,Affluent rural,Rural_Prosperous,NA,NA
E02005914,E07000176,Rushcliffe,1b1r,Affluent rural,Rural_Prosperous,NA,NA
E02005915,E07000176,Rushcliffe,1b1r,Affluent rural,Rural_Prosperous,NA,NA
E02005916,E07000176,Rushcliffe,1b1r,Affluent rural,Rural_Prosperous,NA,NA
E02005917,E07000176,Rushcliffe,1b1r,Affluent rural,Rural_Prosperous,NA,NA
E02005918,E07000176,Rushcliffe,1b1r,Affluent rural,Rural_Prosperous,NA,NA
E02005919,E07000176,Rushcliffe,1b1r,Affluent rural,Rural_Prosperous,NA,NA
E02005920,E07000176,Rushcliffe,1b1r,Affluent rural,Rural_Prosperous,NA,NA
E02005921,E07000177,Cherwell,1b2r,Rural Growth Areas,Growth_Areas,NA,NA
E02005922,E07000177,Cherwell,1b2r,Rural Growth Areas,Growth_Areas,NA,NA
E02005923,E07000177,Cherwell,1b2r,Rural Growth Areas,Growth_Areas,NA,NA
E02005924,E07000177,Cherwell,1b2r,Rural Growth Areas,Growth_Areas,NA,NA
E02005925,E07000177,Cherwell,1b2r,Rural Growth Areas,Growth_Areas,NA,NA
E02005926,E07000177,Cherwell,1b2r,Rural Growth Areas,Growth_Areas,NA,NA
E02005927,E07000177,Cherwell,1b2r,Rural Growth Areas,Growth_Areas,NA,NA
E02005928,E07000177,Cherwell,1b2r,Rural Growth Areas,Growth_Areas,NA,NA
E02005929,E07000177,Cherwell,1b2r,Rural Growth Areas,Growth_Areas,NA,NA
E02005930,E07000177,Cherwell,1b2r,Rural Growth Areas,Growth_Areas,NA,NA
E02005931,E07000177,Cherwell,1b2r,Rural Growth Areas,Growth_Areas,NA,NA
E02005932,E07000177,Cherwell,1b2r,Rural Growth Areas,Growth_Areas,NA,NA
E02005933,E07000177,Cherwell,1b2r,Rural Growth Areas,Growth_Areas,NA,NA
E02005934,E07000177,Cherwell,1b2r,Rural Growth Areas,Growth_Areas,NA,NA
E02005935,E07000177,Cherwell,1b2r,Rural Growth Areas,Growth_Areas,NA,NA
E02005936,E07000177,Cherwell,1b2r,Rural Growth Areas,Growth_Areas,NA,NA
E02005937,E07000177,Cherwell,1b2r,Rural Growth Areas,Growth_Areas,NA,NA
E02005938,E07000177,Cherwell,1b2r,Rural Growth Areas,Growth_Areas,NA,NA
E02005939,E07000177,Cherwell,1b2r,Rural Growth Areas,Growth_Areas,NA,NA
E02005940,E07000178,Oxford,2b1r,University Towns and Cities,University_Towns,J01000070,Oxford
E02005941,E07000178,Oxford,2b1r,University Towns and Cities,University_Towns,J01000070,Oxford
E02005942,E07000178,Oxford,2b1r,University Towns and Cities,University_Towns,J01000070,Oxford
E02005943,E07000178,Oxford,2b1r,University Towns and Cities,University_Towns,J01000070,Oxford
E02005944,E07000178,Oxford,2b1r,University Towns and Cities,University_Towns,J01000070,Oxford
E02005945,E07000178,Oxford,2b1r,University Towns and Cities,University_Towns,J01000070,Oxford
E02005946,E07000178,Oxford,2b1r,University Towns and Cities,University_Towns,J01000070,Oxford
E02005947,E07000178,Oxford,2b1r,University Towns and Cities,University_Towns,J01000070,Oxford
E02005948,E07000178,Oxford,2b1r,University Towns and Cities,University_Towns,J01000070,Oxford
E02005949,E07000178,Oxford,2b1r,University Towns and Cities,University_Towns,J01000070,Oxford
E02005950,E07000178,Oxford,2b1r,University Towns and Cities,University_Towns,J01000070,Oxford
E02005951,E07000178,Oxford,2b1r,University Towns and Cities,University_Towns,J01000070,Oxford
E02005952,E07000178,Oxford,2b1r,University Towns and Cities,University_Towns,J01000070,Oxford
E02005953,E07000178,Oxford,2b1r,University Towns and Cities,University_Towns,J01000070,Oxford
E02005954,E07000178,Oxford,2b1r,University Towns and Cities,University_Towns,J01000070,Oxford
E02005955,E07000178,Oxford,2b1r,University Towns and Cities,University_Towns,J01000070,Oxford
E02005956,E07000178,Oxford,2b1r,University Towns and Cities,University_Towns,J01000070,Oxford
E02005957,E07000178,Oxford,2b1r,University Towns and Cities,University_Towns,J01000070,Oxford
E02005958,E07000179,South Oxfordshire,1b1r,Affluent rural,Rural_Prosperous,NA,NA
E02005959,E07000179,South Oxfordshire,1b1r,Affluent rural,Rural_Prosperous,NA,NA
E02005960,E07000179,South Oxfordshire,1b1r,Affluent rural,Rural_Prosperous,NA,NA
E02005961,E07000179,South Oxfordshire,1b1r,Affluent rural,Rural_Prosperous,NA,NA
E02005962,E07000179,South Oxfordshire,1b1r,Affluent rural,Rural_Prosperous,NA,NA
E02005963,E07000179,South Oxfordshire,1b1r,Affluent rural,Rural_Prosperous,NA,NA
E02005964,E07000179,South Oxfordshire,1b1r,Affluent rural,Rural_Prosperous,NA,NA
E02005965,E07000179,South Oxfordshire,1b1r,Affluent rural,Rural_Prosperous,NA,NA
E02005966,E07000179,South Oxfordshire,1b1r,Affluent rural,Rural_Prosperous,NA,NA
E02005967,E07000179,South Oxfordshire,1b1r,Affluent rural,Rural_Prosperous,NA,NA
E02005968,E07000179,South Oxfordshire,1b1r,Affluent rural,Rural_Prosperous,NA,NA
E02005969,E07000179,South Oxfordshire,1b1r,Affluent rural,Rural_Prosperous,NA,NA
E02005970,E07000179,South Oxfordshire,1b1r,Affluent rural,Rural_Prosperous,NA,NA
E02005971,E07000179,South Oxfordshire,1b1r,Affluent rural,Rural_Prosperous,NA,NA
E02005972,E07000179,South Oxfordshire,1b1r,Affluent rural,Rural_Prosperous,NA,NA
E02005973,E07000179,South Oxfordshire,1b1r,Affluent rural,Rural_Prosperous,NA,NA
E02005974,E07000179,South Oxfordshire,1b1r,Affluent rural,Rural_Prosperous,NA,NA
E02005975,E07000179,South Oxfordshire,1b1r,Affluent rural,Rural_Prosperous,NA,NA
E02005976,E07000179,South Oxfordshire,1b1r,Affluent rural,Rural_Prosperous,NA,NA
E02005977,E07000179,South Oxfordshire,1b1r,Affluent rural,Rural_Prosperous,NA,NA
E02005978,E07000180,Vale of White Horse,1b1r,Affluent rural,Rural_Prosperous,J01000070,Oxford
E02005979,E07000180,Vale of White Horse,1b1r,Affluent rural,Rural_Prosperous,J01000070,Oxford
E02005980,E07000180,Vale of White Horse,1b1r,Affluent rural,Rural_Prosperous,NA,NA
E02005981,E07000180,Vale of White Horse,1b1r,Affluent rural,Rural_Prosperous,NA,NA
E02005982,E07000180,Vale of White Horse,1b1r,Affluent rural,Rural_Prosperous,NA,NA
E02005983,E07000180,Vale of White Horse,1b1r,Affluent rural,Rural_Prosperous,NA,NA
E02005984,E07000180,Vale of White Horse,1b1r,Affluent rural,Rural_Prosperous,NA,NA
E02005985,E07000180,Vale of White Horse,1b1r,Affluent rural,Rural_Prosperous,NA,NA
E02005986,E07000180,Vale of White Horse,1b1r,Affluent rural,Rural_Prosperous,NA,NA
E02005987,E07000180,Vale of White Horse,1b1r,Affluent rural,Rural_Prosperous,NA,NA
E02005988,E07000180,Vale of White Horse,1b1r,Affluent rural,Rural_Prosperous,NA,NA
E02005991,E07000180,Vale of White Horse,1b1r,Affluent rural,Rural_Prosperous,NA,NA
E02005992,E07000180,Vale of White Horse,1b1r,Affluent rural,Rural_Prosperous,NA,NA
E02005993,E07000181,West Oxfordshire,1b1r,Affluent rural,Rural_Prosperous,NA,NA
E02005994,E07000181,West Oxfordshire,1b1r,Affluent rural,Rural_Prosperous,NA,NA
E02005995,E07000181,West Oxfordshire,1b1r,Affluent rural,Rural_Prosperous,NA,NA
E02005996,E07000181,West Oxfordshire,1b1r,Affluent rural,Rural_Prosperous,NA,NA
E02005997,E07000181,West Oxfordshire,1b1r,Affluent rural,Rural_Prosperous,NA,NA
E02005998,E07000181,West Oxfordshire,1b1r,Affluent rural,Rural_Prosperous,NA,NA
E02005999,E07000181,West Oxfordshire,1b1r,Affluent rural,Rural_Prosperous,NA,NA
E02006000,E07000181,West Oxfordshire,1b1r,Affluent rural,Rural_Prosperous,NA,NA
E02006001,E07000181,West Oxfordshire,1b1r,Affluent rural,Rural_Prosperous,NA,NA
E02006002,E07000181,West Oxfordshire,1b1r,Affluent rural,Rural_Prosperous,NA,NA
E02006003,E07000181,West Oxfordshire,1b1r,Affluent rural,Rural_Prosperous,NA,NA
E02006004,E07000181,West Oxfordshire,1b1r,Affluent rural,Rural_Prosperous,NA,NA
E02006005,E07000181,West Oxfordshire,1b1r,Affluent rural,Rural_Prosperous,NA,NA
E02006006,E07000181,West Oxfordshire,1b1r,Affluent rural,Rural_Prosperous,NA,NA
E02006007,E07000181,West Oxfordshire,1b1r,Affluent rural,Rural_Prosperous,NA,NA
E02006008,E06000051,Shropshire,3a2r,Sparse English and Welsh Countryside,Countryside,NA,NA
E02006009,E06000051,Shropshire,3a2r,Sparse English and Welsh Countryside,Countryside,NA,NA
E02006010,E06000051,Shropshire,3a2r,Sparse English and Welsh Countryside,Countryside,NA,NA
E02006011,E06000051,Shropshire,3a2r,Sparse English and Welsh Countryside,Countryside,NA,NA
E02006012,E06000051,Shropshire,3a2r,Sparse English and Welsh Countryside,Countryside,NA,NA
E02006013,E06000051,Shropshire,3a2r,Sparse English and Welsh Countryside,Countryside,NA,NA
E02006014,E06000051,Shropshire,3a2r,Sparse English and Welsh Countryside,Countryside,NA,NA
E02006015,E06000051,Shropshire,3a2r,Sparse English and Welsh Countryside,Countryside,NA,NA
E02006016,E06000051,Shropshire,3a2r,Sparse English and Welsh Countryside,Countryside,NA,NA
E02006017,E06000051,Shropshire,3a2r,Sparse English and Welsh Countryside,Countryside,NA,NA
E02006018,E06000051,Shropshire,3a2r,Sparse English and Welsh Countryside,Countryside,NA,NA
E02006019,E06000051,Shropshire,3a2r,Sparse English and Welsh Countryside,Countryside,NA,NA
E02006020,E06000051,Shropshire,3a2r,Sparse English and Welsh Countryside,Countryside,NA,NA
E02006021,E06000051,Shropshire,3a2r,Sparse English and Welsh Countryside,Countryside,NA,NA
E02006022,E06000051,Shropshire,3a2r,Sparse English and Welsh Countryside,Countryside,NA,NA
E02006023,E06000051,Shropshire,3a2r,Sparse English and Welsh Countryside,Countryside,NA,NA
E02006024,E06000051,Shropshire,3a2r,Sparse English and Welsh Countryside,Countryside,NA,NA
E02006025,E06000051,Shropshire,3a2r,Sparse English and Welsh Countryside,Countryside,NA,NA
E02006026,E06000051,Shropshire,3a2r,Sparse English and Welsh Countryside,Countryside,NA,NA
E02006027,E06000051,Shropshire,3a2r,Sparse English and Welsh Countryside,Countryside,NA,NA
E02006028,E06000051,Shropshire,3a2r,Sparse English and Welsh Countryside,Countryside,NA,NA
E02006029,E06000051,Shropshire,3a2r,Sparse English and Welsh Countryside,Countryside,J01000083,Shrewsbury
E02006030,E06000051,Shropshire,3a2r,Sparse English and Welsh Countryside,Countryside,J01000083,Shrewsbury
E02006031,E06000051,Shropshire,3a2r,Sparse English and Welsh Countryside,Countryside,J01000083,Shrewsbury
E02006032,E06000051,Shropshire,3a2r,Sparse English and Welsh Countryside,Countryside,J01000083,Shrewsbury
E02006033,E06000051,Shropshire,3a2r,Sparse English and Welsh Countryside,Countryside,J01000083,Shrewsbury
E02006034,E06000051,Shropshire,3a2r,Sparse English and Welsh Countryside,Countryside,J01000083,Shrewsbury
E02006035,E06000051,Shropshire,3a2r,Sparse English and Welsh Countryside,Countryside,J01000083,Shrewsbury
E02006036,E06000051,Shropshire,3a2r,Sparse English and Welsh Countryside,Countryside,J01000083,Shrewsbury
E02006037,E06000051,Shropshire,3a2r,Sparse English and Welsh Countryside,Countryside,J01000083,Shrewsbury
E02006038,E06000051,Shropshire,3a2r,Sparse English and Welsh Countryside,Countryside,NA,NA
E02006039,E06000051,Shropshire,3a2r,Sparse English and Welsh Countryside,Countryside,NA,NA
E02006040,E06000051,Shropshire,3a2r,Sparse English and Welsh Countryside,Countryside,NA,NA
E02006041,E06000051,Shropshire,3a2r,Sparse English and Welsh Countryside,Countryside,NA,NA
E02006042,E06000051,Shropshire,3a2r,Sparse English and Welsh Countryside,Countryside,NA,NA
E02006043,E06000051,Shropshire,3a2r,Sparse English and Welsh Countryside,Countryside,NA,NA
E02006044,E06000051,Shropshire,3a2r,Sparse English and Welsh Countryside,Countryside,NA,NA
E02006045,E06000051,Shropshire,3a2r,Sparse English and Welsh Countryside,Countryside,NA,NA
E02006046,E06000051,Shropshire,3a2r,Sparse English and Welsh Countryside,Countryside,NA,NA
E02006047,E07000187,Mendip,3a1r,Older Farming Communities,Countryside,NA,NA
E02006048,E07000187,Mendip,3a1r,Older Farming Communities,Countryside,NA,NA
E02006049,E07000187,Mendip,3a1r,Older Farming Communities,Countryside,NA,NA
E02006050,E07000187,Mendip,3a1r,Older Farming Communities,Countryside,NA,NA
E02006051,E07000187,Mendip,3a1r,Older Farming Communities,Countryside,NA,NA
E02006052,E07000187,Mendip,3a1r,Older Farming Communities,Countryside,NA,NA
E02006053,E07000187,Mendip,3a1r,Older Farming Communities,Countryside,NA,NA
E02006054,E07000187,Mendip,3a1r,Older Farming Communities,Countryside,NA,NA
E02006055,E07000187,Mendip,3a1r,Older Farming Communities,Countryside,NA,NA
E02006056,E07000187,Mendip,3a1r,Older Farming Communities,Countryside,NA,NA
E02006057,E07000187,Mendip,3a1r,Older Farming Communities,Countryside,NA,NA
E02006058,E07000187,Mendip,3a1r,Older Farming Communities,Countryside,NA,NA
E02006059,E07000187,Mendip,3a1r,Older Farming Communities,Countryside,NA,NA
E02006060,E07000187,Mendip,3a1r,Older Farming Communities,Countryside,NA,NA
E02006061,E07000188,Sedgemoor,3a2r,Sparse English and Welsh Countryside,Countryside,NA,NA
E02006062,E07000188,Sedgemoor,3a2r,Sparse English and Welsh Countryside,Countryside,NA,NA
E02006063,E07000188,Sedgemoor,3a2r,Sparse English and Welsh Countryside,Countryside,NA,NA
E02006064,E07000188,Sedgemoor,3a2r,Sparse English and Welsh Countryside,Countryside,NA,NA
E02006065,E07000188,Sedgemoor,3a2r,Sparse English and Welsh Countryside,Countryside,NA,NA
E02006066,E07000188,Sedgemoor,3a2r,Sparse English and Welsh Countryside,Countryside,NA,NA
E02006067,E07000188,Sedgemoor,3a2r,Sparse English and Welsh Countryside,Countryside,NA,NA
E02006068,E07000188,Sedgemoor,3a2r,Sparse English and Welsh Countryside,Countryside,NA,NA
E02006069,E07000188,Sedgemoor,3a2r,Sparse English and Welsh Countryside,Countryside,NA,NA
E02006070,E07000188,Sedgemoor,3a2r,Sparse English and Welsh Countryside,Countryside,NA,NA
E02006071,E07000188,Sedgemoor,3a2r,Sparse English and Welsh Countryside,Countryside,NA,NA
E02006072,E07000188,Sedgemoor,3a2r,Sparse English and Welsh Countryside,Countryside,NA,NA
E02006073,E07000188,Sedgemoor,3a2r,Sparse English and Welsh Countryside,Countryside,NA,NA
E02006074,E07000188,Sedgemoor,3a2r,Sparse English and Welsh Countryside,Countryside,NA,NA
E02006075,E07000189,South Somerset,3a2r,Sparse English and Welsh Countryside,Countryside,NA,NA
E02006076,E07000189,South Somerset,3a2r,Sparse English and Welsh Countryside,Countryside,NA,NA
E02006077,E07000189,South Somerset,3a2r,Sparse English and Welsh Countryside,Countryside,NA,NA
E02006078,E07000189,South Somerset,3a2r,Sparse English and Welsh Countryside,Countryside,NA,NA
E02006079,E07000189,South Somerset,3a2r,Sparse English and Welsh Countryside,Countryside,NA,NA
E02006080,E07000189,South Somerset,3a2r,Sparse English and Welsh Countryside,Countryside,NA,NA
E02006081,E07000189,South Somerset,3a2r,Sparse English and Welsh Countryside,Countryside,NA,NA
E02006082,E07000189,South Somerset,3a2r,Sparse English and Welsh Countryside,Countryside,NA,NA
E02006083,E07000189,South Somerset,3a2r,Sparse English and Welsh Countryside,Countryside,NA,NA
E02006084,E07000189,South Somerset,3a2r,Sparse English and Welsh Countryside,Countryside,NA,NA
E02006085,E07000189,South Somerset,3a2r,Sparse English and Welsh Countryside,Countryside,NA,NA
E02006086,E07000189,South Somerset,3a2r,Sparse English and Welsh Countryside,Countryside,NA,NA
E02006087,E07000189,South Somerset,3a2r,Sparse English and Welsh Countryside,Countryside,NA,NA
E02006088,E07000189,South Somerset,3a2r,Sparse English and Welsh Countryside,Countryside,NA,NA
E02006089,E07000189,South Somerset,3a2r,Sparse English and Welsh Countryside,Countryside,NA,NA
E02006090,E07000189,South Somerset,3a2r,Sparse English and Welsh Countryside,Countryside,NA,NA
E02006091,E07000189,South Somerset,3a2r,Sparse English and Welsh Countryside,Countryside,NA,NA
E02006092,E07000189,South Somerset,3a2r,Sparse English and Welsh Countryside,Countryside,NA,NA
E02006093,E07000189,South Somerset,3a2r,Sparse English and Welsh Countryside,Countryside,NA,NA
E02006094,E07000189,South Somerset,3a2r,Sparse English and Welsh Countryside,Countryside,NA,NA
E02006095,E07000189,South Somerset,3a2r,Sparse English and Welsh Countryside,Countryside,NA,NA
E02006096,E07000189,South Somerset,3a2r,Sparse English and Welsh Countryside,Countryside,NA,NA
E02006097,E07000189,South Somerset,3a2r,Sparse English and Welsh Countryside,Countryside,NA,NA
E02006098,E07000189,South Somerset,3a2r,Sparse English and Welsh Countryside,Countryside,NA,NA
E02006099,E07000190,Taunton Deane,3a2r,Sparse English and Welsh Countryside,Countryside,NA,NA
E02006100,E07000190,Taunton Deane,3a2r,Sparse English and Welsh Countryside,Countryside,NA,NA
E02006101,E07000190,Taunton Deane,3a2r,Sparse English and Welsh Countryside,Countryside,NA,NA
E02006102,E07000190,Taunton Deane,3a2r,Sparse English and Welsh Countryside,Countryside,NA,NA
E02006103,E07000190,Taunton Deane,3a2r,Sparse English and Welsh Countryside,Countryside,NA,NA
E02006104,E07000190,Taunton Deane,3a2r,Sparse English and Welsh Countryside,Countryside,NA,NA
E02006105,E07000190,Taunton Deane,3a2r,Sparse English and Welsh Countryside,Countryside,NA,NA
E02006106,E07000190,Taunton Deane,3a2r,Sparse English and Welsh Countryside,Countryside,NA,NA
E02006107,E07000190,Taunton Deane,3a2r,Sparse English and Welsh Countryside,Countryside,NA,NA
E02006108,E07000190,Taunton Deane,3a2r,Sparse English and Welsh Countryside,Countryside,NA,NA
E02006109,E07000190,Taunton Deane,3a2r,Sparse English and Welsh Countryside,Countryside,NA,NA
E02006110,E07000190,Taunton Deane,3a2r,Sparse English and Welsh Countryside,Countryside,NA,NA
E02006111,E07000190,Taunton Deane,3a2r,Sparse English and Welsh Countryside,Countryside,NA,NA
E02006112,E07000190,Taunton Deane,3a2r,Sparse English and Welsh Countryside,Countryside,NA,NA
E02006113,E07000191,West Somerset,3b1r,Ageing Coastal Living,Seaside,NA,NA
E02006114,E07000191,West Somerset,3b1r,Ageing Coastal Living,Seaside,NA,NA
E02006115,E07000191,West Somerset,3b1r,Ageing Coastal Living,Seaside,NA,NA
E02006116,E07000191,West Somerset,3b1r,Ageing Coastal Living,Seaside,NA,NA
E02006117,E07000191,West Somerset,3b1r,Ageing Coastal Living,Seaside,NA,NA
E02006118,E07000192,Cannock Chase,6a1r,Manufacturing Legacy,Post_Industrial,NA,NA
E02006119,E07000192,Cannock Chase,6a1r,Manufacturing Legacy,Post_Industrial,NA,NA
E02006120,E07000192,Cannock Chase,6a1r,Manufacturing Legacy,Post_Industrial,NA,NA
E02006121,E07000192,Cannock Chase,6a1r,Manufacturing Legacy,Post_Industrial,NA,NA
E02006122,E07000192,Cannock Chase,6a1r,Manufacturing Legacy,Post_Industrial,NA,NA
E02006123,E07000192,Cannock Chase,6a1r,Manufacturing Legacy,Post_Industrial,NA,NA
E02006124,E07000192,Cannock Chase,6a1r,Manufacturing Legacy,Post_Industrial,NA,NA
E02006125,E07000192,Cannock Chase,6a1r,Manufacturing Legacy,Post_Industrial,NA,NA
E02006126,E07000192,Cannock Chase,6a1r,Manufacturing Legacy,Post_Industrial,NA,NA
E02006127,E07000192,Cannock Chase,6a1r,Manufacturing Legacy,Post_Industrial,NA,NA
E02006128,E07000192,Cannock Chase,6a1r,Manufacturing Legacy,Post_Industrial,NA,NA
E02006129,E07000192,Cannock Chase,6a1r,Manufacturing Legacy,Post_Industrial,NA,NA
E02006130,E07000192,Cannock Chase,6a1r,Manufacturing Legacy,Post_Industrial,NA,NA
E02006131,E07000193,East Staffordshire,7a1r,Country Living,Countryside,NA,NA
E02006132,E07000193,East Staffordshire,7a1r,Country Living,Countryside,NA,NA
E02006133,E07000193,East Staffordshire,7a1r,Country Living,Countryside,NA,NA
E02006134,E07000193,East Staffordshire,7a1r,Country Living,Countryside,NA,NA
E02006135,E07000193,East Staffordshire,7a1r,Country Living,Countryside,J01000017,Burton upon Trent
E02006136,E07000193,East Staffordshire,7a1r,Country Living,Countryside,NA,NA
E02006137,E07000193,East Staffordshire,7a1r,Country Living,Countryside,J01000017,Burton upon Trent
E02006138,E07000193,East Staffordshire,7a1r,Country Living,Countryside,J01000017,Burton upon Trent
E02006139,E07000193,East Staffordshire,7a1r,Country Living,Countryside,J01000017,Burton upon Trent
E02006140,E07000193,East Staffordshire,7a1r,Country Living,Countryside,J01000017,Burton upon Trent
E02006141,E07000193,East Staffordshire,7a1r,Country Living,Countryside,J01000017,Burton upon Trent
E02006142,E07000193,East Staffordshire,7a1r,Country Living,Countryside,J01000017,Burton upon Trent
E02006143,E07000193,East Staffordshire,7a1r,Country Living,Countryside,J01000017,Burton upon Trent
E02006144,E07000193,East Staffordshire,7a1r,Country Living,Countryside,J01000017,Burton upon Trent
E02006145,E07000193,East Staffordshire,7a1r,Country Living,Countryside,NA,NA
E02006146,E07000194,Lichfield,7c2r,Prosperous Towns,Rural_Prosperous,NA,NA
E02006147,E07000194,Lichfield,7c2r,Prosperous Towns,Rural_Prosperous,NA,NA
E02006148,E07000194,Lichfield,7c2r,Prosperous Towns,Rural_Prosperous,NA,NA
E02006149,E07000194,Lichfield,7c2r,Prosperous Towns,Rural_Prosperous,NA,NA
E02006150,E07000194,Lichfield,7c2r,Prosperous Towns,Rural_Prosperous,NA,NA
E02006151,E07000194,Lichfield,7c2r,Prosperous Towns,Rural_Prosperous,NA,NA
E02006152,E07000194,Lichfield,7c2r,Prosperous Towns,Rural_Prosperous,NA,NA
E02006153,E07000194,Lichfield,7c2r,Prosperous Towns,Rural_Prosperous,NA,NA
E02006154,E07000194,Lichfield,7c2r,Prosperous Towns,Rural_Prosperous,NA,NA
E02006155,E07000194,Lichfield,7c2r,Prosperous Towns,Rural_Prosperous,NA,NA
E02006156,E07000194,Lichfield,7c2r,Prosperous Towns,Rural_Prosperous,NA,NA
E02006157,E07000194,Lichfield,7c2r,Prosperous Towns,Rural_Prosperous,NA,NA
E02006158,E07000195,Newcastle-under-Lyme,7c2r,Prosperous Towns,Rural_Prosperous,NA,NA
E02006159,E07000195,Newcastle-under-Lyme,7c2r,Prosperous Towns,Rural_Prosperous,NA,NA
E02006160,E07000195,Newcastle-under-Lyme,7c2r,Prosperous Towns,Rural_Prosperous,NA,NA
E02006161,E07000195,Newcastle-under-Lyme,7c2r,Prosperous Towns,Rural_Prosperous,J01000063,Newcastle-under-Lyme
E02006162,E07000195,Newcastle-under-Lyme,7c2r,Prosperous Towns,Rural_Prosperous,NA,NA
E02006163,E07000195,Newcastle-under-Lyme,7c2r,Prosperous Towns,Rural_Prosperous,J01000063,Newcastle-under-Lyme
E02006164,E07000195,Newcastle-under-Lyme,7c2r,Prosperous Towns,Rural_Prosperous,J01000063,Newcastle-under-Lyme
E02006165,E07000195,Newcastle-under-Lyme,7c2r,Prosperous Towns,Rural_Prosperous,J01000063,Newcastle-under-Lyme
E02006166,E07000195,Newcastle-under-Lyme,7c2r,Prosperous Towns,Rural_Prosperous,J01000063,Newcastle-under-Lyme
E02006167,E07000195,Newcastle-under-Lyme,7c2r,Prosperous Towns,Rural_Prosperous,J01000063,Newcastle-under-Lyme
E02006168,E07000195,Newcastle-under-Lyme,7c2r,Prosperous Towns,Rural_Prosperous,J01000063,Newcastle-under-Lyme
E02006169,E07000195,Newcastle-under-Lyme,7c2r,Prosperous Towns,Rural_Prosperous,NA,NA
E02006170,E07000195,Newcastle-under-Lyme,7c2r,Prosperous Towns,Rural_Prosperous,NA,NA
E02006171,E07000195,Newcastle-under-Lyme,7c2r,Prosperous Towns,Rural_Prosperous,J01000063,Newcastle-under-Lyme
E02006172,E07000195,Newcastle-under-Lyme,7c2r,Prosperous Towns,Rural_Prosperous,J01000063,Newcastle-under-Lyme
E02006173,E07000195,Newcastle-under-Lyme,7c2r,Prosperous Towns,Rural_Prosperous,NA,NA
E02006174,E07000196,South Staffordshire,7c1r,Prosperous Semi-rural,Rural_Prosperous,NA,NA
E02006175,E07000196,South Staffordshire,7c1r,Prosperous Semi-rural,Rural_Prosperous,NA,NA
E02006176,E07000196,South Staffordshire,7c1r,Prosperous Semi-rural,Rural_Prosperous,NA,NA
E02006177,E07000196,South Staffordshire,7c1r,Prosperous Semi-rural,Rural_Prosperous,NA,NA
E02006178,E07000196,South Staffordshire,7c1r,Prosperous Semi-rural,Rural_Prosperous,NA,NA
E02006179,E07000196,South Staffordshire,7c1r,Prosperous Semi-rural,Rural_Prosperous,NA,NA
E02006180,E07000196,South Staffordshire,7c1r,Prosperous Semi-rural,Rural_Prosperous,NA,NA
E02006181,E07000196,South Staffordshire,7c1r,Prosperous Semi-rural,Rural_Prosperous,NA,NA
E02006182,E07000196,South Staffordshire,7c1r,Prosperous Semi-rural,Rural_Prosperous,NA,NA
E02006183,E07000196,South Staffordshire,7c1r,Prosperous Semi-rural,Rural_Prosperous,J01000109,Wolverhampton
E02006184,E07000196,South Staffordshire,7c1r,Prosperous Semi-rural,Rural_Prosperous,J01000109,Wolverhampton
E02006185,E07000196,South Staffordshire,7c1r,Prosperous Semi-rural,Rural_Prosperous,NA,NA
E02006186,E07000196,South Staffordshire,7c1r,Prosperous Semi-rural,Rural_Prosperous,NA,NA
E02006187,E07000196,South Staffordshire,7c1r,Prosperous Semi-rural,Rural_Prosperous,NA,NA
E02006188,E07000197,Stafford,7c2r,Prosperous Towns,Rural_Prosperous,J01000095,Stoke-on-Trent
E02006189,E07000197,Stafford,7c2r,Prosperous Towns,Rural_Prosperous,NA,NA
E02006190,E07000197,Stafford,7c2r,Prosperous Towns,Rural_Prosperous,NA,NA
E02006191,E07000197,Stafford,7c2r,Prosperous Towns,Rural_Prosperous,NA,NA
E02006192,E07000197,Stafford,7c2r,Prosperous Towns,Rural_Prosperous,NA,NA
E02006193,E07000197,Stafford,7c2r,Prosperous Towns,Rural_Prosperous,NA,NA
E02006194,E07000197,Stafford,7c2r,Prosperous Towns,Rural_Prosperous,NA,NA
E02006195,E07000197,Stafford,7c2r,Prosperous Towns,Rural_Prosperous,NA,NA
E02006196,E07000197,Stafford,7c2r,Prosperous Towns,Rural_Prosperous,NA,NA
E02006197,E07000197,Stafford,7c2r,Prosperous Towns,Rural_Prosperous,NA,NA
E02006198,E07000197,Stafford,7c2r,Prosperous Towns,Rural_Prosperous,NA,NA
E02006199,E07000197,Stafford,7c2r,Prosperous Towns,Rural_Prosperous,NA,NA
E02006200,E07000197,Stafford,7c2r,Prosperous Towns,Rural_Prosperous,NA,NA
E02006201,E07000197,Stafford,7c2r,Prosperous Towns,Rural_Prosperous,NA,NA
E02006202,E07000197,Stafford,7c2r,Prosperous Towns,Rural_Prosperous,NA,NA
E02006203,E07000197,Stafford,7c2r,Prosperous Towns,Rural_Prosperous,NA,NA
E02006204,E07000198,Staffordshire Moorlands,7a1r,Country Living,Countryside,NA,NA
E02006205,E07000198,Staffordshire Moorlands,7a1r,Country Living,Countryside,NA,NA
E02006206,E07000198,Staffordshire Moorlands,7a1r,Country Living,Countryside,NA,NA
E02006207,E07000198,Staffordshire Moorlands,7a1r,Country Living,Countryside,NA,NA
E02006208,E07000198,Staffordshire Moorlands,7a1r,Country Living,Countryside,NA,NA
E02006209,E07000198,Staffordshire Moorlands,7a1r,Country Living,Countryside,NA,NA
E02006210,E07000198,Staffordshire Moorlands,7a1r,Country Living,Countryside,NA,NA
E02006211,E07000198,Staffordshire Moorlands,7a1r,Country Living,Countryside,J01000095,Stoke-on-Trent
E02006212,E07000198,Staffordshire Moorlands,7a1r,Country Living,Countryside,J01000095,Stoke-on-Trent
E02006213,E07000198,Staffordshire Moorlands,7a1r,Country Living,Countryside,NA,NA
E02006214,E07000198,Staffordshire Moorlands,7a1r,Country Living,Countryside,NA,NA
E02006215,E07000198,Staffordshire Moorlands,7a1r,Country Living,Countryside,J01000095,Stoke-on-Trent
E02006216,E07000198,Staffordshire Moorlands,7a1r,Country Living,Countryside,NA,NA
E02006217,E07000199,Tamworth,6a1r,Manufacturing Legacy,Post_Industrial,NA,NA
E02006218,E07000199,Tamworth,6a1r,Manufacturing Legacy,Post_Industrial,NA,NA
E02006219,E07000199,Tamworth,6a1r,Manufacturing Legacy,Post_Industrial,NA,NA
E02006220,E07000199,Tamworth,6a1r,Manufacturing Legacy,Post_Industrial,NA,NA
E02006221,E07000199,Tamworth,6a1r,Manufacturing Legacy,Post_Industrial,NA,NA
E02006222,E07000199,Tamworth,6a1r,Manufacturing Legacy,Post_Industrial,NA,NA
E02006223,E07000199,Tamworth,6a1r,Manufacturing Legacy,Post_Industrial,NA,NA
E02006224,E07000199,Tamworth,6a1r,Manufacturing Legacy,Post_Industrial,NA,NA
E02006225,E07000199,Tamworth,6a1r,Manufacturing Legacy,Post_Industrial,NA,NA
E02006226,E07000199,Tamworth,6a1r,Manufacturing Legacy,Post_Industrial,NA,NA
E02006227,E07000200,Babergh,7a1r,Country Living,Countryside,NA,NA
E02006228,E07000200,Babergh,7a1r,Country Living,Countryside,NA,NA
E02006229,E07000200,Babergh,7a1r,Country Living,Countryside,NA,NA
E02006230,E07000200,Babergh,7a1r,Country Living,Countryside,NA,NA
E02006231,E07000200,Babergh,7a1r,Country Living,Countryside,J01000049,Ipswich
E02006232,E07000200,Babergh,7a1r,Country Living,Countryside,NA,NA
E02006233,E07000200,Babergh,7a1r,Country Living,Countryside,NA,NA
E02006234,E07000200,Babergh,7a1r,Country Living,Countryside,NA,NA
E02006235,E07000200,Babergh,7a1r,Country Living,Countryside,NA,NA
E02006236,E07000200,Babergh,7a1r,Country Living,Countryside,NA,NA
E02006237,E07000200,Babergh,7a1r,Country Living,Countryside,NA,NA
E02006238,E07000201,Forest Heath,1a1r,Rural-Urban Fringe,Rural_Prosperous,NA,NA
E02006239,E07000201,Forest Heath,1a1r,Rural-Urban Fringe,Rural_Prosperous,NA,NA
E02006240,E07000201,Forest Heath,1a1r,Rural-Urban Fringe,Rural_Prosperous,NA,NA
E02006241,E07000201,Forest Heath,1a1r,Rural-Urban Fringe,Rural_Prosperous,NA,NA
E02006242,E07000201,Forest Heath,1a1r,Rural-Urban Fringe,Rural_Prosperous,NA,NA
E02006243,E07000201,Forest Heath,1a1r,Rural-Urban Fringe,Rural_Prosperous,NA,NA
E02006245,E07000202,Ipswich,8a1r,Industrial and Multi-ethnic,Post_Industrial,J01000049,Ipswich
E02006246,E07000202,Ipswich,8a1r,Industrial and Multi-ethnic,Post_Industrial,J01000049,Ipswich
E02006247,E07000202,Ipswich,8a1r,Industrial and Multi-ethnic,Post_Industrial,J01000049,Ipswich
E02006248,E07000202,Ipswich,8a1r,Industrial and Multi-ethnic,Post_Industrial,J01000049,Ipswich
E02006249,E07000202,Ipswich,8a1r,Industrial and Multi-ethnic,Post_Industrial,J01000049,Ipswich
E02006250,E07000202,Ipswich,8a1r,Industrial and Multi-ethnic,Post_Industrial,J01000049,Ipswich
E02006251,E07000202,Ipswich,8a1r,Industrial and Multi-ethnic,Post_Industrial,J01000049,Ipswich
E02006252,E07000202,Ipswich,8a1r,Industrial and Multi-ethnic,Post_Industrial,J01000049,Ipswich
E02006253,E07000202,Ipswich,8a1r,Industrial and Multi-ethnic,Post_Industrial,J01000049,Ipswich
E02006254,E07000202,Ipswich,8a1r,Industrial and Multi-ethnic,Post_Industrial,J01000049,Ipswich
E02006255,E07000202,Ipswich,8a1r,Industrial and Multi-ethnic,Post_Industrial,J01000049,Ipswich
E02006256,E07000202,Ipswich,8a1r,Industrial and Multi-ethnic,Post_Industrial,J01000049,Ipswich
E02006257,E07000202,Ipswich,8a1r,Industrial and Multi-ethnic,Post_Industrial,J01000049,Ipswich
E02006258,E07000202,Ipswich,8a1r,Industrial and Multi-ethnic,Post_Industrial,J01000049,Ipswich
E02006259,E07000202,Ipswich,8a1r,Industrial and Multi-ethnic,Post_Industrial,J01000049,Ipswich
E02006260,E07000202,Ipswich,8a1r,Industrial and Multi-ethnic,Post_Industrial,J01000049,Ipswich
E02006261,E07000203,Mid Suffolk,7a1r,Country Living,Countryside,NA,NA
E02006262,E07000203,Mid Suffolk,7a1r,Country Living,Countryside,NA,NA
E02006263,E07000203,Mid Suffolk,7a1r,Country Living,Countryside,NA,NA
E02006264,E07000203,Mid Suffolk,7a1r,Country Living,Countryside,NA,NA
E02006265,E07000203,Mid Suffolk,7a1r,Country Living,Countryside,NA,NA
E02006266,E07000203,Mid Suffolk,7a1r,Country Living,Countryside,NA,NA
E02006267,E07000203,Mid Suffolk,7a1r,Country Living,Countryside,NA,NA
E02006268,E07000203,Mid Suffolk,7a1r,Country Living,Countryside,NA,NA
E02006269,E07000203,Mid Suffolk,7a1r,Country Living,Countryside,NA,NA
E02006270,E07000203,Mid Suffolk,7a1r,Country Living,Countryside,NA,NA
E02006271,E07000203,Mid Suffolk,7a1r,Country Living,Countryside,NA,NA
E02006272,E07000203,Mid Suffolk,7a1r,Country Living,Countryside,NA,NA
E02006273,E07000204,St Edmundsbury,7a1r,Country Living,Countryside,NA,NA
E02006274,E07000204,St Edmundsbury,7a1r,Country Living,Countryside,NA,NA
E02006275,E07000204,St Edmundsbury,7a1r,Country Living,Countryside,NA,NA
E02006276,E07000204,St Edmundsbury,7a1r,Country Living,Countryside,NA,NA
E02006277,E07000204,St Edmundsbury,7a1r,Country Living,Countryside,NA,NA
E02006278,E07000204,St Edmundsbury,7a1r,Country Living,Countryside,NA,NA
E02006279,E07000204,St Edmundsbury,7a1r,Country Living,Countryside,NA,NA
E02006280,E07000204,St Edmundsbury,7a1r,Country Living,Countryside,NA,NA
E02006281,E07000204,St Edmundsbury,7a1r,Country Living,Countryside,NA,NA
E02006282,E07000204,St Edmundsbury,7a1r,Country Living,Countryside,NA,NA
E02006283,E07000204,St Edmundsbury,7a1r,Country Living,Countryside,NA,NA
E02006284,E07000204,St Edmundsbury,7a1r,Country Living,Countryside,NA,NA
E02006285,E07000204,St Edmundsbury,7a1r,Country Living,Countryside,NA,NA
E02006286,E07000204,St Edmundsbury,7a1r,Country Living,Countryside,NA,NA
E02006287,E07000205,Suffolk Coastal,3a2r,Sparse English and Welsh Countryside,Countryside,NA,NA
E02006288,E07000205,Suffolk Coastal,3a2r,Sparse English and Welsh Countryside,Countryside,NA,NA
E02006289,E07000205,Suffolk Coastal,3a2r,Sparse English and Welsh Countryside,Countryside,NA,NA
E02006290,E07000205,Suffolk Coastal,3a2r,Sparse English and Welsh Countryside,Countryside,NA,NA
E02006291,E07000205,Suffolk Coastal,3a2r,Sparse English and Welsh Countryside,Countryside,NA,NA
E02006292,E07000205,Suffolk Coastal,3a2r,Sparse English and Welsh Countryside,Countryside,NA,NA
E02006293,E07000205,Suffolk Coastal,3a2r,Sparse English and Welsh Countryside,Countryside,NA,NA
E02006294,E07000205,Suffolk Coastal,3a2r,Sparse English and Welsh Countryside,Countryside,NA,NA
E02006295,E07000205,Suffolk Coastal,3a2r,Sparse English and Welsh Countryside,Countryside,NA,NA
E02006296,E07000205,Suffolk Coastal,3a2r,Sparse English and Welsh Countryside,Countryside,NA,NA
E02006297,E07000205,Suffolk Coastal,3a2r,Sparse English and Welsh Countryside,Countryside,J01000049,Ipswich
E02006298,E07000205,Suffolk Coastal,3a2r,Sparse English and Welsh Countryside,Countryside,NA,NA
E02006299,E07000205,Suffolk Coastal,3a2r,Sparse English and Welsh Countryside,Countryside,NA,NA
E02006300,E07000205,Suffolk Coastal,3a2r,Sparse English and Welsh Countryside,Countryside,NA,NA
E02006301,E07000205,Suffolk Coastal,3a2r,Sparse English and Welsh Countryside,Countryside,NA,NA
E02006302,E07000206,Waveney,3b1r,Ageing Coastal Living,Seaside,NA,NA
E02006303,E07000206,Waveney,3b1r,Ageing Coastal Living,Seaside,NA,NA
E02006304,E07000206,Waveney,3b1r,Ageing Coastal Living,Seaside,NA,NA
E02006305,E07000206,Waveney,3b1r,Ageing Coastal Living,Seaside,NA,NA
E02006306,E07000206,Waveney,3b1r,Ageing Coastal Living,Seaside,NA,NA
E02006307,E07000206,Waveney,3b1r,Ageing Coastal Living,Seaside,NA,NA
E02006308,E07000206,Waveney,3b1r,Ageing Coastal Living,Seaside,NA,NA
E02006309,E07000206,Waveney,3b1r,Ageing Coastal Living,Seaside,NA,NA
E02006310,E07000206,Waveney,3b1r,Ageing Coastal Living,Seaside,NA,NA
E02006311,E07000206,Waveney,3b1r,Ageing Coastal Living,Seaside,NA,NA
E02006312,E07000206,Waveney,3b1r,Ageing Coastal Living,Seaside,NA,NA
E02006313,E07000206,Waveney,3b1r,Ageing Coastal Living,Seaside,NA,NA
E02006314,E07000206,Waveney,3b1r,Ageing Coastal Living,Seaside,NA,NA
E02006315,E07000206,Waveney,3b1r,Ageing Coastal Living,Seaside,NA,NA
E02006316,E07000206,Waveney,3b1r,Ageing Coastal Living,Seaside,NA,NA
E02006317,E07000207,Elmbridge,1a1r,Rural-Urban Fringe,Rural_Prosperous,NA,NA
E02006318,E07000207,Elmbridge,1a1r,Rural-Urban Fringe,Rural_Prosperous,NA,NA
E02006319,E07000207,Elmbridge,1a1r,Rural-Urban Fringe,Rural_Prosperous,NA,NA
E02006320,E07000207,Elmbridge,1a1r,Rural-Urban Fringe,Rural_Prosperous,NA,NA
E02006321,E07000207,Elmbridge,1a1r,Rural-Urban Fringe,Rural_Prosperous,NA,NA
E02006322,E07000207,Elmbridge,1a1r,Rural-Urban Fringe,Rural_Prosperous,NA,NA
E02006323,E07000207,Elmbridge,1a1r,Rural-Urban Fringe,Rural_Prosperous,NA,NA
E02006324,E07000207,Elmbridge,1a1r,Rural-Urban Fringe,Rural_Prosperous,NA,NA
E02006325,E07000207,Elmbridge,1a1r,Rural-Urban Fringe,Rural_Prosperous,NA,NA
E02006326,E07000207,Elmbridge,1a1r,Rural-Urban Fringe,Rural_Prosperous,NA,NA
E02006327,E07000207,Elmbridge,1a1r,Rural-Urban Fringe,Rural_Prosperous,NA,NA
E02006328,E07000207,Elmbridge,1a1r,Rural-Urban Fringe,Rural_Prosperous,NA,NA
E02006329,E07000207,Elmbridge,1a1r,Rural-Urban Fringe,Rural_Prosperous,NA,NA
E02006330,E07000207,Elmbridge,1a1r,Rural-Urban Fringe,Rural_Prosperous,NA,NA
E02006331,E07000207,Elmbridge,1a1r,Rural-Urban Fringe,Rural_Prosperous,NA,NA
E02006332,E07000207,Elmbridge,1a1r,Rural-Urban Fringe,Rural_Prosperous,NA,NA
E02006333,E07000207,Elmbridge,1a1r,Rural-Urban Fringe,Rural_Prosperous,NA,NA
E02006334,E07000207,Elmbridge,1a1r,Rural-Urban Fringe,Rural_Prosperous,NA,NA
E02006335,E07000208,Epsom and Ewell,1a1r,Rural-Urban Fringe,Rural_Prosperous,NA,NA
E02006336,E07000208,Epsom and Ewell,1a1r,Rural-Urban Fringe,Rural_Prosperous,NA,NA
E02006337,E07000208,Epsom and Ewell,1a1r,Rural-Urban Fringe,Rural_Prosperous,NA,NA
E02006338,E07000208,Epsom and Ewell,1a1r,Rural-Urban Fringe,Rural_Prosperous,NA,NA
E02006339,E07000208,Epsom and Ewell,1a1r,Rural-Urban Fringe,Rural_Prosperous,NA,NA
E02006341,E07000208,Epsom and Ewell,1a1r,Rural-Urban Fringe,Rural_Prosperous,NA,NA
E02006342,E07000208,Epsom and Ewell,1a1r,Rural-Urban Fringe,Rural_Prosperous,NA,NA
E02006343,E07000208,Epsom and Ewell,1a1r,Rural-Urban Fringe,Rural_Prosperous,NA,NA
E02006344,E07000209,Guildford,1a1r,Rural-Urban Fringe,Rural_Prosperous,NA,NA
E02006345,E07000209,Guildford,1a1r,Rural-Urban Fringe,Rural_Prosperous,NA,NA
E02006346,E07000209,Guildford,1a1r,Rural-Urban Fringe,Rural_Prosperous,NA,NA
E02006347,E07000209,Guildford,1a1r,Rural-Urban Fringe,Rural_Prosperous,NA,NA
E02006348,E07000209,Guildford,1a1r,Rural-Urban Fringe,Rural_Prosperous,NA,NA
E02006349,E07000209,Guildford,1a1r,Rural-Urban Fringe,Rural_Prosperous,J01000040,Guildford
E02006350,E07000209,Guildford,1a1r,Rural-Urban Fringe,Rural_Prosperous,J01000040,Guildford
E02006351,E07000209,Guildford,1a1r,Rural-Urban Fringe,Rural_Prosperous,J01000040,Guildford
E02006352,E07000209,Guildford,1a1r,Rural-Urban Fringe,Rural_Prosperous,J01000040,Guildford
E02006353,E07000209,Guildford,1a1r,Rural-Urban Fringe,Rural_Prosperous,NA,NA
E02006354,E07000209,Guildford,1a1r,Rural-Urban Fringe,Rural_Prosperous,J01000040,Guildford
E02006355,E07000209,Guildford,1a1r,Rural-Urban Fringe,Rural_Prosperous,J01000040,Guildford
E02006356,E07000209,Guildford,1a1r,Rural-Urban Fringe,Rural_Prosperous,J01000040,Guildford
E02006357,E07000209,Guildford,1a1r,Rural-Urban Fringe,Rural_Prosperous,NA,NA
E02006358,E07000209,Guildford,1a1r,Rural-Urban Fringe,Rural_Prosperous,J01000040,Guildford
E02006359,E07000209,Guildford,1a1r,Rural-Urban Fringe,Rural_Prosperous,J01000040,Guildford
E02006360,E07000209,Guildford,1a1r,Rural-Urban Fringe,Rural_Prosperous,NA,NA
E02006361,E07000209,Guildford,1a1r,Rural-Urban Fringe,Rural_Prosperous,NA,NA
E02006362,E07000210,Mole Valley,1b1r,Affluent rural,Rural_Prosperous,NA,NA
E02006363,E07000210,Mole Valley,1b1r,Affluent rural,Rural_Prosperous,NA,NA
E02006364,E07000210,Mole Valley,1b1r,Affluent rural,Rural_Prosperous,NA,NA
E02006365,E07000210,Mole Valley,1b1r,Affluent rural,Rural_Prosperous,NA,NA
E02006366,E07000210,Mole Valley,1b1r,Affluent rural,Rural_Prosperous,NA,NA
E02006367,E07000210,Mole Valley,1b1r,Affluent rural,Rural_Prosperous,NA,NA
E02006368,E07000210,Mole Valley,1b1r,Affluent rural,Rural_Prosperous,NA,NA
E02006369,E07000210,Mole Valley,1b1r,Affluent rural,Rural_Prosperous,NA,NA
E02006370,E07000210,Mole Valley,1b1r,Affluent rural,Rural_Prosperous,NA,NA
E02006371,E07000210,Mole Valley,1b1r,Affluent rural,Rural_Prosperous,NA,NA
E02006372,E07000210,Mole Valley,1b1r,Affluent rural,Rural_Prosperous,NA,NA
E02006373,E07000210,Mole Valley,1b1r,Affluent rural,Rural_Prosperous,NA,NA
E02006374,E07000210,Mole Valley,1b1r,Affluent rural,Rural_Prosperous,NA,NA
E02006375,E07000211,Reigate and Banstead,1a1r,Rural-Urban Fringe,Rural_Prosperous,NA,NA
E02006376,E07000211,Reigate and Banstead,1a1r,Rural-Urban Fringe,Rural_Prosperous,NA,NA
E02006377,E07000211,Reigate and Banstead,1a1r,Rural-Urban Fringe,Rural_Prosperous,NA,NA
E02006378,E07000211,Reigate and Banstead,1a1r,Rural-Urban Fringe,Rural_Prosperous,NA,NA
E02006379,E07000211,Reigate and Banstead,1a1r,Rural-Urban Fringe,Rural_Prosperous,NA,NA
E02006380,E07000211,Reigate and Banstead,1a1r,Rural-Urban Fringe,Rural_Prosperous,NA,NA
E02006381,E07000211,Reigate and Banstead,1a1r,Rural-Urban Fringe,Rural_Prosperous,NA,NA
E02006382,E07000211,Reigate and Banstead,1a1r,Rural-Urban Fringe,Rural_Prosperous,NA,NA
E02006383,E07000211,Reigate and Banstead,1a1r,Rural-Urban Fringe,Rural_Prosperous,NA,NA
E02006384,E07000211,Reigate and Banstead,1a1r,Rural-Urban Fringe,Rural_Prosperous,NA,NA
E02006385,E07000211,Reigate and Banstead,1a1r,Rural-Urban Fringe,Rural_Prosperous,NA,NA
E02006386,E07000211,Reigate and Banstead,1a1r,Rural-Urban Fringe,Rural_Prosperous,NA,NA
E02006387,E07000211,Reigate and Banstead,1a1r,Rural-Urban Fringe,Rural_Prosperous,NA,NA
E02006388,E07000211,Reigate and Banstead,1a1r,Rural-Urban Fringe,Rural_Prosperous,NA,NA
E02006389,E07000211,Reigate and Banstead,1a1r,Rural-Urban Fringe,Rural_Prosperous,NA,NA
E02006390,E07000211,Reigate and Banstead,1a1r,Rural-Urban Fringe,Rural_Prosperous,NA,NA
E02006391,E07000211,Reigate and Banstead,1a1r,Rural-Urban Fringe,Rural_Prosperous,NA,NA
E02006392,E07000211,Reigate and Banstead,1a1r,Rural-Urban Fringe,Rural_Prosperous,NA,NA
E02006393,E07000212,Runnymede,1a1r,Rural-Urban Fringe,Rural_Prosperous,NA,NA
E02006394,E07000212,Runnymede,1a1r,Rural-Urban Fringe,Rural_Prosperous,NA,NA
E02006395,E07000212,Runnymede,1a1r,Rural-Urban Fringe,Rural_Prosperous,NA,NA
E02006396,E07000212,Runnymede,1a1r,Rural-Urban Fringe,Rural_Prosperous,NA,NA
E02006397,E07000212,Runnymede,1a1r,Rural-Urban Fringe,Rural_Prosperous,NA,NA
E02006398,E07000212,Runnymede,1a1r,Rural-Urban Fringe,Rural_Prosperous,NA,NA
E02006399,E07000212,Runnymede,1a1r,Rural-Urban Fringe,Rural_Prosperous,NA,NA
E02006400,E07000212,Runnymede,1a1r,Rural-Urban Fringe,Rural_Prosperous,NA,NA
E02006401,E07000212,Runnymede,1a1r,Rural-Urban Fringe,Rural_Prosperous,NA,NA
E02006402,E07000212,Runnymede,1a1r,Rural-Urban Fringe,Rural_Prosperous,J01000108,Woking
E02006403,E07000213,Spelthorne,1a1r,Rural-Urban Fringe,Rural_Prosperous,NA,NA
E02006404,E07000213,Spelthorne,1a1r,Rural-Urban Fringe,Rural_Prosperous,NA,NA
E02006405,E07000213,Spelthorne,1a1r,Rural-Urban Fringe,Rural_Prosperous,NA,NA
E02006406,E07000213,Spelthorne,1a1r,Rural-Urban Fringe,Rural_Prosperous,NA,NA
E02006407,E07000213,Spelthorne,1a1r,Rural-Urban Fringe,Rural_Prosperous,NA,NA
E02006408,E07000213,Spelthorne,1a1r,Rural-Urban Fringe,Rural_Prosperous,NA,NA
E02006409,E07000213,Spelthorne,1a1r,Rural-Urban Fringe,Rural_Prosperous,NA,NA
E02006410,E07000213,Spelthorne,1a1r,Rural-Urban Fringe,Rural_Prosperous,NA,NA
E02006411,E07000213,Spelthorne,1a1r,Rural-Urban Fringe,Rural_Prosperous,NA,NA
E02006412,E07000213,Spelthorne,1a1r,Rural-Urban Fringe,Rural_Prosperous,NA,NA
E02006413,E07000213,Spelthorne,1a1r,Rural-Urban Fringe,Rural_Prosperous,NA,NA
E02006414,E07000213,Spelthorne,1a1r,Rural-Urban Fringe,Rural_Prosperous,NA,NA
E02006415,E07000213,Spelthorne,1a1r,Rural-Urban Fringe,Rural_Prosperous,NA,NA
E02006416,E07000214,Surrey Heath,1a1r,Rural-Urban Fringe,Rural_Prosperous,NA,NA
E02006417,E07000214,Surrey Heath,1a1r,Rural-Urban Fringe,Rural_Prosperous,NA,NA
E02006418,E07000214,Surrey Heath,1a1r,Rural-Urban Fringe,Rural_Prosperous,NA,NA
E02006419,E07000214,Surrey Heath,1a1r,Rural-Urban Fringe,Rural_Prosperous,NA,NA
E02006420,E07000214,Surrey Heath,1a1r,Rural-Urban Fringe,Rural_Prosperous,NA,NA
E02006421,E07000214,Surrey Heath,1a1r,Rural-Urban Fringe,Rural_Prosperous,NA,NA
E02006422,E07000214,Surrey Heath,1a1r,Rural-Urban Fringe,Rural_Prosperous,NA,NA
E02006423,E07000214,Surrey Heath,1a1r,Rural-Urban Fringe,Rural_Prosperous,NA,NA
E02006424,E07000214,Surrey Heath,1a1r,Rural-Urban Fringe,Rural_Prosperous,NA,NA
E02006425,E07000214,Surrey Heath,1a1r,Rural-Urban Fringe,Rural_Prosperous,NA,NA
E02006426,E07000214,Surrey Heath,1a1r,Rural-Urban Fringe,Rural_Prosperous,NA,NA
E02006427,E07000214,Surrey Heath,1a1r,Rural-Urban Fringe,Rural_Prosperous,NA,NA
E02006429,E07000215,Tandridge,1b2r,Rural Growth Areas,Growth_Areas,NA,NA
E02006430,E07000215,Tandridge,1b2r,Rural Growth Areas,Growth_Areas,NA,NA
E02006431,E07000215,Tandridge,1b2r,Rural Growth Areas,Growth_Areas,NA,NA
E02006432,E07000215,Tandridge,1b2r,Rural Growth Areas,Growth_Areas,NA,NA
E02006433,E07000215,Tandridge,1b2r,Rural Growth Areas,Growth_Areas,NA,NA
E02006434,E07000215,Tandridge,1b2r,Rural Growth Areas,Growth_Areas,NA,NA
E02006435,E07000215,Tandridge,1b2r,Rural Growth Areas,Growth_Areas,NA,NA
E02006436,E07000215,Tandridge,1b2r,Rural Growth Areas,Growth_Areas,NA,NA
E02006437,E07000215,Tandridge,1b2r,Rural Growth Areas,Growth_Areas,NA,NA
E02006438,E07000215,Tandridge,1b2r,Rural Growth Areas,Growth_Areas,NA,NA
E02006439,E07000216,Waverley,1b1r,Affluent rural,Rural_Prosperous,NA,NA
E02006440,E07000216,Waverley,1b1r,Affluent rural,Rural_Prosperous,NA,NA
E02006441,E07000216,Waverley,1b1r,Affluent rural,Rural_Prosperous,NA,NA
E02006442,E07000216,Waverley,1b1r,Affluent rural,Rural_Prosperous,NA,NA
E02006443,E07000216,Waverley,1b1r,Affluent rural,Rural_Prosperous,NA,NA
E02006444,E07000216,Waverley,1b1r,Affluent rural,Rural_Prosperous,NA,NA
E02006445,E07000216,Waverley,1b1r,Affluent rural,Rural_Prosperous,NA,NA
E02006446,E07000216,Waverley,1b1r,Affluent rural,Rural_Prosperous,NA,NA
E02006447,E07000216,Waverley,1b1r,Affluent rural,Rural_Prosperous,NA,NA
E02006448,E07000216,Waverley,1b1r,Affluent rural,Rural_Prosperous,NA,NA
E02006449,E07000216,Waverley,1b1r,Affluent rural,Rural_Prosperous,NA,NA
E02006450,E07000216,Waverley,1b1r,Affluent rural,Rural_Prosperous,NA,NA
E02006451,E07000216,Waverley,1b1r,Affluent rural,Rural_Prosperous,NA,NA
E02006453,E07000216,Waverley,1b1r,Affluent rural,Rural_Prosperous,NA,NA
E02006454,E07000216,Waverley,1b1r,Affluent rural,Rural_Prosperous,NA,NA
E02006455,E07000216,Waverley,1b1r,Affluent rural,Rural_Prosperous,NA,NA
E02006456,E07000217,Woking,1a1r,Rural-Urban Fringe,Rural_Prosperous,NA,NA
E02006457,E07000217,Woking,1a1r,Rural-Urban Fringe,Rural_Prosperous,J01000108,Woking
E02006458,E07000217,Woking,1a1r,Rural-Urban Fringe,Rural_Prosperous,J01000108,Woking
E02006459,E07000217,Woking,1a1r,Rural-Urban Fringe,Rural_Prosperous,J01000108,Woking
E02006460,E07000217,Woking,1a1r,Rural-Urban Fringe,Rural_Prosperous,J01000108,Woking
E02006461,E07000217,Woking,1a1r,Rural-Urban Fringe,Rural_Prosperous,J01000108,Woking
E02006462,E07000217,Woking,1a1r,Rural-Urban Fringe,Rural_Prosperous,J01000108,Woking
E02006463,E07000217,Woking,1a1r,Rural-Urban Fringe,Rural_Prosperous,J01000108,Woking
E02006464,E07000217,Woking,1a1r,Rural-Urban Fringe,Rural_Prosperous,J01000108,Woking
E02006465,E07000217,Woking,1a1r,Rural-Urban Fringe,Rural_Prosperous,J01000108,Woking
E02006466,E07000217,Woking,1a1r,Rural-Urban Fringe,Rural_Prosperous,J01000108,Woking
E02006467,E07000217,Woking,1a1r,Rural-Urban Fringe,Rural_Prosperous,NA,NA
E02006468,E07000218,North Warwickshire,7a1r,Country Living,Countryside,NA,NA
E02006469,E07000218,North Warwickshire,7a1r,Country Living,Countryside,NA,NA
E02006470,E07000218,North Warwickshire,7a1r,Country Living,Countryside,NA,NA
E02006471,E07000218,North Warwickshire,7a1r,Country Living,Countryside,NA,NA
E02006472,E07000218,North Warwickshire,7a1r,Country Living,Countryside,J01000068,Nuneaton
E02006473,E07000218,North Warwickshire,7a1r,Country Living,Countryside,NA,NA
E02006474,E07000218,North Warwickshire,7a1r,Country Living,Countryside,NA,NA
E02006475,E07000219,Nuneaton and Bedworth,8a2r,Urban Living,Urban_Non_London,J01000068,Nuneaton
E02006476,E07000219,Nuneaton and Bedworth,8a2r,Urban Living,Urban_Non_London,J01000068,Nuneaton
E02006477,E07000219,Nuneaton and Bedworth,8a2r,Urban Living,Urban_Non_London,J01000068,Nuneaton
E02006478,E07000219,Nuneaton and Bedworth,8a2r,Urban Living,Urban_Non_London,J01000068,Nuneaton
E02006479,E07000219,Nuneaton and Bedworth,8a2r,Urban Living,Urban_Non_London,J01000068,Nuneaton
E02006480,E07000219,Nuneaton and Bedworth,8a2r,Urban Living,Urban_Non_London,J01000068,Nuneaton
E02006481,E07000219,Nuneaton and Bedworth,8a2r,Urban Living,Urban_Non_London,J01000068,Nuneaton
E02006482,E07000219,Nuneaton and Bedworth,8a2r,Urban Living,Urban_Non_London,J01000068,Nuneaton
E02006483,E07000219,Nuneaton and Bedworth,8a2r,Urban Living,Urban_Non_London,J01000068,Nuneaton
E02006484,E07000219,Nuneaton and Bedworth,8a2r,Urban Living,Urban_Non_London,J01000068,Nuneaton
E02006485,E07000219,Nuneaton and Bedworth,8a2r,Urban Living,Urban_Non_London,J01000068,Nuneaton
E02006486,E07000219,Nuneaton and Bedworth,8a2r,Urban Living,Urban_Non_London,NA,NA
E02006487,E07000219,Nuneaton and Bedworth,8a2r,Urban Living,Urban_Non_London,NA,NA
E02006488,E07000219,Nuneaton and Bedworth,8a2r,Urban Living,Urban_Non_London,NA,NA
E02006489,E07000219,Nuneaton and Bedworth,8a2r,Urban Living,Urban_Non_London,NA,NA
E02006490,E07000219,Nuneaton and Bedworth,8a2r,Urban Living,Urban_Non_London,NA,NA
E02006492,E07000220,Rugby,8b2r,Expanding Areas,Growth_Areas,NA,NA
E02006493,E07000220,Rugby,8b2r,Expanding Areas,Growth_Areas,NA,NA
E02006494,E07000220,Rugby,8b2r,Expanding Areas,Growth_Areas,NA,NA
E02006495,E07000220,Rugby,8b2r,Expanding Areas,Growth_Areas,NA,NA
E02006496,E07000220,Rugby,8b2r,Expanding Areas,Growth_Areas,NA,NA
E02006497,E07000220,Rugby,8b2r,Expanding Areas,Growth_Areas,NA,NA
E02006498,E07000220,Rugby,8b2r,Expanding Areas,Growth_Areas,NA,NA
E02006499,E07000220,Rugby,8b2r,Expanding Areas,Growth_Areas,NA,NA
E02006500,E07000220,Rugby,8b2r,Expanding Areas,Growth_Areas,NA,NA
E02006501,E07000220,Rugby,8b2r,Expanding Areas,Growth_Areas,NA,NA
E02006502,E07000220,Rugby,8b2r,Expanding Areas,Growth_Areas,NA,NA
E02006503,E07000220,Rugby,8b2r,Expanding Areas,Growth_Areas,NA,NA
E02006504,E07000221,Stratford-on-Avon,3a1r,Older Farming Communities,Countryside,NA,NA
E02006505,E07000221,Stratford-on-Avon,3a1r,Older Farming Communities,Countryside,NA,NA
E02006506,E07000221,Stratford-on-Avon,3a1r,Older Farming Communities,Countryside,NA,NA
E02006507,E07000221,Stratford-on-Avon,3a1r,Older Farming Communities,Countryside,NA,NA
E02006508,E07000221,Stratford-on-Avon,3a1r,Older Farming Communities,Countryside,NA,NA
E02006509,E07000221,Stratford-on-Avon,3a1r,Older Farming Communities,Countryside,NA,NA
E02006510,E07000221,Stratford-on-Avon,3a1r,Older Farming Communities,Countryside,NA,NA
E02006511,E07000221,Stratford-on-Avon,3a1r,Older Farming Communities,Countryside,NA,NA
E02006512,E07000221,Stratford-on-Avon,3a1r,Older Farming Communities,Countryside,NA,NA
E02006513,E07000221,Stratford-on-Avon,3a1r,Older Farming Communities,Countryside,NA,NA
E02006514,E07000221,Stratford-on-Avon,3a1r,Older Farming Communities,Countryside,NA,NA
E02006515,E07000221,Stratford-on-Avon,3a1r,Older Farming Communities,Countryside,NA,NA
E02006516,E07000221,Stratford-on-Avon,3a1r,Older Farming Communities,Countryside,NA,NA
E02006517,E07000221,Stratford-on-Avon,3a1r,Older Farming Communities,Countryside,NA,NA
E02006518,E07000221,Stratford-on-Avon,3a1r,Older Farming Communities,Countryside,NA,NA
E02006519,E07000222,Warwick,2a1r,Larger Towns and Cities,Urban_Non_London,NA,NA
E02006520,E07000222,Warwick,2a1r,Larger Towns and Cities,Urban_Non_London,NA,NA
E02006521,E07000222,Warwick,2a1r,Larger Towns and Cities,Urban_Non_London,NA,NA
E02006522,E07000222,Warwick,2a1r,Larger Towns and Cities,Urban_Non_London,NA,NA
E02006523,E07000222,Warwick,2a1r,Larger Towns and Cities,Urban_Non_London,NA,NA
E02006524,E07000222,Warwick,2a1r,Larger Towns and Cities,Urban_Non_London,NA,NA
E02006525,E07000222,Warwick,2a1r,Larger Towns and Cities,Urban_Non_London,NA,NA
E02006526,E07000222,Warwick,2a1r,Larger Towns and Cities,Urban_Non_London,NA,NA
E02006527,E07000222,Warwick,2a1r,Larger Towns and Cities,Urban_Non_London,NA,NA
E02006528,E07000222,Warwick,2a1r,Larger Towns and Cities,Urban_Non_London,NA,NA
E02006529,E07000222,Warwick,2a1r,Larger Towns and Cities,Urban_Non_London,NA,NA
E02006530,E07000222,Warwick,2a1r,Larger Towns and Cities,Urban_Non_London,NA,NA
E02006531,E07000222,Warwick,2a1r,Larger Towns and Cities,Urban_Non_London,NA,NA
E02006532,E07000222,Warwick,2a1r,Larger Towns and Cities,Urban_Non_London,NA,NA
E02006533,E07000222,Warwick,2a1r,Larger Towns and Cities,Urban_Non_London,NA,NA
E02006534,E07000223,Adur,7c2r,Prosperous Towns,Rural_Prosperous,NA,NA
E02006535,E07000223,Adur,7c2r,Prosperous Towns,Rural_Prosperous,NA,NA
E02006536,E07000223,Adur,7c2r,Prosperous Towns,Rural_Prosperous,NA,NA
E02006537,E07000223,Adur,7c2r,Prosperous Towns,Rural_Prosperous,NA,NA
E02006538,E07000223,Adur,7c2r,Prosperous Towns,Rural_Prosperous,NA,NA
E02006539,E07000223,Adur,7c2r,Prosperous Towns,Rural_Prosperous,NA,NA
E02006540,E07000223,Adur,7c2r,Prosperous Towns,Rural_Prosperous,NA,NA
E02006541,E07000223,Adur,7c2r,Prosperous Towns,Rural_Prosperous,NA,NA
E02006542,E07000224,Arun,3b1r,Ageing Coastal Living,Seaside,NA,NA
E02006543,E07000224,Arun,3b1r,Ageing Coastal Living,Seaside,NA,NA
E02006544,E07000224,Arun,3b1r,Ageing Coastal Living,Seaside,NA,NA
E02006545,E07000224,Arun,3b1r,Ageing Coastal Living,Seaside,NA,NA
E02006546,E07000224,Arun,3b1r,Ageing Coastal Living,Seaside,NA,NA
E02006547,E07000224,Arun,3b1r,Ageing Coastal Living,Seaside,NA,NA
E02006548,E07000224,Arun,3b1r,Ageing Coastal Living,Seaside,NA,NA
E02006549,E07000224,Arun,3b1r,Ageing Coastal Living,Seaside,J01000111,Worthing
E02006550,E07000224,Arun,3b1r,Ageing Coastal Living,Seaside,NA,NA
E02006551,E07000224,Arun,3b1r,Ageing Coastal Living,Seaside,NA,NA
E02006552,E07000224,Arun,3b1r,Ageing Coastal Living,Seaside,NA,NA
E02006553,E07000224,Arun,3b1r,Ageing Coastal Living,Seaside,NA,NA
E02006554,E07000224,Arun,3b1r,Ageing Coastal Living,Seaside,NA,NA
E02006555,E07000224,Arun,3b1r,Ageing Coastal Living,Seaside,NA,NA
E02006556,E07000224,Arun,3b1r,Ageing Coastal Living,Seaside,NA,NA
E02006557,E07000224,Arun,3b1r,Ageing Coastal Living,Seaside,NA,NA
E02006558,E07000224,Arun,3b1r,Ageing Coastal Living,Seaside,NA,NA
E02006559,E07000224,Arun,3b1r,Ageing Coastal Living,Seaside,NA,NA
E02006560,E07000224,Arun,3b1r,Ageing Coastal Living,Seaside,NA,NA
E02006561,E07000225,Chichester,3a1r,Older Farming Communities,Countryside,NA,NA
E02006562,E07000225,Chichester,3a1r,Older Farming Communities,Countryside,NA,NA
E02006563,E07000225,Chichester,3a1r,Older Farming Communities,Countryside,NA,NA
E02006564,E07000225,Chichester,3a1r,Older Farming Communities,Countryside,NA,NA
E02006565,E07000225,Chichester,3a1r,Older Farming Communities,Countryside,NA,NA
E02006566,E07000225,Chichester,3a1r,Older Farming Communities,Countryside,NA,NA
E02006567,E07000225,Chichester,3a1r,Older Farming Communities,Countryside,NA,NA
E02006568,E07000225,Chichester,3a1r,Older Farming Communities,Countryside,NA,NA
E02006569,E07000225,Chichester,3a1r,Older Farming Communities,Countryside,NA,NA
E02006570,E07000225,Chichester,3a1r,Older Farming Communities,Countryside,NA,NA
E02006571,E07000225,Chichester,3a1r,Older Farming Communities,Countryside,NA,NA
E02006572,E07000225,Chichester,3a1r,Older Farming Communities,Countryside,NA,NA
E02006573,E07000225,Chichester,3a1r,Older Farming Communities,Countryside,NA,NA
E02006574,E07000225,Chichester,3a1r,Older Farming Communities,Countryside,NA,NA
E02006575,E07000226,Crawley,8b2r,Expanding Areas,Growth_Areas,J01000029,Crawley
E02006576,E07000226,Crawley,8b2r,Expanding Areas,Growth_Areas,J01000029,Crawley
E02006577,E07000226,Crawley,8b2r,Expanding Areas,Growth_Areas,J01000029,Crawley
E02006578,E07000226,Crawley,8b2r,Expanding Areas,Growth_Areas,J01000029,Crawley
E02006579,E07000226,Crawley,8b2r,Expanding Areas,Growth_Areas,J01000029,Crawley
E02006580,E07000226,Crawley,8b2r,Expanding Areas,Growth_Areas,J01000029,Crawley
E02006581,E07000226,Crawley,8b2r,Expanding Areas,Growth_Areas,J01000029,Crawley
E02006582,E07000226,Crawley,8b2r,Expanding Areas,Growth_Areas,J01000029,Crawley
E02006583,E07000226,Crawley,8b2r,Expanding Areas,Growth_Areas,J01000029,Crawley
E02006584,E07000226,Crawley,8b2r,Expanding Areas,Growth_Areas,J01000029,Crawley
E02006585,E07000226,Crawley,8b2r,Expanding Areas,Growth_Areas,J01000029,Crawley
E02006586,E07000226,Crawley,8b2r,Expanding Areas,Growth_Areas,J01000029,Crawley
E02006587,E07000226,Crawley,8b2r,Expanding Areas,Growth_Areas,J01000029,Crawley
E02006588,E07000227,Horsham,1b2r,Rural Growth Areas,Growth_Areas,NA,NA
E02006589,E07000227,Horsham,1b2r,Rural Growth Areas,Growth_Areas,NA,NA
E02006590,E07000227,Horsham,1b2r,Rural Growth Areas,Growth_Areas,NA,NA
E02006591,E07000227,Horsham,1b2r,Rural Growth Areas,Growth_Areas,NA,NA
E02006592,E07000227,Horsham,1b2r,Rural Growth Areas,Growth_Areas,NA,NA
E02006593,E07000227,Horsham,1b2r,Rural Growth Areas,Growth_Areas,NA,NA
E02006594,E07000227,Horsham,1b2r,Rural Growth Areas,Growth_Areas,NA,NA
E02006595,E07000227,Horsham,1b2r,Rural Growth Areas,Growth_Areas,NA,NA
E02006596,E07000227,Horsham,1b2r,Rural Growth Areas,Growth_Areas,NA,NA
E02006597,E07000227,Horsham,1b2r,Rural Growth Areas,Growth_Areas,NA,NA
E02006598,E07000227,Horsham,1b2r,Rural Growth Areas,Growth_Areas,NA,NA
E02006599,E07000227,Horsham,1b2r,Rural Growth Areas,Growth_Areas,NA,NA
E02006600,E07000227,Horsham,1b2r,Rural Growth Areas,Growth_Areas,NA,NA
E02006601,E07000227,Horsham,1b2r,Rural Growth Areas,Growth_Areas,NA,NA
E02006602,E07000227,Horsham,1b2r,Rural Growth Areas,Growth_Areas,NA,NA
E02006603,E07000227,Horsham,1b2r,Rural Growth Areas,Growth_Areas,NA,NA
E02006604,E07000228,Mid Sussex,1b2r,Rural Growth Areas,Growth_Areas,NA,NA
E02006605,E07000228,Mid Sussex,1b2r,Rural Growth Areas,Growth_Areas,NA,NA
E02006606,E07000228,Mid Sussex,1b2r,Rural Growth Areas,Growth_Areas,NA,NA
E02006607,E07000228,Mid Sussex,1b2r,Rural Growth Areas,Growth_Areas,NA,NA
E02006608,E07000228,Mid Sussex,1b2r,Rural Growth Areas,Growth_Areas,NA,NA
E02006609,E07000228,Mid Sussex,1b2r,Rural Growth Areas,Growth_Areas,NA,NA
E02006610,E07000228,Mid Sussex,1b2r,Rural Growth Areas,Growth_Areas,NA,NA
E02006611,E07000228,Mid Sussex,1b2r,Rural Growth Areas,Growth_Areas,NA,NA
E02006612,E07000228,Mid Sussex,1b2r,Rural Growth Areas,Growth_Areas,NA,NA
E02006613,E07000228,Mid Sussex,1b2r,Rural Growth Areas,Growth_Areas,NA,NA
E02006614,E07000228,Mid Sussex,1b2r,Rural Growth Areas,Growth_Areas,NA,NA
E02006615,E07000228,Mid Sussex,1b2r,Rural Growth Areas,Growth_Areas,NA,NA
E02006616,E07000228,Mid Sussex,1b2r,Rural Growth Areas,Growth_Areas,NA,NA
E02006617,E07000228,Mid Sussex,1b2r,Rural Growth Areas,Growth_Areas,NA,NA
E02006618,E07000228,Mid Sussex,1b2r,Rural Growth Areas,Growth_Areas,NA,NA
E02006619,E07000228,Mid Sussex,1b2r,Rural Growth Areas,Growth_Areas,NA,NA
E02006620,E07000228,Mid Sussex,1b2r,Rural Growth Areas,Growth_Areas,NA,NA
E02006621,E07000229,Worthing,8a2r,Urban Living,Urban_Non_London,J01000111,Worthing
E02006622,E07000229,Worthing,8a2r,Urban Living,Urban_Non_London,J01000111,Worthing
E02006623,E07000229,Worthing,8a2r,Urban Living,Urban_Non_London,J01000111,Worthing
E02006624,E07000229,Worthing,8a2r,Urban Living,Urban_Non_London,J01000111,Worthing
E02006625,E07000229,Worthing,8a2r,Urban Living,Urban_Non_London,J01000111,Worthing
E02006626,E07000229,Worthing,8a2r,Urban Living,Urban_Non_London,J01000111,Worthing
E02006627,E07000229,Worthing,8a2r,Urban Living,Urban_Non_London,J01000111,Worthing
E02006628,E07000229,Worthing,8a2r,Urban Living,Urban_Non_London,J01000111,Worthing
E02006629,E07000229,Worthing,8a2r,Urban Living,Urban_Non_London,J01000111,Worthing
E02006630,E07000229,Worthing,8a2r,Urban Living,Urban_Non_London,J01000111,Worthing
E02006631,E07000229,Worthing,8a2r,Urban Living,Urban_Non_London,J01000111,Worthing
E02006632,E07000229,Worthing,8a2r,Urban Living,Urban_Non_London,J01000111,Worthing
E02006633,E07000229,Worthing,8a2r,Urban Living,Urban_Non_London,J01000111,Worthing
E02006634,E06000054,Wiltshire,7a1r,Country Living,Countryside,NA,NA
E02006635,E06000054,Wiltshire,7a1r,Country Living,Countryside,NA,NA
E02006636,E06000054,Wiltshire,7a1r,Country Living,Countryside,NA,NA
E02006637,E06000054,Wiltshire,7a1r,Country Living,Countryside,NA,NA
E02006638,E06000054,Wiltshire,7a1r,Country Living,Countryside,NA,NA
E02006639,E06000054,Wiltshire,7a1r,Country Living,Countryside,NA,NA
E02006640,E06000054,Wiltshire,7a1r,Country Living,Countryside,NA,NA
E02006641,E06000054,Wiltshire,7a1r,Country Living,Countryside,NA,NA
E02006642,E06000054,Wiltshire,7a1r,Country Living,Countryside,NA,NA
E02006643,E06000054,Wiltshire,7a1r,Country Living,Countryside,NA,NA
E02006644,E06000054,Wiltshire,7a1r,Country Living,Countryside,NA,NA
E02006645,E06000054,Wiltshire,7a1r,Country Living,Countryside,NA,NA
E02006646,E06000054,Wiltshire,7a1r,Country Living,Countryside,NA,NA
E02006647,E06000054,Wiltshire,7a1r,Country Living,Countryside,NA,NA
E02006648,E06000054,Wiltshire,7a1r,Country Living,Countryside,NA,NA
E02006649,E06000054,Wiltshire,7a1r,Country Living,Countryside,NA,NA
E02006650,E06000054,Wiltshire,7a1r,Country Living,Countryside,NA,NA
E02006651,E06000054,Wiltshire,7a1r,Country Living,Countryside,NA,NA
E02006652,E06000054,Wiltshire,7a1r,Country Living,Countryside,NA,NA
E02006653,E06000054,Wiltshire,7a1r,Country Living,Countryside,NA,NA
E02006654,E06000054,Wiltshire,7a1r,Country Living,Countryside,NA,NA
E02006655,E06000054,Wiltshire,7a1r,Country Living,Countryside,NA,NA
E02006656,E06000054,Wiltshire,7a1r,Country Living,Countryside,NA,NA
E02006657,E06000054,Wiltshire,7a1r,Country Living,Countryside,NA,NA
E02006658,E06000054,Wiltshire,7a1r,Country Living,Countryside,NA,NA
E02006659,E06000054,Wiltshire,7a1r,Country Living,Countryside,NA,NA
E02006660,E06000054,Wiltshire,7a1r,Country Living,Countryside,NA,NA
E02006661,E06000054,Wiltshire,7a1r,Country Living,Countryside,NA,NA
E02006662,E06000054,Wiltshire,7a1r,Country Living,Countryside,NA,NA
E02006663,E06000054,Wiltshire,7a1r,Country Living,Countryside,NA,NA
E02006664,E06000054,Wiltshire,7a1r,Country Living,Countryside,NA,NA
E02006665,E06000054,Wiltshire,7a1r,Country Living,Countryside,NA,NA
E02006666,E06000054,Wiltshire,7a1r,Country Living,Countryside,NA,NA
E02006667,E06000054,Wiltshire,7a1r,Country Living,Countryside,NA,NA
E02006668,E06000054,Wiltshire,7a1r,Country Living,Countryside,NA,NA
E02006669,E06000054,Wiltshire,7a1r,Country Living,Countryside,NA,NA
E02006670,E06000054,Wiltshire,7a1r,Country Living,Countryside,NA,NA
E02006671,E06000054,Wiltshire,7a1r,Country Living,Countryside,NA,NA
E02006672,E06000054,Wiltshire,7a1r,Country Living,Countryside,NA,NA
E02006673,E06000054,Wiltshire,7a1r,Country Living,Countryside,NA,NA
E02006674,E06000054,Wiltshire,7a1r,Country Living,Countryside,NA,NA
E02006675,E06000054,Wiltshire,7a1r,Country Living,Countryside,NA,NA
E02006676,E06000054,Wiltshire,7a1r,Country Living,Countryside,NA,NA
E02006677,E06000054,Wiltshire,7a1r,Country Living,Countryside,NA,NA
E02006678,E06000054,Wiltshire,7a1r,Country Living,Countryside,NA,NA
E02006679,E06000054,Wiltshire,7a1r,Country Living,Countryside,NA,NA
E02006680,E06000054,Wiltshire,7a1r,Country Living,Countryside,NA,NA
E02006681,E06000054,Wiltshire,7a1r,Country Living,Countryside,NA,NA
E02006682,E06000054,Wiltshire,7a1r,Country Living,Countryside,NA,NA
E02006683,E06000054,Wiltshire,7a1r,Country Living,Countryside,NA,NA
E02006684,E06000054,Wiltshire,7a1r,Country Living,Countryside,NA,NA
E02006685,E06000054,Wiltshire,7a1r,Country Living,Countryside,NA,NA
E02006686,E06000054,Wiltshire,7a1r,Country Living,Countryside,NA,NA
E02006687,E06000054,Wiltshire,7a1r,Country Living,Countryside,NA,NA
E02006688,E06000054,Wiltshire,7a1r,Country Living,Countryside,NA,NA
E02006689,E06000054,Wiltshire,7a1r,Country Living,Countryside,NA,NA
E02006690,E06000054,Wiltshire,7a1r,Country Living,Countryside,NA,NA
E02006691,E06000054,Wiltshire,7a1r,Country Living,Countryside,NA,NA
E02006692,E06000054,Wiltshire,7a1r,Country Living,Countryside,NA,NA
E02006693,E06000054,Wiltshire,7a1r,Country Living,Countryside,NA,NA
E02006694,E06000054,Wiltshire,7a1r,Country Living,Countryside,NA,NA
E02006695,E06000054,Wiltshire,7a1r,Country Living,Countryside,NA,NA
E02006696,E07000234,Bromsgrove,7c1r,Prosperous Semi-rural,Rural_Prosperous,NA,NA
E02006697,E07000234,Bromsgrove,7c1r,Prosperous Semi-rural,Rural_Prosperous,NA,NA
E02006698,E07000234,Bromsgrove,7c1r,Prosperous Semi-rural,Rural_Prosperous,J01000007,Birmingham
E02006699,E07000234,Bromsgrove,7c1r,Prosperous Semi-rural,Rural_Prosperous,J01000007,Birmingham
E02006700,E07000234,Bromsgrove,7c1r,Prosperous Semi-rural,Rural_Prosperous,J01000007,Birmingham
E02006701,E07000234,Bromsgrove,7c1r,Prosperous Semi-rural,Rural_Prosperous,NA,NA
E02006702,E07000234,Bromsgrove,7c1r,Prosperous Semi-rural,Rural_Prosperous,NA,NA
E02006703,E07000234,Bromsgrove,7c1r,Prosperous Semi-rural,Rural_Prosperous,NA,NA
E02006704,E07000234,Bromsgrove,7c1r,Prosperous Semi-rural,Rural_Prosperous,NA,NA
E02006705,E07000234,Bromsgrove,7c1r,Prosperous Semi-rural,Rural_Prosperous,NA,NA
E02006706,E07000234,Bromsgrove,7c1r,Prosperous Semi-rural,Rural_Prosperous,NA,NA
E02006707,E07000234,Bromsgrove,7c1r,Prosperous Semi-rural,Rural_Prosperous,NA,NA
E02006708,E07000234,Bromsgrove,7c1r,Prosperous Semi-rural,Rural_Prosperous,NA,NA
E02006709,E07000234,Bromsgrove,7c1r,Prosperous Semi-rural,Rural_Prosperous,NA,NA
E02006710,E07000235,Malvern Hills,3a1r,Older Farming Communities,Countryside,NA,NA
E02006711,E07000235,Malvern Hills,3a1r,Older Farming Communities,Countryside,NA,NA
E02006712,E07000235,Malvern Hills,3a1r,Older Farming Communities,Countryside,NA,NA
E02006713,E07000235,Malvern Hills,3a1r,Older Farming Communities,Countryside,NA,NA
E02006714,E07000235,Malvern Hills,3a1r,Older Farming Communities,Countryside,NA,NA
E02006715,E07000235,Malvern Hills,3a1r,Older Farming Communities,Countryside,NA,NA
E02006716,E07000235,Malvern Hills,3a1r,Older Farming Communities,Countryside,NA,NA
E02006717,E07000235,Malvern Hills,3a1r,Older Farming Communities,Countryside,NA,NA
E02006718,E07000235,Malvern Hills,3a1r,Older Farming Communities,Countryside,NA,NA
E02006719,E07000235,Malvern Hills,3a1r,Older Farming Communities,Countryside,NA,NA
E02006720,E07000235,Malvern Hills,3a1r,Older Farming Communities,Countryside,NA,NA
E02006721,E07000236,Redditch,8a2r,Urban Living,Urban_Non_London,J01000077,Redditch
E02006722,E07000236,Redditch,8a2r,Urban Living,Urban_Non_London,J01000077,Redditch
E02006723,E07000236,Redditch,8a2r,Urban Living,Urban_Non_London,J01000077,Redditch
E02006724,E07000236,Redditch,8a2r,Urban Living,Urban_Non_London,J01000077,Redditch
E02006725,E07000236,Redditch,8a2r,Urban Living,Urban_Non_London,J01000077,Redditch
E02006726,E07000236,Redditch,8a2r,Urban Living,Urban_Non_London,J01000077,Redditch
E02006727,E07000236,Redditch,8a2r,Urban Living,Urban_Non_London,J01000077,Redditch
E02006728,E07000236,Redditch,8a2r,Urban Living,Urban_Non_London,J01000077,Redditch
E02006729,E07000236,Redditch,8a2r,Urban Living,Urban_Non_London,J01000077,Redditch
E02006730,E07000236,Redditch,8a2r,Urban Living,Urban_Non_London,J01000077,Redditch
E02006731,E07000236,Redditch,8a2r,Urban Living,Urban_Non_London,J01000077,Redditch
E02006732,E07000236,Redditch,8a2r,Urban Living,Urban_Non_London,J01000077,Redditch
E02006733,E07000236,Redditch,8a2r,Urban Living,Urban_Non_London,NA,NA
E02006734,E07000237,Worcester,8a2r,Urban Living,Urban_Non_London,J01000110,Worcester
E02006735,E07000237,Worcester,8a2r,Urban Living,Urban_Non_London,J01000110,Worcester
E02006736,E07000237,Worcester,8a2r,Urban Living,Urban_Non_London,J01000110,Worcester
E02006737,E07000237,Worcester,8a2r,Urban Living,Urban_Non_London,J01000110,Worcester
E02006738,E07000237,Worcester,8a2r,Urban Living,Urban_Non_London,J01000110,Worcester
E02006739,E07000237,Worcester,8a2r,Urban Living,Urban_Non_London,J01000110,Worcester
E02006740,E07000237,Worcester,8a2r,Urban Living,Urban_Non_London,J01000110,Worcester
E02006741,E07000237,Worcester,8a2r,Urban Living,Urban_Non_London,J01000110,Worcester
E02006742,E07000237,Worcester,8a2r,Urban Living,Urban_Non_London,J01000110,Worcester
E02006743,E07000237,Worcester,8a2r,Urban Living,Urban_Non_London,J01000110,Worcester
E02006744,E07000237,Worcester,8a2r,Urban Living,Urban_Non_London,J01000110,Worcester
E02006745,E07000237,Worcester,8a2r,Urban Living,Urban_Non_London,J01000110,Worcester
E02006746,E07000237,Worcester,8a2r,Urban Living,Urban_Non_London,J01000110,Worcester
E02006747,E07000237,Worcester,8a2r,Urban Living,Urban_Non_London,J01000110,Worcester
E02006748,E07000238,Wychavon,7a1r,Country Living,Countryside,NA,NA
E02006749,E07000238,Wychavon,7a1r,Country Living,Countryside,NA,NA
E02006750,E07000238,Wychavon,7a1r,Country Living,Countryside,NA,NA
E02006751,E07000238,Wychavon,7a1r,Country Living,Countryside,NA,NA
E02006752,E07000238,Wychavon,7a1r,Country Living,Countryside,NA,NA
E02006753,E07000238,Wychavon,7a1r,Country Living,Countryside,NA,NA
E02006754,E07000238,Wychavon,7a1r,Country Living,Countryside,NA,NA
E02006755,E07000238,Wychavon,7a1r,Country Living,Countryside,NA,NA
E02006756,E07000238,Wychavon,7a1r,Country Living,Countryside,NA,NA
E02006757,E07000238,Wychavon,7a1r,Country Living,Countryside,NA,NA
E02006758,E07000238,Wychavon,7a1r,Country Living,Countryside,NA,NA
E02006759,E07000238,Wychavon,7a1r,Country Living,Countryside,NA,NA
E02006760,E07000238,Wychavon,7a1r,Country Living,Countryside,NA,NA
E02006761,E07000238,Wychavon,7a1r,Country Living,Countryside,NA,NA
E02006762,E07000238,Wychavon,7a1r,Country Living,Countryside,NA,NA
E02006763,E07000238,Wychavon,7a1r,Country Living,Countryside,NA,NA
E02006764,E07000238,Wychavon,7a1r,Country Living,Countryside,NA,NA
E02006765,E07000238,Wychavon,7a1r,Country Living,Countryside,NA,NA
E02006766,E07000238,Wychavon,7a1r,Country Living,Countryside,NA,NA
E02006767,E07000239,Wyre Forest,7a1r,Country Living,Countryside,NA,NA
E02006768,E07000239,Wyre Forest,7a1r,Country Living,Countryside,NA,NA
E02006769,E07000239,Wyre Forest,7a1r,Country Living,Countryside,NA,NA
E02006770,E07000239,Wyre Forest,7a1r,Country Living,Countryside,NA,NA
E02006771,E07000239,Wyre Forest,7a1r,Country Living,Countryside,NA,NA
E02006772,E07000239,Wyre Forest,7a1r,Country Living,Countryside,NA,NA
E02006773,E07000239,Wyre Forest,7a1r,Country Living,Countryside,NA,NA
E02006774,E07000239,Wyre Forest,7a1r,Country Living,Countryside,NA,NA
E02006775,E07000239,Wyre Forest,7a1r,Country Living,Countryside,NA,NA
E02006776,E07000239,Wyre Forest,7a1r,Country Living,Countryside,NA,NA
E02006777,E07000239,Wyre Forest,7a1r,Country Living,Countryside,NA,NA
E02006778,E07000239,Wyre Forest,7a1r,Country Living,Countryside,NA,NA
E02006779,E07000239,Wyre Forest,7a1r,Country Living,Countryside,NA,NA
E02006780,E07000239,Wyre Forest,7a1r,Country Living,Countryside,NA,NA
E02006781,E06000053,Isles of Scilly,3b1r,Ageing Coastal Living,Seaside,NA,NA
E02006782,E09000006,Bromley,1a1r,Rural-Urban Fringe,Rural_Prosperous,J01000055,London
E02006783,E09000023,Lewisham,4a1r,Ethnically Diverse Metropolitan  Living,Urban_Non_London,J01000055,London
E02006784,E09000023,Lewisham,4a1r,Ethnically Diverse Metropolitan  Living,Urban_Non_London,J01000055,London
E02006785,E09000004,Bexley,8b1r,City Periphery,Urban_Non_London,J01000055,London
E02006786,E09000011,Greenwich,4a1r,Ethnically Diverse Metropolitan  Living,Urban_Non_London,J01000055,London
E02006787,E09000006,Bromley,1a1r,Rural-Urban Fringe,Rural_Prosperous,J01000055,London
E02006788,E09000008,Croydon,4a1r,Ethnically Diverse Metropolitan  Living,Urban_Non_London,J01000055,London
E02006789,E09000006,Bromley,1a1r,Rural-Urban Fringe,Rural_Prosperous,J01000055,London
E02006790,E07000215,Tandridge,1b2r,Rural Growth Areas,Growth_Areas,NA,NA
E02006791,E09000009,Ealing,4a1r,Ethnically Diverse Metropolitan  Living,Urban_Non_London,J01000055,London
E02006792,E09000018,Hounslow,4a1r,Ethnically Diverse Metropolitan  Living,Urban_Non_London,J01000055,London
E02006793,E09000010,Enfield,4a1r,Ethnically Diverse Metropolitan  Living,Urban_Non_London,J01000055,London
E02006794,E09000014,Haringey,5a1r,London Cosmopolitan,London_Cosmopolitan,J01000055,London
E02006795,E09000015,Harrow,4a1r,Ethnically Diverse Metropolitan  Living,Urban_Non_London,J01000055,London
E02006796,E09000017,Hillingdon,4a1r,Ethnically Diverse Metropolitan  Living,Urban_Non_London,J01000055,London
E02006798,E09000023,Lewisham,4a1r,Ethnically Diverse Metropolitan  Living,Urban_Non_London,J01000055,London
E02006799,E09000002,Barking and Dagenham,4a1r,Ethnically Diverse Metropolitan  Living,Urban_Non_London,J01000055,London
E02006800,E09000026,Redbridge,4a1r,Ethnically Diverse Metropolitan  Living,Urban_Non_London,J01000055,London
E02006801,E09000022,Lambeth,5a1r,London Cosmopolitan,London_Cosmopolitan,J01000055,London
E02006802,E09000028,Southwark,5a1r,London Cosmopolitan,London_Cosmopolitan,J01000055,London
E02006803,E08000019,Sheffield,2a1r,Larger Towns and Cities,Urban_Non_London,J01000082,Sheffield
E02006804,E07000038,North East Derbyshire,7c1r,Prosperous Semi-rural,Rural_Prosperous,NA,NA
E02006805,E08000026,Coventry,2a1r,Larger Towns and Cities,Urban_Non_London,J01000028,Coventry
E02006806,E07000219,Nuneaton and Bedworth,8a2r,Urban Living,Urban_Non_London,J01000028,Coventry
E02006807,E08000025,Birmingham,4a1r,Ethnically Diverse Metropolitan  Living,Urban_Non_London,J01000007,Birmingham
E02006808,E08000029,Solihull,7c2r,Prosperous Towns,Rural_Prosperous,J01000085,Solihull
E02006809,E08000025,Birmingham,4a1r,Ethnically Diverse Metropolitan  Living,Urban_Non_London,J01000007,Birmingham
E02006810,E08000028,Sandwell,8a1r,Industrial and Multi-ethnic,Post_Industrial,J01000105,West Bromwich
E02006811,E06000002,Middlesbrough,8a1r,Industrial and Multi-ethnic,Post_Industrial,J01000060,Middlesbrough
E02006812,E06000003,Redcar and Cleveland,6a2r,Mining Legacy,Post_Industrial,J01000060,Middlesbrough
E02006813,E06000010,"Kingston upon Hull, City of",8a1r,Industrial and Multi-ethnic,Post_Industrial,J01000050,Kingston upon Hull
E02006814,E06000011,East Riding of Yorkshire,3a2r,Sparse English and Welsh Countryside,Countryside,J01000050,Kingston upon Hull
E02006815,E06000016,Leicester,4a1r,Ethnically Diverse Metropolitan  Living,Urban_Non_London,J01000052,Leicester
E02006816,E07000131,Harborough,7a1r,Country Living,Countryside,J01000052,Leicester
E02006817,E06000016,Leicester,4a1r,Ethnically Diverse Metropolitan  Living,Urban_Non_London,J01000052,Leicester
E02006818,E07000135,Oadby and Wigston,7c2r,Prosperous Towns,Rural_Prosperous,NA,NA
E02006819,E06000016,Leicester,4a1r,Ethnically Diverse Metropolitan  Living,Urban_Non_London,J01000052,Leicester
E02006820,E07000129,Blaby,7c2r,Prosperous Towns,Rural_Prosperous,J01000052,Leicester
E02006821,E06000044,Portsmouth,2a1r,Larger Towns and Cities,Urban_Non_London,J01000074,Portsmouth
E02006822,E07000090,Havant,6a1r,Manufacturing Legacy,Post_Industrial,NA,NA
E02006823,E07000005,Chiltern,1b1r,Affluent rural,Rural_Prosperous,NA,NA
E02006824,E07000007,Wycombe,1a1r,Rural-Urban Fringe,Rural_Prosperous,J01000047,High Wycombe
E02006825,E07000009,East Cambridgeshire,7a1r,Country Living,Countryside,NA,NA
E02006826,E07000201,Forest Heath,1a1r,Rural-Urban Fringe,Rural_Prosperous,NA,NA
E02006827,E07000032,Amber Valley,7a1r,Country Living,Countryside,NA,NA
E02006828,E07000036,Erewash,7a1r,Country Living,Countryside,NA,NA
E02006829,E07000085,East Hampshire,1b1r,Affluent rural,Rural_Prosperous,NA,NA
E02006830,E07000090,Havant,6a1r,Manufacturing Legacy,Post_Industrial,NA,NA
E02006831,E07000090,Havant,6a1r,Manufacturing Legacy,Post_Industrial,NA,NA
E02006832,E07000111,Sevenoaks,1b2r,Rural Growth Areas,Growth_Areas,NA,NA
E02006833,E07000115,Tonbridge and Malling,1b2r,Rural Growth Areas,Growth_Areas,NA,NA
E02006834,E06000018,Nottingham,2b1r,University Towns and Cities,University_Towns,J01000067,Nottingham
E02006835,E07000173,Gedling,7c2r,Prosperous Towns,Rural_Prosperous,J01000067,Nottingham
E02006836,E09000029,Sutton,8b1r,City Periphery,Urban_Non_London,J01000055,London
E02006837,E07000208,Epsom and Ewell,1a1r,Rural-Urban Fringe,Rural_Prosperous,NA,NA
E02006838,E07000085,East Hampshire,1b1r,Affluent rural,Rural_Prosperous,NA,NA
E02006839,E07000216,Waverley,1b1r,Affluent rural,Rural_Prosperous,NA,NA
E02006840,E06000027,Torbay,3b2r,Seaside Living,Seaside,NA,NA
E02006841,E08000037,Gateshead,6a3r,Service Economy,Post_Industrial,J01000036,Gateshead
E02006842,E08000037,Gateshead,6a3r,Service Economy,Post_Industrial,J01000036,Gateshead
E02006843,E08000019,Sheffield,2a1r,Larger Towns and Cities,Urban_Non_London,J01000082,Sheffield
E02006844,E08000019,Sheffield,2a1r,Larger Towns and Cities,Urban_Non_London,J01000082,Sheffield
E02006845,E06000024,North Somerset,3a2r,Sparse English and Welsh Countryside,Countryside,NA,NA
E02006846,E06000024,North Somerset,3a2r,Sparse English and Welsh Countryside,Countryside,J01000106,Weston-Super-Mare
E02006847,E06000030,Swindon,8b2r,Expanding Areas,Growth_Areas,J01000099,Swindon
E02006848,E06000030,Swindon,8b2r,Expanding Areas,Growth_Areas,J01000099,Swindon
E02006849,E06000030,Swindon,8b2r,Expanding Areas,Growth_Areas,J01000099,Swindon
E02006850,E06000016,Leicester,4a1r,Ethnically Diverse Metropolitan  Living,Urban_Non_London,J01000052,Leicester
E02006851,E06000016,Leicester,4a1r,Ethnically Diverse Metropolitan  Living,Urban_Non_London,J01000052,Leicester
E02006852,E08000035,Leeds,2a1r,Larger Towns and Cities,Urban_Non_London,J01000051,Leeds
E02006853,E09000030,Tower Hamlets,5a1r,London Cosmopolitan,London_Cosmopolitan,J01000055,London
E02006854,E09000030,Tower Hamlets,5a1r,London Cosmopolitan,London_Cosmopolitan,J01000055,London
E02006855,E07000106,Canterbury,2a1r,Larger Towns and Cities,Urban_Non_London,NA,NA
E02006856,E07000106,Canterbury,2a1r,Larger Towns and Cities,Urban_Non_London,NA,NA
E02006857,E07000061,Eastbourne,2a1r,Larger Towns and Cities,Urban_Non_London,J01000034,Eastbourne
E02006858,E07000061,Eastbourne,2a1r,Larger Towns and Cities,Urban_Non_London,J01000034,Eastbourne
E02006859,E06000034,Thurrock,8b1r,City Periphery,Urban_Non_London,NA,NA
E02006860,E08000004,Oldham,8a1r,Industrial and Multi-ethnic,Post_Industrial,J01000069,Oldham
E02006861,E08000035,Leeds,2a1r,Larger Towns and Cities,Urban_Non_London,J01000051,Leeds
E02006862,E07000150,Corby,8b2r,Expanding Areas,Growth_Areas,NA,NA
E02006863,E07000150,Corby,8b2r,Expanding Areas,Growth_Areas,NA,NA
E02006864,E07000136,Boston,8a2r,Urban Living,Urban_Non_London,NA,NA
E02006865,E07000136,Boston,8a2r,Urban Living,Urban_Non_London,NA,NA
E02006866,E07000139,North Kesteven,3a2r,Sparse English and Welsh Countryside,Countryside,NA,NA
E02006867,E07000139,North Kesteven,3a2r,Sparse English and Welsh Countryside,Countryside,NA,NA
E02006868,E08000019,Sheffield,2a1r,Larger Towns and Cities,Urban_Non_London,J01000082,Sheffield
E02006869,E08000019,Sheffield,2a1r,Larger Towns and Cities,Urban_Non_London,J01000082,Sheffield
E02006870,E07000167,Ryedale,3a1r,Older Farming Communities,Countryside,NA,NA
E02006871,E07000121,Lancaster,2a1r,Larger Towns and Cities,Urban_Non_London,NA,NA
E02006872,E07000037,High Peak,7c2r,Prosperous Towns,Rural_Prosperous,NA,NA
E02006873,E07000012,South Cambridgeshire,1b1r,Affluent rural,Rural_Prosperous,NA,NA
E02006874,E07000012,South Cambridgeshire,1b1r,Affluent rural,Rural_Prosperous,NA,NA
E02006875,E08000035,Leeds,2a1r,Larger Towns and Cities,Urban_Non_London,J01000051,Leeds
E02006876,E08000035,Leeds,2a1r,Larger Towns and Cities,Urban_Non_London,J01000051,Leeds
E02006877,E06000031,Peterborough,8b2r,Expanding Areas,Growth_Areas,J01000071,Peterborough
E02006878,E06000031,Peterborough,8b2r,Expanding Areas,Growth_Areas,J01000071,Peterborough
E02006879,E07000112,Shepway,3b2r,Seaside Living,Seaside,NA,NA
E02006880,E07000112,Shepway,3b2r,Seaside Living,Seaside,NA,NA
E02006881,E07000117,Burnley,8a2r,Urban Living,Urban_Non_London,J01000016,Burnley
E02006882,E09000015,Harrow,4a1r,Ethnically Diverse Metropolitan  Living,Urban_Non_London,J01000055,London
E02006883,E06000028,Bournemouth,2a1r,Larger Towns and Cities,Urban_Non_London,J01000011,Bournemouth
E02006884,E07000125,Rossendale,6a1r,Manufacturing Legacy,Post_Industrial,NA,NA
E02006885,E06000028,Bournemouth,2a1r,Larger Towns and Cities,Urban_Non_London,J01000011,Bournemouth
E02006886,E07000180,Vale of White Horse,1b1r,Affluent rural,Rural_Prosperous,NA,NA
E02006887,E06000023,"Bristol, City of",2a1r,Larger Towns and Cities,Urban_Non_London,J01000015,Bristol
E02006888,E06000023,"Bristol, City of",2a1r,Larger Towns and Cities,Urban_Non_London,J01000015,Bristol
E02006889,E06000023,"Bristol, City of",2a1r,Larger Towns and Cities,Urban_Non_London,J01000015,Bristol
E02006890,E06000023,"Bristol, City of",2a1r,Larger Towns and Cities,Urban_Non_London,J01000015,Bristol
E02006891,E06000011,East Riding of Yorkshire,3a2r,Sparse English and Welsh Countryside,Countryside,NA,NA
E02006892,E06000011,East Riding of Yorkshire,3a2r,Sparse English and Welsh Countryside,Countryside,NA,NA
E02006893,E08000021,Newcastle upon Tyne,2a1r,Larger Towns and Cities,Urban_Non_London,J01000062,Newcastle upon Tyne
E02006894,E08000031,Wolverhampton,8a1r,Industrial and Multi-ethnic,Post_Industrial,J01000109,Wolverhampton
E02006895,E08000025,Birmingham,4a1r,Ethnically Diverse Metropolitan  Living,Urban_Non_London,J01000007,Birmingham
E02006896,E08000025,Birmingham,4a1r,Ethnically Diverse Metropolitan  Living,Urban_Non_London,J01000007,Birmingham
E02006897,E08000025,Birmingham,4a1r,Ethnically Diverse Metropolitan  Living,Urban_Non_London,J01000007,Birmingham
E02006898,E08000025,Birmingham,4a1r,Ethnically Diverse Metropolitan  Living,Urban_Non_London,J01000007,Birmingham
E02006899,E08000025,Birmingham,4a1r,Ethnically Diverse Metropolitan  Living,Urban_Non_London,J01000007,Birmingham
E02006900,E08000025,Birmingham,4a1r,Ethnically Diverse Metropolitan  Living,Urban_Non_London,J01000007,Birmingham
E02006901,E08000025,Birmingham,4a1r,Ethnically Diverse Metropolitan  Living,Urban_Non_London,J01000007,Birmingham
E02006902,E08000003,Manchester,2b1r,University Towns and Cities,University_Towns,J01000058,Manchester
E02006903,E07000171,Bassetlaw,7a1r,Country Living,Countryside,NA,NA
E02006904,E06000018,Nottingham,2b1r,University Towns and Cities,University_Towns,J01000067,Nottingham
E02006905,E06000018,Nottingham,2b1r,University Towns and Cities,University_Towns,J01000067,Nottingham
E02006906,E07000172,Broxtowe,7c2r,Prosperous Towns,Rural_Prosperous,NA,NA
E02006907,E07000148,Norwich,2a1r,Larger Towns and Cities,Urban_Non_London,J01000066,Norwich
E02006908,E07000148,Norwich,2a1r,Larger Towns and Cities,Urban_Non_London,J01000066,Norwich
E02006909,E06000001,Hartlepool,6a2r,Mining Legacy,Post_Industrial,J01000044,Hartlepool
E02006910,E06000003,Redcar and Cleveland,6a2r,Mining Legacy,Post_Industrial,J01000060,Middlesbrough
E02006911,E07000135,Oadby and Wigston,7c2r,Prosperous Towns,Rural_Prosperous,NA,NA
E02006912,E08000003,Manchester,2b1r,University Towns and Cities,University_Towns,J01000058,Manchester
E02006913,E08000003,Manchester,2b1r,University Towns and Cities,University_Towns,J01000058,Manchester
E02006914,E08000003,Manchester,2b1r,University Towns and Cities,University_Towns,J01000058,Manchester
E02006915,E08000003,Manchester,2b1r,University Towns and Cities,University_Towns,J01000058,Manchester
E02006916,E08000003,Manchester,2b1r,University Towns and Cities,University_Towns,J01000058,Manchester
E02006917,E08000003,Manchester,2b1r,University Towns and Cities,University_Towns,J01000058,Manchester
E02006918,E09000012,Hackney,5a1r,London Cosmopolitan,London_Cosmopolitan,J01000055,London
E02006919,E07000039,South Derbyshire,7a1r,Country Living,Countryside,NA,NA
E02006920,E07000039,South Derbyshire,7a1r,Country Living,Countryside,NA,NA
E02006921,E09000012,Hackney,5a1r,London Cosmopolitan,London_Cosmopolitan,J01000055,London
E02006922,E07000071,Colchester,1b2r,Rural Growth Areas,Growth_Areas,J01000027,Colchester
E02006924,E09000026,Redbridge,4a1r,Ethnically Diverse Metropolitan  Living,Urban_Non_London,J01000055,London
E02006925,E09000026,Redbridge,4a1r,Ethnically Diverse Metropolitan  Living,Urban_Non_London,J01000055,London
E02006926,E06000034,Thurrock,8b1r,City Periphery,Urban_Non_London,NA,NA
E02006927,E09000011,Greenwich,4a1r,Ethnically Diverse Metropolitan  Living,Urban_Non_London,J01000055,London
E02006928,E09000011,Greenwich,4a1r,Ethnically Diverse Metropolitan  Living,Urban_Non_London,J01000055,London
E02006929,E09000011,Greenwich,4a1r,Ethnically Diverse Metropolitan  Living,Urban_Non_London,J01000055,London
E02006930,E09000011,Greenwich,4a1r,Ethnically Diverse Metropolitan  Living,Urban_Non_London,J01000055,London
E02006931,E09000011,Greenwich,4a1r,Ethnically Diverse Metropolitan  Living,Urban_Non_London,J01000055,London
E02006932,E08000012,Liverpool,2a1r,Larger Towns and Cities,Urban_Non_London,J01000054,Liverpool
E02006933,E08000012,Liverpool,2a1r,Larger Towns and Cities,Urban_Non_London,J01000054,Liverpool
E02006934,E08000012,Liverpool,2a1r,Larger Towns and Cities,Urban_Non_London,J01000054,Liverpool