LAD23CD,mean_gdp_per_capita,mean_gdp_per_capita_usd,gdp_per_capita_usd_grp,MSOA11CD,gdp_grp
E06000001,18661.8,23814.32298,"<25,000",E02002488,Less_Than_25
E06000001,18661.8,23814.32298,"<25,000",E02002487,Less_Than_25
E06000001,18661.8,23814.32298,"<25,000",E02002490,Less_Than_25
E06000001,18661.8,23814.32298,"<25,000",E02002483,Less_Than_25
E06000001,18661.8,23814.32298,"<25,000",E02002485,Less_Than_25
E06000001,18661.8,23814.32298,"<25,000",E02002489,Less_Than_25
E06000001,18661.8,23814.32298,"<25,000",E02006909,Less_Than_25
E06000001,18661.8,23814.32298,"<25,000",E02002492,Less_Than_25
E06000001,18661.8,23814.32298,"<25,000",E02002484,Less_Than_25
E06000001,18661.8,23814.32298,"<25,000",E02002493,Less_Than_25
E06000001,18661.8,23814.32298,"<25,000",E02002491,Less_Than_25
E06000001,18661.8,23814.32298,"<25,000",E02002494,Less_Than_25
E06000004,31210,39827.081,"25-50,000",E02002549,25_To_50
E06000004,31210,39827.081,"25-50,000",E02002547,25_To_50
E06000004,31210,39827.081,"25-50,000",E02002540,25_To_50
E06000004,31210,39827.081,"25-50,000",E02002543,25_To_50
E06000004,31210,39827.081,"25-50,000",E02002555,25_To_50
E06000004,31210,39827.081,"25-50,000",E02002556,25_To_50
E06000004,31210,39827.081,"25-50,000",E02002535,25_To_50
E06000004,31210,39827.081,"25-50,000",E02002545,25_To_50
E06000004,31210,39827.081,"25-50,000",E02002546,25_To_50
E06000004,31210,39827.081,"25-50,000",E02002536,25_To_50
E06000004,31210,39827.081,"25-50,000",E02002544,25_To_50
E06000004,31210,39827.081,"25-50,000",E02002538,25_To_50
E06000004,31210,39827.081,"25-50,000",E02002551,25_To_50
E06000004,31210,39827.081,"25-50,000",E02002554,25_To_50
E06000004,31210,39827.081,"25-50,000",E02002552,25_To_50
E06000004,31210,39827.081,"25-50,000",E02002537,25_To_50
E06000004,31210,39827.081,"25-50,000",E02002548,25_To_50
E06000004,31210,39827.081,"25-50,000",E02002557,25_To_50
E06000004,31210,39827.081,"25-50,000",E02002541,25_To_50
E06000004,31210,39827.081,"25-50,000",E02002550,25_To_50
E06000004,31210,39827.081,"25-50,000",E02002542,25_To_50
E06000004,31210,39827.081,"25-50,000",E02002553,25_To_50
E06000004,31210,39827.081,"25-50,000",E02002558,25_To_50
E06000004,31210,39827.081,"25-50,000",E02002539,25_To_50
E06000002,25350.2,32349.39022,"25-50,000",E02002503,25_To_50
E06000002,25350.2,32349.39022,"25-50,000",E02002504,25_To_50
E06000002,25350.2,32349.39022,"25-50,000",E02002514,25_To_50
E06000002,25350.2,32349.39022,"25-50,000",E02006811,25_To_50
E06000002,25350.2,32349.39022,"25-50,000",E02002502,25_To_50
E06000002,25350.2,32349.39022,"25-50,000",E02002506,25_To_50
E06000002,25350.2,32349.39022,"25-50,000",E02002510,25_To_50
E06000002,25350.2,32349.39022,"25-50,000",E02002501,25_To_50
E06000002,25350.2,32349.39022,"25-50,000",E02002513,25_To_50
E06000002,25350.2,32349.39022,"25-50,000",E02002498,25_To_50
E06000002,25350.2,32349.39022,"25-50,000",E02002496,25_To_50
E06000002,25350.2,32349.39022,"25-50,000",E02002499,25_To_50
E06000002,25350.2,32349.39022,"25-50,000",E02002509,25_To_50
E06000002,25350.2,32349.39022,"25-50,000",E02002512,25_To_50
E06000002,25350.2,32349.39022,"25-50,000",E02002500,25_To_50
E06000002,25350.2,32349.39022,"25-50,000",E02002497,25_To_50
E06000002,25350.2,32349.39022,"25-50,000",E02002505,25_To_50
E06000002,25350.2,32349.39022,"25-50,000",E02002507,25_To_50
E06000002,25350.2,32349.39022,"25-50,000",E02002508,25_To_50
E06000003,17092.6,21811.86686,"<25,000",E02002532,Less_Than_25
E06000003,17092.6,21811.86686,"<25,000",E02002519,Less_Than_25
E06000003,17092.6,21811.86686,"<25,000",E02002521,Less_Than_25
E06000003,17092.6,21811.86686,"<25,000",E02002526,Less_Than_25
E06000003,17092.6,21811.86686,"<25,000",E02002525,Less_Than_25
E06000003,17092.6,21811.86686,"<25,000",E02002520,Less_Than_25
E06000003,17092.6,21811.86686,"<25,000",E02002518,Less_Than_25
E06000003,17092.6,21811.86686,"<25,000",E02006812,Less_Than_25
E06000003,17092.6,21811.86686,"<25,000",E02002516,Less_Than_25
E06000003,17092.6,21811.86686,"<25,000",E02002529,Less_Than_25
E06000003,17092.6,21811.86686,"<25,000",E02006910,Less_Than_25
E06000003,17092.6,21811.86686,"<25,000",E02002530,Less_Than_25
E06000003,17092.6,21811.86686,"<25,000",E02002517,Less_Than_25
E06000003,17092.6,21811.86686,"<25,000",E02002524,Less_Than_25
E06000003,17092.6,21811.86686,"<25,000",E02002527,Less_Than_25
E06000003,17092.6,21811.86686,"<25,000",E02002515,Less_Than_25
E06000003,17092.6,21811.86686,"<25,000",E02002534,Less_Than_25
E06000003,17092.6,21811.86686,"<25,000",E02002533,Less_Than_25
E06000003,17092.6,21811.86686,"<25,000",E02002523,Less_Than_25
E06000005,27191.8,34699.45598,"25-50,000",E02002563,25_To_50
E06000005,27191.8,34699.45598,"25-50,000",E02002561,25_To_50
E06000005,27191.8,34699.45598,"25-50,000",E02002569,25_To_50
E06000005,27191.8,34699.45598,"25-50,000",E02002573,25_To_50
E06000005,27191.8,34699.45598,"25-50,000",E02002559,25_To_50
E06000005,27191.8,34699.45598,"25-50,000",E02002570,25_To_50
E06000005,27191.8,34699.45598,"25-50,000",E02002567,25_To_50
E06000005,27191.8,34699.45598,"25-50,000",E02002568,25_To_50
E06000005,27191.8,34699.45598,"25-50,000",E02002562,25_To_50
E06000005,27191.8,34699.45598,"25-50,000",E02002566,25_To_50
E06000005,27191.8,34699.45598,"25-50,000",E02002572,25_To_50
E06000005,27191.8,34699.45598,"25-50,000",E02002565,25_To_50
E06000005,27191.8,34699.45598,"25-50,000",E02002564,25_To_50
E06000005,27191.8,34699.45598,"25-50,000",E02002571,25_To_50
E06000005,27191.8,34699.45598,"25-50,000",E02002560,25_To_50
E06000047,22387.8,28569.07158,"25-50,000",E02004296,25_To_50
E06000047,22387.8,28569.07158,"25-50,000",E02004302,25_To_50
E06000047,22387.8,28569.07158,"25-50,000",E02004305,25_To_50
E06000047,22387.8,28569.07158,"25-50,000",E02004303,25_To_50
E06000047,22387.8,28569.07158,"25-50,000",E02004301,25_To_50
E06000047,22387.8,28569.07158,"25-50,000",E02004304,25_To_50
E06000047,22387.8,28569.07158,"25-50,000",E02004297,25_To_50
E06000047,22387.8,28569.07158,"25-50,000",E02004299,25_To_50
E06000047,22387.8,28569.07158,"25-50,000",E02004310,25_To_50
E06000047,22387.8,28569.07158,"25-50,000",E02004317,25_To_50
E06000047,22387.8,28569.07158,"25-50,000",E02004313,25_To_50
E06000047,22387.8,28569.07158,"25-50,000",E02004316,25_To_50
E06000047,22387.8,28569.07158,"25-50,000",E02004309,25_To_50
E06000047,22387.8,28569.07158,"25-50,000",E02004311,25_To_50
E06000047,22387.8,28569.07158,"25-50,000",E02004328,25_To_50
E06000047,22387.8,28569.07158,"25-50,000",E02004329,25_To_50
E06000047,22387.8,28569.07158,"25-50,000",E02004325,25_To_50
E06000047,22387.8,28569.07158,"25-50,000",E02004324,25_To_50
E06000047,22387.8,28569.07158,"25-50,000",E02004326,25_To_50
E06000047,22387.8,28569.07158,"25-50,000",E02004327,25_To_50
E06000047,22387.8,28569.07158,"25-50,000",E02004321,25_To_50
E06000047,22387.8,28569.07158,"25-50,000",E02004320,25_To_50
E06000047,22387.8,28569.07158,"25-50,000",E02004331,25_To_50
E06000047,22387.8,28569.07158,"25-50,000",E02004340,25_To_50
E06000047,22387.8,28569.07158,"25-50,000",E02004338,25_To_50
E06000047,22387.8,28569.07158,"25-50,000",E02004335,25_To_50
E06000047,22387.8,28569.07158,"25-50,000",E02004334,25_To_50
E06000047,22387.8,28569.07158,"25-50,000",E02004318,25_To_50
E06000047,22387.8,28569.07158,"25-50,000",E02004314,25_To_50
E06000047,22387.8,28569.07158,"25-50,000",E02004336,25_To_50
E06000047,22387.8,28569.07158,"25-50,000",E02004341,25_To_50
E06000047,22387.8,28569.07158,"25-50,000",E02004339,25_To_50
E06000047,22387.8,28569.07158,"25-50,000",E02004294,25_To_50
E06000047,22387.8,28569.07158,"25-50,000",E02004292,25_To_50
E06000047,22387.8,28569.07158,"25-50,000",E02004312,25_To_50
E06000047,22387.8,28569.07158,"25-50,000",E02004315,25_To_50
E06000047,22387.8,28569.07158,"25-50,000",E02004308,25_To_50
E06000047,22387.8,28569.07158,"25-50,000",E02004352,25_To_50
E06000047,22387.8,28569.07158,"25-50,000",E02004295,25_To_50
E06000047,22387.8,28569.07158,"25-50,000",E02004291,25_To_50
E06000047,22387.8,28569.07158,"25-50,000",E02004290,25_To_50
E06000047,22387.8,28569.07158,"25-50,000",E02004293,25_To_50
E06000047,22387.8,28569.07158,"25-50,000",E02004344,25_To_50
E06000047,22387.8,28569.07158,"25-50,000",E02004347,25_To_50
E06000047,22387.8,28569.07158,"25-50,000",E02004353,25_To_50
E06000047,22387.8,28569.07158,"25-50,000",E02004350,25_To_50
E06000047,22387.8,28569.07158,"25-50,000",E02004330,25_To_50
E06000047,22387.8,28569.07158,"25-50,000",E02004306,25_To_50
E06000047,22387.8,28569.07158,"25-50,000",E02004307,25_To_50
E06000047,22387.8,28569.07158,"25-50,000",E02004332,25_To_50
E06000047,22387.8,28569.07158,"25-50,000",E02004337,25_To_50
E06000047,22387.8,28569.07158,"25-50,000",E02004346,25_To_50
E06000047,22387.8,28569.07158,"25-50,000",E02004345,25_To_50
E06000047,22387.8,28569.07158,"25-50,000",E02004348,25_To_50
E06000047,22387.8,28569.07158,"25-50,000",E02004343,25_To_50
E06000047,22387.8,28569.07158,"25-50,000",E02004300,25_To_50
E06000047,22387.8,28569.07158,"25-50,000",E02004342,25_To_50
E06000047,22387.8,28569.07158,"25-50,000",E02004333,25_To_50
E06000047,22387.8,28569.07158,"25-50,000",E02004298,25_To_50
E06000047,22387.8,28569.07158,"25-50,000",E02004319,25_To_50
E06000047,22387.8,28569.07158,"25-50,000",E02004323,25_To_50
E06000047,22387.8,28569.07158,"25-50,000",E02004351,25_To_50
E06000047,22387.8,28569.07158,"25-50,000",E02004355,25_To_50
E06000047,22387.8,28569.07158,"25-50,000",E02004349,25_To_50
E06000047,22387.8,28569.07158,"25-50,000",E02004354,25_To_50
E06000047,22387.8,28569.07158,"25-50,000",E02004322,25_To_50
E06000057,20835.8,26588.56438,"25-50,000",E02005720,25_To_50
E06000057,20835.8,26588.56438,"25-50,000",E02005727,25_To_50
E06000057,20835.8,26588.56438,"25-50,000",E02005703,25_To_50
E06000057,20835.8,26588.56438,"25-50,000",E02005708,25_To_50
E06000057,20835.8,26588.56438,"25-50,000",E02005717,25_To_50
E06000057,20835.8,26588.56438,"25-50,000",E02005719,25_To_50
E06000057,20835.8,26588.56438,"25-50,000",E02005723,25_To_50
E06000057,20835.8,26588.56438,"25-50,000",E02005730,25_To_50
E06000057,20835.8,26588.56438,"25-50,000",E02005740,25_To_50
E06000057,20835.8,26588.56438,"25-50,000",E02005734,25_To_50
E06000057,20835.8,26588.56438,"25-50,000",E02005725,25_To_50
E06000057,20835.8,26588.56438,"25-50,000",E02005704,25_To_50
E06000057,20835.8,26588.56438,"25-50,000",E02005711,25_To_50
E06000057,20835.8,26588.56438,"25-50,000",E02005716,25_To_50
E06000057,20835.8,26588.56438,"25-50,000",E02005715,25_To_50
E06000057,20835.8,26588.56438,"25-50,000",E02005731,25_To_50
E06000057,20835.8,26588.56438,"25-50,000",E02005707,25_To_50
E06000057,20835.8,26588.56438,"25-50,000",E02005713,25_To_50
E06000057,20835.8,26588.56438,"25-50,000",E02005732,25_To_50
E06000057,20835.8,26588.56438,"25-50,000",E02005721,25_To_50
E06000057,20835.8,26588.56438,"25-50,000",E02005741,25_To_50
E06000057,20835.8,26588.56438,"25-50,000",E02005728,25_To_50
E06000057,20835.8,26588.56438,"25-50,000",E02005736,25_To_50
E06000057,20835.8,26588.56438,"25-50,000",E02005722,25_To_50
E06000057,20835.8,26588.56438,"25-50,000",E02005726,25_To_50
E06000057,20835.8,26588.56438,"25-50,000",E02005724,25_To_50
E06000057,20835.8,26588.56438,"25-50,000",E02005737,25_To_50
E06000057,20835.8,26588.56438,"25-50,000",E02005738,25_To_50
E06000057,20835.8,26588.56438,"25-50,000",E02005739,25_To_50
E06000057,20835.8,26588.56438,"25-50,000",E02005702,25_To_50
E06000057,20835.8,26588.56438,"25-50,000",E02005733,25_To_50
E06000057,20835.8,26588.56438,"25-50,000",E02005705,25_To_50
E06000057,20835.8,26588.56438,"25-50,000",E02005712,25_To_50
E06000057,20835.8,26588.56438,"25-50,000",E02005710,25_To_50
E06000057,20835.8,26588.56438,"25-50,000",E02005718,25_To_50
E06000057,20835.8,26588.56438,"25-50,000",E02005735,25_To_50
E06000057,20835.8,26588.56438,"25-50,000",E02005706,25_To_50
E06000057,20835.8,26588.56438,"25-50,000",E02005729,25_To_50
E06000057,20835.8,26588.56438,"25-50,000",E02005714,25_To_50
E06000057,20835.8,26588.56438,"25-50,000",E02005709,25_To_50
E08000021,36962.2,47167.46342,"25-50,000",E02001721,25_To_50
E08000021,36962.2,47167.46342,"25-50,000",E02001713,25_To_50
E08000021,36962.2,47167.46342,"25-50,000",E02001711,25_To_50
E08000021,36962.2,47167.46342,"25-50,000",E02001709,25_To_50
E08000021,36962.2,47167.46342,"25-50,000",E02001710,25_To_50
E08000021,36962.2,47167.46342,"25-50,000",E02001712,25_To_50
E08000021,36962.2,47167.46342,"25-50,000",E02001727,25_To_50
E08000021,36962.2,47167.46342,"25-50,000",E02001714,25_To_50
E08000021,36962.2,47167.46342,"25-50,000",E02001722,25_To_50
E08000021,36962.2,47167.46342,"25-50,000",E02006893,25_To_50
E08000021,36962.2,47167.46342,"25-50,000",E02001736,25_To_50
E08000021,36962.2,47167.46342,"25-50,000",E02001726,25_To_50
E08000021,36962.2,47167.46342,"25-50,000",E02001731,25_To_50
E08000021,36962.2,47167.46342,"25-50,000",E02001729,25_To_50
E08000021,36962.2,47167.46342,"25-50,000",E02001718,25_To_50
E08000021,36962.2,47167.46342,"25-50,000",E02001725,25_To_50
E08000021,36962.2,47167.46342,"25-50,000",E02001708,25_To_50
E08000021,36962.2,47167.46342,"25-50,000",E02001715,25_To_50
E08000021,36962.2,47167.46342,"25-50,000",E02001737,25_To_50
E08000021,36962.2,47167.46342,"25-50,000",E02001733,25_To_50
E08000021,36962.2,47167.46342,"25-50,000",E02001723,25_To_50
E08000021,36962.2,47167.46342,"25-50,000",E02001734,25_To_50
E08000021,36962.2,47167.46342,"25-50,000",E02001728,25_To_50
E08000021,36962.2,47167.46342,"25-50,000",E02001719,25_To_50
E08000021,36962.2,47167.46342,"25-50,000",E02001730,25_To_50
E08000021,36962.2,47167.46342,"25-50,000",E02001720,25_To_50
E08000021,36962.2,47167.46342,"25-50,000",E02001732,25_To_50
E08000021,36962.2,47167.46342,"25-50,000",E02001735,25_To_50
E08000021,36962.2,47167.46342,"25-50,000",E02001724,25_To_50
E08000022,26906,34334.7466,"25-50,000",E02001755,25_To_50
E08000022,26906,34334.7466,"25-50,000",E02001742,25_To_50
E08000022,26906,34334.7466,"25-50,000",E02001746,25_To_50
E08000022,26906,34334.7466,"25-50,000",E02001756,25_To_50
E08000022,26906,34334.7466,"25-50,000",E02001740,25_To_50
E08000022,26906,34334.7466,"25-50,000",E02001757,25_To_50
E08000022,26906,34334.7466,"25-50,000",E02001753,25_To_50
E08000022,26906,34334.7466,"25-50,000",E02001766,25_To_50
E08000022,26906,34334.7466,"25-50,000",E02001750,25_To_50
E08000022,26906,34334.7466,"25-50,000",E02001739,25_To_50
E08000022,26906,34334.7466,"25-50,000",E02001767,25_To_50
E08000022,26906,34334.7466,"25-50,000",E02001762,25_To_50
E08000022,26906,34334.7466,"25-50,000",E02001764,25_To_50
E08000022,26906,34334.7466,"25-50,000",E02001744,25_To_50
E08000022,26906,34334.7466,"25-50,000",E02001748,25_To_50
E08000022,26906,34334.7466,"25-50,000",E02001765,25_To_50
E08000022,26906,34334.7466,"25-50,000",E02001758,25_To_50
E08000022,26906,34334.7466,"25-50,000",E02001747,25_To_50
E08000022,26906,34334.7466,"25-50,000",E02001749,25_To_50
E08000022,26906,34334.7466,"25-50,000",E02001738,25_To_50
E08000022,26906,34334.7466,"25-50,000",E02001754,25_To_50
E08000022,26906,34334.7466,"25-50,000",E02001763,25_To_50
E08000022,26906,34334.7466,"25-50,000",E02001759,25_To_50
E08000022,26906,34334.7466,"25-50,000",E02001761,25_To_50
E08000022,26906,34334.7466,"25-50,000",E02001751,25_To_50
E08000022,26906,34334.7466,"25-50,000",E02001760,25_To_50
E08000022,26906,34334.7466,"25-50,000",E02001752,25_To_50
E08000022,26906,34334.7466,"25-50,000",E02001743,25_To_50
E08000022,26906,34334.7466,"25-50,000",E02001745,25_To_50
E08000022,26906,34334.7466,"25-50,000",E02001741,25_To_50
E08000023,16238.8,20722.33268,"<25,000",E02001771,Less_Than_25
E08000023,16238.8,20722.33268,"<25,000",E02001774,Less_Than_25
E08000023,16238.8,20722.33268,"<25,000",E02001779,Less_Than_25
E08000023,16238.8,20722.33268,"<25,000",E02001786,Less_Than_25
E08000023,16238.8,20722.33268,"<25,000",E02001770,Less_Than_25
E08000023,16238.8,20722.33268,"<25,000",E02001785,Less_Than_25
E08000023,16238.8,20722.33268,"<25,000",E02001778,Less_Than_25
E08000023,16238.8,20722.33268,"<25,000",E02001768,Less_Than_25
E08000023,16238.8,20722.33268,"<25,000",E02001788,Less_Than_25
E08000023,16238.8,20722.33268,"<25,000",E02001787,Less_Than_25
E08000023,16238.8,20722.33268,"<25,000",E02001777,Less_Than_25
E08000023,16238.8,20722.33268,"<25,000",E02001782,Less_Than_25
E08000023,16238.8,20722.33268,"<25,000",E02001776,Less_Than_25
E08000023,16238.8,20722.33268,"<25,000",E02001769,Less_Than_25
E08000023,16238.8,20722.33268,"<25,000",E02001772,Less_Than_25
E08000023,16238.8,20722.33268,"<25,000",E02001790,Less_Than_25
E08000023,16238.8,20722.33268,"<25,000",E02001783,Less_Than_25
E08000023,16238.8,20722.33268,"<25,000",E02001780,Less_Than_25
E08000023,16238.8,20722.33268,"<25,000",E02001789,Less_Than_25
E08000023,16238.8,20722.33268,"<25,000",E02001773,Less_Than_25
E08000023,16238.8,20722.33268,"<25,000",E02001781,Less_Than_25
E08000023,16238.8,20722.33268,"<25,000",E02001775,Less_Than_25
E08000023,16238.8,20722.33268,"<25,000",E02001784,Less_Than_25
E08000037,26227.2,33468.52992,"25-50,000",E02001682,25_To_50
E08000037,26227.2,33468.52992,"25-50,000",E02001688,25_To_50
E08000037,26227.2,33468.52992,"25-50,000",E02001700,25_To_50
E08000037,26227.2,33468.52992,"25-50,000",E02001689,25_To_50
E08000037,26227.2,33468.52992,"25-50,000",E02001696,25_To_50
E08000037,26227.2,33468.52992,"25-50,000",E02001685,25_To_50
E08000037,26227.2,33468.52992,"25-50,000",E02006841,25_To_50
E08000037,26227.2,33468.52992,"25-50,000",E02001705,25_To_50
E08000037,26227.2,33468.52992,"25-50,000",E02001704,25_To_50
E08000037,26227.2,33468.52992,"25-50,000",E02001686,25_To_50
E08000037,26227.2,33468.52992,"25-50,000",E02001701,25_To_50
E08000037,26227.2,33468.52992,"25-50,000",E02001707,25_To_50
E08000037,26227.2,33468.52992,"25-50,000",E02001683,25_To_50
E08000037,26227.2,33468.52992,"25-50,000",E02001694,25_To_50
E08000037,26227.2,33468.52992,"25-50,000",E02001690,25_To_50
E08000037,26227.2,33468.52992,"25-50,000",E02001684,25_To_50
E08000037,26227.2,33468.52992,"25-50,000",E02001693,25_To_50
E08000037,26227.2,33468.52992,"25-50,000",E02001702,25_To_50
E08000037,26227.2,33468.52992,"25-50,000",E02001703,25_To_50
E08000037,26227.2,33468.52992,"25-50,000",E02001698,25_To_50
E08000037,26227.2,33468.52992,"25-50,000",E02001691,25_To_50
E08000037,26227.2,33468.52992,"25-50,000",E02006842,25_To_50
E08000037,26227.2,33468.52992,"25-50,000",E02001692,25_To_50
E08000037,26227.2,33468.52992,"25-50,000",E02001699,25_To_50
E08000037,26227.2,33468.52992,"25-50,000",E02001695,25_To_50
E08000037,26227.2,33468.52992,"25-50,000",E02001697,25_To_50
E08000037,26227.2,33468.52992,"25-50,000",E02001706,25_To_50
E08000024,28704.4,36629.68484,"25-50,000",E02001813,25_To_50
E08000024,28704.4,36629.68484,"25-50,000",E02001807,25_To_50
E08000024,28704.4,36629.68484,"25-50,000",E02001820,25_To_50
E08000024,28704.4,36629.68484,"25-50,000",E02001809,25_To_50
E08000024,28704.4,36629.68484,"25-50,000",E02001812,25_To_50
E08000024,28704.4,36629.68484,"25-50,000",E02001791,25_To_50
E08000024,28704.4,36629.68484,"25-50,000",E02001819,25_To_50
E08000024,28704.4,36629.68484,"25-50,000",E02001814,25_To_50
E08000024,28704.4,36629.68484,"25-50,000",E02001796,25_To_50
E08000024,28704.4,36629.68484,"25-50,000",E02001798,25_To_50
E08000024,28704.4,36629.68484,"25-50,000",E02001822,25_To_50
E08000024,28704.4,36629.68484,"25-50,000",E02001818,25_To_50
E08000024,28704.4,36629.68484,"25-50,000",E02001824,25_To_50
E08000024,28704.4,36629.68484,"25-50,000",E02001825,25_To_50
E08000024,28704.4,36629.68484,"25-50,000",E02001792,25_To_50
E08000024,28704.4,36629.68484,"25-50,000",E02001811,25_To_50
E08000024,28704.4,36629.68484,"25-50,000",E02001826,25_To_50
E08000024,28704.4,36629.68484,"25-50,000",E02001823,25_To_50
E08000024,28704.4,36629.68484,"25-50,000",E02001821,25_To_50
E08000024,28704.4,36629.68484,"25-50,000",E02001817,25_To_50
E08000024,28704.4,36629.68484,"25-50,000",E02001804,25_To_50
E08000024,28704.4,36629.68484,"25-50,000",E02001797,25_To_50
E08000024,28704.4,36629.68484,"25-50,000",E02001810,25_To_50
E08000024,28704.4,36629.68484,"25-50,000",E02001815,25_To_50
E08000024,28704.4,36629.68484,"25-50,000",E02001805,25_To_50
E08000024,28704.4,36629.68484,"25-50,000",E02001800,25_To_50
E08000024,28704.4,36629.68484,"25-50,000",E02001802,25_To_50
E08000024,28704.4,36629.68484,"25-50,000",E02001803,25_To_50
E08000024,28704.4,36629.68484,"25-50,000",E02001801,25_To_50
E08000024,28704.4,36629.68484,"25-50,000",E02001808,25_To_50
E08000024,28704.4,36629.68484,"25-50,000",E02001806,25_To_50
E08000024,28704.4,36629.68484,"25-50,000",E02001795,25_To_50
E08000024,28704.4,36629.68484,"25-50,000",E02001794,25_To_50
E08000024,28704.4,36629.68484,"25-50,000",E02001793,25_To_50
E08000024,28704.4,36629.68484,"25-50,000",E02001799,25_To_50
E08000024,28704.4,36629.68484,"25-50,000",E02001816,25_To_50
E06000063,26287.4,33545.35114,"25-50,000",E02003965,25_To_50
E06000063,26287.4,33545.35114,"25-50,000",E02003969,25_To_50
E06000063,26287.4,33545.35114,"25-50,000",E02003974,25_To_50
E06000063,26287.4,33545.35114,"25-50,000",E02003971,25_To_50
E06000063,26287.4,33545.35114,"25-50,000",E02003972,25_To_50
E06000063,26287.4,33545.35114,"25-50,000",E02003973,25_To_50
E06000063,26287.4,33545.35114,"25-50,000",E02003970,25_To_50
E06000063,26287.4,33545.35114,"25-50,000",E02003976,25_To_50
E06000063,26287.4,33545.35114,"25-50,000",E02003968,25_To_50
E06000063,26287.4,33545.35114,"25-50,000",E02003975,25_To_50
E06000063,26287.4,33545.35114,"25-50,000",E02003967,25_To_50
E06000063,26287.4,33545.35114,"25-50,000",E02003966,25_To_50
E06000063,26287.4,33545.35114,"25-50,000",E02003995,25_To_50
E06000063,26287.4,33545.35114,"25-50,000",E02003990,25_To_50
E06000063,26287.4,33545.35114,"25-50,000",E02003997,25_To_50
E06000063,26287.4,33545.35114,"25-50,000",E02003994,25_To_50
E06000063,26287.4,33545.35114,"25-50,000",E02003999,25_To_50
E06000063,26287.4,33545.35114,"25-50,000",E02003998,25_To_50
E06000063,26287.4,33545.35114,"25-50,000",E02003991,25_To_50
E06000063,26287.4,33545.35114,"25-50,000",E02003988,25_To_50
E06000063,26287.4,33545.35114,"25-50,000",E02003993,25_To_50
E06000063,26287.4,33545.35114,"25-50,000",E02003987,25_To_50
E06000063,26287.4,33545.35114,"25-50,000",E02003996,25_To_50
E06000063,26287.4,33545.35114,"25-50,000",E02003992,25_To_50
E06000063,26287.4,33545.35114,"25-50,000",E02003989,25_To_50
E06000063,26287.4,33545.35114,"25-50,000",E02004005,25_To_50
E06000063,26287.4,33545.35114,"25-50,000",E02004001,25_To_50
E06000063,26287.4,33545.35114,"25-50,000",E02004003,25_To_50
E06000063,26287.4,33545.35114,"25-50,000",E02004002,25_To_50
E06000063,26287.4,33545.35114,"25-50,000",E02004007,25_To_50
E06000063,26287.4,33545.35114,"25-50,000",E02004004,25_To_50
E06000063,26287.4,33545.35114,"25-50,000",E02004006,25_To_50
E06000063,26287.4,33545.35114,"25-50,000",E02004000,25_To_50
E06000064,32537.6,41521.23136,"25-50,000",E02003986,25_To_50
E06000064,32537.6,41521.23136,"25-50,000",E02003978,25_To_50
E06000064,32537.6,41521.23136,"25-50,000",E02003980,25_To_50
E06000064,32537.6,41521.23136,"25-50,000",E02003984,25_To_50
E06000064,32537.6,41521.23136,"25-50,000",E02003981,25_To_50
E06000064,32537.6,41521.23136,"25-50,000",E02003983,25_To_50
E06000064,32537.6,41521.23136,"25-50,000",E02003985,25_To_50
E06000064,32537.6,41521.23136,"25-50,000",E02003979,25_To_50
E06000064,32537.6,41521.23136,"25-50,000",E02003982,25_To_50
E06000064,32537.6,41521.23136,"25-50,000",E02003977,25_To_50
E06000064,32537.6,41521.23136,"25-50,000",E02004013,25_To_50
E06000064,32537.6,41521.23136,"25-50,000",E02004012,25_To_50
E06000064,32537.6,41521.23136,"25-50,000",E02004009,25_To_50
E06000064,32537.6,41521.23136,"25-50,000",E02004008,25_To_50
E06000064,32537.6,41521.23136,"25-50,000",E02004014,25_To_50
E06000064,32537.6,41521.23136,"25-50,000",E02004011,25_To_50
E06000064,32537.6,41521.23136,"25-50,000",E02004010,25_To_50
E06000064,32537.6,41521.23136,"25-50,000",E02004027,25_To_50
E06000064,32537.6,41521.23136,"25-50,000",E02004028,25_To_50
E06000064,32537.6,41521.23136,"25-50,000",E02004017,25_To_50
E06000064,32537.6,41521.23136,"25-50,000",E02004020,25_To_50
E06000064,32537.6,41521.23136,"25-50,000",E02004025,25_To_50
E06000064,32537.6,41521.23136,"25-50,000",E02004026,25_To_50
E06000064,32537.6,41521.23136,"25-50,000",E02004022,25_To_50
E06000064,32537.6,41521.23136,"25-50,000",E02004019,25_To_50
E06000064,32537.6,41521.23136,"25-50,000",E02004023,25_To_50
E06000064,32537.6,41521.23136,"25-50,000",E02004021,25_To_50
E06000064,32537.6,41521.23136,"25-50,000",E02004015,25_To_50
E06000064,32537.6,41521.23136,"25-50,000",E02004018,25_To_50
E06000064,32537.6,41521.23136,"25-50,000",E02004024,25_To_50
E06000064,32537.6,41521.23136,"25-50,000",E02004016,25_To_50
E08000003,55453,70763.5733,"50-75,000",E02001048,50_To_75
E08000003,55453,70763.5733,"50-75,000",E02001074,50_To_75
E08000003,55453,70763.5733,"50-75,000",E02001047,50_To_75
E08000003,55453,70763.5733,"50-75,000",E02001081,50_To_75
E08000003,55453,70763.5733,"50-75,000",E02001089,50_To_75
E08000003,55453,70763.5733,"50-75,000",E02001065,50_To_75
E08000003,55453,70763.5733,"50-75,000",E02001078,50_To_75
E08000003,55453,70763.5733,"50-75,000",E02001049,50_To_75
E08000003,55453,70763.5733,"50-75,000",E02001090,50_To_75
E08000003,55453,70763.5733,"50-75,000",E02001079,50_To_75
E08000003,55453,70763.5733,"50-75,000",E02001076,50_To_75
E08000003,55453,70763.5733,"50-75,000",E02001073,50_To_75
E08000003,55453,70763.5733,"50-75,000",E02001077,50_To_75
E08000003,55453,70763.5733,"50-75,000",E02001072,50_To_75
E08000003,55453,70763.5733,"50-75,000",E02001080,50_To_75
E08000003,55453,70763.5733,"50-75,000",E02001084,50_To_75
E08000003,55453,70763.5733,"50-75,000",E02001097,50_To_75
E08000003,55453,70763.5733,"50-75,000",E02001093,50_To_75
E08000003,55453,70763.5733,"50-75,000",E02001088,50_To_75
E08000003,55453,70763.5733,"50-75,000",E02001046,50_To_75
E08000003,55453,70763.5733,"50-75,000",E02001064,50_To_75
E08000003,55453,70763.5733,"50-75,000",E02001067,50_To_75
E08000003,55453,70763.5733,"50-75,000",E02001071,50_To_75
E08000003,55453,70763.5733,"50-75,000",E02001062,50_To_75
E08000003,55453,70763.5733,"50-75,000",E02001092,50_To_75
E08000003,55453,70763.5733,"50-75,000",E02001085,50_To_75
E08000003,55453,70763.5733,"50-75,000",E02001059,50_To_75
E08000003,55453,70763.5733,"50-75,000",E02006915,50_To_75
E08000003,55453,70763.5733,"50-75,000",E02001052,50_To_75
E08000003,55453,70763.5733,"50-75,000",E02001050,50_To_75
E08000003,55453,70763.5733,"50-75,000",E02001063,50_To_75
E08000003,55453,70763.5733,"50-75,000",E02001075,50_To_75
E08000003,55453,70763.5733,"50-75,000",E02001066,50_To_75
E08000003,55453,70763.5733,"50-75,000",E02006913,50_To_75
E08000003,55453,70763.5733,"50-75,000",E02001094,50_To_75
E08000003,55453,70763.5733,"50-75,000",E02001091,50_To_75
E08000003,55453,70763.5733,"50-75,000",E02001083,50_To_75
E08000003,55453,70763.5733,"50-75,000",E02001061,50_To_75
E08000003,55453,70763.5733,"50-75,000",E02001057,50_To_75
E08000003,55453,70763.5733,"50-75,000",E02006902,50_To_75
E08000003,55453,70763.5733,"50-75,000",E02001053,50_To_75
E08000003,55453,70763.5733,"50-75,000",E02006916,50_To_75
E08000003,55453,70763.5733,"50-75,000",E02001051,50_To_75
E08000003,55453,70763.5733,"50-75,000",E02001068,50_To_75
E08000003,55453,70763.5733,"50-75,000",E02006914,50_To_75
E08000003,55453,70763.5733,"50-75,000",E02001070,50_To_75
E08000003,55453,70763.5733,"50-75,000",E02001069,50_To_75
E08000003,55453,70763.5733,"50-75,000",E02001087,50_To_75
E08000003,55453,70763.5733,"50-75,000",E02001055,50_To_75
E08000003,55453,70763.5733,"50-75,000",E02001056,50_To_75
E08000003,55453,70763.5733,"50-75,000",E02001096,50_To_75
E08000003,55453,70763.5733,"50-75,000",E02001095,50_To_75
E08000003,55453,70763.5733,"50-75,000",E02001045,50_To_75
E08000003,55453,70763.5733,"50-75,000",E02001086,50_To_75
E08000003,55453,70763.5733,"50-75,000",E02001082,50_To_75
E08000003,55453,70763.5733,"50-75,000",E02006912,50_To_75
E08000003,55453,70763.5733,"50-75,000",E02006917,50_To_75
E08000006,37367.4,47684.53914,"25-50,000",E02001177,25_To_50
E08000006,37367.4,47684.53914,"25-50,000",E02001166,25_To_50
E08000006,37367.4,47684.53914,"25-50,000",E02001168,25_To_50
E08000006,37367.4,47684.53914,"25-50,000",E02001158,25_To_50
E08000006,37367.4,47684.53914,"25-50,000",E02001179,25_To_50
E08000006,37367.4,47684.53914,"25-50,000",E02001170,25_To_50
E08000006,37367.4,47684.53914,"25-50,000",E02001169,25_To_50
E08000006,37367.4,47684.53914,"25-50,000",E02001186,25_To_50
E08000006,37367.4,47684.53914,"25-50,000",E02001185,25_To_50
E08000006,37367.4,47684.53914,"25-50,000",E02001157,25_To_50
E08000006,37367.4,47684.53914,"25-50,000",E02001165,25_To_50
E08000006,37367.4,47684.53914,"25-50,000",E02001162,25_To_50
E08000006,37367.4,47684.53914,"25-50,000",E02001171,25_To_50
E08000006,37367.4,47684.53914,"25-50,000",E02001159,25_To_50
E08000006,37367.4,47684.53914,"25-50,000",E02001163,25_To_50
E08000006,37367.4,47684.53914,"25-50,000",E02001175,25_To_50
E08000006,37367.4,47684.53914,"25-50,000",E02001172,25_To_50
E08000006,37367.4,47684.53914,"25-50,000",E02001176,25_To_50
E08000006,37367.4,47684.53914,"25-50,000",E02001173,25_To_50
E08000006,37367.4,47684.53914,"25-50,000",E02001182,25_To_50
E08000006,37367.4,47684.53914,"25-50,000",E02001174,25_To_50
E08000006,37367.4,47684.53914,"25-50,000",E02001167,25_To_50
E08000006,37367.4,47684.53914,"25-50,000",E02001161,25_To_50
E08000006,37367.4,47684.53914,"25-50,000",E02001160,25_To_50
E08000006,37367.4,47684.53914,"25-50,000",E02001181,25_To_50
E08000006,37367.4,47684.53914,"25-50,000",E02001183,25_To_50
E08000006,37367.4,47684.53914,"25-50,000",E02001178,25_To_50
E08000006,37367.4,47684.53914,"25-50,000",E02001164,25_To_50
E08000006,37367.4,47684.53914,"25-50,000",E02001184,25_To_50
E08000006,37367.4,47684.53914,"25-50,000",E02001180,25_To_50
E08000009,47759.2,60945.51512,"50-75,000",E02001286,50_To_75
E08000009,47759.2,60945.51512,"50-75,000",E02001270,50_To_75
E08000009,47759.2,60945.51512,"50-75,000",E02001274,50_To_75
E08000009,47759.2,60945.51512,"50-75,000",E02001264,50_To_75
E08000009,47759.2,60945.51512,"50-75,000",E02001266,50_To_75
E08000009,47759.2,60945.51512,"50-75,000",E02001273,50_To_75
E08000009,47759.2,60945.51512,"50-75,000",E02001285,50_To_75
E08000009,47759.2,60945.51512,"50-75,000",E02001271,50_To_75
E08000009,47759.2,60945.51512,"50-75,000",E02001272,50_To_75
E08000009,47759.2,60945.51512,"50-75,000",E02001279,50_To_75
E08000009,47759.2,60945.51512,"50-75,000",E02001267,50_To_75
E08000009,47759.2,60945.51512,"50-75,000",E02001280,50_To_75
E08000009,47759.2,60945.51512,"50-75,000",E02001281,50_To_75
E08000009,47759.2,60945.51512,"50-75,000",E02001275,50_To_75
E08000009,47759.2,60945.51512,"50-75,000",E02001260,50_To_75
E08000009,47759.2,60945.51512,"50-75,000",E02001263,50_To_75
E08000009,47759.2,60945.51512,"50-75,000",E02001265,50_To_75
E08000009,47759.2,60945.51512,"50-75,000",E02001268,50_To_75
E08000009,47759.2,60945.51512,"50-75,000",E02001278,50_To_75
E08000009,47759.2,60945.51512,"50-75,000",E02001262,50_To_75
E08000009,47759.2,60945.51512,"50-75,000",E02001259,50_To_75
E08000009,47759.2,60945.51512,"50-75,000",E02001261,50_To_75
E08000009,47759.2,60945.51512,"50-75,000",E02001283,50_To_75
E08000009,47759.2,60945.51512,"50-75,000",E02001284,50_To_75
E08000009,47759.2,60945.51512,"50-75,000",E02001282,50_To_75
E08000009,47759.2,60945.51512,"50-75,000",E02001276,50_To_75
E08000009,47759.2,60945.51512,"50-75,000",E02001277,50_To_75
E08000009,47759.2,60945.51512,"50-75,000",E02001269,50_To_75
E08000007,29529,37681.9569,"25-50,000",E02001226,25_To_50
E08000007,29529,37681.9569,"25-50,000",E02001199,25_To_50
E08000007,29529,37681.9569,"25-50,000",E02001212,25_To_50
E08000007,29529,37681.9569,"25-50,000",E02001213,25_To_50
E08000007,29529,37681.9569,"25-50,000",E02001216,25_To_50
E08000007,29529,37681.9569,"25-50,000",E02001225,25_To_50
E08000007,29529,37681.9569,"25-50,000",E02001220,25_To_50
E08000007,29529,37681.9569,"25-50,000",E02001227,25_To_50
E08000007,29529,37681.9569,"25-50,000",E02001223,25_To_50
E08000007,29529,37681.9569,"25-50,000",E02001219,25_To_50
E08000007,29529,37681.9569,"25-50,000",E02001221,25_To_50
E08000007,29529,37681.9569,"25-50,000",E02001207,25_To_50
E08000007,29529,37681.9569,"25-50,000",E02001217,25_To_50
E08000007,29529,37681.9569,"25-50,000",E02001197,25_To_50
E08000007,29529,37681.9569,"25-50,000",E02001194,25_To_50
E08000007,29529,37681.9569,"25-50,000",E02001206,25_To_50
E08000007,29529,37681.9569,"25-50,000",E02001203,25_To_50
E08000007,29529,37681.9569,"25-50,000",E02001196,25_To_50
E08000007,29529,37681.9569,"25-50,000",E02001228,25_To_50
E08000007,29529,37681.9569,"25-50,000",E02001224,25_To_50
E08000007,29529,37681.9569,"25-50,000",E02001222,25_To_50
E08000007,29529,37681.9569,"25-50,000",E02001214,25_To_50
E08000007,29529,37681.9569,"25-50,000",E02001218,25_To_50
E08000007,29529,37681.9569,"25-50,000",E02001202,25_To_50
E08000007,29529,37681.9569,"25-50,000",E02001211,25_To_50
E08000007,29529,37681.9569,"25-50,000",E02001189,25_To_50
E08000007,29529,37681.9569,"25-50,000",E02001195,25_To_50
E08000007,29529,37681.9569,"25-50,000",E02001198,25_To_50
E08000007,29529,37681.9569,"25-50,000",E02001191,25_To_50
E08000007,29529,37681.9569,"25-50,000",E02001208,25_To_50
E08000007,29529,37681.9569,"25-50,000",E02001210,25_To_50
E08000007,29529,37681.9569,"25-50,000",E02001192,25_To_50
E08000007,29529,37681.9569,"25-50,000",E02001215,25_To_50
E08000007,29529,37681.9569,"25-50,000",E02001209,25_To_50
E08000007,29529,37681.9569,"25-50,000",E02001204,25_To_50
E08000007,29529,37681.9569,"25-50,000",E02001205,25_To_50
E08000007,29529,37681.9569,"25-50,000",E02001193,25_To_50
E08000007,29529,37681.9569,"25-50,000",E02001187,25_To_50
E08000007,29529,37681.9569,"25-50,000",E02001188,25_To_50
E08000007,29529,37681.9569,"25-50,000",E02001200,25_To_50
E08000007,29529,37681.9569,"25-50,000",E02001190,25_To_50
E08000007,29529,37681.9569,"25-50,000",E02001201,25_To_50
E08000008,18466.6,23565.22826,"<25,000",E02001246,Less_Than_25
E08000008,18466.6,23565.22826,"<25,000",E02001256,Less_Than_25
E08000008,18466.6,23565.22826,"<25,000",E02001248,Less_Than_25
E08000008,18466.6,23565.22826,"<25,000",E02001258,Less_Than_25
E08000008,18466.6,23565.22826,"<25,000",E02001251,Less_Than_25
E08000008,18466.6,23565.22826,"<25,000",E02001229,Less_Than_25
E08000008,18466.6,23565.22826,"<25,000",E02001240,Less_Than_25
E08000008,18466.6,23565.22826,"<25,000",E02001233,Less_Than_25
E08000008,18466.6,23565.22826,"<25,000",E02001231,Less_Than_25
E08000008,18466.6,23565.22826,"<25,000",E02001237,Less_Than_25
E08000008,18466.6,23565.22826,"<25,000",E02001247,Less_Than_25
E08000008,18466.6,23565.22826,"<25,000",E02001254,Less_Than_25
E08000008,18466.6,23565.22826,"<25,000",E02001257,Less_Than_25
E08000008,18466.6,23565.22826,"<25,000",E02001239,Less_Than_25
E08000008,18466.6,23565.22826,"<25,000",E02001238,Less_Than_25
E08000008,18466.6,23565.22826,"<25,000",E02001245,Less_Than_25
E08000008,18466.6,23565.22826,"<25,000",E02001250,Less_Than_25
E08000008,18466.6,23565.22826,"<25,000",E02001243,Less_Than_25
E08000008,18466.6,23565.22826,"<25,000",E02001235,Less_Than_25
E08000008,18466.6,23565.22826,"<25,000",E02001242,Less_Than_25
E08000008,18466.6,23565.22826,"<25,000",E02001236,Less_Than_25
E08000008,18466.6,23565.22826,"<25,000",E02001241,Less_Than_25
E08000008,18466.6,23565.22826,"<25,000",E02001255,Less_Than_25
E08000008,18466.6,23565.22826,"<25,000",E02001234,Less_Than_25
E08000008,18466.6,23565.22826,"<25,000",E02001249,Less_Than_25
E08000008,18466.6,23565.22826,"<25,000",E02001232,Less_Than_25
E08000008,18466.6,23565.22826,"<25,000",E02001244,Less_Than_25
E08000008,18466.6,23565.22826,"<25,000",E02001230,Less_Than_25
E08000008,18466.6,23565.22826,"<25,000",E02001253,Less_Than_25
E08000008,18466.6,23565.22826,"<25,000",E02001252,Less_Than_25
E08000001,24818,31670.2498,"25-50,000",E02001012,25_To_50
E08000001,24818,31670.2498,"25-50,000",E02001001,25_To_50
E08000001,24818,31670.2498,"25-50,000",E02001006,25_To_50
E08000001,24818,31670.2498,"25-50,000",E02001009,25_To_50
E08000001,24818,31670.2498,"25-50,000",E02001003,25_To_50
E08000001,24818,31670.2498,"25-50,000",E02000991,25_To_50
E08000001,24818,31670.2498,"25-50,000",E02001013,25_To_50
E08000001,24818,31670.2498,"25-50,000",E02000986,25_To_50
E08000001,24818,31670.2498,"25-50,000",E02000989,25_To_50
E08000001,24818,31670.2498,"25-50,000",E02000985,25_To_50
E08000001,24818,31670.2498,"25-50,000",E02000995,25_To_50
E08000001,24818,31670.2498,"25-50,000",E02000990,25_To_50
E08000001,24818,31670.2498,"25-50,000",E02000996,25_To_50
E08000001,24818,31670.2498,"25-50,000",E02001002,25_To_50
E08000001,24818,31670.2498,"25-50,000",E02001015,25_To_50
E08000001,24818,31670.2498,"25-50,000",E02000997,25_To_50
E08000001,24818,31670.2498,"25-50,000",E02001011,25_To_50
E08000001,24818,31670.2498,"25-50,000",E02001017,25_To_50
E08000001,24818,31670.2498,"25-50,000",E02001007,25_To_50
E08000001,24818,31670.2498,"25-50,000",E02001014,25_To_50
E08000001,24818,31670.2498,"25-50,000",E02001005,25_To_50
E08000001,24818,31670.2498,"25-50,000",E02001000,25_To_50
E08000001,24818,31670.2498,"25-50,000",E02001010,25_To_50
E08000001,24818,31670.2498,"25-50,000",E02001016,25_To_50
E08000001,24818,31670.2498,"25-50,000",E02000993,25_To_50
E08000001,24818,31670.2498,"25-50,000",E02000987,25_To_50
E08000001,24818,31670.2498,"25-50,000",E02000984,25_To_50
E08000001,24818,31670.2498,"25-50,000",E02000988,25_To_50
E08000001,24818,31670.2498,"25-50,000",E02000994,25_To_50
E08000001,24818,31670.2498,"25-50,000",E02000998,25_To_50
E08000001,24818,31670.2498,"25-50,000",E02000992,25_To_50
E08000001,24818,31670.2498,"25-50,000",E02000999,25_To_50
E08000001,24818,31670.2498,"25-50,000",E02001004,25_To_50
E08000001,24818,31670.2498,"25-50,000",E02001018,25_To_50
E08000001,24818,31670.2498,"25-50,000",E02001008,25_To_50
E08000010,20280.8,25880.32888,"25-50,000",E02001299,25_To_50
E08000010,20280.8,25880.32888,"25-50,000",E02001326,25_To_50
E08000010,20280.8,25880.32888,"25-50,000",E02001304,25_To_50
E08000010,20280.8,25880.32888,"25-50,000",E02001315,25_To_50
E08000010,20280.8,25880.32888,"25-50,000",E02001289,25_To_50
E08000010,20280.8,25880.32888,"25-50,000",E02001317,25_To_50
E08000010,20280.8,25880.32888,"25-50,000",E02001310,25_To_50
E08000010,20280.8,25880.32888,"25-50,000",E02001325,25_To_50
E08000010,20280.8,25880.32888,"25-50,000",E02001292,25_To_50
E08000010,20280.8,25880.32888,"25-50,000",E02001314,25_To_50
E08000010,20280.8,25880.32888,"25-50,000",E02001311,25_To_50
E08000010,20280.8,25880.32888,"25-50,000",E02001307,25_To_50
E08000010,20280.8,25880.32888,"25-50,000",E02001288,25_To_50
E08000010,20280.8,25880.32888,"25-50,000",E02001313,25_To_50
E08000010,20280.8,25880.32888,"25-50,000",E02001320,25_To_50
E08000010,20280.8,25880.32888,"25-50,000",E02001300,25_To_50
E08000010,20280.8,25880.32888,"25-50,000",E02001297,25_To_50
E08000010,20280.8,25880.32888,"25-50,000",E02001290,25_To_50
E08000010,20280.8,25880.32888,"25-50,000",E02001287,25_To_50
E08000010,20280.8,25880.32888,"25-50,000",E02001322,25_To_50
E08000010,20280.8,25880.32888,"25-50,000",E02001294,25_To_50
E08000010,20280.8,25880.32888,"25-50,000",E02001305,25_To_50
E08000010,20280.8,25880.32888,"25-50,000",E02001316,25_To_50
E08000010,20280.8,25880.32888,"25-50,000",E02001324,25_To_50
E08000010,20280.8,25880.32888,"25-50,000",E02001319,25_To_50
E08000010,20280.8,25880.32888,"25-50,000",E02001301,25_To_50
E08000010,20280.8,25880.32888,"25-50,000",E02001309,25_To_50
E08000010,20280.8,25880.32888,"25-50,000",E02001308,25_To_50
E08000010,20280.8,25880.32888,"25-50,000",E02001323,25_To_50
E08000010,20280.8,25880.32888,"25-50,000",E02001298,25_To_50
E08000010,20280.8,25880.32888,"25-50,000",E02001296,25_To_50
E08000010,20280.8,25880.32888,"25-50,000",E02001321,25_To_50
E08000010,20280.8,25880.32888,"25-50,000",E02001306,25_To_50
E08000010,20280.8,25880.32888,"25-50,000",E02001312,25_To_50
E08000010,20280.8,25880.32888,"25-50,000",E02001291,25_To_50
E08000010,20280.8,25880.32888,"25-50,000",E02001318,25_To_50
E08000010,20280.8,25880.32888,"25-50,000",E02001302,25_To_50
E08000010,20280.8,25880.32888,"25-50,000",E02001303,25_To_50
E08000010,20280.8,25880.32888,"25-50,000",E02001295,25_To_50
E08000010,20280.8,25880.32888,"25-50,000",E02001293,25_To_50
E08000002,22062.8,28154.339079999998,"25-50,000",E02001024,25_To_50
E08000002,22062.8,28154.339079999998,"25-50,000",E02001034,25_To_50
E08000002,22062.8,28154.339079999998,"25-50,000",E02001042,25_To_50
E08000002,22062.8,28154.339079999998,"25-50,000",E02001023,25_To_50
E08000002,22062.8,28154.339079999998,"25-50,000",E02001037,25_To_50
E08000002,22062.8,28154.339079999998,"25-50,000",E02001020,25_To_50
E08000002,22062.8,28154.339079999998,"25-50,000",E02001038,25_To_50
E08000002,22062.8,28154.339079999998,"25-50,000",E02001027,25_To_50
E08000002,22062.8,28154.339079999998,"25-50,000",E02001030,25_To_50
E08000002,22062.8,28154.339079999998,"25-50,000",E02001025,25_To_50
E08000002,22062.8,28154.339079999998,"25-50,000",E02001035,25_To_50
E08000002,22062.8,28154.339079999998,"25-50,000",E02001026,25_To_50
E08000002,22062.8,28154.339079999998,"25-50,000",E02001040,25_To_50
E08000002,22062.8,28154.339079999998,"25-50,000",E02001043,25_To_50
E08000002,22062.8,28154.339079999998,"25-50,000",E02001039,25_To_50
E08000002,22062.8,28154.339079999998,"25-50,000",E02001028,25_To_50
E08000002,22062.8,28154.339079999998,"25-50,000",E02001044,25_To_50
E08000002,22062.8,28154.339079999998,"25-50,000",E02001031,25_To_50
E08000002,22062.8,28154.339079999998,"25-50,000",E02001022,25_To_50
E08000002,22062.8,28154.339079999998,"25-50,000",E02001033,25_To_50
E08000002,22062.8,28154.339079999998,"25-50,000",E02001032,25_To_50
E08000002,22062.8,28154.339079999998,"25-50,000",E02001036,25_To_50
E08000002,22062.8,28154.339079999998,"25-50,000",E02001019,25_To_50
E08000002,22062.8,28154.339079999998,"25-50,000",E02001021,25_To_50
E08000002,22062.8,28154.339079999998,"25-50,000",E02001041,25_To_50
E08000002,22062.8,28154.339079999998,"25-50,000",E02001029,25_To_50
E08000004,20541.2,26212.625320000003,"25-50,000",E02001118,25_To_50
E08000004,20541.2,26212.625320000003,"25-50,000",E02001129,25_To_50
E08000004,20541.2,26212.625320000003,"25-50,000",E02001109,25_To_50
E08000004,20541.2,26212.625320000003,"25-50,000",E02001105,25_To_50
E08000004,20541.2,26212.625320000003,"25-50,000",E02001100,25_To_50
E08000004,20541.2,26212.625320000003,"25-50,000",E02001110,25_To_50
E08000004,20541.2,26212.625320000003,"25-50,000",E02006860,25_To_50
E08000004,20541.2,26212.625320000003,"25-50,000",E02001103,25_To_50
E08000004,20541.2,26212.625320000003,"25-50,000",E02001099,25_To_50
E08000004,20541.2,26212.625320000003,"25-50,000",E02001128,25_To_50
E08000004,20541.2,26212.625320000003,"25-50,000",E02001117,25_To_50
E08000004,20541.2,26212.625320000003,"25-50,000",E02001126,25_To_50
E08000004,20541.2,26212.625320000003,"25-50,000",E02001106,25_To_50
E08000004,20541.2,26212.625320000003,"25-50,000",E02001108,25_To_50
E08000004,20541.2,26212.625320000003,"25-50,000",E02001127,25_To_50
E08000004,20541.2,26212.625320000003,"25-50,000",E02001130,25_To_50
E08000004,20541.2,26212.625320000003,"25-50,000",E02001123,25_To_50
E08000004,20541.2,26212.625320000003,"25-50,000",E02001124,25_To_50
E08000004,20541.2,26212.625320000003,"25-50,000",E02001104,25_To_50
E08000004,20541.2,26212.625320000003,"25-50,000",E02001114,25_To_50
E08000004,20541.2,26212.625320000003,"25-50,000",E02001112,25_To_50
E08000004,20541.2,26212.625320000003,"25-50,000",E02001102,25_To_50
E08000004,20541.2,26212.625320000003,"25-50,000",E02001115,25_To_50
E08000004,20541.2,26212.625320000003,"25-50,000",E02001111,25_To_50
E08000004,20541.2,26212.625320000003,"25-50,000",E02001098,25_To_50
E08000004,20541.2,26212.625320000003,"25-50,000",E02001101,25_To_50
E08000004,20541.2,26212.625320000003,"25-50,000",E02001116,25_To_50
E08000004,20541.2,26212.625320000003,"25-50,000",E02001107,25_To_50
E08000004,20541.2,26212.625320000003,"25-50,000",E02001125,25_To_50
E08000004,20541.2,26212.625320000003,"25-50,000",E02001131,25_To_50
E08000004,20541.2,26212.625320000003,"25-50,000",E02001119,25_To_50
E08000004,20541.2,26212.625320000003,"25-50,000",E02001113,25_To_50
E08000004,20541.2,26212.625320000003,"25-50,000",E02001121,25_To_50
E08000005,20902.8,26674.06308,"25-50,000",E02001138,25_To_50
E08000005,20902.8,26674.06308,"25-50,000",E02001132,25_To_50
E08000005,20902.8,26674.06308,"25-50,000",E02001133,25_To_50
E08000005,20902.8,26674.06308,"25-50,000",E02001147,25_To_50
E08000005,20902.8,26674.06308,"25-50,000",E02001141,25_To_50
E08000005,20902.8,26674.06308,"25-50,000",E02001155,25_To_50
E08000005,20902.8,26674.06308,"25-50,000",E02001152,25_To_50
E08000005,20902.8,26674.06308,"25-50,000",E02001148,25_To_50
E08000005,20902.8,26674.06308,"25-50,000",E02001151,25_To_50
E08000005,20902.8,26674.06308,"25-50,000",E02001154,25_To_50
E08000005,20902.8,26674.06308,"25-50,000",E02001156,25_To_50
E08000005,20902.8,26674.06308,"25-50,000",E02001144,25_To_50
E08000005,20902.8,26674.06308,"25-50,000",E02001150,25_To_50
E08000005,20902.8,26674.06308,"25-50,000",E02001140,25_To_50
E08000005,20902.8,26674.06308,"25-50,000",E02001149,25_To_50
E08000005,20902.8,26674.06308,"25-50,000",E02001136,25_To_50
E08000005,20902.8,26674.06308,"25-50,000",E02001135,25_To_50
E08000005,20902.8,26674.06308,"25-50,000",E02001145,25_To_50
E08000005,20902.8,26674.06308,"25-50,000",E02001143,25_To_50
E08000005,20902.8,26674.06308,"25-50,000",E02001153,25_To_50
E08000005,20902.8,26674.06308,"25-50,000",E02001137,25_To_50
E08000005,20902.8,26674.06308,"25-50,000",E02001139,25_To_50
E08000005,20902.8,26674.06308,"25-50,000",E02001142,25_To_50
E08000005,20902.8,26674.06308,"25-50,000",E02001134,25_To_50
E08000005,20902.8,26674.06308,"25-50,000",E02001146,25_To_50
E06000008,26023.2,33208.20552,"25-50,000",E02002622,25_To_50
E06000008,26023.2,33208.20552,"25-50,000",E02002619,25_To_50
E06000008,26023.2,33208.20552,"25-50,000",E02002631,25_To_50
E06000008,26023.2,33208.20552,"25-50,000",E02002629,25_To_50
E06000008,26023.2,33208.20552,"25-50,000",E02002624,25_To_50
E06000008,26023.2,33208.20552,"25-50,000",E02002620,25_To_50
E06000008,26023.2,33208.20552,"25-50,000",E02002616,25_To_50
E06000008,26023.2,33208.20552,"25-50,000",E02002628,25_To_50
E06000008,26023.2,33208.20552,"25-50,000",E02002630,25_To_50
E06000008,26023.2,33208.20552,"25-50,000",E02002615,25_To_50
E06000008,26023.2,33208.20552,"25-50,000",E02002626,25_To_50
E06000008,26023.2,33208.20552,"25-50,000",E02002623,25_To_50
E06000008,26023.2,33208.20552,"25-50,000",E02002627,25_To_50
E06000008,26023.2,33208.20552,"25-50,000",E02002617,25_To_50
E06000008,26023.2,33208.20552,"25-50,000",E02002621,25_To_50
E06000008,26023.2,33208.20552,"25-50,000",E02002625,25_To_50
E06000008,26023.2,33208.20552,"25-50,000",E02002632,25_To_50
E06000008,26023.2,33208.20552,"25-50,000",E02002618,25_To_50
E06000009,23908.2,30509.25402,"25-50,000",E02002638,25_To_50
E06000009,23908.2,30509.25402,"25-50,000",E02002640,25_To_50
E06000009,23908.2,30509.25402,"25-50,000",E02002647,25_To_50
E06000009,23908.2,30509.25402,"25-50,000",E02002634,25_To_50
E06000009,23908.2,30509.25402,"25-50,000",E02002636,25_To_50
E06000009,23908.2,30509.25402,"25-50,000",E02002642,25_To_50
E06000009,23908.2,30509.25402,"25-50,000",E02002643,25_To_50
E06000009,23908.2,30509.25402,"25-50,000",E02002649,25_To_50
E06000009,23908.2,30509.25402,"25-50,000",E02002645,25_To_50
E06000009,23908.2,30509.25402,"25-50,000",E02002639,25_To_50
E06000009,23908.2,30509.25402,"25-50,000",E02002641,25_To_50
E06000009,23908.2,30509.25402,"25-50,000",E02002646,25_To_50
E06000009,23908.2,30509.25402,"25-50,000",E02002648,25_To_50
E06000009,23908.2,30509.25402,"25-50,000",E02002650,25_To_50
E06000009,23908.2,30509.25402,"25-50,000",E02002651,25_To_50
E06000009,23908.2,30509.25402,"25-50,000",E02002644,25_To_50
E06000009,23908.2,30509.25402,"25-50,000",E02002637,25_To_50
E06000009,23908.2,30509.25402,"25-50,000",E02002635,25_To_50
E06000009,23908.2,30509.25402,"25-50,000",E02002633,25_To_50
E07000121,26012.6,33194.67886,"25-50,000",E02005224,25_To_50
E07000121,26012.6,33194.67886,"25-50,000",E02005239,25_To_50
E07000121,26012.6,33194.67886,"25-50,000",E02005237,25_To_50
E07000121,26012.6,33194.67886,"25-50,000",E02005223,25_To_50
E07000121,26012.6,33194.67886,"25-50,000",E02005233,25_To_50
E07000121,26012.6,33194.67886,"25-50,000",E02005225,25_To_50
E07000121,26012.6,33194.67886,"25-50,000",E02005236,25_To_50
E07000121,26012.6,33194.67886,"25-50,000",E02005234,25_To_50
E07000121,26012.6,33194.67886,"25-50,000",E02005221,25_To_50
E07000121,26012.6,33194.67886,"25-50,000",E02005222,25_To_50
E07000121,26012.6,33194.67886,"25-50,000",E02005228,25_To_50
E07000121,26012.6,33194.67886,"25-50,000",E02005226,25_To_50
E07000121,26012.6,33194.67886,"25-50,000",E02005231,25_To_50
E07000121,26012.6,33194.67886,"25-50,000",E02005229,25_To_50
E07000121,26012.6,33194.67886,"25-50,000",E02006871,25_To_50
E07000121,26012.6,33194.67886,"25-50,000",E02005238,25_To_50
E07000121,26012.6,33194.67886,"25-50,000",E02005230,25_To_50
E07000121,26012.6,33194.67886,"25-50,000",E02005235,25_To_50
E07000128,19565,24966.8965,"<25,000",E02005322,Less_Than_25
E07000128,19565,24966.8965,"<25,000",E02005331,Less_Than_25
E07000128,19565,24966.8965,"<25,000",E02005328,Less_Than_25
E07000128,19565,24966.8965,"<25,000",E02005326,Less_Than_25
E07000128,19565,24966.8965,"<25,000",E02005321,Less_Than_25
E07000128,19565,24966.8965,"<25,000",E02005324,Less_Than_25
E07000128,19565,24966.8965,"<25,000",E02005320,Less_Than_25
E07000128,19565,24966.8965,"<25,000",E02005330,Less_Than_25
E07000128,19565,24966.8965,"<25,000",E02005329,Less_Than_25
E07000128,19565,24966.8965,"<25,000",E02005325,Less_Than_25
E07000128,19565,24966.8965,"<25,000",E02005327,Less_Than_25
E07000128,19565,24966.8965,"<25,000",E02005332,Less_Than_25
E07000128,19565,24966.8965,"<25,000",E02005323,Less_Than_25
E07000128,19565,24966.8965,"<25,000",E02005319,Less_Than_25
E07000119,38247.4,48807.50714,"25-50,000",E02005208,25_To_50
E07000119,38247.4,48807.50714,"25-50,000",E02005209,25_To_50
E07000119,38247.4,48807.50714,"25-50,000",E02005210,25_To_50
E07000119,38247.4,48807.50714,"25-50,000",E02005207,25_To_50
E07000119,38247.4,48807.50714,"25-50,000",E02005211,25_To_50
E07000119,38247.4,48807.50714,"25-50,000",E02005206,25_To_50
E07000119,38247.4,48807.50714,"25-50,000",E02005205,25_To_50
E07000119,38247.4,48807.50714,"25-50,000",E02005204,25_To_50
E07000119,38247.4,48807.50714,"25-50,000",E02005203,25_To_50
E07000123,35551,45366.6311,"25-50,000",E02005261,25_To_50
E07000123,35551,45366.6311,"25-50,000",E02005258,25_To_50
E07000123,35551,45366.6311,"25-50,000",E02005259,25_To_50
E07000123,35551,45366.6311,"25-50,000",E02005264,25_To_50
E07000123,35551,45366.6311,"25-50,000",E02005269,25_To_50
E07000123,35551,45366.6311,"25-50,000",E02005266,25_To_50
E07000123,35551,45366.6311,"25-50,000",E02005262,25_To_50
E07000123,35551,45366.6311,"25-50,000",E02005268,25_To_50
E07000123,35551,45366.6311,"25-50,000",E02005256,25_To_50
E07000123,35551,45366.6311,"25-50,000",E02005255,25_To_50
E07000123,35551,45366.6311,"25-50,000",E02005257,25_To_50
E07000123,35551,45366.6311,"25-50,000",E02005265,25_To_50
E07000123,35551,45366.6311,"25-50,000",E02005253,25_To_50
E07000123,35551,45366.6311,"25-50,000",E02005254,25_To_50
E07000123,35551,45366.6311,"25-50,000",E02005263,25_To_50
E07000123,35551,45366.6311,"25-50,000",E02005267,25_To_50
E07000123,35551,45366.6311,"25-50,000",E02005260,25_To_50
E07000124,35029.6,44701.27256,"25-50,000",E02005275,25_To_50
E07000124,35029.6,44701.27256,"25-50,000",E02005272,25_To_50
E07000124,35029.6,44701.27256,"25-50,000",E02005277,25_To_50
E07000124,35029.6,44701.27256,"25-50,000",E02005276,25_To_50
E07000124,35029.6,44701.27256,"25-50,000",E02005271,25_To_50
E07000124,35029.6,44701.27256,"25-50,000",E02005273,25_To_50
E07000124,35029.6,44701.27256,"25-50,000",E02005274,25_To_50
E07000124,35029.6,44701.27256,"25-50,000",E02005270,25_To_50
E07000126,40974,52286.9214,"50-75,000",E02005303,50_To_75
E07000126,40974,52286.9214,"50-75,000",E02005293,50_To_75
E07000126,40974,52286.9214,"50-75,000",E02005301,50_To_75
E07000126,40974,52286.9214,"50-75,000",E02005292,50_To_75
E07000126,40974,52286.9214,"50-75,000",E02005298,50_To_75
E07000126,40974,52286.9214,"50-75,000",E02005288,50_To_75
E07000126,40974,52286.9214,"50-75,000",E02005294,50_To_75
E07000126,40974,52286.9214,"50-75,000",E02005297,50_To_75
E07000126,40974,52286.9214,"50-75,000",E02005296,50_To_75
E07000126,40974,52286.9214,"50-75,000",E02005300,50_To_75
E07000126,40974,52286.9214,"50-75,000",E02005290,50_To_75
E07000126,40974,52286.9214,"50-75,000",E02005289,50_To_75
E07000126,40974,52286.9214,"50-75,000",E02005291,50_To_75
E07000126,40974,52286.9214,"50-75,000",E02005287,50_To_75
E07000126,40974,52286.9214,"50-75,000",E02005299,50_To_75
E07000126,40974,52286.9214,"50-75,000",E02005295,50_To_75
E07000126,40974,52286.9214,"50-75,000",E02005302,50_To_75
E07000117,26069,33266.6509,"25-50,000",E02006881,25_To_50
E07000117,26069,33266.6509,"25-50,000",E02005181,25_To_50
E07000117,26069,33266.6509,"25-50,000",E02005182,25_To_50
E07000117,26069,33266.6509,"25-50,000",E02005183,25_To_50
E07000117,26069,33266.6509,"25-50,000",E02005178,25_To_50
E07000117,26069,33266.6509,"25-50,000",E02005177,25_To_50
E07000117,26069,33266.6509,"25-50,000",E02005185,25_To_50
E07000117,26069,33266.6509,"25-50,000",E02005180,25_To_50
E07000117,26069,33266.6509,"25-50,000",E02005186,25_To_50
E07000117,26069,33266.6509,"25-50,000",E02005176,25_To_50
E07000117,26069,33266.6509,"25-50,000",E02005184,25_To_50
E07000117,26069,33266.6509,"25-50,000",E02005179,25_To_50
E07000120,21721.2,27718.42332,"25-50,000",E02005220,25_To_50
E07000120,21721.2,27718.42332,"25-50,000",E02005212,25_To_50
E07000120,21721.2,27718.42332,"25-50,000",E02005213,25_To_50
E07000120,21721.2,27718.42332,"25-50,000",E02005219,25_To_50
E07000120,21721.2,27718.42332,"25-50,000",E02005214,25_To_50
E07000120,21721.2,27718.42332,"25-50,000",E02005218,25_To_50
E07000120,21721.2,27718.42332,"25-50,000",E02005216,25_To_50
E07000120,21721.2,27718.42332,"25-50,000",E02005215,25_To_50
E07000120,21721.2,27718.42332,"25-50,000",E02005217,25_To_50
E07000122,21951.6,28012.436759999997,"25-50,000",E02005248,25_To_50
E07000122,21951.6,28012.436759999997,"25-50,000",E02005244,25_To_50
E07000122,21951.6,28012.436759999997,"25-50,000",E02005249,25_To_50
E07000122,21951.6,28012.436759999997,"25-50,000",E02005250,25_To_50
E07000122,21951.6,28012.436759999997,"25-50,000",E02005246,25_To_50
E07000122,21951.6,28012.436759999997,"25-50,000",E02005247,25_To_50
E07000122,21951.6,28012.436759999997,"25-50,000",E02005245,25_To_50
E07000122,21951.6,28012.436759999997,"25-50,000",E02005240,25_To_50
E07000122,21951.6,28012.436759999997,"25-50,000",E02005242,25_To_50
E07000122,21951.6,28012.436759999997,"25-50,000",E02005241,25_To_50
E07000122,21951.6,28012.436759999997,"25-50,000",E02005243,25_To_50
E07000122,21951.6,28012.436759999997,"25-50,000",E02005251,25_To_50
E07000122,21951.6,28012.436759999997,"25-50,000",E02005252,25_To_50
E07000125,18858.2,24064.94902,"<25,000",E02005279,Less_Than_25
E07000125,18858.2,24064.94902,"<25,000",E02006884,Less_Than_25
E07000125,18858.2,24064.94902,"<25,000",E02005286,Less_Than_25
E07000125,18858.2,24064.94902,"<25,000",E02005285,Less_Than_25
E07000125,18858.2,24064.94902,"<25,000",E02005278,Less_Than_25
E07000125,18858.2,24064.94902,"<25,000",E02005284,Less_Than_25
E07000125,18858.2,24064.94902,"<25,000",E02005281,Less_Than_25
E07000125,18858.2,24064.94902,"<25,000",E02005280,Less_Than_25
E07000118,23753.8,30312.22418,"25-50,000",E02005192,25_To_50
E07000118,23753.8,30312.22418,"25-50,000",E02005191,25_To_50
E07000118,23753.8,30312.22418,"25-50,000",E02005201,25_To_50
E07000118,23753.8,30312.22418,"25-50,000",E02005199,25_To_50
E07000118,23753.8,30312.22418,"25-50,000",E02005190,25_To_50
E07000118,23753.8,30312.22418,"25-50,000",E02005200,25_To_50
E07000118,23753.8,30312.22418,"25-50,000",E02005202,25_To_50
E07000118,23753.8,30312.22418,"25-50,000",E02005194,25_To_50
E07000118,23753.8,30312.22418,"25-50,000",E02005189,25_To_50
E07000118,23753.8,30312.22418,"25-50,000",E02005196,25_To_50
E07000118,23753.8,30312.22418,"25-50,000",E02005198,25_To_50
E07000118,23753.8,30312.22418,"25-50,000",E02005195,25_To_50
E07000118,23753.8,30312.22418,"25-50,000",E02005197,25_To_50
E07000118,23753.8,30312.22418,"25-50,000",E02005193,25_To_50
E07000127,28991.6,36996.180759999996,"25-50,000",E02005315,25_To_50
E07000127,28991.6,36996.180759999996,"25-50,000",E02005306,25_To_50
E07000127,28991.6,36996.180759999996,"25-50,000",E02005305,25_To_50
E07000127,28991.6,36996.180759999996,"25-50,000",E02005307,25_To_50
E07000127,28991.6,36996.180759999996,"25-50,000",E02005312,25_To_50
E07000127,28991.6,36996.180759999996,"25-50,000",E02005311,25_To_50
E07000127,28991.6,36996.180759999996,"25-50,000",E02005304,25_To_50
E07000127,28991.6,36996.180759999996,"25-50,000",E02005309,25_To_50
E07000127,28991.6,36996.180759999996,"25-50,000",E02005316,25_To_50
E07000127,28991.6,36996.180759999996,"25-50,000",E02005318,25_To_50
E07000127,28991.6,36996.180759999996,"25-50,000",E02005308,25_To_50
E07000127,28991.6,36996.180759999996,"25-50,000",E02005310,25_To_50
E07000127,28991.6,36996.180759999996,"25-50,000",E02005314,25_To_50
E07000127,28991.6,36996.180759999996,"25-50,000",E02005313,25_To_50
E07000127,28991.6,36996.180759999996,"25-50,000",E02005317,25_To_50
E06000007,46549.2,59401.43412,"50-75,000",E02002614,50_To_75
E06000007,46549.2,59401.43412,"50-75,000",E02002593,50_To_75
E06000007,46549.2,59401.43412,"50-75,000",E02002613,50_To_75
E06000007,46549.2,59401.43412,"50-75,000",E02002610,50_To_75
E06000007,46549.2,59401.43412,"50-75,000",E02002598,50_To_75
E06000007,46549.2,59401.43412,"50-75,000",E02002608,50_To_75
E06000007,46549.2,59401.43412,"50-75,000",E02002607,50_To_75
E06000007,46549.2,59401.43412,"50-75,000",E02002602,50_To_75
E06000007,46549.2,59401.43412,"50-75,000",E02002594,50_To_75
E06000007,46549.2,59401.43412,"50-75,000",E02002596,50_To_75
E06000007,46549.2,59401.43412,"50-75,000",E02002603,50_To_75
E06000007,46549.2,59401.43412,"50-75,000",E02002592,50_To_75
E06000007,46549.2,59401.43412,"50-75,000",E02002590,50_To_75
E06000007,46549.2,59401.43412,"50-75,000",E02002601,50_To_75
E06000007,46549.2,59401.43412,"50-75,000",E02002600,50_To_75
E06000007,46549.2,59401.43412,"50-75,000",E02002612,50_To_75
E06000007,46549.2,59401.43412,"50-75,000",E02002605,50_To_75
E06000007,46549.2,59401.43412,"50-75,000",E02002606,50_To_75
E06000007,46549.2,59401.43412,"50-75,000",E02002599,50_To_75
E06000007,46549.2,59401.43412,"50-75,000",E02002591,50_To_75
E06000007,46549.2,59401.43412,"50-75,000",E02002609,50_To_75
E06000007,46549.2,59401.43412,"50-75,000",E02002611,50_To_75
E06000007,46549.2,59401.43412,"50-75,000",E02002604,50_To_75
E06000007,46549.2,59401.43412,"50-75,000",E02002595,50_To_75
E06000007,46549.2,59401.43412,"50-75,000",E02002597,50_To_75
E06000049,40886.8,52175.64548000001,"50-75,000",E02003817,50_To_75
E06000049,40886.8,52175.64548000001,"50-75,000",E02003812,50_To_75
E06000049,40886.8,52175.64548000001,"50-75,000",E02003862,50_To_75
E06000049,40886.8,52175.64548000001,"50-75,000",E02003867,50_To_75
E06000049,40886.8,52175.64548000001,"50-75,000",E02003814,50_To_75
E06000049,40886.8,52175.64548000001,"50-75,000",E02003819,50_To_75
E06000049,40886.8,52175.64548000001,"50-75,000",E02003820,50_To_75
E06000049,40886.8,52175.64548000001,"50-75,000",E02003834,50_To_75
E06000049,40886.8,52175.64548000001,"50-75,000",E02003831,50_To_75
E06000049,40886.8,52175.64548000001,"50-75,000",E02003825,50_To_75
E06000049,40886.8,52175.64548000001,"50-75,000",E02003835,50_To_75
E06000049,40886.8,52175.64548000001,"50-75,000",E02003864,50_To_75
E06000049,40886.8,52175.64548000001,"50-75,000",E02003860,50_To_75
E06000049,40886.8,52175.64548000001,"50-75,000",E02003856,50_To_75
E06000049,40886.8,52175.64548000001,"50-75,000",E02003859,50_To_75
E06000049,40886.8,52175.64548000001,"50-75,000",E02003858,50_To_75
E06000049,40886.8,52175.64548000001,"50-75,000",E02003863,50_To_75
E06000049,40886.8,52175.64548000001,"50-75,000",E02003861,50_To_75
E06000049,40886.8,52175.64548000001,"50-75,000",E02003869,50_To_75
E06000049,40886.8,52175.64548000001,"50-75,000",E02003866,50_To_75
E06000049,40886.8,52175.64548000001,"50-75,000",E02003872,50_To_75
E06000049,40886.8,52175.64548000001,"50-75,000",E02003827,50_To_75
E06000049,40886.8,52175.64548000001,"50-75,000",E02003854,50_To_75
E06000049,40886.8,52175.64548000001,"50-75,000",E02003837,50_To_75
E06000049,40886.8,52175.64548000001,"50-75,000",E02003870,50_To_75
E06000049,40886.8,52175.64548000001,"50-75,000",E02003868,50_To_75
E06000049,40886.8,52175.64548000001,"50-75,000",E02003836,50_To_75
E06000049,40886.8,52175.64548000001,"50-75,000",E02003840,50_To_75
E06000049,40886.8,52175.64548000001,"50-75,000",E02003829,50_To_75
E06000049,40886.8,52175.64548000001,"50-75,000",E02003839,50_To_75
E06000049,40886.8,52175.64548000001,"50-75,000",E02003838,50_To_75
E06000049,40886.8,52175.64548000001,"50-75,000",E02003833,50_To_75
E06000049,40886.8,52175.64548000001,"50-75,000",E02003865,50_To_75
E06000049,40886.8,52175.64548000001,"50-75,000",E02003826,50_To_75
E06000049,40886.8,52175.64548000001,"50-75,000",E02003853,50_To_75
E06000049,40886.8,52175.64548000001,"50-75,000",E02003824,50_To_75
E06000049,40886.8,52175.64548000001,"50-75,000",E02003871,50_To_75
E06000049,40886.8,52175.64548000001,"50-75,000",E02003816,50_To_75
E06000049,40886.8,52175.64548000001,"50-75,000",E02003828,50_To_75
E06000049,40886.8,52175.64548000001,"50-75,000",E02003818,50_To_75
E06000049,40886.8,52175.64548000001,"50-75,000",E02003813,50_To_75
E06000049,40886.8,52175.64548000001,"50-75,000",E02003821,50_To_75
E06000049,40886.8,52175.64548000001,"50-75,000",E02003830,50_To_75
E06000049,40886.8,52175.64548000001,"50-75,000",E02003857,50_To_75
E06000049,40886.8,52175.64548000001,"50-75,000",E02003855,50_To_75
E06000049,40886.8,52175.64548000001,"50-75,000",E02003832,50_To_75
E06000049,40886.8,52175.64548000001,"50-75,000",E02003873,50_To_75
E06000049,40886.8,52175.64548000001,"50-75,000",E02003823,50_To_75
E06000049,40886.8,52175.64548000001,"50-75,000",E02003811,50_To_75
E06000049,40886.8,52175.64548000001,"50-75,000",E02003815,50_To_75
E06000049,40886.8,52175.64548000001,"50-75,000",E02003822,50_To_75
E06000050,37738.6,48158.22746,"25-50,000",E02003807,25_To_50
E06000050,37738.6,48158.22746,"25-50,000",E02003808,25_To_50
E06000050,37738.6,48158.22746,"25-50,000",E02003797,25_To_50
E06000050,37738.6,48158.22746,"25-50,000",E02003801,25_To_50
E06000050,37738.6,48158.22746,"25-50,000",E02003842,25_To_50
E06000050,37738.6,48158.22746,"25-50,000",E02003847,25_To_50
E06000050,37738.6,48158.22746,"25-50,000",E02003841,25_To_50
E06000050,37738.6,48158.22746,"25-50,000",E02003876,25_To_50
E06000050,37738.6,48158.22746,"25-50,000",E02003884,25_To_50
E06000050,37738.6,48158.22746,"25-50,000",E02003874,25_To_50
E06000050,37738.6,48158.22746,"25-50,000",E02003883,25_To_50
E06000050,37738.6,48158.22746,"25-50,000",E02003890,25_To_50
E06000050,37738.6,48158.22746,"25-50,000",E02003798,25_To_50
E06000050,37738.6,48158.22746,"25-50,000",E02003879,25_To_50
E06000050,37738.6,48158.22746,"25-50,000",E02003806,25_To_50
E06000050,37738.6,48158.22746,"25-50,000",E02003795,25_To_50
E06000050,37738.6,48158.22746,"25-50,000",E02003804,25_To_50
E06000050,37738.6,48158.22746,"25-50,000",E02003848,25_To_50
E06000050,37738.6,48158.22746,"25-50,000",E02003846,25_To_50
E06000050,37738.6,48158.22746,"25-50,000",E02003843,25_To_50
E06000050,37738.6,48158.22746,"25-50,000",E02003849,25_To_50
E06000050,37738.6,48158.22746,"25-50,000",E02003850,25_To_50
E06000050,37738.6,48158.22746,"25-50,000",E02003851,25_To_50
E06000050,37738.6,48158.22746,"25-50,000",E02003880,25_To_50
E06000050,37738.6,48158.22746,"25-50,000",E02003885,25_To_50
E06000050,37738.6,48158.22746,"25-50,000",E02003888,25_To_50
E06000050,37738.6,48158.22746,"25-50,000",E02003809,25_To_50
E06000050,37738.6,48158.22746,"25-50,000",E02003878,25_To_50
E06000050,37738.6,48158.22746,"25-50,000",E02003845,25_To_50
E06000050,37738.6,48158.22746,"25-50,000",E02003810,25_To_50
E06000050,37738.6,48158.22746,"25-50,000",E02003891,25_To_50
E06000050,37738.6,48158.22746,"25-50,000",E02003882,25_To_50
E06000050,37738.6,48158.22746,"25-50,000",E02003881,25_To_50
E06000050,37738.6,48158.22746,"25-50,000",E02003889,25_To_50
E06000050,37738.6,48158.22746,"25-50,000",E02003887,25_To_50
E06000050,37738.6,48158.22746,"25-50,000",E02003794,25_To_50
E06000050,37738.6,48158.22746,"25-50,000",E02003805,25_To_50
E06000050,37738.6,48158.22746,"25-50,000",E02003875,25_To_50
E06000050,37738.6,48158.22746,"25-50,000",E02003877,25_To_50
E06000050,37738.6,48158.22746,"25-50,000",E02003800,25_To_50
E06000050,37738.6,48158.22746,"25-50,000",E02003886,25_To_50
E06000050,37738.6,48158.22746,"25-50,000",E02003802,25_To_50
E06000050,37738.6,48158.22746,"25-50,000",E02003796,25_To_50
E06000050,37738.6,48158.22746,"25-50,000",E02003799,25_To_50
E06000050,37738.6,48158.22746,"25-50,000",E02003852,25_To_50
E06000050,37738.6,48158.22746,"25-50,000",E02003844,25_To_50
E06000050,37738.6,48158.22746,"25-50,000",E02003803,25_To_50
E06000006,38347.2,48934.861919999996,"25-50,000",E02002586,25_To_50
E06000006,38347.2,48934.861919999996,"25-50,000",E02002580,25_To_50
E06000006,38347.2,48934.861919999996,"25-50,000",E02002585,25_To_50
E06000006,38347.2,48934.861919999996,"25-50,000",E02002579,25_To_50
E06000006,38347.2,48934.861919999996,"25-50,000",E02002589,25_To_50
E06000006,38347.2,48934.861919999996,"25-50,000",E02002583,25_To_50
E06000006,38347.2,48934.861919999996,"25-50,000",E02002577,25_To_50
E06000006,38347.2,48934.861919999996,"25-50,000",E02002578,25_To_50
E06000006,38347.2,48934.861919999996,"25-50,000",E02002584,25_To_50
E06000006,38347.2,48934.861919999996,"25-50,000",E02002575,25_To_50
E06000006,38347.2,48934.861919999996,"25-50,000",E02002582,25_To_50
E06000006,38347.2,48934.861919999996,"25-50,000",E02002574,25_To_50
E06000006,38347.2,48934.861919999996,"25-50,000",E02002581,25_To_50
E06000006,38347.2,48934.861919999996,"25-50,000",E02002588,25_To_50
E06000006,38347.2,48934.861919999996,"25-50,000",E02002587,25_To_50
E06000006,38347.2,48934.861919999996,"25-50,000",E02002576,25_To_50
E08000011,29185.8,37243.99938,"25-50,000",E02001344,25_To_50
E08000011,29185.8,37243.99938,"25-50,000",E02001338,25_To_50
E08000011,29185.8,37243.99938,"25-50,000",E02001332,25_To_50
E08000011,29185.8,37243.99938,"25-50,000",E02001342,25_To_50
E08000011,29185.8,37243.99938,"25-50,000",E02001345,25_To_50
E08000011,29185.8,37243.99938,"25-50,000",E02001346,25_To_50
E08000011,29185.8,37243.99938,"25-50,000",E02001328,25_To_50
E08000011,29185.8,37243.99938,"25-50,000",E02001337,25_To_50
E08000011,29185.8,37243.99938,"25-50,000",E02001333,25_To_50
E08000011,29185.8,37243.99938,"25-50,000",E02001341,25_To_50
E08000011,29185.8,37243.99938,"25-50,000",E02001339,25_To_50
E08000011,29185.8,37243.99938,"25-50,000",E02001330,25_To_50
E08000011,29185.8,37243.99938,"25-50,000",E02001329,25_To_50
E08000011,29185.8,37243.99938,"25-50,000",E02001331,25_To_50
E08000011,29185.8,37243.99938,"25-50,000",E02001336,25_To_50
E08000011,29185.8,37243.99938,"25-50,000",E02001335,25_To_50
E08000011,29185.8,37243.99938,"25-50,000",E02001343,25_To_50
E08000011,29185.8,37243.99938,"25-50,000",E02001334,25_To_50
E08000011,29185.8,37243.99938,"25-50,000",E02001327,25_To_50
E08000011,29185.8,37243.99938,"25-50,000",E02001340,25_To_50
E08000013,19222.4,24529.704640000004,"<25,000",E02001423,Less_Than_25
E08000013,19222.4,24529.704640000004,"<25,000",E02001424,Less_Than_25
E08000013,19222.4,24529.704640000004,"<25,000",E02001411,Less_Than_25
E08000013,19222.4,24529.704640000004,"<25,000",E02001420,Less_Than_25
E08000013,19222.4,24529.704640000004,"<25,000",E02001428,Less_Than_25
E08000013,19222.4,24529.704640000004,"<25,000",E02001407,Less_Than_25
E08000013,19222.4,24529.704640000004,"<25,000",E02001421,Less_Than_25
E08000013,19222.4,24529.704640000004,"<25,000",E02001410,Less_Than_25
E08000013,19222.4,24529.704640000004,"<25,000",E02001409,Less_Than_25
E08000013,19222.4,24529.704640000004,"<25,000",E02001415,Less_Than_25
E08000013,19222.4,24529.704640000004,"<25,000",E02001418,Less_Than_25
E08000013,19222.4,24529.704640000004,"<25,000",E02001417,Less_Than_25
E08000013,19222.4,24529.704640000004,"<25,000",E02001406,Less_Than_25
E08000013,19222.4,24529.704640000004,"<25,000",E02001427,Less_Than_25
E08000013,19222.4,24529.704640000004,"<25,000",E02001422,Less_Than_25
E08000013,19222.4,24529.704640000004,"<25,000",E02001416,Less_Than_25
E08000013,19222.4,24529.704640000004,"<25,000",E02001419,Less_Than_25
E08000013,19222.4,24529.704640000004,"<25,000",E02001412,Less_Than_25
E08000013,19222.4,24529.704640000004,"<25,000",E02001413,Less_Than_25
E08000013,19222.4,24529.704640000004,"<25,000",E02001425,Less_Than_25
E08000013,19222.4,24529.704640000004,"<25,000",E02001414,Less_Than_25
E08000013,19222.4,24529.704640000004,"<25,000",E02001408,Less_Than_25
E08000013,19222.4,24529.704640000004,"<25,000",E02001426,Less_Than_25
E08000012,35367.8,45132.84958,"25-50,000",E02001397,25_To_50
E08000012,35367.8,45132.84958,"25-50,000",E02001385,25_To_50
E08000012,35367.8,45132.84958,"25-50,000",E02001390,25_To_50
E08000012,35367.8,45132.84958,"25-50,000",E02001376,25_To_50
E08000012,35367.8,45132.84958,"25-50,000",E02001381,25_To_50
E08000012,35367.8,45132.84958,"25-50,000",E02001384,25_To_50
E08000012,35367.8,45132.84958,"25-50,000",E02001361,25_To_50
E08000012,35367.8,45132.84958,"25-50,000",E02001375,25_To_50
E08000012,35367.8,45132.84958,"25-50,000",E02001378,25_To_50
E08000012,35367.8,45132.84958,"25-50,000",E02001356,25_To_50
E08000012,35367.8,45132.84958,"25-50,000",E02001355,25_To_50
E08000012,35367.8,45132.84958,"25-50,000",E02001358,25_To_50
E08000012,35367.8,45132.84958,"25-50,000",E02001362,25_To_50
E08000012,35367.8,45132.84958,"25-50,000",E02001371,25_To_50
E08000012,35367.8,45132.84958,"25-50,000",E02001351,25_To_50
E08000012,35367.8,45132.84958,"25-50,000",E02001350,25_To_50
E08000012,35367.8,45132.84958,"25-50,000",E02001402,25_To_50
E08000012,35367.8,45132.84958,"25-50,000",E02001370,25_To_50
E08000012,35367.8,45132.84958,"25-50,000",E02001386,25_To_50
E08000012,35367.8,45132.84958,"25-50,000",E02001373,25_To_50
E08000012,35367.8,45132.84958,"25-50,000",E02001404,25_To_50
E08000012,35367.8,45132.84958,"25-50,000",E02001405,25_To_50
E08000012,35367.8,45132.84958,"25-50,000",E02001366,25_To_50
E08000012,35367.8,45132.84958,"25-50,000",E02001349,25_To_50
E08000012,35367.8,45132.84958,"25-50,000",E02001352,25_To_50
E08000012,35367.8,45132.84958,"25-50,000",E02001372,25_To_50
E08000012,35367.8,45132.84958,"25-50,000",E02001359,25_To_50
E08000012,35367.8,45132.84958,"25-50,000",E02001353,25_To_50
E08000012,35367.8,45132.84958,"25-50,000",E02001400,25_To_50
E08000012,35367.8,45132.84958,"25-50,000",E02001398,25_To_50
E08000012,35367.8,45132.84958,"25-50,000",E02001401,25_To_50
E08000012,35367.8,45132.84958,"25-50,000",E02001387,25_To_50
E08000012,35367.8,45132.84958,"25-50,000",E02001393,25_To_50
E08000012,35367.8,45132.84958,"25-50,000",E02001392,25_To_50
E08000012,35367.8,45132.84958,"25-50,000",E02001367,25_To_50
E08000012,35367.8,45132.84958,"25-50,000",E02001369,25_To_50
E08000012,35367.8,45132.84958,"25-50,000",E02001396,25_To_50
E08000012,35367.8,45132.84958,"25-50,000",E02001363,25_To_50
E08000012,35367.8,45132.84958,"25-50,000",E02001347,25_To_50
E08000012,35367.8,45132.84958,"25-50,000",E02001360,25_To_50
E08000012,35367.8,45132.84958,"25-50,000",E02001368,25_To_50
E08000012,35367.8,45132.84958,"25-50,000",E02001391,25_To_50
E08000012,35367.8,45132.84958,"25-50,000",E02001354,25_To_50
E08000012,35367.8,45132.84958,"25-50,000",E02001403,25_To_50
E08000012,35367.8,45132.84958,"25-50,000",E02001399,25_To_50
E08000012,35367.8,45132.84958,"25-50,000",E02001382,25_To_50
E08000012,35367.8,45132.84958,"25-50,000",E02001380,25_To_50
E08000012,35367.8,45132.84958,"25-50,000",E02001394,25_To_50
E08000012,35367.8,45132.84958,"25-50,000",E02001365,25_To_50
E08000012,35367.8,45132.84958,"25-50,000",E02001348,25_To_50
E08000012,35367.8,45132.84958,"25-50,000",E02001389,25_To_50
E08000012,35367.8,45132.84958,"25-50,000",E02001377,25_To_50
E08000012,35367.8,45132.84958,"25-50,000",E02001374,25_To_50
E08000012,35367.8,45132.84958,"25-50,000",E02001395,25_To_50
E08000012,35367.8,45132.84958,"25-50,000",E02001383,25_To_50
E08000012,35367.8,45132.84958,"25-50,000",E02001364,25_To_50
E08000012,35367.8,45132.84958,"25-50,000",E02006933,25_To_50
E08000012,35367.8,45132.84958,"25-50,000",E02001388,25_To_50
E08000012,35367.8,45132.84958,"25-50,000",E02006934,25_To_50
E08000012,35367.8,45132.84958,"25-50,000",E02006932,25_To_50
E08000012,35367.8,45132.84958,"25-50,000",E02001357,25_To_50
E08000014,19982,25499.0302,"25-50,000",E02001432,25_To_50
E08000014,19982,25499.0302,"25-50,000",E02001431,25_To_50
E08000014,19982,25499.0302,"25-50,000",E02001462,25_To_50
E08000014,19982,25499.0302,"25-50,000",E02001437,25_To_50
E08000014,19982,25499.0302,"25-50,000",E02001460,25_To_50
E08000014,19982,25499.0302,"25-50,000",E02001451,25_To_50
E08000014,19982,25499.0302,"25-50,000",E02001435,25_To_50
E08000014,19982,25499.0302,"25-50,000",E02001436,25_To_50
E08000014,19982,25499.0302,"25-50,000",E02001453,25_To_50
E08000014,19982,25499.0302,"25-50,000",E02001430,25_To_50
E08000014,19982,25499.0302,"25-50,000",E02001434,25_To_50
E08000014,19982,25499.0302,"25-50,000",E02001442,25_To_50
E08000014,19982,25499.0302,"25-50,000",E02001448,25_To_50
E08000014,19982,25499.0302,"25-50,000",E02001445,25_To_50
E08000014,19982,25499.0302,"25-50,000",E02001446,25_To_50
E08000014,19982,25499.0302,"25-50,000",E02001439,25_To_50
E08000014,19982,25499.0302,"25-50,000",E02001438,25_To_50
E08000014,19982,25499.0302,"25-50,000",E02001456,25_To_50
E08000014,19982,25499.0302,"25-50,000",E02001466,25_To_50
E08000014,19982,25499.0302,"25-50,000",E02001464,25_To_50
E08000014,19982,25499.0302,"25-50,000",E02001459,25_To_50
E08000014,19982,25499.0302,"25-50,000",E02001461,25_To_50
E08000014,19982,25499.0302,"25-50,000",E02001443,25_To_50
E08000014,19982,25499.0302,"25-50,000",E02001440,25_To_50
E08000014,19982,25499.0302,"25-50,000",E02001449,25_To_50
E08000014,19982,25499.0302,"25-50,000",E02001457,25_To_50
E08000014,19982,25499.0302,"25-50,000",E02001455,25_To_50
E08000014,19982,25499.0302,"25-50,000",E02001454,25_To_50
E08000014,19982,25499.0302,"25-50,000",E02001450,25_To_50
E08000014,19982,25499.0302,"25-50,000",E02001465,25_To_50
E08000014,19982,25499.0302,"25-50,000",E02001447,25_To_50
E08000014,19982,25499.0302,"25-50,000",E02001452,25_To_50
E08000014,19982,25499.0302,"25-50,000",E02001441,25_To_50
E08000014,19982,25499.0302,"25-50,000",E02001433,25_To_50
E08000014,19982,25499.0302,"25-50,000",E02001429,25_To_50
E08000014,19982,25499.0302,"25-50,000",E02001463,25_To_50
E08000014,19982,25499.0302,"25-50,000",E02001444,25_To_50
E08000014,19982,25499.0302,"25-50,000",E02001458,25_To_50
E08000015,21002.2,26800.90742,"25-50,000",E02001469,25_To_50
E08000015,21002.2,26800.90742,"25-50,000",E02001467,25_To_50
E08000015,21002.2,26800.90742,"25-50,000",E02001494,25_To_50
E08000015,21002.2,26800.90742,"25-50,000",E02001488,25_To_50
E08000015,21002.2,26800.90742,"25-50,000",E02001497,25_To_50
E08000015,21002.2,26800.90742,"25-50,000",E02001481,25_To_50
E08000015,21002.2,26800.90742,"25-50,000",E02001502,25_To_50
E08000015,21002.2,26800.90742,"25-50,000",E02001508,25_To_50
E08000015,21002.2,26800.90742,"25-50,000",E02001480,25_To_50
E08000015,21002.2,26800.90742,"25-50,000",E02001478,25_To_50
E08000015,21002.2,26800.90742,"25-50,000",E02001468,25_To_50
E08000015,21002.2,26800.90742,"25-50,000",E02001496,25_To_50
E08000015,21002.2,26800.90742,"25-50,000",E02001489,25_To_50
E08000015,21002.2,26800.90742,"25-50,000",E02001500,25_To_50
E08000015,21002.2,26800.90742,"25-50,000",E02001484,25_To_50
E08000015,21002.2,26800.90742,"25-50,000",E02001499,25_To_50
E08000015,21002.2,26800.90742,"25-50,000",E02001504,25_To_50
E08000015,21002.2,26800.90742,"25-50,000",E02001505,25_To_50
E08000015,21002.2,26800.90742,"25-50,000",E02001485,25_To_50
E08000015,21002.2,26800.90742,"25-50,000",E02001475,25_To_50
E08000015,21002.2,26800.90742,"25-50,000",E02001471,25_To_50
E08000015,21002.2,26800.90742,"25-50,000",E02001491,25_To_50
E08000015,21002.2,26800.90742,"25-50,000",E02001474,25_To_50
E08000015,21002.2,26800.90742,"25-50,000",E02001476,25_To_50
E08000015,21002.2,26800.90742,"25-50,000",E02001493,25_To_50
E08000015,21002.2,26800.90742,"25-50,000",E02001487,25_To_50
E08000015,21002.2,26800.90742,"25-50,000",E02001506,25_To_50
E08000015,21002.2,26800.90742,"25-50,000",E02001472,25_To_50
E08000015,21002.2,26800.90742,"25-50,000",E02001490,25_To_50
E08000015,21002.2,26800.90742,"25-50,000",E02001495,25_To_50
E08000015,21002.2,26800.90742,"25-50,000",E02001498,25_To_50
E08000015,21002.2,26800.90742,"25-50,000",E02001503,25_To_50
E08000015,21002.2,26800.90742,"25-50,000",E02001486,25_To_50
E08000015,21002.2,26800.90742,"25-50,000",E02001507,25_To_50
E08000015,21002.2,26800.90742,"25-50,000",E02001492,25_To_50
E08000015,21002.2,26800.90742,"25-50,000",E02001470,25_To_50
E08000015,21002.2,26800.90742,"25-50,000",E02001479,25_To_50
E08000015,21002.2,26800.90742,"25-50,000",E02001477,25_To_50
E08000015,21002.2,26800.90742,"25-50,000",E02001482,25_To_50
E08000015,21002.2,26800.90742,"25-50,000",E02001483,25_To_50
E08000015,21002.2,26800.90742,"25-50,000",E02001473,25_To_50
E08000015,21002.2,26800.90742,"25-50,000",E02001501,25_To_50
E06000010,26986.4,34437.34504,"25-50,000",E02002677,25_To_50
E06000010,26986.4,34437.34504,"25-50,000",E02002665,25_To_50
E06000010,26986.4,34437.34504,"25-50,000",E02002656,25_To_50
E06000010,26986.4,34437.34504,"25-50,000",E02002673,25_To_50
E06000010,26986.4,34437.34504,"25-50,000",E02002667,25_To_50
E06000010,26986.4,34437.34504,"25-50,000",E02002663,25_To_50
E06000010,26986.4,34437.34504,"25-50,000",E02002658,25_To_50
E06000010,26986.4,34437.34504,"25-50,000",E02002670,25_To_50
E06000010,26986.4,34437.34504,"25-50,000",E02002666,25_To_50
E06000010,26986.4,34437.34504,"25-50,000",E02002680,25_To_50
E06000010,26986.4,34437.34504,"25-50,000",E02002675,25_To_50
E06000010,26986.4,34437.34504,"25-50,000",E02002681,25_To_50
E06000010,26986.4,34437.34504,"25-50,000",E02002652,25_To_50
E06000010,26986.4,34437.34504,"25-50,000",E02002653,25_To_50
E06000010,26986.4,34437.34504,"25-50,000",E02002655,25_To_50
E06000010,26986.4,34437.34504,"25-50,000",E02002662,25_To_50
E06000010,26986.4,34437.34504,"25-50,000",E02002661,25_To_50
E06000010,26986.4,34437.34504,"25-50,000",E02002660,25_To_50
E06000010,26986.4,34437.34504,"25-50,000",E02002668,25_To_50
E06000010,26986.4,34437.34504,"25-50,000",E02002672,25_To_50
E06000010,26986.4,34437.34504,"25-50,000",E02002682,25_To_50
E06000010,26986.4,34437.34504,"25-50,000",E02006813,25_To_50
E06000010,26986.4,34437.34504,"25-50,000",E02002654,25_To_50
E06000010,26986.4,34437.34504,"25-50,000",E02002676,25_To_50
E06000010,26986.4,34437.34504,"25-50,000",E02002678,25_To_50
E06000010,26986.4,34437.34504,"25-50,000",E02002664,25_To_50
E06000010,26986.4,34437.34504,"25-50,000",E02002671,25_To_50
E06000010,26986.4,34437.34504,"25-50,000",E02002679,25_To_50
E06000010,26986.4,34437.34504,"25-50,000",E02002657,25_To_50
E06000010,26986.4,34437.34504,"25-50,000",E02002669,25_To_50
E06000010,26986.4,34437.34504,"25-50,000",E02002674,25_To_50
E06000010,26986.4,34437.34504,"25-50,000",E02002659,25_To_50
E06000011,26649.4,34007.299340000005,"25-50,000",E02002723,25_To_50
E06000011,26649.4,34007.299340000005,"25-50,000",E02002719,25_To_50
E06000011,26649.4,34007.299340000005,"25-50,000",E02006892,25_To_50
E06000011,26649.4,34007.299340000005,"25-50,000",E02002703,25_To_50
E06000011,26649.4,34007.299340000005,"25-50,000",E02002684,25_To_50
E06000011,26649.4,34007.299340000005,"25-50,000",E02002686,25_To_50
E06000011,26649.4,34007.299340000005,"25-50,000",E02002724,25_To_50
E06000011,26649.4,34007.299340000005,"25-50,000",E02006814,25_To_50
E06000011,26649.4,34007.299340000005,"25-50,000",E02002702,25_To_50
E06000011,26649.4,34007.299340000005,"25-50,000",E02002695,25_To_50
E06000011,26649.4,34007.299340000005,"25-50,000",E02002717,25_To_50
E06000011,26649.4,34007.299340000005,"25-50,000",E02002689,25_To_50
E06000011,26649.4,34007.299340000005,"25-50,000",E02002699,25_To_50
E06000011,26649.4,34007.299340000005,"25-50,000",E02002718,25_To_50
E06000011,26649.4,34007.299340000005,"25-50,000",E02002711,25_To_50
E06000011,26649.4,34007.299340000005,"25-50,000",E02002693,25_To_50
E06000011,26649.4,34007.299340000005,"25-50,000",E02002710,25_To_50
E06000011,26649.4,34007.299340000005,"25-50,000",E02002715,25_To_50
E06000011,26649.4,34007.299340000005,"25-50,000",E02002692,25_To_50
E06000011,26649.4,34007.299340000005,"25-50,000",E02002691,25_To_50
E06000011,26649.4,34007.299340000005,"25-50,000",E02002712,25_To_50
E06000011,26649.4,34007.299340000005,"25-50,000",E02002698,25_To_50
E06000011,26649.4,34007.299340000005,"25-50,000",E02002697,25_To_50
E06000011,26649.4,34007.299340000005,"25-50,000",E02002707,25_To_50
E06000011,26649.4,34007.299340000005,"25-50,000",E02002705,25_To_50
E06000011,26649.4,34007.299340000005,"25-50,000",E02006891,25_To_50
E06000011,26649.4,34007.299340000005,"25-50,000",E02002721,25_To_50
E06000011,26649.4,34007.299340000005,"25-50,000",E02002709,25_To_50
E06000011,26649.4,34007.299340000005,"25-50,000",E02002716,25_To_50
E06000011,26649.4,34007.299340000005,"25-50,000",E02002694,25_To_50
E06000011,26649.4,34007.299340000005,"25-50,000",E02002725,25_To_50
E06000011,26649.4,34007.299340000005,"25-50,000",E02002722,25_To_50
E06000011,26649.4,34007.299340000005,"25-50,000",E02002685,25_To_50
E06000011,26649.4,34007.299340000005,"25-50,000",E02002687,25_To_50
E06000011,26649.4,34007.299340000005,"25-50,000",E02002706,25_To_50
E06000011,26649.4,34007.299340000005,"25-50,000",E02002708,25_To_50
E06000011,26649.4,34007.299340000005,"25-50,000",E02002700,25_To_50
E06000011,26649.4,34007.299340000005,"25-50,000",E02002696,25_To_50
E06000011,26649.4,34007.299340000005,"25-50,000",E02002701,25_To_50
E06000011,26649.4,34007.299340000005,"25-50,000",E02002688,25_To_50
E06000011,26649.4,34007.299340000005,"25-50,000",E02002704,25_To_50
E06000011,26649.4,34007.299340000005,"25-50,000",E02002714,25_To_50
E06000011,26649.4,34007.299340000005,"25-50,000",E02002720,25_To_50
E06000012,27136.8,34629.27048,"25-50,000",E02002727,25_To_50
E06000012,27136.8,34629.27048,"25-50,000",E02002733,25_To_50
E06000012,27136.8,34629.27048,"25-50,000",E02002732,25_To_50
E06000012,27136.8,34629.27048,"25-50,000",E02002731,25_To_50
E06000012,27136.8,34629.27048,"25-50,000",E02002734,25_To_50
E06000012,27136.8,34629.27048,"25-50,000",E02002729,25_To_50
E06000012,27136.8,34629.27048,"25-50,000",E02002736,25_To_50
E06000012,27136.8,34629.27048,"25-50,000",E02002737,25_To_50
E06000012,27136.8,34629.27048,"25-50,000",E02002741,25_To_50
E06000012,27136.8,34629.27048,"25-50,000",E02002743,25_To_50
E06000012,27136.8,34629.27048,"25-50,000",E02002730,25_To_50
E06000012,27136.8,34629.27048,"25-50,000",E02002735,25_To_50
E06000012,27136.8,34629.27048,"25-50,000",E02002740,25_To_50
E06000012,27136.8,34629.27048,"25-50,000",E02002728,25_To_50
E06000012,27136.8,34629.27048,"25-50,000",E02002726,25_To_50
E06000012,27136.8,34629.27048,"25-50,000",E02002748,25_To_50
E06000012,27136.8,34629.27048,"25-50,000",E02002739,25_To_50
E06000012,27136.8,34629.27048,"25-50,000",E02002742,25_To_50
E06000012,27136.8,34629.27048,"25-50,000",E02002738,25_To_50
E06000012,27136.8,34629.27048,"25-50,000",E02002745,25_To_50
E06000012,27136.8,34629.27048,"25-50,000",E02002747,25_To_50
E06000012,27136.8,34629.27048,"25-50,000",E02002746,25_To_50
E06000012,27136.8,34629.27048,"25-50,000",E02002744,25_To_50
E06000013,34707.6,44290.36836,"25-50,000",E02002761,25_To_50
E06000013,34707.6,44290.36836,"25-50,000",E02002753,25_To_50
E06000013,34707.6,44290.36836,"25-50,000",E02002751,25_To_50
E06000013,34707.6,44290.36836,"25-50,000",E02002750,25_To_50
E06000013,34707.6,44290.36836,"25-50,000",E02002752,25_To_50
E06000013,34707.6,44290.36836,"25-50,000",E02002769,25_To_50
E06000013,34707.6,44290.36836,"25-50,000",E02002770,25_To_50
E06000013,34707.6,44290.36836,"25-50,000",E02002765,25_To_50
E06000013,34707.6,44290.36836,"25-50,000",E02002766,25_To_50
E06000013,34707.6,44290.36836,"25-50,000",E02002768,25_To_50
E06000013,34707.6,44290.36836,"25-50,000",E02002754,25_To_50
E06000013,34707.6,44290.36836,"25-50,000",E02002771,25_To_50
E06000013,34707.6,44290.36836,"25-50,000",E02002759,25_To_50
E06000013,34707.6,44290.36836,"25-50,000",E02002760,25_To_50
E06000013,34707.6,44290.36836,"25-50,000",E02002758,25_To_50
E06000013,34707.6,44290.36836,"25-50,000",E02002763,25_To_50
E06000013,34707.6,44290.36836,"25-50,000",E02002749,25_To_50
E06000013,34707.6,44290.36836,"25-50,000",E02002756,25_To_50
E06000013,34707.6,44290.36836,"25-50,000",E02002767,25_To_50
E06000013,34707.6,44290.36836,"25-50,000",E02002757,25_To_50
E06000013,34707.6,44290.36836,"25-50,000",E02002762,25_To_50
E06000013,34707.6,44290.36836,"25-50,000",E02002755,25_To_50
E06000013,34707.6,44290.36836,"25-50,000",E02002764,25_To_50
E06000014,37991.8,48481.33598,"25-50,000",E02002790,25_To_50
E06000014,37991.8,48481.33598,"25-50,000",E02002778,25_To_50
E06000014,37991.8,48481.33598,"25-50,000",E02002794,25_To_50
E06000014,37991.8,48481.33598,"25-50,000",E02002773,25_To_50
E06000014,37991.8,48481.33598,"25-50,000",E02002793,25_To_50
E06000014,37991.8,48481.33598,"25-50,000",E02002774,25_To_50
E06000014,37991.8,48481.33598,"25-50,000",E02002779,25_To_50
E06000014,37991.8,48481.33598,"25-50,000",E02002775,25_To_50
E06000014,37991.8,48481.33598,"25-50,000",E02002782,25_To_50
E06000014,37991.8,48481.33598,"25-50,000",E02002783,25_To_50
E06000014,37991.8,48481.33598,"25-50,000",E02002789,25_To_50
E06000014,37991.8,48481.33598,"25-50,000",E02002777,25_To_50
E06000014,37991.8,48481.33598,"25-50,000",E02002787,25_To_50
E06000014,37991.8,48481.33598,"25-50,000",E02002776,25_To_50
E06000014,37991.8,48481.33598,"25-50,000",E02002772,25_To_50
E06000014,37991.8,48481.33598,"25-50,000",E02002795,25_To_50
E06000014,37991.8,48481.33598,"25-50,000",E02002792,25_To_50
E06000014,37991.8,48481.33598,"25-50,000",E02002784,25_To_50
E06000014,37991.8,48481.33598,"25-50,000",E02002780,25_To_50
E06000014,37991.8,48481.33598,"25-50,000",E02002788,25_To_50
E06000014,37991.8,48481.33598,"25-50,000",E02002785,25_To_50
E06000014,37991.8,48481.33598,"25-50,000",E02002781,25_To_50
E06000014,37991.8,48481.33598,"25-50,000",E02002786,25_To_50
E06000014,37991.8,48481.33598,"25-50,000",E02002791,25_To_50
E06000065,30961,39509.3321,"25-50,000",E02005752,25_To_50
E06000065,30961,39509.3321,"25-50,000",E02005747,25_To_50
E06000065,30961,39509.3321,"25-50,000",E02005755,25_To_50
E06000065,30961,39509.3321,"25-50,000",E02005759,25_To_50
E06000065,30961,39509.3321,"25-50,000",E02005751,25_To_50
E06000065,30961,39509.3321,"25-50,000",E02005756,25_To_50
E06000065,30961,39509.3321,"25-50,000",E02005754,25_To_50
E06000065,30961,39509.3321,"25-50,000",E02005760,25_To_50
E06000065,30961,39509.3321,"25-50,000",E02005758,25_To_50
E06000065,30961,39509.3321,"25-50,000",E02005757,25_To_50
E06000065,30961,39509.3321,"25-50,000",E02005753,25_To_50
E06000065,30961,39509.3321,"25-50,000",E02005746,25_To_50
E06000065,30961,39509.3321,"25-50,000",E02005745,25_To_50
E06000065,30961,39509.3321,"25-50,000",E02005749,25_To_50
E06000065,30961,39509.3321,"25-50,000",E02005743,25_To_50
E06000065,30961,39509.3321,"25-50,000",E02005750,25_To_50
E06000065,30961,39509.3321,"25-50,000",E02005742,25_To_50
E06000065,30961,39509.3321,"25-50,000",E02005748,25_To_50
E06000065,30961,39509.3321,"25-50,000",E02005744,25_To_50
E06000065,30961,39509.3321,"25-50,000",E02005762,25_To_50
E06000065,30961,39509.3321,"25-50,000",E02005780,25_To_50
E06000065,30961,39509.3321,"25-50,000",E02005770,25_To_50
E06000065,30961,39509.3321,"25-50,000",E02005779,25_To_50
E06000065,30961,39509.3321,"25-50,000",E02005781,25_To_50
E06000065,30961,39509.3321,"25-50,000",E02005765,25_To_50
E06000065,30961,39509.3321,"25-50,000",E02005769,25_To_50
E06000065,30961,39509.3321,"25-50,000",E02005766,25_To_50
E06000065,30961,39509.3321,"25-50,000",E02005764,25_To_50
E06000065,30961,39509.3321,"25-50,000",E02005763,25_To_50
E06000065,30961,39509.3321,"25-50,000",E02005778,25_To_50
E06000065,30961,39509.3321,"25-50,000",E02005767,25_To_50
E06000065,30961,39509.3321,"25-50,000",E02005768,25_To_50
E06000065,30961,39509.3321,"25-50,000",E02005761,25_To_50
E06000065,30961,39509.3321,"25-50,000",E02005776,25_To_50
E06000065,30961,39509.3321,"25-50,000",E02005772,25_To_50
E06000065,30961,39509.3321,"25-50,000",E02005773,25_To_50
E06000065,30961,39509.3321,"25-50,000",E02005774,25_To_50
E06000065,30961,39509.3321,"25-50,000",E02005777,25_To_50
E06000065,30961,39509.3321,"25-50,000",E02005771,25_To_50
E06000065,30961,39509.3321,"25-50,000",E02005775,25_To_50
E06000065,30961,39509.3321,"25-50,000",E02005782,25_To_50
E06000065,30961,39509.3321,"25-50,000",E02005783,25_To_50
E06000065,30961,39509.3321,"25-50,000",E02005786,25_To_50
E06000065,30961,39509.3321,"25-50,000",E02005785,25_To_50
E06000065,30961,39509.3321,"25-50,000",E02005787,25_To_50
E06000065,30961,39509.3321,"25-50,000",E02005784,25_To_50
E06000065,30961,39509.3321,"25-50,000",E02005805,25_To_50
E06000065,30961,39509.3321,"25-50,000",E02005803,25_To_50
E06000065,30961,39509.3321,"25-50,000",E02005808,25_To_50
E06000065,30961,39509.3321,"25-50,000",E02005789,25_To_50
E06000065,30961,39509.3321,"25-50,000",E02005795,25_To_50
E06000065,30961,39509.3321,"25-50,000",E02005804,25_To_50
E06000065,30961,39509.3321,"25-50,000",E02005791,25_To_50
E06000065,30961,39509.3321,"25-50,000",E02005794,25_To_50
E06000065,30961,39509.3321,"25-50,000",E02005790,25_To_50
E06000065,30961,39509.3321,"25-50,000",E02005802,25_To_50
E06000065,30961,39509.3321,"25-50,000",E02005796,25_To_50
E06000065,30961,39509.3321,"25-50,000",E02005799,25_To_50
E06000065,30961,39509.3321,"25-50,000",E02005800,25_To_50
E06000065,30961,39509.3321,"25-50,000",E02005806,25_To_50
E06000065,30961,39509.3321,"25-50,000",E02005797,25_To_50
E06000065,30961,39509.3321,"25-50,000",E02005801,25_To_50
E06000065,30961,39509.3321,"25-50,000",E02005807,25_To_50
E06000065,30961,39509.3321,"25-50,000",E02005798,25_To_50
E06000065,30961,39509.3321,"25-50,000",E02005788,25_To_50
E06000065,30961,39509.3321,"25-50,000",E02006870,25_To_50
E06000065,30961,39509.3321,"25-50,000",E02005809,25_To_50
E06000065,30961,39509.3321,"25-50,000",E02005814,25_To_50
E06000065,30961,39509.3321,"25-50,000",E02005810,25_To_50
E06000065,30961,39509.3321,"25-50,000",E02005817,25_To_50
E06000065,30961,39509.3321,"25-50,000",E02005812,25_To_50
E06000065,30961,39509.3321,"25-50,000",E02005818,25_To_50
E06000065,30961,39509.3321,"25-50,000",E02005811,25_To_50
E06000065,30961,39509.3321,"25-50,000",E02005813,25_To_50
E06000065,30961,39509.3321,"25-50,000",E02005816,25_To_50
E06000065,30961,39509.3321,"25-50,000",E02005815,25_To_50
E08000019,29263.2,37342.76952,"25-50,000",E02001678,25_To_50
E08000019,29263.2,37342.76952,"25-50,000",E02001681,25_To_50
E08000019,29263.2,37342.76952,"25-50,000",E02001657,25_To_50
E08000019,29263.2,37342.76952,"25-50,000",E02001665,25_To_50
E08000019,29263.2,37342.76952,"25-50,000",E02001651,25_To_50
E08000019,29263.2,37342.76952,"25-50,000",E02001643,25_To_50
E08000019,29263.2,37342.76952,"25-50,000",E02001663,25_To_50
E08000019,29263.2,37342.76952,"25-50,000",E02001635,25_To_50
E08000019,29263.2,37342.76952,"25-50,000",E02001671,25_To_50
E08000019,29263.2,37342.76952,"25-50,000",E02001618,25_To_50
E08000019,29263.2,37342.76952,"25-50,000",E02001615,25_To_50
E08000019,29263.2,37342.76952,"25-50,000",E02001612,25_To_50
E08000019,29263.2,37342.76952,"25-50,000",E02001674,25_To_50
E08000019,29263.2,37342.76952,"25-50,000",E02001679,25_To_50
E08000019,29263.2,37342.76952,"25-50,000",E02006869,25_To_50
E08000019,29263.2,37342.76952,"25-50,000",E02001623,25_To_50
E08000019,29263.2,37342.76952,"25-50,000",E02001614,25_To_50
E08000019,29263.2,37342.76952,"25-50,000",E02001647,25_To_50
E08000019,29263.2,37342.76952,"25-50,000",E02001632,25_To_50
E08000019,29263.2,37342.76952,"25-50,000",E02001629,25_To_50
E08000019,29263.2,37342.76952,"25-50,000",E02001628,25_To_50
E08000019,29263.2,37342.76952,"25-50,000",E02001642,25_To_50
E08000019,29263.2,37342.76952,"25-50,000",E02001630,25_To_50
E08000019,29263.2,37342.76952,"25-50,000",E02001660,25_To_50
E08000019,29263.2,37342.76952,"25-50,000",E02001656,25_To_50
E08000019,29263.2,37342.76952,"25-50,000",E02001661,25_To_50
E08000019,29263.2,37342.76952,"25-50,000",E02001613,25_To_50
E08000019,29263.2,37342.76952,"25-50,000",E02001659,25_To_50
E08000019,29263.2,37342.76952,"25-50,000",E02001662,25_To_50
E08000019,29263.2,37342.76952,"25-50,000",E02001616,25_To_50
E08000019,29263.2,37342.76952,"25-50,000",E02001680,25_To_50
E08000019,29263.2,37342.76952,"25-50,000",E02001633,25_To_50
E08000019,29263.2,37342.76952,"25-50,000",E02001611,25_To_50
E08000019,29263.2,37342.76952,"25-50,000",E02001676,25_To_50
E08000019,29263.2,37342.76952,"25-50,000",E02001648,25_To_50
E08000019,29263.2,37342.76952,"25-50,000",E02001654,25_To_50
E08000019,29263.2,37342.76952,"25-50,000",E02001655,25_To_50
E08000019,29263.2,37342.76952,"25-50,000",E02001626,25_To_50
E08000019,29263.2,37342.76952,"25-50,000",E02001631,25_To_50
E08000019,29263.2,37342.76952,"25-50,000",E02001670,25_To_50
E08000019,29263.2,37342.76952,"25-50,000",E02006803,25_To_50
E08000019,29263.2,37342.76952,"25-50,000",E02001675,25_To_50
E08000019,29263.2,37342.76952,"25-50,000",E02001666,25_To_50
E08000019,29263.2,37342.76952,"25-50,000",E02001624,25_To_50
E08000019,29263.2,37342.76952,"25-50,000",E02001619,25_To_50
E08000019,29263.2,37342.76952,"25-50,000",E02001639,25_To_50
E08000019,29263.2,37342.76952,"25-50,000",E02001672,25_To_50
E08000019,29263.2,37342.76952,"25-50,000",E02001669,25_To_50
E08000019,29263.2,37342.76952,"25-50,000",E02001627,25_To_50
E08000019,29263.2,37342.76952,"25-50,000",E02001640,25_To_50
E08000019,29263.2,37342.76952,"25-50,000",E02001638,25_To_50
E08000019,29263.2,37342.76952,"25-50,000",E02001622,25_To_50
E08000019,29263.2,37342.76952,"25-50,000",E02001621,25_To_50
E08000019,29263.2,37342.76952,"25-50,000",E02001634,25_To_50
E08000019,29263.2,37342.76952,"25-50,000",E02001673,25_To_50
E08000019,29263.2,37342.76952,"25-50,000",E02001646,25_To_50
E08000019,29263.2,37342.76952,"25-50,000",E02001649,25_To_50
E08000019,29263.2,37342.76952,"25-50,000",E02001664,25_To_50
E08000019,29263.2,37342.76952,"25-50,000",E02001620,25_To_50
E08000019,29263.2,37342.76952,"25-50,000",E02006868,25_To_50
E08000019,29263.2,37342.76952,"25-50,000",E02001637,25_To_50
E08000019,29263.2,37342.76952,"25-50,000",E02001652,25_To_50
E08000019,29263.2,37342.76952,"25-50,000",E02001650,25_To_50
E08000019,29263.2,37342.76952,"25-50,000",E02006844,25_To_50
E08000019,29263.2,37342.76952,"25-50,000",E02001636,25_To_50
E08000019,29263.2,37342.76952,"25-50,000",E02001653,25_To_50
E08000019,29263.2,37342.76952,"25-50,000",E02001625,25_To_50
E08000019,29263.2,37342.76952,"25-50,000",E02001658,25_To_50
E08000019,29263.2,37342.76952,"25-50,000",E02001617,25_To_50
E08000019,29263.2,37342.76952,"25-50,000",E02006843,25_To_50
E08000016,20917.8,26693.204579999998,"25-50,000",E02001536,25_To_50
E08000016,20917.8,26693.204579999998,"25-50,000",E02001524,25_To_50
E08000016,20917.8,26693.204579999998,"25-50,000",E02001530,25_To_50
E08000016,20917.8,26693.204579999998,"25-50,000",E02001534,25_To_50
E08000016,20917.8,26693.204579999998,"25-50,000",E02001514,25_To_50
E08000016,20917.8,26693.204579999998,"25-50,000",E02001531,25_To_50
E08000016,20917.8,26693.204579999998,"25-50,000",E02001533,25_To_50
E08000016,20917.8,26693.204579999998,"25-50,000",E02001517,25_To_50
E08000016,20917.8,26693.204579999998,"25-50,000",E02001511,25_To_50
E08000016,20917.8,26693.204579999998,"25-50,000",E02001522,25_To_50
E08000016,20917.8,26693.204579999998,"25-50,000",E02001519,25_To_50
E08000016,20917.8,26693.204579999998,"25-50,000",E02001518,25_To_50
E08000016,20917.8,26693.204579999998,"25-50,000",E02001529,25_To_50
E08000016,20917.8,26693.204579999998,"25-50,000",E02001509,25_To_50
E08000016,20917.8,26693.204579999998,"25-50,000",E02001516,25_To_50
E08000016,20917.8,26693.204579999998,"25-50,000",E02001520,25_To_50
E08000016,20917.8,26693.204579999998,"25-50,000",E02001515,25_To_50
E08000016,20917.8,26693.204579999998,"25-50,000",E02001525,25_To_50
E08000016,20917.8,26693.204579999998,"25-50,000",E02001532,25_To_50
E08000016,20917.8,26693.204579999998,"25-50,000",E02001528,25_To_50
E08000016,20917.8,26693.204579999998,"25-50,000",E02001535,25_To_50
E08000016,20917.8,26693.204579999998,"25-50,000",E02001521,25_To_50
E08000016,20917.8,26693.204579999998,"25-50,000",E02001523,25_To_50
E08000016,20917.8,26693.204579999998,"25-50,000",E02001512,25_To_50
E08000016,20917.8,26693.204579999998,"25-50,000",E02001526,25_To_50
E08000016,20917.8,26693.204579999998,"25-50,000",E02001510,25_To_50
E08000016,20917.8,26693.204579999998,"25-50,000",E02001513,25_To_50
E08000016,20917.8,26693.204579999998,"25-50,000",E02001538,25_To_50
E08000016,20917.8,26693.204579999998,"25-50,000",E02001527,25_To_50
E08000016,20917.8,26693.204579999998,"25-50,000",E02001537,25_To_50
E08000018,22141.2,28254.38532,"25-50,000",E02001582,25_To_50
E08000018,22141.2,28254.38532,"25-50,000",E02001586,25_To_50
E08000018,22141.2,28254.38532,"25-50,000",E02001605,25_To_50
E08000018,22141.2,28254.38532,"25-50,000",E02001592,25_To_50
E08000018,22141.2,28254.38532,"25-50,000",E02001579,25_To_50
E08000018,22141.2,28254.38532,"25-50,000",E02001600,25_To_50
E08000018,22141.2,28254.38532,"25-50,000",E02001608,25_To_50
E08000018,22141.2,28254.38532,"25-50,000",E02001584,25_To_50
E08000018,22141.2,28254.38532,"25-50,000",E02001610,25_To_50
E08000018,22141.2,28254.38532,"25-50,000",E02001578,25_To_50
E08000018,22141.2,28254.38532,"25-50,000",E02001604,25_To_50
E08000018,22141.2,28254.38532,"25-50,000",E02001597,25_To_50
E08000018,22141.2,28254.38532,"25-50,000",E02001594,25_To_50
E08000018,22141.2,28254.38532,"25-50,000",E02001591,25_To_50
E08000018,22141.2,28254.38532,"25-50,000",E02001607,25_To_50
E08000018,22141.2,28254.38532,"25-50,000",E02001590,25_To_50
E08000018,22141.2,28254.38532,"25-50,000",E02001598,25_To_50
E08000018,22141.2,28254.38532,"25-50,000",E02001581,25_To_50
E08000018,22141.2,28254.38532,"25-50,000",E02001588,25_To_50
E08000018,22141.2,28254.38532,"25-50,000",E02001602,25_To_50
E08000018,22141.2,28254.38532,"25-50,000",E02001589,25_To_50
E08000018,22141.2,28254.38532,"25-50,000",E02001583,25_To_50
E08000018,22141.2,28254.38532,"25-50,000",E02001606,25_To_50
E08000018,22141.2,28254.38532,"25-50,000",E02001580,25_To_50
E08000018,22141.2,28254.38532,"25-50,000",E02001603,25_To_50
E08000018,22141.2,28254.38532,"25-50,000",E02001593,25_To_50
E08000018,22141.2,28254.38532,"25-50,000",E02001595,25_To_50
E08000018,22141.2,28254.38532,"25-50,000",E02001596,25_To_50
E08000018,22141.2,28254.38532,"25-50,000",E02001585,25_To_50
E08000018,22141.2,28254.38532,"25-50,000",E02001609,25_To_50
E08000018,22141.2,28254.38532,"25-50,000",E02001601,25_To_50
E08000018,22141.2,28254.38532,"25-50,000",E02001599,25_To_50
E08000018,22141.2,28254.38532,"25-50,000",E02001587,25_To_50
E08000017,23594.4,30108.813840000003,"25-50,000",E02001560,25_To_50
E08000017,23594.4,30108.813840000003,"25-50,000",E02001561,25_To_50
E08000017,23594.4,30108.813840000003,"25-50,000",E02001547,25_To_50
E08000017,23594.4,30108.813840000003,"25-50,000",E02001565,25_To_50
E08000017,23594.4,30108.813840000003,"25-50,000",E02001552,25_To_50
E08000017,23594.4,30108.813840000003,"25-50,000",E02001554,25_To_50
E08000017,23594.4,30108.813840000003,"25-50,000",E02001569,25_To_50
E08000017,23594.4,30108.813840000003,"25-50,000",E02001543,25_To_50
E08000017,23594.4,30108.813840000003,"25-50,000",E02001572,25_To_50
E08000017,23594.4,30108.813840000003,"25-50,000",E02001548,25_To_50
E08000017,23594.4,30108.813840000003,"25-50,000",E02001566,25_To_50
E08000017,23594.4,30108.813840000003,"25-50,000",E02001568,25_To_50
E08000017,23594.4,30108.813840000003,"25-50,000",E02001541,25_To_50
E08000017,23594.4,30108.813840000003,"25-50,000",E02001567,25_To_50
E08000017,23594.4,30108.813840000003,"25-50,000",E02001550,25_To_50
E08000017,23594.4,30108.813840000003,"25-50,000",E02001562,25_To_50
E08000017,23594.4,30108.813840000003,"25-50,000",E02001544,25_To_50
E08000017,23594.4,30108.813840000003,"25-50,000",E02001556,25_To_50
E08000017,23594.4,30108.813840000003,"25-50,000",E02001553,25_To_50
E08000017,23594.4,30108.813840000003,"25-50,000",E02001540,25_To_50
E08000017,23594.4,30108.813840000003,"25-50,000",E02001551,25_To_50
E08000017,23594.4,30108.813840000003,"25-50,000",E02001571,25_To_50
E08000017,23594.4,30108.813840000003,"25-50,000",E02001555,25_To_50
E08000017,23594.4,30108.813840000003,"25-50,000",E02001549,25_To_50
E08000017,23594.4,30108.813840000003,"25-50,000",E02001559,25_To_50
E08000017,23594.4,30108.813840000003,"25-50,000",E02001570,25_To_50
E08000017,23594.4,30108.813840000003,"25-50,000",E02001574,25_To_50
E08000017,23594.4,30108.813840000003,"25-50,000",E02001573,25_To_50
E08000017,23594.4,30108.813840000003,"25-50,000",E02001564,25_To_50
E08000017,23594.4,30108.813840000003,"25-50,000",E02001576,25_To_50
E08000017,23594.4,30108.813840000003,"25-50,000",E02001577,25_To_50
E08000017,23594.4,30108.813840000003,"25-50,000",E02001545,25_To_50
E08000017,23594.4,30108.813840000003,"25-50,000",E02001563,25_To_50
E08000017,23594.4,30108.813840000003,"25-50,000",E02001557,25_To_50
E08000017,23594.4,30108.813840000003,"25-50,000",E02001575,25_To_50
E08000017,23594.4,30108.813840000003,"25-50,000",E02001542,25_To_50
E08000017,23594.4,30108.813840000003,"25-50,000",E02001558,25_To_50
E08000017,23594.4,30108.813840000003,"25-50,000",E02001546,25_To_50
E08000017,23594.4,30108.813840000003,"25-50,000",E02001539,25_To_50
E08000032,21964.2,28028.515620000002,"25-50,000",E02002218,25_To_50
E08000032,21964.2,28028.515620000002,"25-50,000",E02002225,25_To_50
E08000032,21964.2,28028.515620000002,"25-50,000",E02002219,25_To_50
E08000032,21964.2,28028.515620000002,"25-50,000",E02002215,25_To_50
E08000032,21964.2,28028.515620000002,"25-50,000",E02002212,25_To_50
E08000032,21964.2,28028.515620000002,"25-50,000",E02002239,25_To_50
E08000032,21964.2,28028.515620000002,"25-50,000",E02002204,25_To_50
E08000032,21964.2,28028.515620000002,"25-50,000",E02002183,25_To_50
E08000032,21964.2,28028.515620000002,"25-50,000",E02002217,25_To_50
E08000032,21964.2,28028.515620000002,"25-50,000",E02002214,25_To_50
E08000032,21964.2,28028.515620000002,"25-50,000",E02002236,25_To_50
E08000032,21964.2,28028.515620000002,"25-50,000",E02002222,25_To_50
E08000032,21964.2,28028.515620000002,"25-50,000",E02002206,25_To_50
E08000032,21964.2,28028.515620000002,"25-50,000",E02002231,25_To_50
E08000032,21964.2,28028.515620000002,"25-50,000",E02002184,25_To_50
E08000032,21964.2,28028.515620000002,"25-50,000",E02002205,25_To_50
E08000032,21964.2,28028.515620000002,"25-50,000",E02002195,25_To_50
E08000032,21964.2,28028.515620000002,"25-50,000",E02002192,25_To_50
E08000032,21964.2,28028.515620000002,"25-50,000",E02002200,25_To_50
E08000032,21964.2,28028.515620000002,"25-50,000",E02002189,25_To_50
E08000032,21964.2,28028.515620000002,"25-50,000",E02002185,25_To_50
E08000032,21964.2,28028.515620000002,"25-50,000",E02002187,25_To_50
E08000032,21964.2,28028.515620000002,"25-50,000",E02002235,25_To_50
E08000032,21964.2,28028.515620000002,"25-50,000",E02002211,25_To_50
E08000032,21964.2,28028.515620000002,"25-50,000",E02002188,25_To_50
E08000032,21964.2,28028.515620000002,"25-50,000",E02002197,25_To_50
E08000032,21964.2,28028.515620000002,"25-50,000",E02002213,25_To_50
E08000032,21964.2,28028.515620000002,"25-50,000",E02002229,25_To_50
E08000032,21964.2,28028.515620000002,"25-50,000",E02002186,25_To_50
E08000032,21964.2,28028.515620000002,"25-50,000",E02002208,25_To_50
E08000032,21964.2,28028.515620000002,"25-50,000",E02002201,25_To_50
E08000032,21964.2,28028.515620000002,"25-50,000",E02002194,25_To_50
E08000032,21964.2,28028.515620000002,"25-50,000",E02002193,25_To_50
E08000032,21964.2,28028.515620000002,"25-50,000",E02002191,25_To_50
E08000032,21964.2,28028.515620000002,"25-50,000",E02002242,25_To_50
E08000032,21964.2,28028.515620000002,"25-50,000",E02002240,25_To_50
E08000032,21964.2,28028.515620000002,"25-50,000",E02002202,25_To_50
E08000032,21964.2,28028.515620000002,"25-50,000",E02002243,25_To_50
E08000032,21964.2,28028.515620000002,"25-50,000",E02002210,25_To_50
E08000032,21964.2,28028.515620000002,"25-50,000",E02002228,25_To_50
E08000032,21964.2,28028.515620000002,"25-50,000",E02002227,25_To_50
E08000032,21964.2,28028.515620000002,"25-50,000",E02002232,25_To_50
E08000032,21964.2,28028.515620000002,"25-50,000",E02002221,25_To_50
E08000032,21964.2,28028.515620000002,"25-50,000",E02002198,25_To_50
E08000032,21964.2,28028.515620000002,"25-50,000",E02002199,25_To_50
E08000032,21964.2,28028.515620000002,"25-50,000",E02002237,25_To_50
E08000032,21964.2,28028.515620000002,"25-50,000",E02002223,25_To_50
E08000032,21964.2,28028.515620000002,"25-50,000",E02002190,25_To_50
E08000032,21964.2,28028.515620000002,"25-50,000",E02002238,25_To_50
E08000032,21964.2,28028.515620000002,"25-50,000",E02002203,25_To_50
E08000032,21964.2,28028.515620000002,"25-50,000",E02002207,25_To_50
E08000032,21964.2,28028.515620000002,"25-50,000",E02002216,25_To_50
E08000032,21964.2,28028.515620000002,"25-50,000",E02002230,25_To_50
E08000032,21964.2,28028.515620000002,"25-50,000",E02002226,25_To_50
E08000032,21964.2,28028.515620000002,"25-50,000",E02002196,25_To_50
E08000032,21964.2,28028.515620000002,"25-50,000",E02002234,25_To_50
E08000032,21964.2,28028.515620000002,"25-50,000",E02002241,25_To_50
E08000032,21964.2,28028.515620000002,"25-50,000",E02002209,25_To_50
E08000032,21964.2,28028.515620000002,"25-50,000",E02002224,25_To_50
E08000032,21964.2,28028.515620000002,"25-50,000",E02002220,25_To_50
E08000032,21964.2,28028.515620000002,"25-50,000",E02002233,25_To_50
E08000035,40394.2,51547.03862,"50-75,000",E02002420,50_To_75
E08000035,40394.2,51547.03862,"50-75,000",E02002389,50_To_75
E08000035,40394.2,51547.03862,"50-75,000",E02002363,50_To_75
E08000035,40394.2,51547.03862,"50-75,000",E02002371,50_To_75
E08000035,40394.2,51547.03862,"50-75,000",E02002348,50_To_75
E08000035,40394.2,51547.03862,"50-75,000",E02002369,50_To_75
E08000035,40394.2,51547.03862,"50-75,000",E02002366,50_To_75
E08000035,40394.2,51547.03862,"50-75,000",E02002376,50_To_75
E08000035,40394.2,51547.03862,"50-75,000",E02002360,50_To_75
E08000035,40394.2,51547.03862,"50-75,000",E02002412,50_To_75
E08000035,40394.2,51547.03862,"50-75,000",E02002418,50_To_75
E08000035,40394.2,51547.03862,"50-75,000",E02002403,50_To_75
E08000035,40394.2,51547.03862,"50-75,000",E02002386,50_To_75
E08000035,40394.2,51547.03862,"50-75,000",E02002356,50_To_75
E08000035,40394.2,51547.03862,"50-75,000",E02002352,50_To_75
E08000035,40394.2,51547.03862,"50-75,000",E02002433,50_To_75
E08000035,40394.2,51547.03862,"50-75,000",E02002436,50_To_75
E08000035,40394.2,51547.03862,"50-75,000",E02002333,50_To_75
E08000035,40394.2,51547.03862,"50-75,000",E02002332,50_To_75
E08000035,40394.2,51547.03862,"50-75,000",E02002405,50_To_75
E08000035,40394.2,51547.03862,"50-75,000",E02002408,50_To_75
E08000035,40394.2,51547.03862,"50-75,000",E02002331,50_To_75
E08000035,40394.2,51547.03862,"50-75,000",E02002337,50_To_75
E08000035,40394.2,51547.03862,"50-75,000",E02002359,50_To_75
E08000035,40394.2,51547.03862,"50-75,000",E02002342,50_To_75
E08000035,40394.2,51547.03862,"50-75,000",E02002345,50_To_75
E08000035,40394.2,51547.03862,"50-75,000",E02002406,50_To_75
E08000035,40394.2,51547.03862,"50-75,000",E02002402,50_To_75
E08000035,40394.2,51547.03862,"50-75,000",E02002350,50_To_75
E08000035,40394.2,51547.03862,"50-75,000",E02002422,50_To_75
E08000035,40394.2,51547.03862,"50-75,000",E02002341,50_To_75
E08000035,40394.2,51547.03862,"50-75,000",E02002343,50_To_75
E08000035,40394.2,51547.03862,"50-75,000",E02002336,50_To_75
E08000035,40394.2,51547.03862,"50-75,000",E02002427,50_To_75
E08000035,40394.2,51547.03862,"50-75,000",E02002426,50_To_75
E08000035,40394.2,51547.03862,"50-75,000",E02002361,50_To_75
E08000035,40394.2,51547.03862,"50-75,000",E02002353,50_To_75
E08000035,40394.2,51547.03862,"50-75,000",E02002349,50_To_75
E08000035,40394.2,51547.03862,"50-75,000",E02002335,50_To_75
E08000035,40394.2,51547.03862,"50-75,000",E02002404,50_To_75
E08000035,40394.2,51547.03862,"50-75,000",E02002358,50_To_75
E08000035,40394.2,51547.03862,"50-75,000",E02002410,50_To_75
E08000035,40394.2,51547.03862,"50-75,000",E02002367,50_To_75
E08000035,40394.2,51547.03862,"50-75,000",E02002384,50_To_75
E08000035,40394.2,51547.03862,"50-75,000",E02002382,50_To_75
E08000035,40394.2,51547.03862,"50-75,000",E02002339,50_To_75
E08000035,40394.2,51547.03862,"50-75,000",E02002417,50_To_75
E08000035,40394.2,51547.03862,"50-75,000",E02002338,50_To_75
E08000035,40394.2,51547.03862,"50-75,000",E02002425,50_To_75
E08000035,40394.2,51547.03862,"50-75,000",E02002424,50_To_75
E08000035,40394.2,51547.03862,"50-75,000",E02002437,50_To_75
E08000035,40394.2,51547.03862,"50-75,000",E02002330,50_To_75
E08000035,40394.2,51547.03862,"50-75,000",E02002351,50_To_75
E08000035,40394.2,51547.03862,"50-75,000",E02002334,50_To_75
E08000035,40394.2,51547.03862,"50-75,000",E02002340,50_To_75
E08000035,40394.2,51547.03862,"50-75,000",E02002396,50_To_75
E08000035,40394.2,51547.03862,"50-75,000",E02002388,50_To_75
E08000035,40394.2,51547.03862,"50-75,000",E02002416,50_To_75
E08000035,40394.2,51547.03862,"50-75,000",E02002357,50_To_75
E08000035,40394.2,51547.03862,"50-75,000",E02002377,50_To_75
E08000035,40394.2,51547.03862,"50-75,000",E02002393,50_To_75
E08000035,40394.2,51547.03862,"50-75,000",E02002373,50_To_75
E08000035,40394.2,51547.03862,"50-75,000",E02002400,50_To_75
E08000035,40394.2,51547.03862,"50-75,000",E02002429,50_To_75
E08000035,40394.2,51547.03862,"50-75,000",E02002374,50_To_75
E08000035,40394.2,51547.03862,"50-75,000",E02002419,50_To_75
E08000035,40394.2,51547.03862,"50-75,000",E02006852,50_To_75
E08000035,40394.2,51547.03862,"50-75,000",E02002362,50_To_75
E08000035,40394.2,51547.03862,"50-75,000",E02002381,50_To_75
E08000035,40394.2,51547.03862,"50-75,000",E02002380,50_To_75
E08000035,40394.2,51547.03862,"50-75,000",E02002387,50_To_75
E08000035,40394.2,51547.03862,"50-75,000",E02002432,50_To_75
E08000035,40394.2,51547.03862,"50-75,000",E02002398,50_To_75
E08000035,40394.2,51547.03862,"50-75,000",E02002434,50_To_75
E08000035,40394.2,51547.03862,"50-75,000",E02002431,50_To_75
E08000035,40394.2,51547.03862,"50-75,000",E02002368,50_To_75
E08000035,40394.2,51547.03862,"50-75,000",E02002391,50_To_75
E08000035,40394.2,51547.03862,"50-75,000",E02002397,50_To_75
E08000035,40394.2,51547.03862,"50-75,000",E02002401,50_To_75
E08000035,40394.2,51547.03862,"50-75,000",E02002394,50_To_75
E08000035,40394.2,51547.03862,"50-75,000",E02002354,50_To_75
E08000035,40394.2,51547.03862,"50-75,000",E02002409,50_To_75
E08000035,40394.2,51547.03862,"50-75,000",E02002428,50_To_75
E08000035,40394.2,51547.03862,"50-75,000",E02002347,50_To_75
E08000035,40394.2,51547.03862,"50-75,000",E02002383,50_To_75
E08000035,40394.2,51547.03862,"50-75,000",E02002385,50_To_75
E08000035,40394.2,51547.03862,"50-75,000",E02002392,50_To_75
E08000035,40394.2,51547.03862,"50-75,000",E02002415,50_To_75
E08000035,40394.2,51547.03862,"50-75,000",E02002430,50_To_75
E08000035,40394.2,51547.03862,"50-75,000",E02002411,50_To_75
E08000035,40394.2,51547.03862,"50-75,000",E02002421,50_To_75
E08000035,40394.2,51547.03862,"50-75,000",E02006876,50_To_75
E08000035,40394.2,51547.03862,"50-75,000",E02002344,50_To_75
E08000035,40394.2,51547.03862,"50-75,000",E02002395,50_To_75
E08000035,40394.2,51547.03862,"50-75,000",E02002346,50_To_75
E08000035,40394.2,51547.03862,"50-75,000",E02002414,50_To_75
E08000035,40394.2,51547.03862,"50-75,000",E02002364,50_To_75
E08000035,40394.2,51547.03862,"50-75,000",E02002370,50_To_75
E08000035,40394.2,51547.03862,"50-75,000",E02002407,50_To_75
E08000035,40394.2,51547.03862,"50-75,000",E02002390,50_To_75
E08000035,40394.2,51547.03862,"50-75,000",E02002435,50_To_75
E08000035,40394.2,51547.03862,"50-75,000",E02002375,50_To_75
E08000035,40394.2,51547.03862,"50-75,000",E02006861,50_To_75
E08000035,40394.2,51547.03862,"50-75,000",E02002399,50_To_75
E08000035,40394.2,51547.03862,"50-75,000",E02002423,50_To_75
E08000035,40394.2,51547.03862,"50-75,000",E02006875,50_To_75
E08000035,40394.2,51547.03862,"50-75,000",E02002379,50_To_75
E08000033,29235.6,37307.549159999995,"25-50,000",E02002244,25_To_50
E08000033,29235.6,37307.549159999995,"25-50,000",E02002263,25_To_50
E08000033,29235.6,37307.549159999995,"25-50,000",E02002251,25_To_50
E08000033,29235.6,37307.549159999995,"25-50,000",E02002250,25_To_50
E08000033,29235.6,37307.549159999995,"25-50,000",E02002253,25_To_50
E08000033,29235.6,37307.549159999995,"25-50,000",E02002270,25_To_50
E08000033,29235.6,37307.549159999995,"25-50,000",E02002247,25_To_50
E08000033,29235.6,37307.549159999995,"25-50,000",E02002257,25_To_50
E08000033,29235.6,37307.549159999995,"25-50,000",E02002246,25_To_50
E08000033,29235.6,37307.549159999995,"25-50,000",E02002249,25_To_50
E08000033,29235.6,37307.549159999995,"25-50,000",E02002260,25_To_50
E08000033,29235.6,37307.549159999995,"25-50,000",E02002256,25_To_50
E08000033,29235.6,37307.549159999995,"25-50,000",E02002267,25_To_50
E08000033,29235.6,37307.549159999995,"25-50,000",E02002268,25_To_50
E08000033,29235.6,37307.549159999995,"25-50,000",E02002264,25_To_50
E08000033,29235.6,37307.549159999995,"25-50,000",E02002259,25_To_50
E08000033,29235.6,37307.549159999995,"25-50,000",E02002262,25_To_50
E08000033,29235.6,37307.549159999995,"25-50,000",E02002252,25_To_50
E08000033,29235.6,37307.549159999995,"25-50,000",E02002245,25_To_50
E08000033,29235.6,37307.549159999995,"25-50,000",E02002269,25_To_50
E08000033,29235.6,37307.549159999995,"25-50,000",E02002258,25_To_50
E08000033,29235.6,37307.549159999995,"25-50,000",E02002266,25_To_50
E08000033,29235.6,37307.549159999995,"25-50,000",E02002248,25_To_50
E08000033,29235.6,37307.549159999995,"25-50,000",E02002255,25_To_50
E08000033,29235.6,37307.549159999995,"25-50,000",E02002265,25_To_50
E08000033,29235.6,37307.549159999995,"25-50,000",E02002261,25_To_50
E08000033,29235.6,37307.549159999995,"25-50,000",E02002254,25_To_50
E08000034,21532.6,27477.75086,"25-50,000",E02002305,25_To_50
E08000034,21532.6,27477.75086,"25-50,000",E02002308,25_To_50
E08000034,21532.6,27477.75086,"25-50,000",E02002295,25_To_50
E08000034,21532.6,27477.75086,"25-50,000",E02002281,25_To_50
E08000034,21532.6,27477.75086,"25-50,000",E02002292,25_To_50
E08000034,21532.6,27477.75086,"25-50,000",E02002285,25_To_50
E08000034,21532.6,27477.75086,"25-50,000",E02002287,25_To_50
E08000034,21532.6,27477.75086,"25-50,000",E02002323,25_To_50
E08000034,21532.6,27477.75086,"25-50,000",E02002289,25_To_50
E08000034,21532.6,27477.75086,"25-50,000",E02002325,25_To_50
E08000034,21532.6,27477.75086,"25-50,000",E02002309,25_To_50
E08000034,21532.6,27477.75086,"25-50,000",E02002294,25_To_50
E08000034,21532.6,27477.75086,"25-50,000",E02002301,25_To_50
E08000034,21532.6,27477.75086,"25-50,000",E02002321,25_To_50
E08000034,21532.6,27477.75086,"25-50,000",E02002306,25_To_50
E08000034,21532.6,27477.75086,"25-50,000",E02002272,25_To_50
E08000034,21532.6,27477.75086,"25-50,000",E02002290,25_To_50
E08000034,21532.6,27477.75086,"25-50,000",E02002296,25_To_50
E08000034,21532.6,27477.75086,"25-50,000",E02002314,25_To_50
E08000034,21532.6,27477.75086,"25-50,000",E02002291,25_To_50
E08000034,21532.6,27477.75086,"25-50,000",E02002276,25_To_50
E08000034,21532.6,27477.75086,"25-50,000",E02002310,25_To_50
E08000034,21532.6,27477.75086,"25-50,000",E02002283,25_To_50
E08000034,21532.6,27477.75086,"25-50,000",E02002282,25_To_50
E08000034,21532.6,27477.75086,"25-50,000",E02002286,25_To_50
E08000034,21532.6,27477.75086,"25-50,000",E02002297,25_To_50
E08000034,21532.6,27477.75086,"25-50,000",E02002299,25_To_50
E08000034,21532.6,27477.75086,"25-50,000",E02002317,25_To_50
E08000034,21532.6,27477.75086,"25-50,000",E02002303,25_To_50
E08000034,21532.6,27477.75086,"25-50,000",E02002274,25_To_50
E08000034,21532.6,27477.75086,"25-50,000",E02002271,25_To_50
E08000034,21532.6,27477.75086,"25-50,000",E02002278,25_To_50
E08000034,21532.6,27477.75086,"25-50,000",E02002279,25_To_50
E08000034,21532.6,27477.75086,"25-50,000",E02002275,25_To_50
E08000034,21532.6,27477.75086,"25-50,000",E02002298,25_To_50
E08000034,21532.6,27477.75086,"25-50,000",E02002273,25_To_50
E08000034,21532.6,27477.75086,"25-50,000",E02002319,25_To_50
E08000034,21532.6,27477.75086,"25-50,000",E02002322,25_To_50
E08000034,21532.6,27477.75086,"25-50,000",E02002324,25_To_50
E08000034,21532.6,27477.75086,"25-50,000",E02002326,25_To_50
E08000034,21532.6,27477.75086,"25-50,000",E02002288,25_To_50
E08000034,21532.6,27477.75086,"25-50,000",E02002328,25_To_50
E08000034,21532.6,27477.75086,"25-50,000",E02002284,25_To_50
E08000034,21532.6,27477.75086,"25-50,000",E02002327,25_To_50
E08000034,21532.6,27477.75086,"25-50,000",E02002313,25_To_50
E08000034,21532.6,27477.75086,"25-50,000",E02002312,25_To_50
E08000034,21532.6,27477.75086,"25-50,000",E02002304,25_To_50
E08000034,21532.6,27477.75086,"25-50,000",E02002300,25_To_50
E08000034,21532.6,27477.75086,"25-50,000",E02002318,25_To_50
E08000034,21532.6,27477.75086,"25-50,000",E02002320,25_To_50
E08000034,21532.6,27477.75086,"25-50,000",E02002307,25_To_50
E08000034,21532.6,27477.75086,"25-50,000",E02002277,25_To_50
E08000034,21532.6,27477.75086,"25-50,000",E02002302,25_To_50
E08000034,21532.6,27477.75086,"25-50,000",E02002311,25_To_50
E08000034,21532.6,27477.75086,"25-50,000",E02002315,25_To_50
E08000034,21532.6,27477.75086,"25-50,000",E02002329,25_To_50
E08000034,21532.6,27477.75086,"25-50,000",E02002293,25_To_50
E08000034,21532.6,27477.75086,"25-50,000",E02002316,25_To_50
E08000034,21532.6,27477.75086,"25-50,000",E02002280,25_To_50
E08000036,27676.6,35318.10926,"25-50,000",E02002454,25_To_50
E08000036,27676.6,35318.10926,"25-50,000",E02002453,25_To_50
E08000036,27676.6,35318.10926,"25-50,000",E02002480,25_To_50
E08000036,27676.6,35318.10926,"25-50,000",E02002460,25_To_50
E08000036,27676.6,35318.10926,"25-50,000",E02002444,25_To_50
E08000036,27676.6,35318.10926,"25-50,000",E02002482,25_To_50
E08000036,27676.6,35318.10926,"25-50,000",E02002457,25_To_50
E08000036,27676.6,35318.10926,"25-50,000",E02002467,25_To_50
E08000036,27676.6,35318.10926,"25-50,000",E02002441,25_To_50
E08000036,27676.6,35318.10926,"25-50,000",E02002466,25_To_50
E08000036,27676.6,35318.10926,"25-50,000",E02002455,25_To_50
E08000036,27676.6,35318.10926,"25-50,000",E02002452,25_To_50
E08000036,27676.6,35318.10926,"25-50,000",E02002478,25_To_50
E08000036,27676.6,35318.10926,"25-50,000",E02002446,25_To_50
E08000036,27676.6,35318.10926,"25-50,000",E02002445,25_To_50
E08000036,27676.6,35318.10926,"25-50,000",E02002451,25_To_50
E08000036,27676.6,35318.10926,"25-50,000",E02002474,25_To_50
E08000036,27676.6,35318.10926,"25-50,000",E02002475,25_To_50
E08000036,27676.6,35318.10926,"25-50,000",E02002442,25_To_50
E08000036,27676.6,35318.10926,"25-50,000",E02002471,25_To_50
E08000036,27676.6,35318.10926,"25-50,000",E02002465,25_To_50
E08000036,27676.6,35318.10926,"25-50,000",E02002456,25_To_50
E08000036,27676.6,35318.10926,"25-50,000",E02002470,25_To_50
E08000036,27676.6,35318.10926,"25-50,000",E02002440,25_To_50
E08000036,27676.6,35318.10926,"25-50,000",E02002469,25_To_50
E08000036,27676.6,35318.10926,"25-50,000",E02002464,25_To_50
E08000036,27676.6,35318.10926,"25-50,000",E02002461,25_To_50
E08000036,27676.6,35318.10926,"25-50,000",E02002479,25_To_50
E08000036,27676.6,35318.10926,"25-50,000",E02002477,25_To_50
E08000036,27676.6,35318.10926,"25-50,000",E02002468,25_To_50
E08000036,27676.6,35318.10926,"25-50,000",E02002447,25_To_50
E08000036,27676.6,35318.10926,"25-50,000",E02002448,25_To_50
E08000036,27676.6,35318.10926,"25-50,000",E02002450,25_To_50
E08000036,27676.6,35318.10926,"25-50,000",E02002462,25_To_50
E08000036,27676.6,35318.10926,"25-50,000",E02002458,25_To_50
E08000036,27676.6,35318.10926,"25-50,000",E02002459,25_To_50
E08000036,27676.6,35318.10926,"25-50,000",E02002476,25_To_50
E08000036,27676.6,35318.10926,"25-50,000",E02002439,25_To_50
E08000036,27676.6,35318.10926,"25-50,000",E02002463,25_To_50
E08000036,27676.6,35318.10926,"25-50,000",E02002438,25_To_50
E08000036,27676.6,35318.10926,"25-50,000",E02002473,25_To_50
E08000036,27676.6,35318.10926,"25-50,000",E02002472,25_To_50
E08000036,27676.6,35318.10926,"25-50,000",E02002443,25_To_50
E08000036,27676.6,35318.10926,"25-50,000",E02002481,25_To_50
E08000036,27676.6,35318.10926,"25-50,000",E02002449,25_To_50
E06000015,34591.4,44142.08554,"25-50,000",E02002814,25_To_50
E06000015,34591.4,44142.08554,"25-50,000",E02002822,25_To_50
E06000015,34591.4,44142.08554,"25-50,000",E02002817,25_To_50
E06000015,34591.4,44142.08554,"25-50,000",E02002805,25_To_50
E06000015,34591.4,44142.08554,"25-50,000",E02002816,25_To_50
E06000015,34591.4,44142.08554,"25-50,000",E02002818,25_To_50
E06000015,34591.4,44142.08554,"25-50,000",E02002824,25_To_50
E06000015,34591.4,44142.08554,"25-50,000",E02002812,25_To_50
E06000015,34591.4,44142.08554,"25-50,000",E02002821,25_To_50
E06000015,34591.4,44142.08554,"25-50,000",E02002825,25_To_50
E06000015,34591.4,44142.08554,"25-50,000",E02002826,25_To_50
E06000015,34591.4,44142.08554,"25-50,000",E02002803,25_To_50
E06000015,34591.4,44142.08554,"25-50,000",E02002796,25_To_50
E06000015,34591.4,44142.08554,"25-50,000",E02002823,25_To_50
E06000015,34591.4,44142.08554,"25-50,000",E02002800,25_To_50
E06000015,34591.4,44142.08554,"25-50,000",E02002810,25_To_50
E06000015,34591.4,44142.08554,"25-50,000",E02002798,25_To_50
E06000015,34591.4,44142.08554,"25-50,000",E02002820,25_To_50
E06000015,34591.4,44142.08554,"25-50,000",E02002807,25_To_50
E06000015,34591.4,44142.08554,"25-50,000",E02002801,25_To_50
E06000015,34591.4,44142.08554,"25-50,000",E02002804,25_To_50
E06000015,34591.4,44142.08554,"25-50,000",E02002809,25_To_50
E06000015,34591.4,44142.08554,"25-50,000",E02002819,25_To_50
E06000015,34591.4,44142.08554,"25-50,000",E02002813,25_To_50
E06000015,34591.4,44142.08554,"25-50,000",E02002811,25_To_50
E06000015,34591.4,44142.08554,"25-50,000",E02002815,25_To_50
E06000015,34591.4,44142.08554,"25-50,000",E02002797,25_To_50
E06000015,34591.4,44142.08554,"25-50,000",E02002806,25_To_50
E06000015,34591.4,44142.08554,"25-50,000",E02002808,25_To_50
E06000015,34591.4,44142.08554,"25-50,000",E02002802,25_To_50
E06000015,34591.4,44142.08554,"25-50,000",E02002799,25_To_50
E07000033,31131.6,39727.034759999995,"25-50,000",E02004048,25_To_50
E07000033,31131.6,39727.034759999995,"25-50,000",E02004049,25_To_50
E07000033,31131.6,39727.034759999995,"25-50,000",E02004046,25_To_50
E07000033,31131.6,39727.034759999995,"25-50,000",E02004045,25_To_50
E07000033,31131.6,39727.034759999995,"25-50,000",E02004047,25_To_50
E07000033,31131.6,39727.034759999995,"25-50,000",E02004054,25_To_50
E07000033,31131.6,39727.034759999995,"25-50,000",E02004051,25_To_50
E07000033,31131.6,39727.034759999995,"25-50,000",E02004050,25_To_50
E07000033,31131.6,39727.034759999995,"25-50,000",E02004053,25_To_50
E07000033,31131.6,39727.034759999995,"25-50,000",E02004052,25_To_50
E07000034,29684.2,37880.007620000004,"25-50,000",E02004064,25_To_50
E07000034,29684.2,37880.007620000004,"25-50,000",E02004055,25_To_50
E07000034,29684.2,37880.007620000004,"25-50,000",E02004067,25_To_50
E07000034,29684.2,37880.007620000004,"25-50,000",E02004059,25_To_50
E07000034,29684.2,37880.007620000004,"25-50,000",E02004058,25_To_50
E07000034,29684.2,37880.007620000004,"25-50,000",E02004057,25_To_50
E07000034,29684.2,37880.007620000004,"25-50,000",E02004061,25_To_50
E07000034,29684.2,37880.007620000004,"25-50,000",E02004066,25_To_50
E07000034,29684.2,37880.007620000004,"25-50,000",E02004063,25_To_50
E07000034,29684.2,37880.007620000004,"25-50,000",E02004062,25_To_50
E07000034,29684.2,37880.007620000004,"25-50,000",E02004056,25_To_50
E07000034,29684.2,37880.007620000004,"25-50,000",E02004060,25_To_50
E07000034,29684.2,37880.007620000004,"25-50,000",E02004065,25_To_50
E07000038,19093,24364.5773,"<25,000",E02004110,Less_Than_25
E07000038,19093,24364.5773,"<25,000",E02004113,Less_Than_25
E07000038,19093,24364.5773,"<25,000",E02004115,Less_Than_25
E07000038,19093,24364.5773,"<25,000",E02004109,Less_Than_25
E07000038,19093,24364.5773,"<25,000",E02004111,Less_Than_25
E07000038,19093,24364.5773,"<25,000",E02004116,Less_Than_25
E07000038,19093,24364.5773,"<25,000",E02004114,Less_Than_25
E07000038,19093,24364.5773,"<25,000",E02004112,Less_Than_25
E07000038,19093,24364.5773,"<25,000",E02004106,Less_Than_25
E07000038,19093,24364.5773,"<25,000",E02004117,Less_Than_25
E07000038,19093,24364.5773,"<25,000",E02006804,Less_Than_25
E07000038,19093,24364.5773,"<25,000",E02004108,Less_Than_25
E07000038,19093,24364.5773,"<25,000",E02004105,Less_Than_25
E07000032,26969.4,34415.651340000004,"25-50,000",E02004034,25_To_50
E07000032,26969.4,34415.651340000004,"25-50,000",E02004032,25_To_50
E07000032,26969.4,34415.651340000004,"25-50,000",E02004029,25_To_50
E07000032,26969.4,34415.651340000004,"25-50,000",E02004037,25_To_50
E07000032,26969.4,34415.651340000004,"25-50,000",E02004039,25_To_50
E07000032,26969.4,34415.651340000004,"25-50,000",E02004036,25_To_50
E07000032,26969.4,34415.651340000004,"25-50,000",E02004030,25_To_50
E07000032,26969.4,34415.651340000004,"25-50,000",E02004035,25_To_50
E07000032,26969.4,34415.651340000004,"25-50,000",E02006827,25_To_50
E07000032,26969.4,34415.651340000004,"25-50,000",E02004041,25_To_50
E07000032,26969.4,34415.651340000004,"25-50,000",E02004033,25_To_50
E07000032,26969.4,34415.651340000004,"25-50,000",E02004031,25_To_50
E07000032,26969.4,34415.651340000004,"25-50,000",E02004038,25_To_50
E07000032,26969.4,34415.651340000004,"25-50,000",E02004044,25_To_50
E07000032,26969.4,34415.651340000004,"25-50,000",E02004043,25_To_50
E07000032,26969.4,34415.651340000004,"25-50,000",E02004040,25_To_50
E07000035,27276.2,34807.158820000004,"25-50,000",E02004070,25_To_50
E07000035,27276.2,34807.158820000004,"25-50,000",E02004075,25_To_50
E07000035,27276.2,34807.158820000004,"25-50,000",E02004069,25_To_50
E07000035,27276.2,34807.158820000004,"25-50,000",E02004077,25_To_50
E07000035,27276.2,34807.158820000004,"25-50,000",E02004068,25_To_50
E07000035,27276.2,34807.158820000004,"25-50,000",E02004073,25_To_50
E07000035,27276.2,34807.158820000004,"25-50,000",E02004074,25_To_50
E07000035,27276.2,34807.158820000004,"25-50,000",E02004076,25_To_50
E07000035,27276.2,34807.158820000004,"25-50,000",E02004071,25_To_50
E07000035,27276.2,34807.158820000004,"25-50,000",E02004072,25_To_50
E07000036,19757.4,25212.41814,"25-50,000",E02004088,25_To_50
E07000036,19757.4,25212.41814,"25-50,000",E02004085,25_To_50
E07000036,19757.4,25212.41814,"25-50,000",E02004081,25_To_50
E07000036,19757.4,25212.41814,"25-50,000",E02004090,25_To_50
E07000036,19757.4,25212.41814,"25-50,000",E02004083,25_To_50
E07000036,19757.4,25212.41814,"25-50,000",E02004082,25_To_50
E07000036,19757.4,25212.41814,"25-50,000",E02004089,25_To_50
E07000036,19757.4,25212.41814,"25-50,000",E02004092,25_To_50
E07000036,19757.4,25212.41814,"25-50,000",E02004086,25_To_50
E07000036,19757.4,25212.41814,"25-50,000",E02004087,25_To_50
E07000036,19757.4,25212.41814,"25-50,000",E02004078,25_To_50
E07000036,19757.4,25212.41814,"25-50,000",E02004080,25_To_50
E07000036,19757.4,25212.41814,"25-50,000",E02006828,25_To_50
E07000036,19757.4,25212.41814,"25-50,000",E02004091,25_To_50
E07000036,19757.4,25212.41814,"25-50,000",E02004084,25_To_50
E07000037,20891.6,26659.77076,"25-50,000",E02004098,25_To_50
E07000037,20891.6,26659.77076,"25-50,000",E02004102,25_To_50
E07000037,20891.6,26659.77076,"25-50,000",E02004104,25_To_50
E07000037,20891.6,26659.77076,"25-50,000",E02006872,25_To_50
E07000037,20891.6,26659.77076,"25-50,000",E02004094,25_To_50
E07000037,20891.6,26659.77076,"25-50,000",E02004093,25_To_50
E07000037,20891.6,26659.77076,"25-50,000",E02004095,25_To_50
E07000037,20891.6,26659.77076,"25-50,000",E02004096,25_To_50
E07000037,20891.6,26659.77076,"25-50,000",E02004100,25_To_50
E07000037,20891.6,26659.77076,"25-50,000",E02004097,25_To_50
E07000037,20891.6,26659.77076,"25-50,000",E02004103,25_To_50
E07000039,31888.6,40693.04246,"25-50,000",E02004120,25_To_50
E07000039,31888.6,40693.04246,"25-50,000",E02004119,25_To_50
E07000039,31888.6,40693.04246,"25-50,000",E02004121,25_To_50
E07000039,31888.6,40693.04246,"25-50,000",E02006919,25_To_50
E07000039,31888.6,40693.04246,"25-50,000",E02004128,25_To_50
E07000039,31888.6,40693.04246,"25-50,000",E02004123,25_To_50
E07000039,31888.6,40693.04246,"25-50,000",E02004124,25_To_50
E07000039,31888.6,40693.04246,"25-50,000",E02004125,25_To_50
E07000039,31888.6,40693.04246,"25-50,000",E02004122,25_To_50
E07000039,31888.6,40693.04246,"25-50,000",E02004126,25_To_50
E07000039,31888.6,40693.04246,"25-50,000",E02006920,25_To_50
E07000039,31888.6,40693.04246,"25-50,000",E02004118,25_To_50
E06000018,37680.8,48084.46888000001,"25-50,000",E02006905,25_To_50
E06000018,37680.8,48084.46888000001,"25-50,000",E02002883,25_To_50
E06000018,37680.8,48084.46888000001,"25-50,000",E02002893,25_To_50
E06000018,37680.8,48084.46888000001,"25-50,000",E02002888,25_To_50
E06000018,37680.8,48084.46888000001,"25-50,000",E02002890,25_To_50
E06000018,37680.8,48084.46888000001,"25-50,000",E02002877,25_To_50
E06000018,37680.8,48084.46888000001,"25-50,000",E02002899,25_To_50
E06000018,37680.8,48084.46888000001,"25-50,000",E02002873,25_To_50
E06000018,37680.8,48084.46888000001,"25-50,000",E02002889,25_To_50
E06000018,37680.8,48084.46888000001,"25-50,000",E02002885,25_To_50
E06000018,37680.8,48084.46888000001,"25-50,000",E02002896,25_To_50
E06000018,37680.8,48084.46888000001,"25-50,000",E02002891,25_To_50
E06000018,37680.8,48084.46888000001,"25-50,000",E02002895,25_To_50
E06000018,37680.8,48084.46888000001,"25-50,000",E02002897,25_To_50
E06000018,37680.8,48084.46888000001,"25-50,000",E02002898,25_To_50
E06000018,37680.8,48084.46888000001,"25-50,000",E02002881,25_To_50
E06000018,37680.8,48084.46888000001,"25-50,000",E02002868,25_To_50
E06000018,37680.8,48084.46888000001,"25-50,000",E02002901,25_To_50
E06000018,37680.8,48084.46888000001,"25-50,000",E02002886,25_To_50
E06000018,37680.8,48084.46888000001,"25-50,000",E02002882,25_To_50
E06000018,37680.8,48084.46888000001,"25-50,000",E02002874,25_To_50
E06000018,37680.8,48084.46888000001,"25-50,000",E02002894,25_To_50
E06000018,37680.8,48084.46888000001,"25-50,000",E02002887,25_To_50
E06000018,37680.8,48084.46888000001,"25-50,000",E02002869,25_To_50
E06000018,37680.8,48084.46888000001,"25-50,000",E02002871,25_To_50
E06000018,37680.8,48084.46888000001,"25-50,000",E02006904,25_To_50
E06000018,37680.8,48084.46888000001,"25-50,000",E02002902,25_To_50
E06000018,37680.8,48084.46888000001,"25-50,000",E02002876,25_To_50
E06000018,37680.8,48084.46888000001,"25-50,000",E02002879,25_To_50
E06000018,37680.8,48084.46888000001,"25-50,000",E02002904,25_To_50
E06000018,37680.8,48084.46888000001,"25-50,000",E02006834,25_To_50
E06000018,37680.8,48084.46888000001,"25-50,000",E02002875,25_To_50
E06000018,37680.8,48084.46888000001,"25-50,000",E02002872,25_To_50
E06000018,37680.8,48084.46888000001,"25-50,000",E02002884,25_To_50
E06000018,37680.8,48084.46888000001,"25-50,000",E02002892,25_To_50
E06000018,37680.8,48084.46888000001,"25-50,000",E02002878,25_To_50
E06000018,37680.8,48084.46888000001,"25-50,000",E02002880,25_To_50
E06000018,37680.8,48084.46888000001,"25-50,000",E02002903,25_To_50
E07000170,26308.6,33572.40446,"25-50,000",E02005823,25_To_50
E07000170,26308.6,33572.40446,"25-50,000",E02005822,25_To_50
E07000170,26308.6,33572.40446,"25-50,000",E02005821,25_To_50
E07000170,26308.6,33572.40446,"25-50,000",E02005819,25_To_50
E07000170,26308.6,33572.40446,"25-50,000",E02005831,25_To_50
E07000170,26308.6,33572.40446,"25-50,000",E02005820,25_To_50
E07000170,26308.6,33572.40446,"25-50,000",E02005824,25_To_50
E07000170,26308.6,33572.40446,"25-50,000",E02005825,25_To_50
E07000170,26308.6,33572.40446,"25-50,000",E02005826,25_To_50
E07000170,26308.6,33572.40446,"25-50,000",E02005833,25_To_50
E07000170,26308.6,33572.40446,"25-50,000",E02005827,25_To_50
E07000170,26308.6,33572.40446,"25-50,000",E02005832,25_To_50
E07000170,26308.6,33572.40446,"25-50,000",E02005834,25_To_50
E07000170,26308.6,33572.40446,"25-50,000",E02005829,25_To_50
E07000170,26308.6,33572.40446,"25-50,000",E02005830,25_To_50
E07000170,26308.6,33572.40446,"25-50,000",E02005828,25_To_50
E07000171,24709.8,31532.175779999998,"25-50,000",E02005842,25_To_50
E07000171,24709.8,31532.175779999998,"25-50,000",E02005844,25_To_50
E07000171,24709.8,31532.175779999998,"25-50,000",E02005835,25_To_50
E07000171,24709.8,31532.175779999998,"25-50,000",E02005836,25_To_50
E07000171,24709.8,31532.175779999998,"25-50,000",E02005849,25_To_50
E07000171,24709.8,31532.175779999998,"25-50,000",E02005837,25_To_50
E07000171,24709.8,31532.175779999998,"25-50,000",E02005843,25_To_50
E07000171,24709.8,31532.175779999998,"25-50,000",E02005839,25_To_50
E07000171,24709.8,31532.175779999998,"25-50,000",E02005846,25_To_50
E07000171,24709.8,31532.175779999998,"25-50,000",E02005840,25_To_50
E07000171,24709.8,31532.175779999998,"25-50,000",E02005838,25_To_50
E07000171,24709.8,31532.175779999998,"25-50,000",E02005848,25_To_50
E07000171,24709.8,31532.175779999998,"25-50,000",E02005847,25_To_50
E07000171,24709.8,31532.175779999998,"25-50,000",E02006903,25_To_50
E07000174,19566.4,24968.683040000004,"<25,000",E02005880,Less_Than_25
E07000174,19566.4,24968.683040000004,"<25,000",E02005883,Less_Than_25
E07000174,19566.4,24968.683040000004,"<25,000",E02005892,Less_Than_25
E07000174,19566.4,24968.683040000004,"<25,000",E02005889,Less_Than_25
E07000174,19566.4,24968.683040000004,"<25,000",E02005881,Less_Than_25
E07000174,19566.4,24968.683040000004,"<25,000",E02005888,Less_Than_25
E07000174,19566.4,24968.683040000004,"<25,000",E02005886,Less_Than_25
E07000174,19566.4,24968.683040000004,"<25,000",E02005891,Less_Than_25
E07000174,19566.4,24968.683040000004,"<25,000",E02005887,Less_Than_25
E07000174,19566.4,24968.683040000004,"<25,000",E02005885,Less_Than_25
E07000174,19566.4,24968.683040000004,"<25,000",E02005884,Less_Than_25
E07000174,19566.4,24968.683040000004,"<25,000",E02005882,Less_Than_25
E07000174,19566.4,24968.683040000004,"<25,000",E02005890,Less_Than_25
E07000175,25436.8,32459.90048,"25-50,000",E02005900,25_To_50
E07000175,25436.8,32459.90048,"25-50,000",E02005905,25_To_50
E07000175,25436.8,32459.90048,"25-50,000",E02005897,25_To_50
E07000175,25436.8,32459.90048,"25-50,000",E02005898,25_To_50
E07000175,25436.8,32459.90048,"25-50,000",E02005893,25_To_50
E07000175,25436.8,32459.90048,"25-50,000",E02005894,25_To_50
E07000175,25436.8,32459.90048,"25-50,000",E02005901,25_To_50
E07000175,25436.8,32459.90048,"25-50,000",E02005895,25_To_50
E07000175,25436.8,32459.90048,"25-50,000",E02005903,25_To_50
E07000175,25436.8,32459.90048,"25-50,000",E02005902,25_To_50
E07000175,25436.8,32459.90048,"25-50,000",E02005904,25_To_50
E07000175,25436.8,32459.90048,"25-50,000",E02005896,25_To_50
E07000175,25436.8,32459.90048,"25-50,000",E02005899,25_To_50
E07000172,23886.6,30481.69026,"25-50,000",E02005859,25_To_50
E07000172,23886.6,30481.69026,"25-50,000",E02005862,25_To_50
E07000172,23886.6,30481.69026,"25-50,000",E02005860,25_To_50
E07000172,23886.6,30481.69026,"25-50,000",E02005850,25_To_50
E07000172,23886.6,30481.69026,"25-50,000",E02005853,25_To_50
E07000172,23886.6,30481.69026,"25-50,000",E02006906,25_To_50
E07000172,23886.6,30481.69026,"25-50,000",E02005864,25_To_50
E07000172,23886.6,30481.69026,"25-50,000",E02005861,25_To_50
E07000172,23886.6,30481.69026,"25-50,000",E02005856,25_To_50
E07000172,23886.6,30481.69026,"25-50,000",E02005863,25_To_50
E07000172,23886.6,30481.69026,"25-50,000",E02005851,25_To_50
E07000172,23886.6,30481.69026,"25-50,000",E02005858,25_To_50
E07000172,23886.6,30481.69026,"25-50,000",E02005857,25_To_50
E07000172,23886.6,30481.69026,"25-50,000",E02005852,25_To_50
E07000173,17357.6,22150.033359999998,"<25,000",E02005872,Less_Than_25
E07000173,17357.6,22150.033359999998,"<25,000",E02005866,Less_Than_25
E07000173,17357.6,22150.033359999998,"<25,000",E02005878,Less_Than_25
E07000173,17357.6,22150.033359999998,"<25,000",E02005870,Less_Than_25
E07000173,17357.6,22150.033359999998,"<25,000",E02005876,Less_Than_25
E07000173,17357.6,22150.033359999998,"<25,000",E02005873,Less_Than_25
E07000173,17357.6,22150.033359999998,"<25,000",E02005869,Less_Than_25
E07000173,17357.6,22150.033359999998,"<25,000",E02005871,Less_Than_25
E07000173,17357.6,22150.033359999998,"<25,000",E02005874,Less_Than_25
E07000173,17357.6,22150.033359999998,"<25,000",E02006835,Less_Than_25
E07000173,17357.6,22150.033359999998,"<25,000",E02005879,Less_Than_25
E07000173,17357.6,22150.033359999998,"<25,000",E02005875,Less_Than_25
E07000173,17357.6,22150.033359999998,"<25,000",E02005868,Less_Than_25
E07000173,17357.6,22150.033359999998,"<25,000",E02005865,Less_Than_25
E07000173,17357.6,22150.033359999998,"<25,000",E02005877,Less_Than_25
E07000176,30342.8,38720.44708,"25-50,000",E02005907,25_To_50
E07000176,30342.8,38720.44708,"25-50,000",E02005920,25_To_50
E07000176,30342.8,38720.44708,"25-50,000",E02005908,25_To_50
E07000176,30342.8,38720.44708,"25-50,000",E02005916,25_To_50
E07000176,30342.8,38720.44708,"25-50,000",E02005909,25_To_50
E07000176,30342.8,38720.44708,"25-50,000",E02005912,25_To_50
E07000176,30342.8,38720.44708,"25-50,000",E02005913,25_To_50
E07000176,30342.8,38720.44708,"25-50,000",E02005911,25_To_50
E07000176,30342.8,38720.44708,"25-50,000",E02005910,25_To_50
E07000176,30342.8,38720.44708,"25-50,000",E02005917,25_To_50
E07000176,30342.8,38720.44708,"25-50,000",E02005918,25_To_50
E07000176,30342.8,38720.44708,"25-50,000",E02005915,25_To_50
E07000176,30342.8,38720.44708,"25-50,000",E02005914,25_To_50
E07000176,30342.8,38720.44708,"25-50,000",E02005919,25_To_50
E07000176,30342.8,38720.44708,"25-50,000",E02005906,25_To_50
E06000016,27711.4,35362.51754,"25-50,000",E02002845,25_To_50
E06000016,27711.4,35362.51754,"25-50,000",E02002828,25_To_50
E06000016,27711.4,35362.51754,"25-50,000",E02002847,25_To_50
E06000016,27711.4,35362.51754,"25-50,000",E02002831,25_To_50
E06000016,27711.4,35362.51754,"25-50,000",E02002851,25_To_50
E06000016,27711.4,35362.51754,"25-50,000",E02002834,25_To_50
E06000016,27711.4,35362.51754,"25-50,000",E02006817,25_To_50
E06000016,27711.4,35362.51754,"25-50,000",E02002835,25_To_50
E06000016,27711.4,35362.51754,"25-50,000",E02002839,25_To_50
E06000016,27711.4,35362.51754,"25-50,000",E02006815,25_To_50
E06000016,27711.4,35362.51754,"25-50,000",E02002856,25_To_50
E06000016,27711.4,35362.51754,"25-50,000",E02002836,25_To_50
E06000016,27711.4,35362.51754,"25-50,000",E02002838,25_To_50
E06000016,27711.4,35362.51754,"25-50,000",E02002832,25_To_50
E06000016,27711.4,35362.51754,"25-50,000",E02002853,25_To_50
E06000016,27711.4,35362.51754,"25-50,000",E02002829,25_To_50
E06000016,27711.4,35362.51754,"25-50,000",E02002827,25_To_50
E06000016,27711.4,35362.51754,"25-50,000",E02002830,25_To_50
E06000016,27711.4,35362.51754,"25-50,000",E02002833,25_To_50
E06000016,27711.4,35362.51754,"25-50,000",E02002854,25_To_50
E06000016,27711.4,35362.51754,"25-50,000",E02002855,25_To_50
E06000016,27711.4,35362.51754,"25-50,000",E02002852,25_To_50
E06000016,27711.4,35362.51754,"25-50,000",E02002843,25_To_50
E06000016,27711.4,35362.51754,"25-50,000",E02002862,25_To_50
E06000016,27711.4,35362.51754,"25-50,000",E02002861,25_To_50
E06000016,27711.4,35362.51754,"25-50,000",E02006819,25_To_50
E06000016,27711.4,35362.51754,"25-50,000",E02002846,25_To_50
E06000016,27711.4,35362.51754,"25-50,000",E02002844,25_To_50
E06000016,27711.4,35362.51754,"25-50,000",E02006850,25_To_50
E06000016,27711.4,35362.51754,"25-50,000",E02006851,25_To_50
E06000016,27711.4,35362.51754,"25-50,000",E02002849,25_To_50
E06000016,27711.4,35362.51754,"25-50,000",E02002848,25_To_50
E06000016,27711.4,35362.51754,"25-50,000",E02002860,25_To_50
E06000016,27711.4,35362.51754,"25-50,000",E02002837,25_To_50
E06000016,27711.4,35362.51754,"25-50,000",E02002858,25_To_50
E06000016,27711.4,35362.51754,"25-50,000",E02002857,25_To_50
E06000016,27711.4,35362.51754,"25-50,000",E02002842,25_To_50
E06000017,25986.6,33161.50026,"25-50,000",E02002864,25_To_50
E06000017,25986.6,33161.50026,"25-50,000",E02002867,25_To_50
E06000017,25986.6,33161.50026,"25-50,000",E02002865,25_To_50
E06000017,25986.6,33161.50026,"25-50,000",E02002866,25_To_50
E06000017,25986.6,33161.50026,"25-50,000",E02002863,25_To_50
E07000129,41948.2,53530.09802,"50-75,000",E02005337,50_To_75
E07000129,41948.2,53530.09802,"50-75,000",E02005336,50_To_75
E07000129,41948.2,53530.09802,"50-75,000",E02006820,50_To_75
E07000129,41948.2,53530.09802,"50-75,000",E02005335,50_To_75
E07000129,41948.2,53530.09802,"50-75,000",E02005339,50_To_75
E07000129,41948.2,53530.09802,"50-75,000",E02005340,50_To_75
E07000129,41948.2,53530.09802,"50-75,000",E02005342,50_To_75
E07000129,41948.2,53530.09802,"50-75,000",E02005343,50_To_75
E07000129,41948.2,53530.09802,"50-75,000",E02005338,50_To_75
E07000129,41948.2,53530.09802,"50-75,000",E02005341,50_To_75
E07000129,41948.2,53530.09802,"50-75,000",E02005344,50_To_75
E07000129,41948.2,53530.09802,"50-75,000",E02005334,50_To_75
E07000130,25045,31959.9245,"25-50,000",E02005347,25_To_50
E07000130,25045,31959.9245,"25-50,000",E02005358,25_To_50
E07000130,25045,31959.9245,"25-50,000",E02005356,25_To_50
E07000130,25045,31959.9245,"25-50,000",E02005350,25_To_50
E07000130,25045,31959.9245,"25-50,000",E02005361,25_To_50
E07000130,25045,31959.9245,"25-50,000",E02005365,25_To_50
E07000130,25045,31959.9245,"25-50,000",E02005351,25_To_50
E07000130,25045,31959.9245,"25-50,000",E02005357,25_To_50
E07000130,25045,31959.9245,"25-50,000",E02005363,25_To_50
E07000130,25045,31959.9245,"25-50,000",E02005364,25_To_50
E07000130,25045,31959.9245,"25-50,000",E02005353,25_To_50
E07000130,25045,31959.9245,"25-50,000",E02005355,25_To_50
E07000130,25045,31959.9245,"25-50,000",E02005360,25_To_50
E07000130,25045,31959.9245,"25-50,000",E02005354,25_To_50
E07000130,25045,31959.9245,"25-50,000",E02005359,25_To_50
E07000130,25045,31959.9245,"25-50,000",E02005352,25_To_50
E07000130,25045,31959.9245,"25-50,000",E02005349,25_To_50
E07000130,25045,31959.9245,"25-50,000",E02005345,25_To_50
E07000130,25045,31959.9245,"25-50,000",E02005346,25_To_50
E07000130,25045,31959.9245,"25-50,000",E02005366,25_To_50
E07000130,25045,31959.9245,"25-50,000",E02005362,25_To_50
E07000130,25045,31959.9245,"25-50,000",E02005348,25_To_50
E07000131,27082.2,34559.59542,"25-50,000",E02006816,25_To_50
E07000131,27082.2,34559.59542,"25-50,000",E02005370,25_To_50
E07000131,27082.2,34559.59542,"25-50,000",E02005368,25_To_50
E07000131,27082.2,34559.59542,"25-50,000",E02005376,25_To_50
E07000131,27082.2,34559.59542,"25-50,000",E02005369,25_To_50
E07000131,27082.2,34559.59542,"25-50,000",E02005371,25_To_50
E07000131,27082.2,34559.59542,"25-50,000",E02005373,25_To_50
E07000131,27082.2,34559.59542,"25-50,000",E02005374,25_To_50
E07000131,27082.2,34559.59542,"25-50,000",E02005372,25_To_50
E07000131,27082.2,34559.59542,"25-50,000",E02005375,25_To_50
E07000132,25790.2,32910.87422,"25-50,000",E02005386,25_To_50
E07000132,25790.2,32910.87422,"25-50,000",E02005381,25_To_50
E07000132,25790.2,32910.87422,"25-50,000",E02005380,25_To_50
E07000132,25790.2,32910.87422,"25-50,000",E02005389,25_To_50
E07000132,25790.2,32910.87422,"25-50,000",E02005383,25_To_50
E07000132,25790.2,32910.87422,"25-50,000",E02005382,25_To_50
E07000132,25790.2,32910.87422,"25-50,000",E02005388,25_To_50
E07000132,25790.2,32910.87422,"25-50,000",E02005377,25_To_50
E07000132,25790.2,32910.87422,"25-50,000",E02005379,25_To_50
E07000132,25790.2,32910.87422,"25-50,000",E02005384,25_To_50
E07000132,25790.2,32910.87422,"25-50,000",E02005390,25_To_50
E07000132,25790.2,32910.87422,"25-50,000",E02005385,25_To_50
E07000132,25790.2,32910.87422,"25-50,000",E02005378,25_To_50
E07000132,25790.2,32910.87422,"25-50,000",E02005387,25_To_50
E07000133,28666.2,36580.93782,"25-50,000",E02005391,25_To_50
E07000133,28666.2,36580.93782,"25-50,000",E02005395,25_To_50
E07000133,28666.2,36580.93782,"25-50,000",E02005394,25_To_50
E07000133,28666.2,36580.93782,"25-50,000",E02005393,25_To_50
E07000133,28666.2,36580.93782,"25-50,000",E02005396,25_To_50
E07000133,28666.2,36580.93782,"25-50,000",E02005392,25_To_50
E07000134,42557.2,54307.24292,"50-75,000",E02005400,50_To_75
E07000134,42557.2,54307.24292,"50-75,000",E02005405,50_To_75
E07000134,42557.2,54307.24292,"50-75,000",E02005401,50_To_75
E07000134,42557.2,54307.24292,"50-75,000",E02005399,50_To_75
E07000134,42557.2,54307.24292,"50-75,000",E02005398,50_To_75
E07000134,42557.2,54307.24292,"50-75,000",E02005404,50_To_75
E07000134,42557.2,54307.24292,"50-75,000",E02005408,50_To_75
E07000134,42557.2,54307.24292,"50-75,000",E02005397,50_To_75
E07000134,42557.2,54307.24292,"50-75,000",E02005409,50_To_75
E07000134,42557.2,54307.24292,"50-75,000",E02005402,50_To_75
E07000134,42557.2,54307.24292,"50-75,000",E02005406,50_To_75
E07000134,42557.2,54307.24292,"50-75,000",E02005407,50_To_75
E07000134,42557.2,54307.24292,"50-75,000",E02005403,50_To_75
E07000135,17310.8,22090.311879999997,"<25,000",E02005412,Less_Than_25
E07000135,17310.8,22090.311879999997,"<25,000",E02006911,Less_Than_25
E07000135,17310.8,22090.311879999997,"<25,000",E02005416,Less_Than_25
E07000135,17310.8,22090.311879999997,"<25,000",E02006818,Less_Than_25
E07000135,17310.8,22090.311879999997,"<25,000",E02005414,Less_Than_25
E07000135,17310.8,22090.311879999997,"<25,000",E02005415,Less_Than_25
E06000062,35850.6,45748.950659999995,"25-50,000",E02005621,25_To_50
E06000062,35850.6,45748.950659999995,"25-50,000",E02005620,25_To_50
E06000062,35850.6,45748.950659999995,"25-50,000",E02005623,25_To_50
E06000062,35850.6,45748.950659999995,"25-50,000",E02005625,25_To_50
E06000062,35850.6,45748.950659999995,"25-50,000",E02005626,25_To_50
E06000062,35850.6,45748.950659999995,"25-50,000",E02005624,25_To_50
E06000062,35850.6,45748.950659999995,"25-50,000",E02005628,25_To_50
E06000062,35850.6,45748.950659999995,"25-50,000",E02005627,25_To_50
E06000062,35850.6,45748.950659999995,"25-50,000",E02005622,25_To_50
E06000062,35850.6,45748.950659999995,"25-50,000",E02005619,25_To_50
E06000062,35850.6,45748.950659999995,"25-50,000",E02005664,25_To_50
E06000062,35850.6,45748.950659999995,"25-50,000",E02005650,25_To_50
E06000062,35850.6,45748.950659999995,"25-50,000",E02005675,25_To_50
E06000062,35850.6,45748.950659999995,"25-50,000",E02005665,25_To_50
E06000062,35850.6,45748.950659999995,"25-50,000",E02005679,25_To_50
E06000062,35850.6,45748.950659999995,"25-50,000",E02005655,25_To_50
E06000062,35850.6,45748.950659999995,"25-50,000",E02005657,25_To_50
E06000062,35850.6,45748.950659999995,"25-50,000",E02005663,25_To_50
E06000062,35850.6,45748.950659999995,"25-50,000",E02005651,25_To_50
E06000062,35850.6,45748.950659999995,"25-50,000",E02005667,25_To_50
E06000062,35850.6,45748.950659999995,"25-50,000",E02005668,25_To_50
E06000062,35850.6,45748.950659999995,"25-50,000",E02005673,25_To_50
E06000062,35850.6,45748.950659999995,"25-50,000",E02005666,25_To_50
E06000062,35850.6,45748.950659999995,"25-50,000",E02005654,25_To_50
E06000062,35850.6,45748.950659999995,"25-50,000",E02005660,25_To_50
E06000062,35850.6,45748.950659999995,"25-50,000",E02005656,25_To_50
E06000062,35850.6,45748.950659999995,"25-50,000",E02005680,25_To_50
E06000062,35850.6,45748.950659999995,"25-50,000",E02005677,25_To_50
E06000062,35850.6,45748.950659999995,"25-50,000",E02005678,25_To_50
E06000062,35850.6,45748.950659999995,"25-50,000",E02005669,25_To_50
E06000062,35850.6,45748.950659999995,"25-50,000",E02005652,25_To_50
E06000062,35850.6,45748.950659999995,"25-50,000",E02005671,25_To_50
E06000062,35850.6,45748.950659999995,"25-50,000",E02005674,25_To_50
E06000062,35850.6,45748.950659999995,"25-50,000",E02005676,25_To_50
E06000062,35850.6,45748.950659999995,"25-50,000",E02005662,25_To_50
E06000062,35850.6,45748.950659999995,"25-50,000",E02005659,25_To_50
E06000062,35850.6,45748.950659999995,"25-50,000",E02005672,25_To_50
E06000062,35850.6,45748.950659999995,"25-50,000",E02005661,25_To_50
E06000062,35850.6,45748.950659999995,"25-50,000",E02005670,25_To_50
E06000062,35850.6,45748.950659999995,"25-50,000",E02005658,25_To_50
E06000062,35850.6,45748.950659999995,"25-50,000",E02005653,25_To_50
E06000062,35850.6,45748.950659999995,"25-50,000",E02005688,25_To_50
E06000062,35850.6,45748.950659999995,"25-50,000",E02005685,25_To_50
E06000062,35850.6,45748.950659999995,"25-50,000",E02005683,25_To_50
E06000062,35850.6,45748.950659999995,"25-50,000",E02005684,25_To_50
E06000062,35850.6,45748.950659999995,"25-50,000",E02005690,25_To_50
E06000062,35850.6,45748.950659999995,"25-50,000",E02005681,25_To_50
E06000062,35850.6,45748.950659999995,"25-50,000",E02005686,25_To_50
E06000062,35850.6,45748.950659999995,"25-50,000",E02005682,25_To_50
E06000062,35850.6,45748.950659999995,"25-50,000",E02005691,25_To_50
E06000062,35850.6,45748.950659999995,"25-50,000",E02005687,25_To_50
E06000062,35850.6,45748.950659999995,"25-50,000",E02005689,25_To_50
E06000061,24327.4,31044.195140000003,"25-50,000",E02006863,25_To_50
E06000061,24327.4,31044.195140000003,"25-50,000",E02005613,25_To_50
E06000061,24327.4,31044.195140000003,"25-50,000",E02005616,25_To_50
E06000061,24327.4,31044.195140000003,"25-50,000",E02005615,25_To_50
E06000061,24327.4,31044.195140000003,"25-50,000",E02005617,25_To_50
E06000061,24327.4,31044.195140000003,"25-50,000",E02005614,25_To_50
E06000061,24327.4,31044.195140000003,"25-50,000",E02005612,25_To_50
E06000061,24327.4,31044.195140000003,"25-50,000",E02006862,25_To_50
E06000061,24327.4,31044.195140000003,"25-50,000",E02005632,25_To_50
E06000061,24327.4,31044.195140000003,"25-50,000",E02005634,25_To_50
E06000061,24327.4,31044.195140000003,"25-50,000",E02005637,25_To_50
E06000061,24327.4,31044.195140000003,"25-50,000",E02005630,25_To_50
E06000061,24327.4,31044.195140000003,"25-50,000",E02005635,25_To_50
E06000061,24327.4,31044.195140000003,"25-50,000",E02005631,25_To_50
E06000061,24327.4,31044.195140000003,"25-50,000",E02005638,25_To_50
E06000061,24327.4,31044.195140000003,"25-50,000",E02005633,25_To_50
E06000061,24327.4,31044.195140000003,"25-50,000",E02005636,25_To_50
E06000061,24327.4,31044.195140000003,"25-50,000",E02005629,25_To_50
E06000061,24327.4,31044.195140000003,"25-50,000",E02005640,25_To_50
E06000061,24327.4,31044.195140000003,"25-50,000",E02005639,25_To_50
E06000061,24327.4,31044.195140000003,"25-50,000",E02005649,25_To_50
E06000061,24327.4,31044.195140000003,"25-50,000",E02005645,25_To_50
E06000061,24327.4,31044.195140000003,"25-50,000",E02005641,25_To_50
E06000061,24327.4,31044.195140000003,"25-50,000",E02005648,25_To_50
E06000061,24327.4,31044.195140000003,"25-50,000",E02005647,25_To_50
E06000061,24327.4,31044.195140000003,"25-50,000",E02005644,25_To_50
E06000061,24327.4,31044.195140000003,"25-50,000",E02005642,25_To_50
E06000061,24327.4,31044.195140000003,"25-50,000",E02005646,25_To_50
E06000061,24327.4,31044.195140000003,"25-50,000",E02005643,25_To_50
E06000061,24327.4,31044.195140000003,"25-50,000",E02005696,25_To_50
E06000061,24327.4,31044.195140000003,"25-50,000",E02005701,25_To_50
E06000061,24327.4,31044.195140000003,"25-50,000",E02005694,25_To_50
E06000061,24327.4,31044.195140000003,"25-50,000",E02005695,25_To_50
E06000061,24327.4,31044.195140000003,"25-50,000",E02005698,25_To_50
E06000061,24327.4,31044.195140000003,"25-50,000",E02005693,25_To_50
E06000061,24327.4,31044.195140000003,"25-50,000",E02005699,25_To_50
E06000061,24327.4,31044.195140000003,"25-50,000",E02005697,25_To_50
E06000061,24327.4,31044.195140000003,"25-50,000",E02005692,25_To_50
E06000061,24327.4,31044.195140000003,"25-50,000",E02005700,25_To_50
E07000136,24337,31056.4457,"25-50,000",E02005417,25_To_50
E07000136,24337,31056.4457,"25-50,000",E02005418,25_To_50
E07000136,24337,31056.4457,"25-50,000",E02005423,25_To_50
E07000136,24337,31056.4457,"25-50,000",E02005422,25_To_50
E07000136,24337,31056.4457,"25-50,000",E02005419,25_To_50
E07000136,24337,31056.4457,"25-50,000",E02005420,25_To_50
E07000136,24337,31056.4457,"25-50,000",E02006865,25_To_50
E07000136,24337,31056.4457,"25-50,000",E02006864,25_To_50
E07000137,21400.8,27309.56088,"25-50,000",E02005429,25_To_50
E07000137,21400.8,27309.56088,"25-50,000",E02005431,25_To_50
E07000137,21400.8,27309.56088,"25-50,000",E02005436,25_To_50
E07000137,21400.8,27309.56088,"25-50,000",E02005439,25_To_50
E07000137,21400.8,27309.56088,"25-50,000",E02005424,25_To_50
E07000137,21400.8,27309.56088,"25-50,000",E02005434,25_To_50
E07000137,21400.8,27309.56088,"25-50,000",E02005433,25_To_50
E07000137,21400.8,27309.56088,"25-50,000",E02005428,25_To_50
E07000137,21400.8,27309.56088,"25-50,000",E02005426,25_To_50
E07000137,21400.8,27309.56088,"25-50,000",E02005438,25_To_50
E07000137,21400.8,27309.56088,"25-50,000",E02005435,25_To_50
E07000137,21400.8,27309.56088,"25-50,000",E02005427,25_To_50
E07000137,21400.8,27309.56088,"25-50,000",E02005440,25_To_50
E07000137,21400.8,27309.56088,"25-50,000",E02005430,25_To_50
E07000137,21400.8,27309.56088,"25-50,000",E02005441,25_To_50
E07000137,21400.8,27309.56088,"25-50,000",E02005432,25_To_50
E07000137,21400.8,27309.56088,"25-50,000",E02005425,25_To_50
E07000137,21400.8,27309.56088,"25-50,000",E02005437,25_To_50
E07000138,31412.2,40085.108420000004,"25-50,000",E02005448,25_To_50
E07000138,31412.2,40085.108420000004,"25-50,000",E02005443,25_To_50
E07000138,31412.2,40085.108420000004,"25-50,000",E02005452,25_To_50
E07000138,31412.2,40085.108420000004,"25-50,000",E02005444,25_To_50
E07000138,31412.2,40085.108420000004,"25-50,000",E02005451,25_To_50
E07000138,31412.2,40085.108420000004,"25-50,000",E02005449,25_To_50
E07000138,31412.2,40085.108420000004,"25-50,000",E02005442,25_To_50
E07000138,31412.2,40085.108420000004,"25-50,000",E02005445,25_To_50
E07000138,31412.2,40085.108420000004,"25-50,000",E02005450,25_To_50
E07000138,31412.2,40085.108420000004,"25-50,000",E02005447,25_To_50
E07000138,31412.2,40085.108420000004,"25-50,000",E02005446,25_To_50
E07000139,28327.8,36149.105579999996,"25-50,000",E02005461,25_To_50
E07000139,28327.8,36149.105579999996,"25-50,000",E02005456,25_To_50
E07000139,28327.8,36149.105579999996,"25-50,000",E02005462,25_To_50
E07000139,28327.8,36149.105579999996,"25-50,000",E02005453,25_To_50
E07000139,28327.8,36149.105579999996,"25-50,000",E02006866,25_To_50
E07000139,28327.8,36149.105579999996,"25-50,000",E02005463,25_To_50
E07000139,28327.8,36149.105579999996,"25-50,000",E02005459,25_To_50
E07000139,28327.8,36149.105579999996,"25-50,000",E02005464,25_To_50
E07000139,28327.8,36149.105579999996,"25-50,000",E02005457,25_To_50
E07000139,28327.8,36149.105579999996,"25-50,000",E02005455,25_To_50
E07000139,28327.8,36149.105579999996,"25-50,000",E02006867,25_To_50
E07000139,28327.8,36149.105579999996,"25-50,000",E02005460,25_To_50
E07000139,28327.8,36149.105579999996,"25-50,000",E02005458,25_To_50
E07000140,27822,35503.6542,"25-50,000",E02005471,25_To_50
E07000140,27822,35503.6542,"25-50,000",E02005473,25_To_50
E07000140,27822,35503.6542,"25-50,000",E02005475,25_To_50
E07000140,27822,35503.6542,"25-50,000",E02005465,25_To_50
E07000140,27822,35503.6542,"25-50,000",E02005467,25_To_50
E07000140,27822,35503.6542,"25-50,000",E02005472,25_To_50
E07000140,27822,35503.6542,"25-50,000",E02005469,25_To_50
E07000140,27822,35503.6542,"25-50,000",E02005470,25_To_50
E07000140,27822,35503.6542,"25-50,000",E02005474,25_To_50
E07000140,27822,35503.6542,"25-50,000",E02005466,25_To_50
E07000140,27822,35503.6542,"25-50,000",E02005468,25_To_50
E07000141,24683,31497.976300000002,"25-50,000",E02005480,25_To_50
E07000141,24683,31497.976300000002,"25-50,000",E02005486,25_To_50
E07000141,24683,31497.976300000002,"25-50,000",E02005487,25_To_50
E07000141,24683,31497.976300000002,"25-50,000",E02005478,25_To_50
E07000141,24683,31497.976300000002,"25-50,000",E02005479,25_To_50
E07000141,24683,31497.976300000002,"25-50,000",E02005482,25_To_50
E07000141,24683,31497.976300000002,"25-50,000",E02005481,25_To_50
E07000141,24683,31497.976300000002,"25-50,000",E02005491,25_To_50
E07000141,24683,31497.976300000002,"25-50,000",E02005490,25_To_50
E07000141,24683,31497.976300000002,"25-50,000",E02005477,25_To_50
E07000141,24683,31497.976300000002,"25-50,000",E02005488,25_To_50
E07000141,24683,31497.976300000002,"25-50,000",E02005489,25_To_50
E07000141,24683,31497.976300000002,"25-50,000",E02005476,25_To_50
E07000141,24683,31497.976300000002,"25-50,000",E02005484,25_To_50
E07000141,24683,31497.976300000002,"25-50,000",E02005485,25_To_50
E07000141,24683,31497.976300000002,"25-50,000",E02005483,25_To_50
E07000142,22340,28508.074,"25-50,000",E02005499,25_To_50
E07000142,22340,28508.074,"25-50,000",E02005497,25_To_50
E07000142,22340,28508.074,"25-50,000",E02005495,25_To_50
E07000142,22340,28508.074,"25-50,000",E02005493,25_To_50
E07000142,22340,28508.074,"25-50,000",E02005502,25_To_50
E07000142,22340,28508.074,"25-50,000",E02005500,25_To_50
E07000142,22340,28508.074,"25-50,000",E02005496,25_To_50
E07000142,22340,28508.074,"25-50,000",E02005501,25_To_50
E07000142,22340,28508.074,"25-50,000",E02005492,25_To_50
E07000142,22340,28508.074,"25-50,000",E02005494,25_To_50
E07000142,22340,28508.074,"25-50,000",E02005498,25_To_50
E06000019,26305.2,33568.06572,"25-50,000",E02002915,25_To_50
E06000019,26305.2,33568.06572,"25-50,000",E02002909,25_To_50
E06000019,26305.2,33568.06572,"25-50,000",E02002923,25_To_50
E06000019,26305.2,33568.06572,"25-50,000",E02002914,25_To_50
E06000019,26305.2,33568.06572,"25-50,000",E02002918,25_To_50
E06000019,26305.2,33568.06572,"25-50,000",E02002926,25_To_50
E06000019,26305.2,33568.06572,"25-50,000",E02002922,25_To_50
E06000019,26305.2,33568.06572,"25-50,000",E02002905,25_To_50
E06000019,26305.2,33568.06572,"25-50,000",E02002919,25_To_50
E06000019,26305.2,33568.06572,"25-50,000",E02002911,25_To_50
E06000019,26305.2,33568.06572,"25-50,000",E02002910,25_To_50
E06000019,26305.2,33568.06572,"25-50,000",E02002908,25_To_50
E06000019,26305.2,33568.06572,"25-50,000",E02002924,25_To_50
E06000019,26305.2,33568.06572,"25-50,000",E02002912,25_To_50
E06000019,26305.2,33568.06572,"25-50,000",E02002925,25_To_50
E06000019,26305.2,33568.06572,"25-50,000",E02002916,25_To_50
E06000019,26305.2,33568.06572,"25-50,000",E02002917,25_To_50
E06000019,26305.2,33568.06572,"25-50,000",E02002920,25_To_50
E06000019,26305.2,33568.06572,"25-50,000",E02002921,25_To_50
E06000019,26305.2,33568.06572,"25-50,000",E02002906,25_To_50
E06000019,26305.2,33568.06572,"25-50,000",E02002913,25_To_50
E06000019,26305.2,33568.06572,"25-50,000",E02002907,25_To_50
E06000019,26305.2,33568.06572,"25-50,000",E02002927,25_To_50
E07000234,35839.6,45734.91356,"25-50,000",E02006707,25_To_50
E07000234,35839.6,45734.91356,"25-50,000",E02006701,25_To_50
E07000234,35839.6,45734.91356,"25-50,000",E02006700,25_To_50
E07000234,35839.6,45734.91356,"25-50,000",E02006705,25_To_50
E07000234,35839.6,45734.91356,"25-50,000",E02006704,25_To_50
E07000234,35839.6,45734.91356,"25-50,000",E02006709,25_To_50
E07000234,35839.6,45734.91356,"25-50,000",E02006698,25_To_50
E07000234,35839.6,45734.91356,"25-50,000",E02006703,25_To_50
E07000234,35839.6,45734.91356,"25-50,000",E02006696,25_To_50
E07000234,35839.6,45734.91356,"25-50,000",E02006697,25_To_50
E07000234,35839.6,45734.91356,"25-50,000",E02006706,25_To_50
E07000234,35839.6,45734.91356,"25-50,000",E02006702,25_To_50
E07000234,35839.6,45734.91356,"25-50,000",E02006708,25_To_50
E07000234,35839.6,45734.91356,"25-50,000",E02006699,25_To_50
E07000235,26226.8,33468.01948,"25-50,000",E02006714,25_To_50
E07000235,26226.8,33468.01948,"25-50,000",E02006717,25_To_50
E07000235,26226.8,33468.01948,"25-50,000",E02006712,25_To_50
E07000235,26226.8,33468.01948,"25-50,000",E02006710,25_To_50
E07000235,26226.8,33468.01948,"25-50,000",E02006713,25_To_50
E07000235,26226.8,33468.01948,"25-50,000",E02006718,25_To_50
E07000235,26226.8,33468.01948,"25-50,000",E02006715,25_To_50
E07000235,26226.8,33468.01948,"25-50,000",E02006716,25_To_50
E07000235,26226.8,33468.01948,"25-50,000",E02006720,25_To_50
E07000235,26226.8,33468.01948,"25-50,000",E02006719,25_To_50
E07000235,26226.8,33468.01948,"25-50,000",E02006711,25_To_50
E07000236,28395,36234.8595,"25-50,000",E02006728,25_To_50
E07000236,28395,36234.8595,"25-50,000",E02006725,25_To_50
E07000236,28395,36234.8595,"25-50,000",E02006724,25_To_50
E07000236,28395,36234.8595,"25-50,000",E02006731,25_To_50
E07000236,28395,36234.8595,"25-50,000",E02006733,25_To_50
E07000236,28395,36234.8595,"25-50,000",E02006723,25_To_50
E07000236,28395,36234.8595,"25-50,000",E02006721,25_To_50
E07000236,28395,36234.8595,"25-50,000",E02006722,25_To_50
E07000236,28395,36234.8595,"25-50,000",E02006732,25_To_50
E07000236,28395,36234.8595,"25-50,000",E02006726,25_To_50
E07000236,28395,36234.8595,"25-50,000",E02006729,25_To_50
E07000236,28395,36234.8595,"25-50,000",E02006730,25_To_50
E07000236,28395,36234.8595,"25-50,000",E02006727,25_To_50
E07000237,35243.8,44974.61318000001,"25-50,000",E02006746,25_To_50
E07000237,35243.8,44974.61318000001,"25-50,000",E02006744,25_To_50
E07000237,35243.8,44974.61318000001,"25-50,000",E02006735,25_To_50
E07000237,35243.8,44974.61318000001,"25-50,000",E02006736,25_To_50
E07000237,35243.8,44974.61318000001,"25-50,000",E02006743,25_To_50
E07000237,35243.8,44974.61318000001,"25-50,000",E02006740,25_To_50
E07000237,35243.8,44974.61318000001,"25-50,000",E02006738,25_To_50
E07000237,35243.8,44974.61318000001,"25-50,000",E02006745,25_To_50
E07000237,35243.8,44974.61318000001,"25-50,000",E02006734,25_To_50
E07000237,35243.8,44974.61318000001,"25-50,000",E02006739,25_To_50
E07000237,35243.8,44974.61318000001,"25-50,000",E02006747,25_To_50
E07000237,35243.8,44974.61318000001,"25-50,000",E02006737,25_To_50
E07000237,35243.8,44974.61318000001,"25-50,000",E02006742,25_To_50
E07000237,35243.8,44974.61318000001,"25-50,000",E02006741,25_To_50
E07000238,28560.8,36446.43688,"25-50,000",E02006754,25_To_50
E07000238,28560.8,36446.43688,"25-50,000",E02006766,25_To_50
E07000238,28560.8,36446.43688,"25-50,000",E02006748,25_To_50
E07000238,28560.8,36446.43688,"25-50,000",E02006757,25_To_50
E07000238,28560.8,36446.43688,"25-50,000",E02006760,25_To_50
E07000238,28560.8,36446.43688,"25-50,000",E02006751,25_To_50
E07000238,28560.8,36446.43688,"25-50,000",E02006765,25_To_50
E07000238,28560.8,36446.43688,"25-50,000",E02006755,25_To_50
E07000238,28560.8,36446.43688,"25-50,000",E02006762,25_To_50
E07000238,28560.8,36446.43688,"25-50,000",E02006753,25_To_50
E07000238,28560.8,36446.43688,"25-50,000",E02006761,25_To_50
E07000238,28560.8,36446.43688,"25-50,000",E02006763,25_To_50
E07000238,28560.8,36446.43688,"25-50,000",E02006749,25_To_50
E07000238,28560.8,36446.43688,"25-50,000",E02006764,25_To_50
E07000238,28560.8,36446.43688,"25-50,000",E02006759,25_To_50
E07000238,28560.8,36446.43688,"25-50,000",E02006750,25_To_50
E07000238,28560.8,36446.43688,"25-50,000",E02006758,25_To_50
E07000238,28560.8,36446.43688,"25-50,000",E02006752,25_To_50
E07000238,28560.8,36446.43688,"25-50,000",E02006756,25_To_50
E07000239,18726.4,23896.75904,"<25,000",E02006773,Less_Than_25
E07000239,18726.4,23896.75904,"<25,000",E02006777,Less_Than_25
E07000239,18726.4,23896.75904,"<25,000",E02006774,Less_Than_25
E07000239,18726.4,23896.75904,"<25,000",E02006771,Less_Than_25
E07000239,18726.4,23896.75904,"<25,000",E02006780,Less_Than_25
E07000239,18726.4,23896.75904,"<25,000",E02006767,Less_Than_25
E07000239,18726.4,23896.75904,"<25,000",E02006776,Less_Than_25
E07000239,18726.4,23896.75904,"<25,000",E02006769,Less_Than_25
E07000239,18726.4,23896.75904,"<25,000",E02006770,Less_Than_25
E07000239,18726.4,23896.75904,"<25,000",E02006768,Less_Than_25
E07000239,18726.4,23896.75904,"<25,000",E02006772,Less_Than_25
E07000239,18726.4,23896.75904,"<25,000",E02006779,Less_Than_25
E07000239,18726.4,23896.75904,"<25,000",E02006778,Less_Than_25
E07000239,18726.4,23896.75904,"<25,000",E02006775,Less_Than_25
E07000218,53588.6,68384.41245999999,"50-75,000",E02006470,50_To_75
E07000218,53588.6,68384.41245999999,"50-75,000",E02006469,50_To_75
E07000218,53588.6,68384.41245999999,"50-75,000",E02006472,50_To_75
E07000218,53588.6,68384.41245999999,"50-75,000",E02006473,50_To_75
E07000218,53588.6,68384.41245999999,"50-75,000",E02006468,50_To_75
E07000218,53588.6,68384.41245999999,"50-75,000",E02006471,50_To_75
E07000218,53588.6,68384.41245999999,"50-75,000",E02006474,50_To_75
E07000219,20541.8,26213.39098,"25-50,000",E02006475,25_To_50
E07000219,20541.8,26213.39098,"25-50,000",E02006485,25_To_50
E07000219,20541.8,26213.39098,"25-50,000",E02006484,25_To_50
E07000219,20541.8,26213.39098,"25-50,000",E02006480,25_To_50
E07000219,20541.8,26213.39098,"25-50,000",E02006487,25_To_50
E07000219,20541.8,26213.39098,"25-50,000",E02006488,25_To_50
E07000219,20541.8,26213.39098,"25-50,000",E02006476,25_To_50
E07000219,20541.8,26213.39098,"25-50,000",E02006490,25_To_50
E07000219,20541.8,26213.39098,"25-50,000",E02006489,25_To_50
E07000219,20541.8,26213.39098,"25-50,000",E02006486,25_To_50
E07000219,20541.8,26213.39098,"25-50,000",E02006483,25_To_50
E07000219,20541.8,26213.39098,"25-50,000",E02006478,25_To_50
E07000219,20541.8,26213.39098,"25-50,000",E02006479,25_To_50
E07000219,20541.8,26213.39098,"25-50,000",E02006477,25_To_50
E07000219,20541.8,26213.39098,"25-50,000",E02006482,25_To_50
E07000219,20541.8,26213.39098,"25-50,000",E02006806,25_To_50
E07000219,20541.8,26213.39098,"25-50,000",E02006481,25_To_50
E07000220,31977.6,40806.615359999996,"25-50,000",E02006492,25_To_50
E07000220,31977.6,40806.615359999996,"25-50,000",E02006495,25_To_50
E07000220,31977.6,40806.615359999996,"25-50,000",E02006501,25_To_50
E07000220,31977.6,40806.615359999996,"25-50,000",E02006498,25_To_50
E07000220,31977.6,40806.615359999996,"25-50,000",E02006503,25_To_50
E07000220,31977.6,40806.615359999996,"25-50,000",E02006496,25_To_50
E07000220,31977.6,40806.615359999996,"25-50,000",E02006494,25_To_50
E07000220,31977.6,40806.615359999996,"25-50,000",E02006493,25_To_50
E07000220,31977.6,40806.615359999996,"25-50,000",E02006502,25_To_50
E07000220,31977.6,40806.615359999996,"25-50,000",E02006500,25_To_50
E07000220,31977.6,40806.615359999996,"25-50,000",E02006497,25_To_50
E07000220,31977.6,40806.615359999996,"25-50,000",E02006499,25_To_50
E07000221,42305.6,53986.176159999995,"50-75,000",E02006508,50_To_75
E07000221,42305.6,53986.176159999995,"50-75,000",E02006514,50_To_75
E07000221,42305.6,53986.176159999995,"50-75,000",E02006505,50_To_75
E07000221,42305.6,53986.176159999995,"50-75,000",E02006516,50_To_75
E07000221,42305.6,53986.176159999995,"50-75,000",E02006512,50_To_75
E07000221,42305.6,53986.176159999995,"50-75,000",E02006518,50_To_75
E07000221,42305.6,53986.176159999995,"50-75,000",E02006511,50_To_75
E07000221,42305.6,53986.176159999995,"50-75,000",E02006507,50_To_75
E07000221,42305.6,53986.176159999995,"50-75,000",E02006513,50_To_75
E07000221,42305.6,53986.176159999995,"50-75,000",E02006517,50_To_75
E07000221,42305.6,53986.176159999995,"50-75,000",E02006509,50_To_75
E07000221,42305.6,53986.176159999995,"50-75,000",E02006510,50_To_75
E07000221,42305.6,53986.176159999995,"50-75,000",E02006504,50_To_75
E07000221,42305.6,53986.176159999995,"50-75,000",E02006515,50_To_75
E07000221,42305.6,53986.176159999995,"50-75,000",E02006506,50_To_75
E07000222,51203.6,65340.91396,"50-75,000",E02006519,50_To_75
E07000222,51203.6,65340.91396,"50-75,000",E02006521,50_To_75
E07000222,51203.6,65340.91396,"50-75,000",E02006528,50_To_75
E07000222,51203.6,65340.91396,"50-75,000",E02006526,50_To_75
E07000222,51203.6,65340.91396,"50-75,000",E02006532,50_To_75
E07000222,51203.6,65340.91396,"50-75,000",E02006523,50_To_75
E07000222,51203.6,65340.91396,"50-75,000",E02006525,50_To_75
E07000222,51203.6,65340.91396,"50-75,000",E02006527,50_To_75
E07000222,51203.6,65340.91396,"50-75,000",E02006520,50_To_75
E07000222,51203.6,65340.91396,"50-75,000",E02006529,50_To_75
E07000222,51203.6,65340.91396,"50-75,000",E02006524,50_To_75
E07000222,51203.6,65340.91396,"50-75,000",E02006530,50_To_75
E07000222,51203.6,65340.91396,"50-75,000",E02006533,50_To_75
E07000222,51203.6,65340.91396,"50-75,000",E02006522,50_To_75
E07000222,51203.6,65340.91396,"50-75,000",E02006531,50_To_75
E06000020,31122,39714.7842,"25-50,000",E02002931,25_To_50
E06000020,31122,39714.7842,"25-50,000",E02002947,25_To_50
E06000020,31122,39714.7842,"25-50,000",E02002929,25_To_50
E06000020,31122,39714.7842,"25-50,000",E02002949,25_To_50
E06000020,31122,39714.7842,"25-50,000",E02002939,25_To_50
E06000020,31122,39714.7842,"25-50,000",E02002938,25_To_50
E06000020,31122,39714.7842,"25-50,000",E02002928,25_To_50
E06000020,31122,39714.7842,"25-50,000",E02002942,25_To_50
E06000020,31122,39714.7842,"25-50,000",E02002946,25_To_50
E06000020,31122,39714.7842,"25-50,000",E02002937,25_To_50
E06000020,31122,39714.7842,"25-50,000",E02002944,25_To_50
E06000020,31122,39714.7842,"25-50,000",E02002934,25_To_50
E06000020,31122,39714.7842,"25-50,000",E02002936,25_To_50
E06000020,31122,39714.7842,"25-50,000",E02002941,25_To_50
E06000020,31122,39714.7842,"25-50,000",E02002950,25_To_50
E06000020,31122,39714.7842,"25-50,000",E02002945,25_To_50
E06000020,31122,39714.7842,"25-50,000",E02002933,25_To_50
E06000020,31122,39714.7842,"25-50,000",E02002930,25_To_50
E06000020,31122,39714.7842,"25-50,000",E02002948,25_To_50
E06000020,31122,39714.7842,"25-50,000",E02002935,25_To_50
E06000020,31122,39714.7842,"25-50,000",E02002932,25_To_50
E06000020,31122,39714.7842,"25-50,000",E02002943,25_To_50
E06000020,31122,39714.7842,"25-50,000",E02002940,25_To_50
E06000051,24529.4,31301.967340000003,"25-50,000",E02006026,25_To_50
E06000051,24529.4,31301.967340000003,"25-50,000",E02006040,25_To_50
E06000051,24529.4,31301.967340000003,"25-50,000",E02006038,25_To_50
E06000051,24529.4,31301.967340000003,"25-50,000",E02006031,25_To_50
E06000051,24529.4,31301.967340000003,"25-50,000",E02006028,25_To_50
E06000051,24529.4,31301.967340000003,"25-50,000",E02006039,25_To_50
E06000051,24529.4,31301.967340000003,"25-50,000",E02006042,25_To_50
E06000051,24529.4,31301.967340000003,"25-50,000",E02006041,25_To_50
E06000051,24529.4,31301.967340000003,"25-50,000",E02006043,25_To_50
E06000051,24529.4,31301.967340000003,"25-50,000",E02006046,25_To_50
E06000051,24529.4,31301.967340000003,"25-50,000",E02006044,25_To_50
E06000051,24529.4,31301.967340000003,"25-50,000",E02006037,25_To_50
E06000051,24529.4,31301.967340000003,"25-50,000",E02006027,25_To_50
E06000051,24529.4,31301.967340000003,"25-50,000",E02006022,25_To_50
E06000051,24529.4,31301.967340000003,"25-50,000",E02006023,25_To_50
E06000051,24529.4,31301.967340000003,"25-50,000",E02006015,25_To_50
E06000051,24529.4,31301.967340000003,"25-50,000",E02006008,25_To_50
E06000051,24529.4,31301.967340000003,"25-50,000",E02006029,25_To_50
E06000051,24529.4,31301.967340000003,"25-50,000",E02006034,25_To_50
E06000051,24529.4,31301.967340000003,"25-50,000",E02006035,25_To_50
E06000051,24529.4,31301.967340000003,"25-50,000",E02006012,25_To_50
E06000051,24529.4,31301.967340000003,"25-50,000",E02006017,25_To_50
E06000051,24529.4,31301.967340000003,"25-50,000",E02006045,25_To_50
E06000051,24529.4,31301.967340000003,"25-50,000",E02006010,25_To_50
E06000051,24529.4,31301.967340000003,"25-50,000",E02006009,25_To_50
E06000051,24529.4,31301.967340000003,"25-50,000",E02006011,25_To_50
E06000051,24529.4,31301.967340000003,"25-50,000",E02006014,25_To_50
E06000051,24529.4,31301.967340000003,"25-50,000",E02006020,25_To_50
E06000051,24529.4,31301.967340000003,"25-50,000",E02006018,25_To_50
E06000051,24529.4,31301.967340000003,"25-50,000",E02006019,25_To_50
E06000051,24529.4,31301.967340000003,"25-50,000",E02006024,25_To_50
E06000051,24529.4,31301.967340000003,"25-50,000",E02006025,25_To_50
E06000051,24529.4,31301.967340000003,"25-50,000",E02006033,25_To_50
E06000051,24529.4,31301.967340000003,"25-50,000",E02006036,25_To_50
E06000051,24529.4,31301.967340000003,"25-50,000",E02006032,25_To_50
E06000051,24529.4,31301.967340000003,"25-50,000",E02006030,25_To_50
E06000051,24529.4,31301.967340000003,"25-50,000",E02006013,25_To_50
E06000051,24529.4,31301.967340000003,"25-50,000",E02006021,25_To_50
E06000051,24529.4,31301.967340000003,"25-50,000",E02006016,25_To_50
E06000021,27064.4,34536.880840000005,"25-50,000",E02002977,25_To_50
E06000021,27064.4,34536.880840000005,"25-50,000",E02002963,25_To_50
E06000021,27064.4,34536.880840000005,"25-50,000",E02002954,25_To_50
E06000021,27064.4,34536.880840000005,"25-50,000",E02002953,25_To_50
E06000021,27064.4,34536.880840000005,"25-50,000",E02002980,25_To_50
E06000021,27064.4,34536.880840000005,"25-50,000",E02002952,25_To_50
E06000021,27064.4,34536.880840000005,"25-50,000",E02002974,25_To_50
E06000021,27064.4,34536.880840000005,"25-50,000",E02002978,25_To_50
E06000021,27064.4,34536.880840000005,"25-50,000",E02002957,25_To_50
E06000021,27064.4,34536.880840000005,"25-50,000",E02002961,25_To_50
E06000021,27064.4,34536.880840000005,"25-50,000",E02002965,25_To_50
E06000021,27064.4,34536.880840000005,"25-50,000",E02002966,25_To_50
E06000021,27064.4,34536.880840000005,"25-50,000",E02002951,25_To_50
E06000021,27064.4,34536.880840000005,"25-50,000",E02002981,25_To_50
E06000021,27064.4,34536.880840000005,"25-50,000",E02002983,25_To_50
E06000021,27064.4,34536.880840000005,"25-50,000",E02002960,25_To_50
E06000021,27064.4,34536.880840000005,"25-50,000",E02002984,25_To_50
E06000021,27064.4,34536.880840000005,"25-50,000",E02002968,25_To_50
E06000021,27064.4,34536.880840000005,"25-50,000",E02002982,25_To_50
E06000021,27064.4,34536.880840000005,"25-50,000",E02002962,25_To_50
E06000021,27064.4,34536.880840000005,"25-50,000",E02002964,25_To_50
E06000021,27064.4,34536.880840000005,"25-50,000",E02002956,25_To_50
E06000021,27064.4,34536.880840000005,"25-50,000",E02002959,25_To_50
E06000021,27064.4,34536.880840000005,"25-50,000",E02002958,25_To_50
E06000021,27064.4,34536.880840000005,"25-50,000",E02002970,25_To_50
E06000021,27064.4,34536.880840000005,"25-50,000",E02002971,25_To_50
E06000021,27064.4,34536.880840000005,"25-50,000",E02002969,25_To_50
E06000021,27064.4,34536.880840000005,"25-50,000",E02002975,25_To_50
E06000021,27064.4,34536.880840000005,"25-50,000",E02002972,25_To_50
E06000021,27064.4,34536.880840000005,"25-50,000",E02002967,25_To_50
E06000021,27064.4,34536.880840000005,"25-50,000",E02002973,25_To_50
E06000021,27064.4,34536.880840000005,"25-50,000",E02002976,25_To_50
E06000021,27064.4,34536.880840000005,"25-50,000",E02002979,25_To_50
E06000021,27064.4,34536.880840000005,"25-50,000",E02002955,25_To_50
E07000192,25134.6,32074.263059999997,"25-50,000",E02006122,25_To_50
E07000192,25134.6,32074.263059999997,"25-50,000",E02006128,25_To_50
E07000192,25134.6,32074.263059999997,"25-50,000",E02006121,25_To_50
E07000192,25134.6,32074.263059999997,"25-50,000",E02006118,25_To_50
E07000192,25134.6,32074.263059999997,"25-50,000",E02006126,25_To_50
E07000192,25134.6,32074.263059999997,"25-50,000",E02006130,25_To_50
E07000192,25134.6,32074.263059999997,"25-50,000",E02006125,25_To_50
E07000192,25134.6,32074.263059999997,"25-50,000",E02006123,25_To_50
E07000192,25134.6,32074.263059999997,"25-50,000",E02006119,25_To_50
E07000192,25134.6,32074.263059999997,"25-50,000",E02006129,25_To_50
E07000192,25134.6,32074.263059999997,"25-50,000",E02006120,25_To_50
E07000192,25134.6,32074.263059999997,"25-50,000",E02006124,25_To_50
E07000192,25134.6,32074.263059999997,"25-50,000",E02006127,25_To_50
E07000193,34349.8,43833.779780000004,"25-50,000",E02006139,25_To_50
E07000193,34349.8,43833.779780000004,"25-50,000",E02006140,25_To_50
E07000193,34349.8,43833.779780000004,"25-50,000",E02006132,25_To_50
E07000193,34349.8,43833.779780000004,"25-50,000",E02006137,25_To_50
E07000193,34349.8,43833.779780000004,"25-50,000",E02006136,25_To_50
E07000193,34349.8,43833.779780000004,"25-50,000",E02006133,25_To_50
E07000193,34349.8,43833.779780000004,"25-50,000",E02006135,25_To_50
E07000193,34349.8,43833.779780000004,"25-50,000",E02006131,25_To_50
E07000193,34349.8,43833.779780000004,"25-50,000",E02006143,25_To_50
E07000193,34349.8,43833.779780000004,"25-50,000",E02006141,25_To_50
E07000193,34349.8,43833.779780000004,"25-50,000",E02006145,25_To_50
E07000193,34349.8,43833.779780000004,"25-50,000",E02006134,25_To_50
E07000193,34349.8,43833.779780000004,"25-50,000",E02006144,25_To_50
E07000193,34349.8,43833.779780000004,"25-50,000",E02006142,25_To_50
E07000193,34349.8,43833.779780000004,"25-50,000",E02006138,25_To_50
E07000194,28677,36594.7197,"25-50,000",E02006149,25_To_50
E07000194,28677,36594.7197,"25-50,000",E02006154,25_To_50
E07000194,28677,36594.7197,"25-50,000",E02006147,25_To_50
E07000194,28677,36594.7197,"25-50,000",E02006150,25_To_50
E07000194,28677,36594.7197,"25-50,000",E02006146,25_To_50
E07000194,28677,36594.7197,"25-50,000",E02006148,25_To_50
E07000194,28677,36594.7197,"25-50,000",E02006152,25_To_50
E07000194,28677,36594.7197,"25-50,000",E02006155,25_To_50
E07000194,28677,36594.7197,"25-50,000",E02006156,25_To_50
E07000194,28677,36594.7197,"25-50,000",E02006157,25_To_50
E07000194,28677,36594.7197,"25-50,000",E02006153,25_To_50
E07000194,28677,36594.7197,"25-50,000",E02006151,25_To_50
E07000195,22594.2,28832.45862,"25-50,000",E02006159,25_To_50
E07000195,22594.2,28832.45862,"25-50,000",E02006171,25_To_50
E07000195,22594.2,28832.45862,"25-50,000",E02006172,25_To_50
E07000195,22594.2,28832.45862,"25-50,000",E02006169,25_To_50
E07000195,22594.2,28832.45862,"25-50,000",E02006160,25_To_50
E07000195,22594.2,28832.45862,"25-50,000",E02006167,25_To_50
E07000195,22594.2,28832.45862,"25-50,000",E02006165,25_To_50
E07000195,22594.2,28832.45862,"25-50,000",E02006170,25_To_50
E07000195,22594.2,28832.45862,"25-50,000",E02006173,25_To_50
E07000195,22594.2,28832.45862,"25-50,000",E02006161,25_To_50
E07000195,22594.2,28832.45862,"25-50,000",E02006158,25_To_50
E07000195,22594.2,28832.45862,"25-50,000",E02006168,25_To_50
E07000195,22594.2,28832.45862,"25-50,000",E02006166,25_To_50
E07000195,22594.2,28832.45862,"25-50,000",E02006163,25_To_50
E07000195,22594.2,28832.45862,"25-50,000",E02006164,25_To_50
E07000195,22594.2,28832.45862,"25-50,000",E02006162,25_To_50
E07000196,22401.4,28586.42654,"25-50,000",E02006181,25_To_50
E07000196,22401.4,28586.42654,"25-50,000",E02006176,25_To_50
E07000196,22401.4,28586.42654,"25-50,000",E02006179,25_To_50
E07000196,22401.4,28586.42654,"25-50,000",E02006177,25_To_50
E07000196,22401.4,28586.42654,"25-50,000",E02006182,25_To_50
E07000196,22401.4,28586.42654,"25-50,000",E02006180,25_To_50
E07000196,22401.4,28586.42654,"25-50,000",E02006187,25_To_50
E07000196,22401.4,28586.42654,"25-50,000",E02006174,25_To_50
E07000196,22401.4,28586.42654,"25-50,000",E02006185,25_To_50
E07000196,22401.4,28586.42654,"25-50,000",E02006186,25_To_50
E07000196,22401.4,28586.42654,"25-50,000",E02006178,25_To_50
E07000196,22401.4,28586.42654,"25-50,000",E02006183,25_To_50
E07000196,22401.4,28586.42654,"25-50,000",E02006184,25_To_50
E07000196,22401.4,28586.42654,"25-50,000",E02006175,25_To_50
E07000197,28580,36470.938,"25-50,000",E02006199,25_To_50
E07000197,28580,36470.938,"25-50,000",E02006191,25_To_50
E07000197,28580,36470.938,"25-50,000",E02006192,25_To_50
E07000197,28580,36470.938,"25-50,000",E02006197,25_To_50
E07000197,28580,36470.938,"25-50,000",E02006188,25_To_50
E07000197,28580,36470.938,"25-50,000",E02006194,25_To_50
E07000197,28580,36470.938,"25-50,000",E02006190,25_To_50
E07000197,28580,36470.938,"25-50,000",E02006198,25_To_50
E07000197,28580,36470.938,"25-50,000",E02006200,25_To_50
E07000197,28580,36470.938,"25-50,000",E02006203,25_To_50
E07000197,28580,36470.938,"25-50,000",E02006193,25_To_50
E07000197,28580,36470.938,"25-50,000",E02006201,25_To_50
E07000197,28580,36470.938,"25-50,000",E02006195,25_To_50
E07000197,28580,36470.938,"25-50,000",E02006202,25_To_50
E07000197,28580,36470.938,"25-50,000",E02006189,25_To_50
E07000197,28580,36470.938,"25-50,000",E02006196,25_To_50
E07000198,20241.8,25830.56098,"25-50,000",E02006204,25_To_50
E07000198,20241.8,25830.56098,"25-50,000",E02006208,25_To_50
E07000198,20241.8,25830.56098,"25-50,000",E02006209,25_To_50
E07000198,20241.8,25830.56098,"25-50,000",E02006213,25_To_50
E07000198,20241.8,25830.56098,"25-50,000",E02006214,25_To_50
E07000198,20241.8,25830.56098,"25-50,000",E02006216,25_To_50
E07000198,20241.8,25830.56098,"25-50,000",E02006205,25_To_50
E07000198,20241.8,25830.56098,"25-50,000",E02006212,25_To_50
E07000198,20241.8,25830.56098,"25-50,000",E02006206,25_To_50
E07000198,20241.8,25830.56098,"25-50,000",E02006207,25_To_50
E07000198,20241.8,25830.56098,"25-50,000",E02006215,25_To_50
E07000198,20241.8,25830.56098,"25-50,000",E02006211,25_To_50
E07000198,20241.8,25830.56098,"25-50,000",E02006210,25_To_50
E07000199,26648.2,34005.76802,"25-50,000",E02006225,25_To_50
E07000199,26648.2,34005.76802,"25-50,000",E02006226,25_To_50
E07000199,26648.2,34005.76802,"25-50,000",E02006218,25_To_50
E07000199,26648.2,34005.76802,"25-50,000",E02006217,25_To_50
E07000199,26648.2,34005.76802,"25-50,000",E02006219,25_To_50
E07000199,26648.2,34005.76802,"25-50,000",E02006220,25_To_50
E07000199,26648.2,34005.76802,"25-50,000",E02006221,25_To_50
E07000199,26648.2,34005.76802,"25-50,000",E02006223,25_To_50
E07000199,26648.2,34005.76802,"25-50,000",E02006224,25_To_50
E07000199,26648.2,34005.76802,"25-50,000",E02006222,25_To_50
E08000025,29066.2,37091.37782,"25-50,000",E02001870,25_To_50
E08000025,29066.2,37091.37782,"25-50,000",E02001868,25_To_50
E08000025,29066.2,37091.37782,"25-50,000",E02001852,25_To_50
E08000025,29066.2,37091.37782,"25-50,000",E02001848,25_To_50
E08000025,29066.2,37091.37782,"25-50,000",E02001886,25_To_50
E08000025,29066.2,37091.37782,"25-50,000",E02001930,25_To_50
E08000025,29066.2,37091.37782,"25-50,000",E02001914,25_To_50
E08000025,29066.2,37091.37782,"25-50,000",E02001918,25_To_50
E08000025,29066.2,37091.37782,"25-50,000",E02001931,25_To_50
E08000025,29066.2,37091.37782,"25-50,000",E02001919,25_To_50
E08000025,29066.2,37091.37782,"25-50,000",E02001843,25_To_50
E08000025,29066.2,37091.37782,"25-50,000",E02001839,25_To_50
E08000025,29066.2,37091.37782,"25-50,000",E02001845,25_To_50
E08000025,29066.2,37091.37782,"25-50,000",E02001850,25_To_50
E08000025,29066.2,37091.37782,"25-50,000",E02001842,25_To_50
E08000025,29066.2,37091.37782,"25-50,000",E02001861,25_To_50
E08000025,29066.2,37091.37782,"25-50,000",E02001898,25_To_50
E08000025,29066.2,37091.37782,"25-50,000",E02001857,25_To_50
E08000025,29066.2,37091.37782,"25-50,000",E02006809,25_To_50
E08000025,29066.2,37091.37782,"25-50,000",E02001892,25_To_50
E08000025,29066.2,37091.37782,"25-50,000",E02001893,25_To_50
E08000025,29066.2,37091.37782,"25-50,000",E02001882,25_To_50
E08000025,29066.2,37091.37782,"25-50,000",E02006807,25_To_50
E08000025,29066.2,37091.37782,"25-50,000",E02001916,25_To_50
E08000025,29066.2,37091.37782,"25-50,000",E02001924,25_To_50
E08000025,29066.2,37091.37782,"25-50,000",E02001939,25_To_50
E08000025,29066.2,37091.37782,"25-50,000",E02001849,25_To_50
E08000025,29066.2,37091.37782,"25-50,000",E02001904,25_To_50
E08000025,29066.2,37091.37782,"25-50,000",E02001915,25_To_50
E08000025,29066.2,37091.37782,"25-50,000",E02001902,25_To_50
E08000025,29066.2,37091.37782,"25-50,000",E02001921,25_To_50
E08000025,29066.2,37091.37782,"25-50,000",E02001941,25_To_50
E08000025,29066.2,37091.37782,"25-50,000",E02001937,25_To_50
E08000025,29066.2,37091.37782,"25-50,000",E02001933,25_To_50
E08000025,29066.2,37091.37782,"25-50,000",E02001936,25_To_50
E08000025,29066.2,37091.37782,"25-50,000",E02001890,25_To_50
E08000025,29066.2,37091.37782,"25-50,000",E02001913,25_To_50
E08000025,29066.2,37091.37782,"25-50,000",E02001854,25_To_50
E08000025,29066.2,37091.37782,"25-50,000",E02001827,25_To_50
E08000025,29066.2,37091.37782,"25-50,000",E02001831,25_To_50
E08000025,29066.2,37091.37782,"25-50,000",E02001866,25_To_50
E08000025,29066.2,37091.37782,"25-50,000",E02001923,25_To_50
E08000025,29066.2,37091.37782,"25-50,000",E02001946,25_To_50
E08000025,29066.2,37091.37782,"25-50,000",E02001867,25_To_50
E08000025,29066.2,37091.37782,"25-50,000",E02001899,25_To_50
E08000025,29066.2,37091.37782,"25-50,000",E02001911,25_To_50
E08000025,29066.2,37091.37782,"25-50,000",E02001906,25_To_50
E08000025,29066.2,37091.37782,"25-50,000",E02001830,25_To_50
E08000025,29066.2,37091.37782,"25-50,000",E02001828,25_To_50
E08000025,29066.2,37091.37782,"25-50,000",E02001829,25_To_50
E08000025,29066.2,37091.37782,"25-50,000",E02001838,25_To_50
E08000025,29066.2,37091.37782,"25-50,000",E02001847,25_To_50
E08000025,29066.2,37091.37782,"25-50,000",E02001832,25_To_50
E08000025,29066.2,37091.37782,"25-50,000",E02001835,25_To_50
E08000025,29066.2,37091.37782,"25-50,000",E02001841,25_To_50
E08000025,29066.2,37091.37782,"25-50,000",E02001954,25_To_50
E08000025,29066.2,37091.37782,"25-50,000",E02001953,25_To_50
E08000025,29066.2,37091.37782,"25-50,000",E02001956,25_To_50
E08000025,29066.2,37091.37782,"25-50,000",E02001955,25_To_50
E08000025,29066.2,37091.37782,"25-50,000",E02001957,25_To_50
E08000025,29066.2,37091.37782,"25-50,000",E02001895,25_To_50
E08000025,29066.2,37091.37782,"25-50,000",E02001876,25_To_50
E08000025,29066.2,37091.37782,"25-50,000",E02001858,25_To_50
E08000025,29066.2,37091.37782,"25-50,000",E02001862,25_To_50
E08000025,29066.2,37091.37782,"25-50,000",E02001925,25_To_50
E08000025,29066.2,37091.37782,"25-50,000",E02001926,25_To_50
E08000025,29066.2,37091.37782,"25-50,000",E02001907,25_To_50
E08000025,29066.2,37091.37782,"25-50,000",E02001846,25_To_50
E08000025,29066.2,37091.37782,"25-50,000",E02001856,25_To_50
E08000025,29066.2,37091.37782,"25-50,000",E02001836,25_To_50
E08000025,29066.2,37091.37782,"25-50,000",E02001844,25_To_50
E08000025,29066.2,37091.37782,"25-50,000",E02001935,25_To_50
E08000025,29066.2,37091.37782,"25-50,000",E02001863,25_To_50
E08000025,29066.2,37091.37782,"25-50,000",E02001934,25_To_50
E08000025,29066.2,37091.37782,"25-50,000",E02001859,25_To_50
E08000025,29066.2,37091.37782,"25-50,000",E02001864,25_To_50
E08000025,29066.2,37091.37782,"25-50,000",E02001871,25_To_50
E08000025,29066.2,37091.37782,"25-50,000",E02001879,25_To_50
E08000025,29066.2,37091.37782,"25-50,000",E02006898,25_To_50
E08000025,29066.2,37091.37782,"25-50,000",E02001875,25_To_50
E08000025,29066.2,37091.37782,"25-50,000",E02001900,25_To_50
E08000025,29066.2,37091.37782,"25-50,000",E02001905,25_To_50
E08000025,29066.2,37091.37782,"25-50,000",E02001860,25_To_50
E08000025,29066.2,37091.37782,"25-50,000",E02001922,25_To_50
E08000025,29066.2,37091.37782,"25-50,000",E02006900,25_To_50
E08000025,29066.2,37091.37782,"25-50,000",E02001889,25_To_50
E08000025,29066.2,37091.37782,"25-50,000",E02001873,25_To_50
E08000025,29066.2,37091.37782,"25-50,000",E02001865,25_To_50
E08000025,29066.2,37091.37782,"25-50,000",E02001910,25_To_50
E08000025,29066.2,37091.37782,"25-50,000",E02001869,25_To_50
E08000025,29066.2,37091.37782,"25-50,000",E02001878,25_To_50
E08000025,29066.2,37091.37782,"25-50,000",E02001901,25_To_50
E08000025,29066.2,37091.37782,"25-50,000",E02001855,25_To_50
E08000025,29066.2,37091.37782,"25-50,000",E02001951,25_To_50
E08000025,29066.2,37091.37782,"25-50,000",E02001909,25_To_50
E08000025,29066.2,37091.37782,"25-50,000",E02001952,25_To_50
E08000025,29066.2,37091.37782,"25-50,000",E02001942,25_To_50
E08000025,29066.2,37091.37782,"25-50,000",E02001897,25_To_50
E08000025,29066.2,37091.37782,"25-50,000",E02001903,25_To_50
E08000025,29066.2,37091.37782,"25-50,000",E02001938,25_To_50
E08000025,29066.2,37091.37782,"25-50,000",E02001851,25_To_50
E08000025,29066.2,37091.37782,"25-50,000",E02001949,25_To_50
E08000025,29066.2,37091.37782,"25-50,000",E02001950,25_To_50
E08000025,29066.2,37091.37782,"25-50,000",E02001932,25_To_50
E08000025,29066.2,37091.37782,"25-50,000",E02006895,25_To_50
E08000025,29066.2,37091.37782,"25-50,000",E02001874,25_To_50
E08000025,29066.2,37091.37782,"25-50,000",E02001877,25_To_50
E08000025,29066.2,37091.37782,"25-50,000",E02001920,25_To_50
E08000025,29066.2,37091.37782,"25-50,000",E02001944,25_To_50
E08000025,29066.2,37091.37782,"25-50,000",E02001947,25_To_50
E08000025,29066.2,37091.37782,"25-50,000",E02006897,25_To_50
E08000025,29066.2,37091.37782,"25-50,000",E02006899,25_To_50
E08000025,29066.2,37091.37782,"25-50,000",E02001881,25_To_50
E08000025,29066.2,37091.37782,"25-50,000",E02006896,25_To_50
E08000025,29066.2,37091.37782,"25-50,000",E02001834,25_To_50
E08000025,29066.2,37091.37782,"25-50,000",E02001833,25_To_50
E08000025,29066.2,37091.37782,"25-50,000",E02001883,25_To_50
E08000025,29066.2,37091.37782,"25-50,000",E02001880,25_To_50
E08000025,29066.2,37091.37782,"25-50,000",E02001928,25_To_50
E08000025,29066.2,37091.37782,"25-50,000",E02001872,25_To_50
E08000025,29066.2,37091.37782,"25-50,000",E02001927,25_To_50
E08000025,29066.2,37091.37782,"25-50,000",E02001943,25_To_50
E08000025,29066.2,37091.37782,"25-50,000",E02001945,25_To_50
E08000025,29066.2,37091.37782,"25-50,000",E02001837,25_To_50
E08000025,29066.2,37091.37782,"25-50,000",E02001840,25_To_50
E08000025,29066.2,37091.37782,"25-50,000",E02001948,25_To_50
E08000025,29066.2,37091.37782,"25-50,000",E02001888,25_To_50
E08000025,29066.2,37091.37782,"25-50,000",E02001908,25_To_50
E08000025,29066.2,37091.37782,"25-50,000",E02001896,25_To_50
E08000025,29066.2,37091.37782,"25-50,000",E02006901,25_To_50
E08000025,29066.2,37091.37782,"25-50,000",E02001929,25_To_50
E08000025,29066.2,37091.37782,"25-50,000",E02001884,25_To_50
E08000029,47424.4,60518.276840000006,"50-75,000",E02002108,50_To_75
E08000029,47424.4,60518.276840000006,"50-75,000",E02002091,50_To_75
E08000029,47424.4,60518.276840000006,"50-75,000",E02002086,50_To_75
E08000029,47424.4,60518.276840000006,"50-75,000",E02002085,50_To_75
E08000029,47424.4,60518.276840000006,"50-75,000",E02002090,50_To_75
E08000029,47424.4,60518.276840000006,"50-75,000",E02002092,50_To_75
E08000029,47424.4,60518.276840000006,"50-75,000",E02002084,50_To_75
E08000029,47424.4,60518.276840000006,"50-75,000",E02006808,50_To_75
E08000029,47424.4,60518.276840000006,"50-75,000",E02002081,50_To_75
E08000029,47424.4,60518.276840000006,"50-75,000",E02002106,50_To_75
E08000029,47424.4,60518.276840000006,"50-75,000",E02002082,50_To_75
E08000029,47424.4,60518.276840000006,"50-75,000",E02002093,50_To_75
E08000029,47424.4,60518.276840000006,"50-75,000",E02002099,50_To_75
E08000029,47424.4,60518.276840000006,"50-75,000",E02002095,50_To_75
E08000029,47424.4,60518.276840000006,"50-75,000",E02002089,50_To_75
E08000029,47424.4,60518.276840000006,"50-75,000",E02002094,50_To_75
E08000029,47424.4,60518.276840000006,"50-75,000",E02002097,50_To_75
E08000029,47424.4,60518.276840000006,"50-75,000",E02002105,50_To_75
E08000029,47424.4,60518.276840000006,"50-75,000",E02002109,50_To_75
E08000029,47424.4,60518.276840000006,"50-75,000",E02002103,50_To_75
E08000029,47424.4,60518.276840000006,"50-75,000",E02002101,50_To_75
E08000029,47424.4,60518.276840000006,"50-75,000",E02002098,50_To_75
E08000029,47424.4,60518.276840000006,"50-75,000",E02002088,50_To_75
E08000029,47424.4,60518.276840000006,"50-75,000",E02002102,50_To_75
E08000029,47424.4,60518.276840000006,"50-75,000",E02002083,50_To_75
E08000029,47424.4,60518.276840000006,"50-75,000",E02002104,50_To_75
E08000029,47424.4,60518.276840000006,"50-75,000",E02002096,50_To_75
E08000029,47424.4,60518.276840000006,"50-75,000",E02002107,50_To_75
E08000029,47424.4,60518.276840000006,"50-75,000",E02002087,50_To_75
E08000026,32871.8,41947.703980000006,"25-50,000",E02001969,25_To_50
E08000026,32871.8,41947.703980000006,"25-50,000",E02001974,25_To_50
E08000026,32871.8,41947.703980000006,"25-50,000",E02001965,25_To_50
E08000026,32871.8,41947.703980000006,"25-50,000",E02001983,25_To_50
E08000026,32871.8,41947.703980000006,"25-50,000",E02001971,25_To_50
E08000026,32871.8,41947.703980000006,"25-50,000",E02001973,25_To_50
E08000026,32871.8,41947.703980000006,"25-50,000",E02001992,25_To_50
E08000026,32871.8,41947.703980000006,"25-50,000",E02001981,25_To_50
E08000026,32871.8,41947.703980000006,"25-50,000",E02001988,25_To_50
E08000026,32871.8,41947.703980000006,"25-50,000",E02001978,25_To_50
E08000026,32871.8,41947.703980000006,"25-50,000",E02001996,25_To_50
E08000026,32871.8,41947.703980000006,"25-50,000",E02001975,25_To_50
E08000026,32871.8,41947.703980000006,"25-50,000",E02001985,25_To_50
E08000026,32871.8,41947.703980000006,"25-50,000",E02001976,25_To_50
E08000026,32871.8,41947.703980000006,"25-50,000",E02001970,25_To_50
E08000026,32871.8,41947.703980000006,"25-50,000",E02001998,25_To_50
E08000026,32871.8,41947.703980000006,"25-50,000",E02001999,25_To_50
E08000026,32871.8,41947.703980000006,"25-50,000",E02001990,25_To_50
E08000026,32871.8,41947.703980000006,"25-50,000",E02001994,25_To_50
E08000026,32871.8,41947.703980000006,"25-50,000",E02001993,25_To_50
E08000026,32871.8,41947.703980000006,"25-50,000",E02006805,25_To_50
E08000026,32871.8,41947.703980000006,"25-50,000",E02001968,25_To_50
E08000026,32871.8,41947.703980000006,"25-50,000",E02001977,25_To_50
E08000026,32871.8,41947.703980000006,"25-50,000",E02001982,25_To_50
E08000026,32871.8,41947.703980000006,"25-50,000",E02001963,25_To_50
E08000026,32871.8,41947.703980000006,"25-50,000",E02001967,25_To_50
E08000026,32871.8,41947.703980000006,"25-50,000",E02001979,25_To_50
E08000026,32871.8,41947.703980000006,"25-50,000",E02001972,25_To_50
E08000026,32871.8,41947.703980000006,"25-50,000",E02001959,25_To_50
E08000026,32871.8,41947.703980000006,"25-50,000",E02001962,25_To_50
E08000026,32871.8,41947.703980000006,"25-50,000",E02001966,25_To_50
E08000026,32871.8,41947.703980000006,"25-50,000",E02001964,25_To_50
E08000026,32871.8,41947.703980000006,"25-50,000",E02001989,25_To_50
E08000026,32871.8,41947.703980000006,"25-50,000",E02001961,25_To_50
E08000026,32871.8,41947.703980000006,"25-50,000",E02001991,25_To_50
E08000026,32871.8,41947.703980000006,"25-50,000",E02001986,25_To_50
E08000026,32871.8,41947.703980000006,"25-50,000",E02001995,25_To_50
E08000026,32871.8,41947.703980000006,"25-50,000",E02001958,25_To_50
E08000026,32871.8,41947.703980000006,"25-50,000",E02001984,25_To_50
E08000026,32871.8,41947.703980000006,"25-50,000",E02001997,25_To_50
E08000026,32871.8,41947.703980000006,"25-50,000",E02001980,25_To_50
E08000026,32871.8,41947.703980000006,"25-50,000",E02001987,25_To_50
E08000027,19851.6,25332.62676,"25-50,000",E02002025,25_To_50
E08000027,19851.6,25332.62676,"25-50,000",E02002010,25_To_50
E08000027,19851.6,25332.62676,"25-50,000",E02002008,25_To_50
E08000027,19851.6,25332.62676,"25-50,000",E02002009,25_To_50
E08000027,19851.6,25332.62676,"25-50,000",E02002014,25_To_50
E08000027,19851.6,25332.62676,"25-50,000",E02002021,25_To_50
E08000027,19851.6,25332.62676,"25-50,000",E02002036,25_To_50
E08000027,19851.6,25332.62676,"25-50,000",E02002037,25_To_50
E08000027,19851.6,25332.62676,"25-50,000",E02002012,25_To_50
E08000027,19851.6,25332.62676,"25-50,000",E02002034,25_To_50
E08000027,19851.6,25332.62676,"25-50,000",E02002028,25_To_50
E08000027,19851.6,25332.62676,"25-50,000",E02002027,25_To_50
E08000027,19851.6,25332.62676,"25-50,000",E02002038,25_To_50
E08000027,19851.6,25332.62676,"25-50,000",E02002029,25_To_50
E08000027,19851.6,25332.62676,"25-50,000",E02002035,25_To_50
E08000027,19851.6,25332.62676,"25-50,000",E02002042,25_To_50
E08000027,19851.6,25332.62676,"25-50,000",E02002013,25_To_50
E08000027,19851.6,25332.62676,"25-50,000",E02002018,25_To_50
E08000027,19851.6,25332.62676,"25-50,000",E02002040,25_To_50
E08000027,19851.6,25332.62676,"25-50,000",E02002041,25_To_50
E08000027,19851.6,25332.62676,"25-50,000",E02002039,25_To_50
E08000027,19851.6,25332.62676,"25-50,000",E02002031,25_To_50
E08000027,19851.6,25332.62676,"25-50,000",E02002002,25_To_50
E08000027,19851.6,25332.62676,"25-50,000",E02002020,25_To_50
E08000027,19851.6,25332.62676,"25-50,000",E02002030,25_To_50
E08000027,19851.6,25332.62676,"25-50,000",E02002026,25_To_50
E08000027,19851.6,25332.62676,"25-50,000",E02002033,25_To_50
E08000027,19851.6,25332.62676,"25-50,000",E02002022,25_To_50
E08000027,19851.6,25332.62676,"25-50,000",E02002016,25_To_50
E08000027,19851.6,25332.62676,"25-50,000",E02002000,25_To_50
E08000027,19851.6,25332.62676,"25-50,000",E02002004,25_To_50
E08000027,19851.6,25332.62676,"25-50,000",E02002001,25_To_50
E08000027,19851.6,25332.62676,"25-50,000",E02002003,25_To_50
E08000027,19851.6,25332.62676,"25-50,000",E02002007,25_To_50
E08000027,19851.6,25332.62676,"25-50,000",E02002006,25_To_50
E08000027,19851.6,25332.62676,"25-50,000",E02002032,25_To_50
E08000027,19851.6,25332.62676,"25-50,000",E02002011,25_To_50
E08000027,19851.6,25332.62676,"25-50,000",E02002024,25_To_50
E08000027,19851.6,25332.62676,"25-50,000",E02002015,25_To_50
E08000027,19851.6,25332.62676,"25-50,000",E02002005,25_To_50
E08000027,19851.6,25332.62676,"25-50,000",E02002017,25_To_50
E08000027,19851.6,25332.62676,"25-50,000",E02002019,25_To_50
E08000027,19851.6,25332.62676,"25-50,000",E02002023,25_To_50
E08000028,22098.2,28199.513020000002,"25-50,000",E02002052,25_To_50
E08000028,22098.2,28199.513020000002,"25-50,000",E02002079,25_To_50
E08000028,22098.2,28199.513020000002,"25-50,000",E02002070,25_To_50
E08000028,22098.2,28199.513020000002,"25-50,000",E02006810,25_To_50
E08000028,22098.2,28199.513020000002,"25-50,000",E02002069,25_To_50
E08000028,22098.2,28199.513020000002,"25-50,000",E02002075,25_To_50
E08000028,22098.2,28199.513020000002,"25-50,000",E02002078,25_To_50
E08000028,22098.2,28199.513020000002,"25-50,000",E02002053,25_To_50
E08000028,22098.2,28199.513020000002,"25-50,000",E02002049,25_To_50
E08000028,22098.2,28199.513020000002,"25-50,000",E02002071,25_To_50
E08000028,22098.2,28199.513020000002,"25-50,000",E02002067,25_To_50
E08000028,22098.2,28199.513020000002,"25-50,000",E02002077,25_To_50
E08000028,22098.2,28199.513020000002,"25-50,000",E02002073,25_To_50
E08000028,22098.2,28199.513020000002,"25-50,000",E02002057,25_To_50
E08000028,22098.2,28199.513020000002,"25-50,000",E02002064,25_To_50
E08000028,22098.2,28199.513020000002,"25-50,000",E02002043,25_To_50
E08000028,22098.2,28199.513020000002,"25-50,000",E02002047,25_To_50
E08000028,22098.2,28199.513020000002,"25-50,000",E02002054,25_To_50
E08000028,22098.2,28199.513020000002,"25-50,000",E02002063,25_To_50
E08000028,22098.2,28199.513020000002,"25-50,000",E02002072,25_To_50
E08000028,22098.2,28199.513020000002,"25-50,000",E02002068,25_To_50
E08000028,22098.2,28199.513020000002,"25-50,000",E02002066,25_To_50
E08000028,22098.2,28199.513020000002,"25-50,000",E02002076,25_To_50
E08000028,22098.2,28199.513020000002,"25-50,000",E02002044,25_To_50
E08000028,22098.2,28199.513020000002,"25-50,000",E02002062,25_To_50
E08000028,22098.2,28199.513020000002,"25-50,000",E02002060,25_To_50
E08000028,22098.2,28199.513020000002,"25-50,000",E02002074,25_To_50
E08000028,22098.2,28199.513020000002,"25-50,000",E02002059,25_To_50
E08000028,22098.2,28199.513020000002,"25-50,000",E02002048,25_To_50
E08000028,22098.2,28199.513020000002,"25-50,000",E02002058,25_To_50
E08000028,22098.2,28199.513020000002,"25-50,000",E02002061,25_To_50
E08000028,22098.2,28199.513020000002,"25-50,000",E02002065,25_To_50
E08000028,22098.2,28199.513020000002,"25-50,000",E02002055,25_To_50
E08000028,22098.2,28199.513020000002,"25-50,000",E02002080,25_To_50
E08000028,22098.2,28199.513020000002,"25-50,000",E02002046,25_To_50
E08000028,22098.2,28199.513020000002,"25-50,000",E02002045,25_To_50
E08000028,22098.2,28199.513020000002,"25-50,000",E02002056,25_To_50
E08000028,22098.2,28199.513020000002,"25-50,000",E02002051,25_To_50
E08000030,19808.8,25278.00968,"25-50,000",E02002114,25_To_50
E08000030,19808.8,25278.00968,"25-50,000",E02002119,25_To_50
E08000030,19808.8,25278.00968,"25-50,000",E02002148,25_To_50
E08000030,19808.8,25278.00968,"25-50,000",E02002129,25_To_50
E08000030,19808.8,25278.00968,"25-50,000",E02002128,25_To_50
E08000030,19808.8,25278.00968,"25-50,000",E02002123,25_To_50
E08000030,19808.8,25278.00968,"25-50,000",E02002135,25_To_50
E08000030,19808.8,25278.00968,"25-50,000",E02002143,25_To_50
E08000030,19808.8,25278.00968,"25-50,000",E02002140,25_To_50
E08000030,19808.8,25278.00968,"25-50,000",E02002139,25_To_50
E08000030,19808.8,25278.00968,"25-50,000",E02002133,25_To_50
E08000030,19808.8,25278.00968,"25-50,000",E02002127,25_To_50
E08000030,19808.8,25278.00968,"25-50,000",E02002124,25_To_50
E08000030,19808.8,25278.00968,"25-50,000",E02002118,25_To_50
E08000030,19808.8,25278.00968,"25-50,000",E02002116,25_To_50
E08000030,19808.8,25278.00968,"25-50,000",E02002117,25_To_50
E08000030,19808.8,25278.00968,"25-50,000",E02002112,25_To_50
E08000030,19808.8,25278.00968,"25-50,000",E02002141,25_To_50
E08000030,19808.8,25278.00968,"25-50,000",E02002125,25_To_50
E08000030,19808.8,25278.00968,"25-50,000",E02002120,25_To_50
E08000030,19808.8,25278.00968,"25-50,000",E02002126,25_To_50
E08000030,19808.8,25278.00968,"25-50,000",E02002130,25_To_50
E08000030,19808.8,25278.00968,"25-50,000",E02002147,25_To_50
E08000030,19808.8,25278.00968,"25-50,000",E02002145,25_To_50
E08000030,19808.8,25278.00968,"25-50,000",E02002138,25_To_50
E08000030,19808.8,25278.00968,"25-50,000",E02002132,25_To_50
E08000030,19808.8,25278.00968,"25-50,000",E02002144,25_To_50
E08000030,19808.8,25278.00968,"25-50,000",E02002137,25_To_50
E08000030,19808.8,25278.00968,"25-50,000",E02002136,25_To_50
E08000030,19808.8,25278.00968,"25-50,000",E02002134,25_To_50
E08000030,19808.8,25278.00968,"25-50,000",E02002115,25_To_50
E08000030,19808.8,25278.00968,"25-50,000",E02002131,25_To_50
E08000030,19808.8,25278.00968,"25-50,000",E02002113,25_To_50
E08000030,19808.8,25278.00968,"25-50,000",E02002142,25_To_50
E08000030,19808.8,25278.00968,"25-50,000",E02002122,25_To_50
E08000030,19808.8,25278.00968,"25-50,000",E02002121,25_To_50
E08000030,19808.8,25278.00968,"25-50,000",E02002111,25_To_50
E08000030,19808.8,25278.00968,"25-50,000",E02002146,25_To_50
E08000030,19808.8,25278.00968,"25-50,000",E02002110,25_To_50
E08000031,23882.6,30476.58586,"25-50,000",E02002175,25_To_50
E08000031,23882.6,30476.58586,"25-50,000",E02002170,25_To_50
E08000031,23882.6,30476.58586,"25-50,000",E02002164,25_To_50
E08000031,23882.6,30476.58586,"25-50,000",E02002149,25_To_50
E08000031,23882.6,30476.58586,"25-50,000",E02002178,25_To_50
E08000031,23882.6,30476.58586,"25-50,000",E02002157,25_To_50
E08000031,23882.6,30476.58586,"25-50,000",E02002176,25_To_50
E08000031,23882.6,30476.58586,"25-50,000",E02002153,25_To_50
E08000031,23882.6,30476.58586,"25-50,000",E02002171,25_To_50
E08000031,23882.6,30476.58586,"25-50,000",E02002181,25_To_50
E08000031,23882.6,30476.58586,"25-50,000",E02002177,25_To_50
E08000031,23882.6,30476.58586,"25-50,000",E02002158,25_To_50
E08000031,23882.6,30476.58586,"25-50,000",E02002162,25_To_50
E08000031,23882.6,30476.58586,"25-50,000",E02002150,25_To_50
E08000031,23882.6,30476.58586,"25-50,000",E02002161,25_To_50
E08000031,23882.6,30476.58586,"25-50,000",E02002154,25_To_50
E08000031,23882.6,30476.58586,"25-50,000",E02002169,25_To_50
E08000031,23882.6,30476.58586,"25-50,000",E02006894,25_To_50
E08000031,23882.6,30476.58586,"25-50,000",E02002166,25_To_50
E08000031,23882.6,30476.58586,"25-50,000",E02002152,25_To_50
E08000031,23882.6,30476.58586,"25-50,000",E02002156,25_To_50
E08000031,23882.6,30476.58586,"25-50,000",E02002160,25_To_50
E08000031,23882.6,30476.58586,"25-50,000",E02002155,25_To_50
E08000031,23882.6,30476.58586,"25-50,000",E02002159,25_To_50
E08000031,23882.6,30476.58586,"25-50,000",E02002165,25_To_50
E08000031,23882.6,30476.58586,"25-50,000",E02002179,25_To_50
E08000031,23882.6,30476.58586,"25-50,000",E02002180,25_To_50
E08000031,23882.6,30476.58586,"25-50,000",E02002167,25_To_50
E08000031,23882.6,30476.58586,"25-50,000",E02002163,25_To_50
E08000031,23882.6,30476.58586,"25-50,000",E02002168,25_To_50
E08000031,23882.6,30476.58586,"25-50,000",E02002151,25_To_50
E08000031,23882.6,30476.58586,"25-50,000",E02002182,25_To_50
E08000031,23882.6,30476.58586,"25-50,000",E02002174,25_To_50
E06000032,30059.2,38358.54512,"25-50,000",E02003264,25_To_50
E06000032,30059.2,38358.54512,"25-50,000",E02003267,25_To_50
E06000032,30059.2,38358.54512,"25-50,000",E02003258,25_To_50
E06000032,30059.2,38358.54512,"25-50,000",E02003270,25_To_50
E06000032,30059.2,38358.54512,"25-50,000",E02003268,25_To_50
E06000032,30059.2,38358.54512,"25-50,000",E02003275,25_To_50
E06000032,30059.2,38358.54512,"25-50,000",E02003259,25_To_50
E06000032,30059.2,38358.54512,"25-50,000",E02003262,25_To_50
E06000032,30059.2,38358.54512,"25-50,000",E02003265,25_To_50
E06000032,30059.2,38358.54512,"25-50,000",E02003269,25_To_50
E06000032,30059.2,38358.54512,"25-50,000",E02003274,25_To_50
E06000032,30059.2,38358.54512,"25-50,000",E02003271,25_To_50
E06000032,30059.2,38358.54512,"25-50,000",E02003266,25_To_50
E06000032,30059.2,38358.54512,"25-50,000",E02003272,25_To_50
E06000032,30059.2,38358.54512,"25-50,000",E02003273,25_To_50
E06000032,30059.2,38358.54512,"25-50,000",E02003276,25_To_50
E06000032,30059.2,38358.54512,"25-50,000",E02003277,25_To_50
E06000032,30059.2,38358.54512,"25-50,000",E02003260,25_To_50
E06000032,30059.2,38358.54512,"25-50,000",E02003263,25_To_50
E06000032,30059.2,38358.54512,"25-50,000",E02003278,25_To_50
E06000032,30059.2,38358.54512,"25-50,000",E02003261,25_To_50
E06000055,27723.4,35377.830740000005,"25-50,000",E02003634,25_To_50
E06000055,27723.4,35377.830740000005,"25-50,000",E02003625,25_To_50
E06000055,27723.4,35377.830740000005,"25-50,000",E02003617,25_To_50
E06000055,27723.4,35377.830740000005,"25-50,000",E02003618,25_To_50
E06000055,27723.4,35377.830740000005,"25-50,000",E02003633,25_To_50
E06000055,27723.4,35377.830740000005,"25-50,000",E02003619,25_To_50
E06000055,27723.4,35377.830740000005,"25-50,000",E02003616,25_To_50
E06000055,27723.4,35377.830740000005,"25-50,000",E02003627,25_To_50
E06000055,27723.4,35377.830740000005,"25-50,000",E02003630,25_To_50
E06000055,27723.4,35377.830740000005,"25-50,000",E02003631,25_To_50
E06000055,27723.4,35377.830740000005,"25-50,000",E02003629,25_To_50
E06000055,27723.4,35377.830740000005,"25-50,000",E02003628,25_To_50
E06000055,27723.4,35377.830740000005,"25-50,000",E02003623,25_To_50
E06000055,27723.4,35377.830740000005,"25-50,000",E02003626,25_To_50
E06000055,27723.4,35377.830740000005,"25-50,000",E02003621,25_To_50
E06000055,27723.4,35377.830740000005,"25-50,000",E02003624,25_To_50
E06000055,27723.4,35377.830740000005,"25-50,000",E02003622,25_To_50
E06000055,27723.4,35377.830740000005,"25-50,000",E02003632,25_To_50
E06000055,27723.4,35377.830740000005,"25-50,000",E02003620,25_To_50
E06000055,27723.4,35377.830740000005,"25-50,000",E02003635,25_To_50
E06000056,24740,31570.714,"25-50,000",E02003642,25_To_50
E06000056,24740,31570.714,"25-50,000",E02003610,25_To_50
E06000056,24740,31570.714,"25-50,000",E02003645,25_To_50
E06000056,24740,31570.714,"25-50,000",E02003636,25_To_50
E06000056,24740,31570.714,"25-50,000",E02003609,25_To_50
E06000056,24740,31570.714,"25-50,000",E02003639,25_To_50
E06000056,24740,31570.714,"25-50,000",E02003641,25_To_50
E06000056,24740,31570.714,"25-50,000",E02003649,25_To_50
E06000056,24740,31570.714,"25-50,000",E02003605,25_To_50
E06000056,24740,31570.714,"25-50,000",E02003611,25_To_50
E06000056,24740,31570.714,"25-50,000",E02003600,25_To_50
E06000056,24740,31570.714,"25-50,000",E02003615,25_To_50
E06000056,24740,31570.714,"25-50,000",E02003646,25_To_50
E06000056,24740,31570.714,"25-50,000",E02003650,25_To_50
E06000056,24740,31570.714,"25-50,000",E02003638,25_To_50
E06000056,24740,31570.714,"25-50,000",E02003637,25_To_50
E06000056,24740,31570.714,"25-50,000",E02003603,25_To_50
E06000056,24740,31570.714,"25-50,000",E02003607,25_To_50
E06000056,24740,31570.714,"25-50,000",E02003651,25_To_50
E06000056,24740,31570.714,"25-50,000",E02003608,25_To_50
E06000056,24740,31570.714,"25-50,000",E02003604,25_To_50
E06000056,24740,31570.714,"25-50,000",E02003606,25_To_50
E06000056,24740,31570.714,"25-50,000",E02003647,25_To_50
E06000056,24740,31570.714,"25-50,000",E02003601,25_To_50
E06000056,24740,31570.714,"25-50,000",E02003643,25_To_50
E06000056,24740,31570.714,"25-50,000",E02003602,25_To_50
E06000056,24740,31570.714,"25-50,000",E02003599,25_To_50
E06000056,24740,31570.714,"25-50,000",E02003612,25_To_50
E06000056,24740,31570.714,"25-50,000",E02003613,25_To_50
E06000056,24740,31570.714,"25-50,000",E02003614,25_To_50
E06000056,24740,31570.714,"25-50,000",E02003640,25_To_50
E06000056,24740,31570.714,"25-50,000",E02003644,25_To_50
E06000056,24740,31570.714,"25-50,000",E02003648,25_To_50
E07000095,27209,34721.4049,"25-50,000",E02004851,25_To_50
E07000095,27209,34721.4049,"25-50,000",E02004850,25_To_50
E07000095,27209,34721.4049,"25-50,000",E02004849,25_To_50
E07000095,27209,34721.4049,"25-50,000",E02004847,25_To_50
E07000095,27209,34721.4049,"25-50,000",E02004845,25_To_50
E07000095,27209,34721.4049,"25-50,000",E02004855,25_To_50
E07000095,27209,34721.4049,"25-50,000",E02004854,25_To_50
E07000095,27209,34721.4049,"25-50,000",E02004852,25_To_50
E07000095,27209,34721.4049,"25-50,000",E02004843,25_To_50
E07000095,27209,34721.4049,"25-50,000",E02004844,25_To_50
E07000095,27209,34721.4049,"25-50,000",E02004853,25_To_50
E07000095,27209,34721.4049,"25-50,000",E02004846,25_To_50
E07000095,27209,34721.4049,"25-50,000",E02004848,25_To_50
E07000099,34324.8,43801.87728,"25-50,000",E02004910,25_To_50
E07000099,34324.8,43801.87728,"25-50,000",E02004918,25_To_50
E07000099,34324.8,43801.87728,"25-50,000",E02004909,25_To_50
E07000099,34324.8,43801.87728,"25-50,000",E02004919,25_To_50
E07000099,34324.8,43801.87728,"25-50,000",E02004913,25_To_50
E07000099,34324.8,43801.87728,"25-50,000",E02004922,25_To_50
E07000099,34324.8,43801.87728,"25-50,000",E02004912,25_To_50
E07000099,34324.8,43801.87728,"25-50,000",E02004914,25_To_50
E07000099,34324.8,43801.87728,"25-50,000",E02004915,25_To_50
E07000099,34324.8,43801.87728,"25-50,000",E02004921,25_To_50
E07000099,34324.8,43801.87728,"25-50,000",E02004911,25_To_50
E07000099,34324.8,43801.87728,"25-50,000",E02004920,25_To_50
E07000099,34324.8,43801.87728,"25-50,000",E02004917,25_To_50
E07000099,34324.8,43801.87728,"25-50,000",E02004916,25_To_50
E07000099,34324.8,43801.87728,"25-50,000",E02004923,25_To_50
E07000241,53498.2,68269.05301999999,"50-75,000",E02004981,50_To_75
E07000241,53498.2,68269.05301999999,"50-75,000",E02004991,50_To_75
E07000241,53498.2,68269.05301999999,"50-75,000",E02004990,50_To_75
E07000241,53498.2,68269.05301999999,"50-75,000",E02004989,50_To_75
E07000241,53498.2,68269.05301999999,"50-75,000",E02004982,50_To_75
E07000241,53498.2,68269.05301999999,"50-75,000",E02004983,50_To_75
E07000241,53498.2,68269.05301999999,"50-75,000",E02004988,50_To_75
E07000241,53498.2,68269.05301999999,"50-75,000",E02004985,50_To_75
E07000241,53498.2,68269.05301999999,"50-75,000",E02004995,50_To_75
E07000241,53498.2,68269.05301999999,"50-75,000",E02004987,50_To_75
E07000241,53498.2,68269.05301999999,"50-75,000",E02004984,50_To_75
E07000241,53498.2,68269.05301999999,"50-75,000",E02004986,50_To_75
E07000241,53498.2,68269.05301999999,"50-75,000",E02004994,50_To_75
E07000241,53498.2,68269.05301999999,"50-75,000",E02004993,50_To_75
E07000241,53498.2,68269.05301999999,"50-75,000",E02004980,50_To_75
E07000241,53498.2,68269.05301999999,"50-75,000",E02004992,50_To_75
E07000242,33047.6,42172.04236,"25-50,000",E02004889,25_To_50
E07000242,33047.6,42172.04236,"25-50,000",E02004882,25_To_50
E07000242,33047.6,42172.04236,"25-50,000",E02004884,25_To_50
E07000242,33047.6,42172.04236,"25-50,000",E02004888,25_To_50
E07000242,33047.6,42172.04236,"25-50,000",E02004895,25_To_50
E07000242,33047.6,42172.04236,"25-50,000",E02004890,25_To_50
E07000242,33047.6,42172.04236,"25-50,000",E02004879,25_To_50
E07000242,33047.6,42172.04236,"25-50,000",E02004891,25_To_50
E07000242,33047.6,42172.04236,"25-50,000",E02004881,25_To_50
E07000242,33047.6,42172.04236,"25-50,000",E02004880,25_To_50
E07000242,33047.6,42172.04236,"25-50,000",E02004885,25_To_50
E07000242,33047.6,42172.04236,"25-50,000",E02004892,25_To_50
E07000242,33047.6,42172.04236,"25-50,000",E02004894,25_To_50
E07000242,33047.6,42172.04236,"25-50,000",E02004893,25_To_50
E07000242,33047.6,42172.04236,"25-50,000",E02004886,25_To_50
E07000242,33047.6,42172.04236,"25-50,000",E02004883,25_To_50
E07000242,33047.6,42172.04236,"25-50,000",E02004887,25_To_50
E07000242,33047.6,42172.04236,"25-50,000",E02004878,25_To_50
E07000243,33765,43087.5165,"25-50,000",E02004944,25_To_50
E07000243,33765,43087.5165,"25-50,000",E02004945,25_To_50
E07000243,33765,43087.5165,"25-50,000",E02004946,25_To_50
E07000243,33765,43087.5165,"25-50,000",E02004955,25_To_50
E07000243,33765,43087.5165,"25-50,000",E02004952,25_To_50
E07000243,33765,43087.5165,"25-50,000",E02004947,25_To_50
E07000243,33765,43087.5165,"25-50,000",E02004954,25_To_50
E07000243,33765,43087.5165,"25-50,000",E02004953,25_To_50
E07000243,33765,43087.5165,"25-50,000",E02004949,25_To_50
E07000243,33765,43087.5165,"25-50,000",E02004948,25_To_50
E07000243,33765,43087.5165,"25-50,000",E02004950,25_To_50
E07000243,33765,43087.5165,"25-50,000",E02004951,25_To_50
E07000096,37712.2,48124.53842,"25-50,000",E02004862,25_To_50
E07000096,37712.2,48124.53842,"25-50,000",E02004865,25_To_50
E07000096,37712.2,48124.53842,"25-50,000",E02004863,25_To_50
E07000096,37712.2,48124.53842,"25-50,000",E02004870,25_To_50
E07000096,37712.2,48124.53842,"25-50,000",E02004877,25_To_50
E07000096,37712.2,48124.53842,"25-50,000",E02004872,25_To_50
E07000096,37712.2,48124.53842,"25-50,000",E02004875,25_To_50
E07000096,37712.2,48124.53842,"25-50,000",E02004858,25_To_50
E07000096,37712.2,48124.53842,"25-50,000",E02004866,25_To_50
E07000096,37712.2,48124.53842,"25-50,000",E02004856,25_To_50
E07000096,37712.2,48124.53842,"25-50,000",E02004860,25_To_50
E07000096,37712.2,48124.53842,"25-50,000",E02004871,25_To_50
E07000096,37712.2,48124.53842,"25-50,000",E02004864,25_To_50
E07000096,37712.2,48124.53842,"25-50,000",E02004876,25_To_50
E07000096,37712.2,48124.53842,"25-50,000",E02004868,25_To_50
E07000096,37712.2,48124.53842,"25-50,000",E02004869,25_To_50
E07000096,37712.2,48124.53842,"25-50,000",E02004867,25_To_50
E07000096,37712.2,48124.53842,"25-50,000",E02004873,25_To_50
E07000096,37712.2,48124.53842,"25-50,000",E02004874,25_To_50
E07000096,37712.2,48124.53842,"25-50,000",E02004857,25_To_50
E07000096,37712.2,48124.53842,"25-50,000",E02004859,25_To_50
E07000096,37712.2,48124.53842,"25-50,000",E02004861,25_To_50
E07000098,47923.2,61154.79552,"50-75,000",E02004905,50_To_75
E07000098,47923.2,61154.79552,"50-75,000",E02004908,50_To_75
E07000098,47923.2,61154.79552,"50-75,000",E02004898,50_To_75
E07000098,47923.2,61154.79552,"50-75,000",E02004896,50_To_75
E07000098,47923.2,61154.79552,"50-75,000",E02004902,50_To_75
E07000098,47923.2,61154.79552,"50-75,000",E02004899,50_To_75
E07000098,47923.2,61154.79552,"50-75,000",E02004900,50_To_75
E07000098,47923.2,61154.79552,"50-75,000",E02004897,50_To_75
E07000098,47923.2,61154.79552,"50-75,000",E02004906,50_To_75
E07000098,47923.2,61154.79552,"50-75,000",E02004903,50_To_75
E07000098,47923.2,61154.79552,"50-75,000",E02004907,50_To_75
E07000098,47923.2,61154.79552,"50-75,000",E02004901,50_To_75
E07000098,47923.2,61154.79552,"50-75,000",E02004904,50_To_75
E07000102,53573.8,68365.52618,"50-75,000",E02004956,50_To_75
E07000102,53573.8,68365.52618,"50-75,000",E02004965,50_To_75
E07000102,53573.8,68365.52618,"50-75,000",E02004959,50_To_75
E07000102,53573.8,68365.52618,"50-75,000",E02004960,50_To_75
E07000102,53573.8,68365.52618,"50-75,000",E02004961,50_To_75
E07000102,53573.8,68365.52618,"50-75,000",E02004958,50_To_75
E07000102,53573.8,68365.52618,"50-75,000",E02004964,50_To_75
E07000102,53573.8,68365.52618,"50-75,000",E02004966,50_To_75
E07000102,53573.8,68365.52618,"50-75,000",E02004963,50_To_75
E07000102,53573.8,68365.52618,"50-75,000",E02004962,50_To_75
E07000102,53573.8,68365.52618,"50-75,000",E02004957,50_To_75
E07000102,53573.8,68365.52618,"50-75,000",E02004967,50_To_75
E07000103,52009.6,66369.45056,"50-75,000",E02004971,50_To_75
E07000103,52009.6,66369.45056,"50-75,000",E02004979,50_To_75
E07000103,52009.6,66369.45056,"50-75,000",E02004975,50_To_75
E07000103,52009.6,66369.45056,"50-75,000",E02004969,50_To_75
E07000103,52009.6,66369.45056,"50-75,000",E02004978,50_To_75
E07000103,52009.6,66369.45056,"50-75,000",E02004976,50_To_75
E07000103,52009.6,66369.45056,"50-75,000",E02004972,50_To_75
E07000103,52009.6,66369.45056,"50-75,000",E02004968,50_To_75
E07000103,52009.6,66369.45056,"50-75,000",E02004973,50_To_75
E07000103,52009.6,66369.45056,"50-75,000",E02004970,50_To_75
E07000103,52009.6,66369.45056,"50-75,000",E02004974,50_To_75
E07000103,52009.6,66369.45056,"50-75,000",E02004977,50_To_75
E07000240,35704.8,45562.895280000004,"25-50,000",E02004933,25_To_50
E07000240,35704.8,45562.895280000004,"25-50,000",E02004942,25_To_50
E07000240,35704.8,45562.895280000004,"25-50,000",E02004935,25_To_50
E07000240,35704.8,45562.895280000004,"25-50,000",E02004930,25_To_50
E07000240,35704.8,45562.895280000004,"25-50,000",E02004940,25_To_50
E07000240,35704.8,45562.895280000004,"25-50,000",E02004937,25_To_50
E07000240,35704.8,45562.895280000004,"25-50,000",E02004926,25_To_50
E07000240,35704.8,45562.895280000004,"25-50,000",E02004943,25_To_50
E07000240,35704.8,45562.895280000004,"25-50,000",E02004932,25_To_50
E07000240,35704.8,45562.895280000004,"25-50,000",E02004939,25_To_50
E07000240,35704.8,45562.895280000004,"25-50,000",E02004925,25_To_50
E07000240,35704.8,45562.895280000004,"25-50,000",E02004931,25_To_50
E07000240,35704.8,45562.895280000004,"25-50,000",E02004929,25_To_50
E07000240,35704.8,45562.895280000004,"25-50,000",E02004927,25_To_50
E07000240,35704.8,45562.895280000004,"25-50,000",E02004934,25_To_50
E07000240,35704.8,45562.895280000004,"25-50,000",E02004936,25_To_50
E07000240,35704.8,45562.895280000004,"25-50,000",E02004938,25_To_50
E07000240,35704.8,45562.895280000004,"25-50,000",E02004924,25_To_50
E07000240,35704.8,45562.895280000004,"25-50,000",E02004928,25_To_50
E07000240,35704.8,45562.895280000004,"25-50,000",E02004941,25_To_50
E06000033,20064.4,25604.18084,"25-50,000",E02003294,25_To_50
E06000033,20064.4,25604.18084,"25-50,000",E02003283,25_To_50
E06000033,20064.4,25604.18084,"25-50,000",E02003289,25_To_50
E06000033,20064.4,25604.18084,"25-50,000",E02003287,25_To_50
E06000033,20064.4,25604.18084,"25-50,000",E02003293,25_To_50
E06000033,20064.4,25604.18084,"25-50,000",E02003282,25_To_50
E06000033,20064.4,25604.18084,"25-50,000",E02003290,25_To_50
E06000033,20064.4,25604.18084,"25-50,000",E02003281,25_To_50
E06000033,20064.4,25604.18084,"25-50,000",E02003288,25_To_50
E06000033,20064.4,25604.18084,"25-50,000",E02003292,25_To_50
E06000033,20064.4,25604.18084,"25-50,000",E02003285,25_To_50
E06000033,20064.4,25604.18084,"25-50,000",E02003286,25_To_50
E06000033,20064.4,25604.18084,"25-50,000",E02003295,25_To_50
E06000033,20064.4,25604.18084,"25-50,000",E02003291,25_To_50
E06000033,20064.4,25604.18084,"25-50,000",E02003280,25_To_50
E06000033,20064.4,25604.18084,"25-50,000",E02003284,25_To_50
E06000033,20064.4,25604.18084,"25-50,000",E02003279,25_To_50
E06000034,31469.2,40157.84612,"25-50,000",E02003297,25_To_50
E06000034,31469.2,40157.84612,"25-50,000",E02003300,25_To_50
E06000034,31469.2,40157.84612,"25-50,000",E02006926,25_To_50
E06000034,31469.2,40157.84612,"25-50,000",E02006859,25_To_50
E06000034,31469.2,40157.84612,"25-50,000",E02003302,25_To_50
E06000034,31469.2,40157.84612,"25-50,000",E02003301,25_To_50
E06000034,31469.2,40157.84612,"25-50,000",E02003299,25_To_50
E06000034,31469.2,40157.84612,"25-50,000",E02003298,25_To_50
E06000034,31469.2,40157.84612,"25-50,000",E02003303,25_To_50
E06000034,31469.2,40157.84612,"25-50,000",E02003308,25_To_50
E06000034,31469.2,40157.84612,"25-50,000",E02003311,25_To_50
E06000034,31469.2,40157.84612,"25-50,000",E02003310,25_To_50
E06000034,31469.2,40157.84612,"25-50,000",E02003312,25_To_50
E06000034,31469.2,40157.84612,"25-50,000",E02003313,25_To_50
E06000034,31469.2,40157.84612,"25-50,000",E02003296,25_To_50
E06000034,31469.2,40157.84612,"25-50,000",E02003309,25_To_50
E06000034,31469.2,40157.84612,"25-50,000",E02003307,25_To_50
E06000034,31469.2,40157.84612,"25-50,000",E02003305,25_To_50
E06000034,31469.2,40157.84612,"25-50,000",E02003304,25_To_50
E07000067,27432.2,35006.23042,"25-50,000",E02004452,25_To_50
E07000067,27432.2,35006.23042,"25-50,000",E02004453,25_To_50
E07000067,27432.2,35006.23042,"25-50,000",E02004462,25_To_50
E07000067,27432.2,35006.23042,"25-50,000",E02004454,25_To_50
E07000067,27432.2,35006.23042,"25-50,000",E02004455,25_To_50
E07000067,27432.2,35006.23042,"25-50,000",E02004463,25_To_50
E07000067,27432.2,35006.23042,"25-50,000",E02004459,25_To_50
E07000067,27432.2,35006.23042,"25-50,000",E02004458,25_To_50
E07000067,27432.2,35006.23042,"25-50,000",E02004457,25_To_50
E07000067,27432.2,35006.23042,"25-50,000",E02004456,25_To_50
E07000067,27432.2,35006.23042,"25-50,000",E02004449,25_To_50
E07000067,27432.2,35006.23042,"25-50,000",E02004448,25_To_50
E07000067,27432.2,35006.23042,"25-50,000",E02004460,25_To_50
E07000067,27432.2,35006.23042,"25-50,000",E02004461,25_To_50
E07000067,27432.2,35006.23042,"25-50,000",E02004446,25_To_50
E07000067,27432.2,35006.23042,"25-50,000",E02004450,25_To_50
E07000067,27432.2,35006.23042,"25-50,000",E02004447,25_To_50
E07000067,27432.2,35006.23042,"25-50,000",E02004451,25_To_50
E07000071,29112.4,37150.333640000004,"25-50,000",E02004506,25_To_50
E07000071,29112.4,37150.333640000004,"25-50,000",E02004507,25_To_50
E07000071,29112.4,37150.333640000004,"25-50,000",E02004514,25_To_50
E07000071,29112.4,37150.333640000004,"25-50,000",E02004515,25_To_50
E07000071,29112.4,37150.333640000004,"25-50,000",E02004509,25_To_50
E07000071,29112.4,37150.333640000004,"25-50,000",E02004519,25_To_50
E07000071,29112.4,37150.333640000004,"25-50,000",E02004517,25_To_50
E07000071,29112.4,37150.333640000004,"25-50,000",E02004524,25_To_50
E07000071,29112.4,37150.333640000004,"25-50,000",E02006922,25_To_50
E07000071,29112.4,37150.333640000004,"25-50,000",E02004520,25_To_50
E07000071,29112.4,37150.333640000004,"25-50,000",E02004518,25_To_50
E07000071,29112.4,37150.333640000004,"25-50,000",E02004525,25_To_50
E07000071,29112.4,37150.333640000004,"25-50,000",E02004508,25_To_50
E07000071,29112.4,37150.333640000004,"25-50,000",E02004526,25_To_50
E07000071,29112.4,37150.333640000004,"25-50,000",E02004522,25_To_50
E07000071,29112.4,37150.333640000004,"25-50,000",E02004523,25_To_50
E07000071,29112.4,37150.333640000004,"25-50,000",E02004521,25_To_50
E07000071,29112.4,37150.333640000004,"25-50,000",E02004512,25_To_50
E07000071,29112.4,37150.333640000004,"25-50,000",E02004513,25_To_50
E07000071,29112.4,37150.333640000004,"25-50,000",E02004516,25_To_50
E07000076,17472.6,22296.78486,"<25,000",E02004576,Less_Than_25
E07000076,17472.6,22296.78486,"<25,000",E02004581,Less_Than_25
E07000076,17472.6,22296.78486,"<25,000",E02004577,Less_Than_25
E07000076,17472.6,22296.78486,"<25,000",E02004580,Less_Than_25
E07000076,17472.6,22296.78486,"<25,000",E02004579,Less_Than_25
E07000076,17472.6,22296.78486,"<25,000",E02004574,Less_Than_25
E07000076,17472.6,22296.78486,"<25,000",E02004586,Less_Than_25
E07000076,17472.6,22296.78486,"<25,000",E02004583,Less_Than_25
E07000076,17472.6,22296.78486,"<25,000",E02004589,Less_Than_25
E07000076,17472.6,22296.78486,"<25,000",E02004575,Less_Than_25
E07000076,17472.6,22296.78486,"<25,000",E02004590,Less_Than_25
E07000076,17472.6,22296.78486,"<25,000",E02004578,Less_Than_25
E07000076,17472.6,22296.78486,"<25,000",E02004573,Less_Than_25
E07000076,17472.6,22296.78486,"<25,000",E02004588,Less_Than_25
E07000076,17472.6,22296.78486,"<25,000",E02004587,Less_Than_25
E07000076,17472.6,22296.78486,"<25,000",E02004585,Less_Than_25
E07000076,17472.6,22296.78486,"<25,000",E02004582,Less_Than_25
E07000076,17472.6,22296.78486,"<25,000",E02004584,Less_Than_25
E07000072,34537.8,44073.68658,"25-50,000",E02004539,25_To_50
E07000072,34537.8,44073.68658,"25-50,000",E02004532,25_To_50
E07000072,34537.8,44073.68658,"25-50,000",E02004537,25_To_50
E07000072,34537.8,44073.68658,"25-50,000",E02004531,25_To_50
E07000072,34537.8,44073.68658,"25-50,000",E02004535,25_To_50
E07000072,34537.8,44073.68658,"25-50,000",E02004543,25_To_50
E07000072,34537.8,44073.68658,"25-50,000",E02004540,25_To_50
E07000072,34537.8,44073.68658,"25-50,000",E02004536,25_To_50
E07000072,34537.8,44073.68658,"25-50,000",E02004530,25_To_50
E07000072,34537.8,44073.68658,"25-50,000",E02004538,25_To_50
E07000072,34537.8,44073.68658,"25-50,000",E02004527,25_To_50
E07000072,34537.8,44073.68658,"25-50,000",E02004534,25_To_50
E07000072,34537.8,44073.68658,"25-50,000",E02004533,25_To_50
E07000072,34537.8,44073.68658,"25-50,000",E02004541,25_To_50
E07000072,34537.8,44073.68658,"25-50,000",E02004542,25_To_50
E07000072,34537.8,44073.68658,"25-50,000",E02004529,25_To_50
E07000072,34537.8,44073.68658,"25-50,000",E02004528,25_To_50
E07000073,27897.8,35600.38258,"25-50,000",E02004552,25_To_50
E07000073,27897.8,35600.38258,"25-50,000",E02004551,25_To_50
E07000073,27897.8,35600.38258,"25-50,000",E02004548,25_To_50
E07000073,27897.8,35600.38258,"25-50,000",E02004544,25_To_50
E07000073,27897.8,35600.38258,"25-50,000",E02004546,25_To_50
E07000073,27897.8,35600.38258,"25-50,000",E02004554,25_To_50
E07000073,27897.8,35600.38258,"25-50,000",E02004547,25_To_50
E07000073,27897.8,35600.38258,"25-50,000",E02004553,25_To_50
E07000073,27897.8,35600.38258,"25-50,000",E02004550,25_To_50
E07000073,27897.8,35600.38258,"25-50,000",E02004549,25_To_50
E07000073,27897.8,35600.38258,"25-50,000",E02004545,25_To_50
E07000077,33291.4,42483.15554,"25-50,000",E02004592,25_To_50
E07000077,33291.4,42483.15554,"25-50,000",E02004598,25_To_50
E07000077,33291.4,42483.15554,"25-50,000",E02004595,25_To_50
E07000077,33291.4,42483.15554,"25-50,000",E02004597,25_To_50
E07000077,33291.4,42483.15554,"25-50,000",E02004596,25_To_50
E07000077,33291.4,42483.15554,"25-50,000",E02004594,25_To_50
E07000077,33291.4,42483.15554,"25-50,000",E02004591,25_To_50
E07000077,33291.4,42483.15554,"25-50,000",E02004599,25_To_50
E07000077,33291.4,42483.15554,"25-50,000",E02004593,25_To_50
E07000068,46780.8,59696.97888,"50-75,000",E02004467,50_To_75
E07000068,46780.8,59696.97888,"50-75,000",E02004469,50_To_75
E07000068,46780.8,59696.97888,"50-75,000",E02004468,50_To_75
E07000068,46780.8,59696.97888,"50-75,000",E02004465,50_To_75
E07000068,46780.8,59696.97888,"50-75,000",E02004464,50_To_75
E07000068,46780.8,59696.97888,"50-75,000",E02004471,50_To_75
E07000068,46780.8,59696.97888,"50-75,000",E02004466,50_To_75
E07000068,46780.8,59696.97888,"50-75,000",E02004472,50_To_75
E07000068,46780.8,59696.97888,"50-75,000",E02004470,50_To_75
E07000070,35671.8,45520.78398000001,"25-50,000",E02004498,25_To_50
E07000070,35671.8,45520.78398000001,"25-50,000",E02004500,25_To_50
E07000070,35671.8,45520.78398000001,"25-50,000",E02004499,25_To_50
E07000070,35671.8,45520.78398000001,"25-50,000",E02004487,25_To_50
E07000070,35671.8,45520.78398000001,"25-50,000",E02004488,25_To_50
E07000070,35671.8,45520.78398000001,"25-50,000",E02004493,25_To_50
E07000070,35671.8,45520.78398000001,"25-50,000",E02004495,25_To_50
E07000070,35671.8,45520.78398000001,"25-50,000",E02004485,25_To_50
E07000070,35671.8,45520.78398000001,"25-50,000",E02004502,25_To_50
E07000070,35671.8,45520.78398000001,"25-50,000",E02004492,25_To_50
E07000070,35671.8,45520.78398000001,"25-50,000",E02004501,25_To_50
E07000070,35671.8,45520.78398000001,"25-50,000",E02004497,25_To_50
E07000070,35671.8,45520.78398000001,"25-50,000",E02004489,25_To_50
E07000070,35671.8,45520.78398000001,"25-50,000",E02004486,25_To_50
E07000070,35671.8,45520.78398000001,"25-50,000",E02004504,25_To_50
E07000070,35671.8,45520.78398000001,"25-50,000",E02004503,25_To_50
E07000070,35671.8,45520.78398000001,"25-50,000",E02004491,25_To_50
E07000070,35671.8,45520.78398000001,"25-50,000",E02004494,25_To_50
E07000070,35671.8,45520.78398000001,"25-50,000",E02004490,25_To_50
E07000070,35671.8,45520.78398000001,"25-50,000",E02004496,25_To_50
E07000070,35671.8,45520.78398000001,"25-50,000",E02004505,25_To_50
E07000074,21438.4,27357.542240000002,"25-50,000",E02004562,25_To_50
E07000074,21438.4,27357.542240000002,"25-50,000",E02004559,25_To_50
E07000074,21438.4,27357.542240000002,"25-50,000",E02004561,25_To_50
E07000074,21438.4,27357.542240000002,"25-50,000",E02004556,25_To_50
E07000074,21438.4,27357.542240000002,"25-50,000",E02004557,25_To_50
E07000074,21438.4,27357.542240000002,"25-50,000",E02004558,25_To_50
E07000074,21438.4,27357.542240000002,"25-50,000",E02004560,25_To_50
E07000074,21438.4,27357.542240000002,"25-50,000",E02004555,25_To_50
E07000066,38228.8,48783.771680000005,"25-50,000",E02004427,25_To_50
E07000066,38228.8,48783.771680000005,"25-50,000",E02004432,25_To_50
E07000066,38228.8,48783.771680000005,"25-50,000",E02004437,25_To_50
E07000066,38228.8,48783.771680000005,"25-50,000",E02004444,25_To_50
E07000066,38228.8,48783.771680000005,"25-50,000",E02004434,25_To_50
E07000066,38228.8,48783.771680000005,"25-50,000",E02004443,25_To_50
E07000066,38228.8,48783.771680000005,"25-50,000",E02004429,25_To_50
E07000066,38228.8,48783.771680000005,"25-50,000",E02004425,25_To_50
E07000066,38228.8,48783.771680000005,"25-50,000",E02004433,25_To_50
E07000066,38228.8,48783.771680000005,"25-50,000",E02004441,25_To_50
E07000066,38228.8,48783.771680000005,"25-50,000",E02004428,25_To_50
E07000066,38228.8,48783.771680000005,"25-50,000",E02004431,25_To_50
E07000066,38228.8,48783.771680000005,"25-50,000",E02004435,25_To_50
E07000066,38228.8,48783.771680000005,"25-50,000",E02004436,25_To_50
E07000066,38228.8,48783.771680000005,"25-50,000",E02004442,25_To_50
E07000066,38228.8,48783.771680000005,"25-50,000",E02004424,25_To_50
E07000066,38228.8,48783.771680000005,"25-50,000",E02004426,25_To_50
E07000066,38228.8,48783.771680000005,"25-50,000",E02004438,25_To_50
E07000066,38228.8,48783.771680000005,"25-50,000",E02004445,25_To_50
E07000066,38228.8,48783.771680000005,"25-50,000",E02004440,25_To_50
E07000066,38228.8,48783.771680000005,"25-50,000",E02004430,25_To_50
E07000066,38228.8,48783.771680000005,"25-50,000",E02004439,25_To_50
E07000069,15578,19879.0858,"<25,000",E02004482,Less_Than_25
E07000069,15578,19879.0858,"<25,000",E02004484,Less_Than_25
E07000069,15578,19879.0858,"<25,000",E02004480,Less_Than_25
E07000069,15578,19879.0858,"<25,000",E02004483,Less_Than_25
E07000069,15578,19879.0858,"<25,000",E02004476,Less_Than_25
E07000069,15578,19879.0858,"<25,000",E02004475,Less_Than_25
E07000069,15578,19879.0858,"<25,000",E02004478,Less_Than_25
E07000069,15578,19879.0858,"<25,000",E02004479,Less_Than_25
E07000069,15578,19879.0858,"<25,000",E02004481,Less_Than_25
E07000069,15578,19879.0858,"<25,000",E02004477,Less_Than_25
E07000069,15578,19879.0858,"<25,000",E02004473,Less_Than_25
E07000069,15578,19879.0858,"<25,000",E02004474,Less_Than_25
E07000075,21311,27194.9671,"25-50,000",E02004572,25_To_50
E07000075,21311,27194.9671,"25-50,000",E02004569,25_To_50
E07000075,21311,27194.9671,"25-50,000",E02004567,25_To_50
E07000075,21311,27194.9671,"25-50,000",E02004564,25_To_50
E07000075,21311,27194.9671,"25-50,000",E02004568,25_To_50
E07000075,21311,27194.9671,"25-50,000",E02004570,25_To_50
E07000075,21311,27194.9671,"25-50,000",E02004571,25_To_50
E07000075,21311,27194.9671,"25-50,000",E02004565,25_To_50
E07000075,21311,27194.9671,"25-50,000",E02004563,25_To_50
E07000075,21311,27194.9671,"25-50,000",E02004566,25_To_50
E06000031,35540,45352.594,"25-50,000",E02003251,25_To_50
E06000031,35540,45352.594,"25-50,000",E02003252,25_To_50
E06000031,35540,45352.594,"25-50,000",E02006878,25_To_50
E06000031,35540,45352.594,"25-50,000",E02003250,25_To_50
E06000031,35540,45352.594,"25-50,000",E02003249,25_To_50
E06000031,35540,45352.594,"25-50,000",E02003240,25_To_50
E06000031,35540,45352.594,"25-50,000",E02003246,25_To_50
E06000031,35540,45352.594,"25-50,000",E02003248,25_To_50
E06000031,35540,45352.594,"25-50,000",E02003245,25_To_50
E06000031,35540,45352.594,"25-50,000",E02003247,25_To_50
E06000031,35540,45352.594,"25-50,000",E02003241,25_To_50
E06000031,35540,45352.594,"25-50,000",E02003254,25_To_50
E06000031,35540,45352.594,"25-50,000",E02003238,25_To_50
E06000031,35540,45352.594,"25-50,000",E02003239,25_To_50
E06000031,35540,45352.594,"25-50,000",E02006877,25_To_50
E06000031,35540,45352.594,"25-50,000",E02003253,25_To_50
E06000031,35540,45352.594,"25-50,000",E02003257,25_To_50
E06000031,35540,45352.594,"25-50,000",E02003244,25_To_50
E06000031,35540,45352.594,"25-50,000",E02003255,25_To_50
E06000031,35540,45352.594,"25-50,000",E02003242,25_To_50
E06000031,35540,45352.594,"25-50,000",E02003237,25_To_50
E06000031,35540,45352.594,"25-50,000",E02003243,25_To_50
E07000008,54689.6,69789.39856,"50-75,000",E02003721,50_To_75
E07000008,54689.6,69789.39856,"50-75,000",E02003725,50_To_75
E07000008,54689.6,69789.39856,"50-75,000",E02003731,50_To_75
E07000008,54689.6,69789.39856,"50-75,000",E02003730,50_To_75
E07000008,54689.6,69789.39856,"50-75,000",E02003720,50_To_75
E07000008,54689.6,69789.39856,"50-75,000",E02003719,50_To_75
E07000008,54689.6,69789.39856,"50-75,000",E02003723,50_To_75
E07000008,54689.6,69789.39856,"50-75,000",E02003729,50_To_75
E07000008,54689.6,69789.39856,"50-75,000",E02003722,50_To_75
E07000008,54689.6,69789.39856,"50-75,000",E02003724,50_To_75
E07000008,54689.6,69789.39856,"50-75,000",E02003728,50_To_75
E07000008,54689.6,69789.39856,"50-75,000",E02003727,50_To_75
E07000008,54689.6,69789.39856,"50-75,000",E02003726,50_To_75
E07000009,27154,34651.2194,"25-50,000",E02003738,25_To_50
E07000009,27154,34651.2194,"25-50,000",E02003732,25_To_50
E07000009,27154,34651.2194,"25-50,000",E02003740,25_To_50
E07000009,27154,34651.2194,"25-50,000",E02003739,25_To_50
E07000009,27154,34651.2194,"25-50,000",E02003734,25_To_50
E07000009,27154,34651.2194,"25-50,000",E02003735,25_To_50
E07000009,27154,34651.2194,"25-50,000",E02003736,25_To_50
E07000009,27154,34651.2194,"25-50,000",E02003737,25_To_50
E07000009,27154,34651.2194,"25-50,000",E02003733,25_To_50
E07000009,27154,34651.2194,"25-50,000",E02006825,25_To_50
E07000010,22092,28191.6012,"25-50,000",E02003748,25_To_50
E07000010,22092,28191.6012,"25-50,000",E02003750,25_To_50
E07000010,22092,28191.6012,"25-50,000",E02003742,25_To_50
E07000010,22092,28191.6012,"25-50,000",E02003744,25_To_50
E07000010,22092,28191.6012,"25-50,000",E02003743,25_To_50
E07000010,22092,28191.6012,"25-50,000",E02003745,25_To_50
E07000010,22092,28191.6012,"25-50,000",E02003751,25_To_50
E07000010,22092,28191.6012,"25-50,000",E02003749,25_To_50
E07000010,22092,28191.6012,"25-50,000",E02003746,25_To_50
E07000010,22092,28191.6012,"25-50,000",E02003747,25_To_50
E07000010,22092,28191.6012,"25-50,000",E02003752,25_To_50
E07000011,30801.6,39305.92176,"25-50,000",E02003771,25_To_50
E07000011,30801.6,39305.92176,"25-50,000",E02003769,25_To_50
E07000011,30801.6,39305.92176,"25-50,000",E02003770,25_To_50
E07000011,30801.6,39305.92176,"25-50,000",E02003765,25_To_50
E07000011,30801.6,39305.92176,"25-50,000",E02003763,25_To_50
E07000011,30801.6,39305.92176,"25-50,000",E02003768,25_To_50
E07000011,30801.6,39305.92176,"25-50,000",E02003757,25_To_50
E07000011,30801.6,39305.92176,"25-50,000",E02003762,25_To_50
E07000011,30801.6,39305.92176,"25-50,000",E02003766,25_To_50
E07000011,30801.6,39305.92176,"25-50,000",E02003760,25_To_50
E07000011,30801.6,39305.92176,"25-50,000",E02003774,25_To_50
E07000011,30801.6,39305.92176,"25-50,000",E02003773,25_To_50
E07000011,30801.6,39305.92176,"25-50,000",E02003756,25_To_50
E07000011,30801.6,39305.92176,"25-50,000",E02003753,25_To_50
E07000011,30801.6,39305.92176,"25-50,000",E02003767,25_To_50
E07000011,30801.6,39305.92176,"25-50,000",E02003764,25_To_50
E07000011,30801.6,39305.92176,"25-50,000",E02003759,25_To_50
E07000011,30801.6,39305.92176,"25-50,000",E02003754,25_To_50
E07000011,30801.6,39305.92176,"25-50,000",E02003755,25_To_50
E07000011,30801.6,39305.92176,"25-50,000",E02003758,25_To_50
E07000011,30801.6,39305.92176,"25-50,000",E02003761,25_To_50
E07000011,30801.6,39305.92176,"25-50,000",E02003772,25_To_50
E07000012,41087,52431.1207,"50-75,000",E02003793,50_To_75
E07000012,41087,52431.1207,"50-75,000",E02003784,50_To_75
E07000012,41087,52431.1207,"50-75,000",E02006873,50_To_75
E07000012,41087,52431.1207,"50-75,000",E02003792,50_To_75
E07000012,41087,52431.1207,"50-75,000",E02003776,50_To_75
E07000012,41087,52431.1207,"50-75,000",E02003790,50_To_75
E07000012,41087,52431.1207,"50-75,000",E02003791,50_To_75
E07000012,41087,52431.1207,"50-75,000",E02003779,50_To_75
E07000012,41087,52431.1207,"50-75,000",E02003788,50_To_75
E07000012,41087,52431.1207,"50-75,000",E02003785,50_To_75
E07000012,41087,52431.1207,"50-75,000",E02003780,50_To_75
E07000012,41087,52431.1207,"50-75,000",E02003777,50_To_75
E07000012,41087,52431.1207,"50-75,000",E02006874,50_To_75
E07000012,41087,52431.1207,"50-75,000",E02003775,50_To_75
E07000012,41087,52431.1207,"50-75,000",E02003781,50_To_75
E07000012,41087,52431.1207,"50-75,000",E02003789,50_To_75
E07000012,41087,52431.1207,"50-75,000",E02003778,50_To_75
E07000012,41087,52431.1207,"50-75,000",E02003786,50_To_75
E07000012,41087,52431.1207,"50-75,000",E02003783,50_To_75
E07000012,41087,52431.1207,"50-75,000",E02003787,50_To_75
E07000144,35187.4,44902.64114,"25-50,000",E02005521,25_To_50
E07000144,35187.4,44902.64114,"25-50,000",E02005537,25_To_50
E07000144,35187.4,44902.64114,"25-50,000",E02005523,25_To_50
E07000144,35187.4,44902.64114,"25-50,000",E02005526,25_To_50
E07000144,35187.4,44902.64114,"25-50,000",E02005527,25_To_50
E07000144,35187.4,44902.64114,"25-50,000",E02005522,25_To_50
E07000144,35187.4,44902.64114,"25-50,000",E02005520,25_To_50
E07000144,35187.4,44902.64114,"25-50,000",E02005530,25_To_50
E07000144,35187.4,44902.64114,"25-50,000",E02005528,25_To_50
E07000144,35187.4,44902.64114,"25-50,000",E02005531,25_To_50
E07000144,35187.4,44902.64114,"25-50,000",E02005532,25_To_50
E07000144,35187.4,44902.64114,"25-50,000",E02005534,25_To_50
E07000144,35187.4,44902.64114,"25-50,000",E02005535,25_To_50
E07000144,35187.4,44902.64114,"25-50,000",E02005529,25_To_50
E07000144,35187.4,44902.64114,"25-50,000",E02005533,25_To_50
E07000144,35187.4,44902.64114,"25-50,000",E02005536,25_To_50
E07000144,35187.4,44902.64114,"25-50,000",E02005524,25_To_50
E07000144,35187.4,44902.64114,"25-50,000",E02005525,25_To_50
E07000145,22464.2,28666.56562,"25-50,000",E02005547,25_To_50
E07000145,22464.2,28666.56562,"25-50,000",E02005544,25_To_50
E07000145,22464.2,28666.56562,"25-50,000",E02005541,25_To_50
E07000145,22464.2,28666.56562,"25-50,000",E02005549,25_To_50
E07000145,22464.2,28666.56562,"25-50,000",E02005538,25_To_50
E07000145,22464.2,28666.56562,"25-50,000",E02005542,25_To_50
E07000145,22464.2,28666.56562,"25-50,000",E02005543,25_To_50
E07000145,22464.2,28666.56562,"25-50,000",E02005546,25_To_50
E07000145,22464.2,28666.56562,"25-50,000",E02005548,25_To_50
E07000145,22464.2,28666.56562,"25-50,000",E02005545,25_To_50
E07000145,22464.2,28666.56562,"25-50,000",E02005550,25_To_50
E07000145,22464.2,28666.56562,"25-50,000",E02005540,25_To_50
E07000145,22464.2,28666.56562,"25-50,000",E02005539,25_To_50
E07000148,32718.8,41752.46068,"25-50,000",E02005594,25_To_50
E07000148,32718.8,41752.46068,"25-50,000",E02005589,25_To_50
E07000148,32718.8,41752.46068,"25-50,000",E02005584,25_To_50
E07000148,32718.8,41752.46068,"25-50,000",E02005588,25_To_50
E07000148,32718.8,41752.46068,"25-50,000",E02005593,25_To_50
E07000148,32718.8,41752.46068,"25-50,000",E02006908,25_To_50
E07000148,32718.8,41752.46068,"25-50,000",E02005587,25_To_50
E07000148,32718.8,41752.46068,"25-50,000",E02005595,25_To_50
E07000148,32718.8,41752.46068,"25-50,000",E02006907,25_To_50
E07000148,32718.8,41752.46068,"25-50,000",E02005590,25_To_50
E07000148,32718.8,41752.46068,"25-50,000",E02005596,25_To_50
E07000148,32718.8,41752.46068,"25-50,000",E02005592,25_To_50
E07000148,32718.8,41752.46068,"25-50,000",E02005585,25_To_50
E07000148,32718.8,41752.46068,"25-50,000",E02005586,25_To_50
E07000146,24212.4,30897.44364,"25-50,000",E02005569,25_To_50
E07000146,24212.4,30897.44364,"25-50,000",E02005557,25_To_50
E07000146,24212.4,30897.44364,"25-50,000",E02005566,25_To_50
E07000146,24212.4,30897.44364,"25-50,000",E02005567,25_To_50
E07000146,24212.4,30897.44364,"25-50,000",E02005555,25_To_50
E07000146,24212.4,30897.44364,"25-50,000",E02005561,25_To_50
E07000146,24212.4,30897.44364,"25-50,000",E02005562,25_To_50
E07000146,24212.4,30897.44364,"25-50,000",E02005564,25_To_50
E07000146,24212.4,30897.44364,"25-50,000",E02005558,25_To_50
E07000146,24212.4,30897.44364,"25-50,000",E02005559,25_To_50
E07000146,24212.4,30897.44364,"25-50,000",E02005553,25_To_50
E07000146,24212.4,30897.44364,"25-50,000",E02005554,25_To_50
E07000146,24212.4,30897.44364,"25-50,000",E02005551,25_To_50
E07000146,24212.4,30897.44364,"25-50,000",E02005560,25_To_50
E07000146,24212.4,30897.44364,"25-50,000",E02005552,25_To_50
E07000146,24212.4,30897.44364,"25-50,000",E02005563,25_To_50
E07000146,24212.4,30897.44364,"25-50,000",E02005565,25_To_50
E07000146,24212.4,30897.44364,"25-50,000",E02005568,25_To_50
E07000146,24212.4,30897.44364,"25-50,000",E02005556,25_To_50
E07000147,19263,24581.5143,"<25,000",E02005576,Less_Than_25
E07000147,19263,24581.5143,"<25,000",E02005573,Less_Than_25
E07000147,19263,24581.5143,"<25,000",E02005583,Less_Than_25
E07000147,19263,24581.5143,"<25,000",E02005580,Less_Than_25
E07000147,19263,24581.5143,"<25,000",E02005579,Less_Than_25
E07000147,19263,24581.5143,"<25,000",E02005571,Less_Than_25
E07000147,19263,24581.5143,"<25,000",E02005574,Less_Than_25
E07000147,19263,24581.5143,"<25,000",E02005572,Less_Than_25
E07000147,19263,24581.5143,"<25,000",E02005578,Less_Than_25
E07000147,19263,24581.5143,"<25,000",E02005577,Less_Than_25
E07000147,19263,24581.5143,"<25,000",E02005581,Less_Than_25
E07000147,19263,24581.5143,"<25,000",E02005575,Less_Than_25
E07000147,19263,24581.5143,"<25,000",E02005582,Less_Than_25
E07000147,19263,24581.5143,"<25,000",E02005570,Less_Than_25
E07000143,22609.8,28852.36578,"25-50,000",E02005509,25_To_50
E07000143,22609.8,28852.36578,"25-50,000",E02005518,25_To_50
E07000143,22609.8,28852.36578,"25-50,000",E02005503,25_To_50
E07000143,22609.8,28852.36578,"25-50,000",E02005508,25_To_50
E07000143,22609.8,28852.36578,"25-50,000",E02005511,25_To_50
E07000143,22609.8,28852.36578,"25-50,000",E02005512,25_To_50
E07000143,22609.8,28852.36578,"25-50,000",E02005514,25_To_50
E07000143,22609.8,28852.36578,"25-50,000",E02005505,25_To_50
E07000143,22609.8,28852.36578,"25-50,000",E02005516,25_To_50
E07000143,22609.8,28852.36578,"25-50,000",E02005510,25_To_50
E07000143,22609.8,28852.36578,"25-50,000",E02005513,25_To_50
E07000143,22609.8,28852.36578,"25-50,000",E02005507,25_To_50
E07000143,22609.8,28852.36578,"25-50,000",E02005506,25_To_50
E07000143,22609.8,28852.36578,"25-50,000",E02005517,25_To_50
E07000143,22609.8,28852.36578,"25-50,000",E02005519,25_To_50
E07000143,22609.8,28852.36578,"25-50,000",E02005515,25_To_50
E07000143,22609.8,28852.36578,"25-50,000",E02005504,25_To_50
E07000149,25260,32234.286,"25-50,000",E02005599,25_To_50
E07000149,25260,32234.286,"25-50,000",E02005597,25_To_50
E07000149,25260,32234.286,"25-50,000",E02005598,25_To_50
E07000149,25260,32234.286,"25-50,000",E02005602,25_To_50
E07000149,25260,32234.286,"25-50,000",E02005603,25_To_50
E07000149,25260,32234.286,"25-50,000",E02005601,25_To_50
E07000149,25260,32234.286,"25-50,000",E02005608,25_To_50
E07000149,25260,32234.286,"25-50,000",E02005604,25_To_50
E07000149,25260,32234.286,"25-50,000",E02005611,25_To_50
E07000149,25260,32234.286,"25-50,000",E02005609,25_To_50
E07000149,25260,32234.286,"25-50,000",E02005610,25_To_50
E07000149,25260,32234.286,"25-50,000",E02005600,25_To_50
E07000149,25260,32234.286,"25-50,000",E02005605,25_To_50
E07000149,25260,32234.286,"25-50,000",E02005606,25_To_50
E07000149,25260,32234.286,"25-50,000",E02005607,25_To_50
E07000200,23618.4,30139.440240000004,"25-50,000",E02006227,25_To_50
E07000200,23618.4,30139.440240000004,"25-50,000",E02006231,25_To_50
E07000200,23618.4,30139.440240000004,"25-50,000",E02006232,25_To_50
E07000200,23618.4,30139.440240000004,"25-50,000",E02006228,25_To_50
E07000200,23618.4,30139.440240000004,"25-50,000",E02006234,25_To_50
E07000200,23618.4,30139.440240000004,"25-50,000",E02006233,25_To_50
E07000200,23618.4,30139.440240000004,"25-50,000",E02006230,25_To_50
E07000200,23618.4,30139.440240000004,"25-50,000",E02006237,25_To_50
E07000200,23618.4,30139.440240000004,"25-50,000",E02006235,25_To_50
E07000200,23618.4,30139.440240000004,"25-50,000",E02006229,25_To_50
E07000200,23618.4,30139.440240000004,"25-50,000",E02006236,25_To_50
E07000203,26549.6,33879.944559999996,"25-50,000",E02006272,25_To_50
E07000203,26549.6,33879.944559999996,"25-50,000",E02006261,25_To_50
E07000203,26549.6,33879.944559999996,"25-50,000",E02006262,25_To_50
E07000203,26549.6,33879.944559999996,"25-50,000",E02006269,25_To_50
E07000203,26549.6,33879.944559999996,"25-50,000",E02006263,25_To_50
E07000203,26549.6,33879.944559999996,"25-50,000",E02006266,25_To_50
E07000203,26549.6,33879.944559999996,"25-50,000",E02006265,25_To_50
E07000203,26549.6,33879.944559999996,"25-50,000",E02006270,25_To_50
E07000203,26549.6,33879.944559999996,"25-50,000",E02006268,25_To_50
E07000203,26549.6,33879.944559999996,"25-50,000",E02006271,25_To_50
E07000203,26549.6,33879.944559999996,"25-50,000",E02006264,25_To_50
E07000203,26549.6,33879.944559999996,"25-50,000",E02006267,25_To_50
E07000202,36057.2,46012.592919999996,"25-50,000",E02006260,25_To_50
E07000202,36057.2,46012.592919999996,"25-50,000",E02006246,25_To_50
E07000202,36057.2,46012.592919999996,"25-50,000",E02006254,25_To_50
E07000202,36057.2,46012.592919999996,"25-50,000",E02006247,25_To_50
E07000202,36057.2,46012.592919999996,"25-50,000",E02006257,25_To_50
E07000202,36057.2,46012.592919999996,"25-50,000",E02006259,25_To_50
E07000202,36057.2,46012.592919999996,"25-50,000",E02006251,25_To_50
E07000202,36057.2,46012.592919999996,"25-50,000",E02006248,25_To_50
E07000202,36057.2,46012.592919999996,"25-50,000",E02006245,25_To_50
E07000202,36057.2,46012.592919999996,"25-50,000",E02006249,25_To_50
E07000202,36057.2,46012.592919999996,"25-50,000",E02006256,25_To_50
E07000202,36057.2,46012.592919999996,"25-50,000",E02006253,25_To_50
E07000202,36057.2,46012.592919999996,"25-50,000",E02006252,25_To_50
E07000202,36057.2,46012.592919999996,"25-50,000",E02006250,25_To_50
E07000202,36057.2,46012.592919999996,"25-50,000",E02006255,25_To_50
E07000202,36057.2,46012.592919999996,"25-50,000",E02006258,25_To_50
E07000244,26317,33583.123700000004,"25-50,000",E02006289,25_To_50
E07000244,26317,33583.123700000004,"25-50,000",E02006298,25_To_50
E07000244,26317,33583.123700000004,"25-50,000",E02006294,25_To_50
E07000244,26317,33583.123700000004,"25-50,000",E02006300,25_To_50
E07000244,26317,33583.123700000004,"25-50,000",E02006295,25_To_50
E07000244,26317,33583.123700000004,"25-50,000",E02006287,25_To_50
E07000244,26317,33583.123700000004,"25-50,000",E02006301,25_To_50
E07000244,26317,33583.123700000004,"25-50,000",E02006296,25_To_50
E07000244,26317,33583.123700000004,"25-50,000",E02006297,25_To_50
E07000244,26317,33583.123700000004,"25-50,000",E02006293,25_To_50
E07000244,26317,33583.123700000004,"25-50,000",E02006299,25_To_50
E07000244,26317,33583.123700000004,"25-50,000",E02006290,25_To_50
E07000244,26317,33583.123700000004,"25-50,000",E02006288,25_To_50
E07000244,26317,33583.123700000004,"25-50,000",E02006292,25_To_50
E07000244,26317,33583.123700000004,"25-50,000",E02006291,25_To_50
E07000244,26317,33583.123700000004,"25-50,000",E02006304,25_To_50
E07000244,26317,33583.123700000004,"25-50,000",E02006307,25_To_50
E07000244,26317,33583.123700000004,"25-50,000",E02006313,25_To_50
E07000244,26317,33583.123700000004,"25-50,000",E02006314,25_To_50
E07000244,26317,33583.123700000004,"25-50,000",E02006308,25_To_50
E07000244,26317,33583.123700000004,"25-50,000",E02006315,25_To_50
E07000244,26317,33583.123700000004,"25-50,000",E02006309,25_To_50
E07000244,26317,33583.123700000004,"25-50,000",E02006312,25_To_50
E07000244,26317,33583.123700000004,"25-50,000",E02006310,25_To_50
E07000244,26317,33583.123700000004,"25-50,000",E02006302,25_To_50
E07000244,26317,33583.123700000004,"25-50,000",E02006316,25_To_50
E07000244,26317,33583.123700000004,"25-50,000",E02006306,25_To_50
E07000244,26317,33583.123700000004,"25-50,000",E02006311,25_To_50
E07000244,26317,33583.123700000004,"25-50,000",E02006305,25_To_50
E07000244,26317,33583.123700000004,"25-50,000",E02006303,25_To_50
E07000245,34775.2,44376.632719999994,"25-50,000",E02006826,25_To_50
E07000245,34775.2,44376.632719999994,"25-50,000",E02006238,25_To_50
E07000245,34775.2,44376.632719999994,"25-50,000",E02006241,25_To_50
E07000245,34775.2,44376.632719999994,"25-50,000",E02006242,25_To_50
E07000245,34775.2,44376.632719999994,"25-50,000",E02006239,25_To_50
E07000245,34775.2,44376.632719999994,"25-50,000",E02006240,25_To_50
E07000245,34775.2,44376.632719999994,"25-50,000",E02006243,25_To_50
E07000245,34775.2,44376.632719999994,"25-50,000",E02006281,25_To_50
E07000245,34775.2,44376.632719999994,"25-50,000",E02006286,25_To_50
E07000245,34775.2,44376.632719999994,"25-50,000",E02006278,25_To_50
E07000245,34775.2,44376.632719999994,"25-50,000",E02006282,25_To_50
E07000245,34775.2,44376.632719999994,"25-50,000",E02006284,25_To_50
E07000245,34775.2,44376.632719999994,"25-50,000",E02006285,25_To_50
E07000245,34775.2,44376.632719999994,"25-50,000",E02006279,25_To_50
E07000245,34775.2,44376.632719999994,"25-50,000",E02006275,25_To_50
E07000245,34775.2,44376.632719999994,"25-50,000",E02006280,25_To_50
E07000245,34775.2,44376.632719999994,"25-50,000",E02006274,25_To_50
E07000245,34775.2,44376.632719999994,"25-50,000",E02006273,25_To_50
E07000245,34775.2,44376.632719999994,"25-50,000",E02006276,25_To_50
E07000245,34775.2,44376.632719999994,"25-50,000",E02006283,25_To_50
E07000245,34775.2,44376.632719999994,"25-50,000",E02006277,25_To_50
E09000013,68647.6,87601.20236000001,"75-100,000",E02000379,75_To_100
E09000013,68647.6,87601.20236000001,"75-100,000",E02000372,75_To_100
E09000013,68647.6,87601.20236000001,"75-100,000",E02000389,75_To_100
E09000013,68647.6,87601.20236000001,"75-100,000",E02000382,75_To_100
E09000013,68647.6,87601.20236000001,"75-100,000",E02000383,75_To_100
E09000013,68647.6,87601.20236000001,"75-100,000",E02000374,75_To_100
E09000013,68647.6,87601.20236000001,"75-100,000",E02000373,75_To_100
E09000013,68647.6,87601.20236000001,"75-100,000",E02000388,75_To_100
E09000013,68647.6,87601.20236000001,"75-100,000",E02000395,75_To_100
E09000013,68647.6,87601.20236000001,"75-100,000",E02000381,75_To_100
E09000013,68647.6,87601.20236000001,"75-100,000",E02000377,75_To_100
E09000013,68647.6,87601.20236000001,"75-100,000",E02000390,75_To_100
E09000013,68647.6,87601.20236000001,"75-100,000",E02000386,75_To_100
E09000013,68647.6,87601.20236000001,"75-100,000",E02000387,75_To_100
E09000013,68647.6,87601.20236000001,"75-100,000",E02000394,75_To_100
E09000013,68647.6,87601.20236000001,"75-100,000",E02000396,75_To_100
E09000013,68647.6,87601.20236000001,"75-100,000",E02000375,75_To_100
E09000013,68647.6,87601.20236000001,"75-100,000",E02000392,75_To_100
E09000013,68647.6,87601.20236000001,"75-100,000",E02000378,75_To_100
E09000013,68647.6,87601.20236000001,"75-100,000",E02000384,75_To_100
E09000013,68647.6,87601.20236000001,"75-100,000",E02000393,75_To_100
E09000013,68647.6,87601.20236000001,"75-100,000",E02000385,75_To_100
E09000013,68647.6,87601.20236000001,"75-100,000",E02000380,75_To_100
E09000013,68647.6,87601.20236000001,"75-100,000",E02000391,75_To_100
E09000013,68647.6,87601.20236000001,"75-100,000",E02000376,75_To_100
E09000020,73023.6,93185.41596000001,"75-100,000",E02000590,75_To_100
E09000020,73023.6,93185.41596000001,"75-100,000",E02000594,75_To_100
E09000020,73023.6,93185.41596000001,"75-100,000",E02000578,75_To_100
E09000020,73023.6,93185.41596000001,"75-100,000",E02000587,75_To_100
E09000020,73023.6,93185.41596000001,"75-100,000",E02000577,75_To_100
E09000020,73023.6,93185.41596000001,"75-100,000",E02000585,75_To_100
E09000020,73023.6,93185.41596000001,"75-100,000",E02000581,75_To_100
E09000020,73023.6,93185.41596000001,"75-100,000",E02000596,75_To_100
E09000020,73023.6,93185.41596000001,"75-100,000",E02000593,75_To_100
E09000020,73023.6,93185.41596000001,"75-100,000",E02000588,75_To_100
E09000020,73023.6,93185.41596000001,"75-100,000",E02000583,75_To_100
E09000020,73023.6,93185.41596000001,"75-100,000",E02000579,75_To_100
E09000020,73023.6,93185.41596000001,"75-100,000",E02000582,75_To_100
E09000020,73023.6,93185.41596000001,"75-100,000",E02000586,75_To_100
E09000020,73023.6,93185.41596000001,"75-100,000",E02000592,75_To_100
E09000020,73023.6,93185.41596000001,"75-100,000",E02000589,75_To_100
E09000020,73023.6,93185.41596000001,"75-100,000",E02000584,75_To_100
E09000020,73023.6,93185.41596000001,"75-100,000",E02000595,75_To_100
E09000020,73023.6,93185.41596000001,"75-100,000",E02000597,75_To_100
E09000020,73023.6,93185.41596000001,"75-100,000",E02000591,75_To_100
E09000020,73023.6,93185.41596000001,"75-100,000",E02000580,75_To_100
E09000032,26904.6,34332.96006,"25-50,000",E02000948,25_To_50
E09000032,26904.6,34332.96006,"25-50,000",E02000943,25_To_50
E09000032,26904.6,34332.96006,"25-50,000",E02000939,25_To_50
E09000032,26904.6,34332.96006,"25-50,000",E02000934,25_To_50
E09000032,26904.6,34332.96006,"25-50,000",E02000924,25_To_50
E09000032,26904.6,34332.96006,"25-50,000",E02000928,25_To_50
E09000032,26904.6,34332.96006,"25-50,000",E02000952,25_To_50
E09000032,26904.6,34332.96006,"25-50,000",E02000951,25_To_50
E09000032,26904.6,34332.96006,"25-50,000",E02000937,25_To_50
E09000032,26904.6,34332.96006,"25-50,000",E02000946,25_To_50
E09000032,26904.6,34332.96006,"25-50,000",E02000953,25_To_50
E09000032,26904.6,34332.96006,"25-50,000",E02000958,25_To_50
E09000032,26904.6,34332.96006,"25-50,000",E02000941,25_To_50
E09000032,26904.6,34332.96006,"25-50,000",E02000942,25_To_50
E09000032,26904.6,34332.96006,"25-50,000",E02000936,25_To_50
E09000032,26904.6,34332.96006,"25-50,000",E02000927,25_To_50
E09000032,26904.6,34332.96006,"25-50,000",E02000932,25_To_50
E09000032,26904.6,34332.96006,"25-50,000",E02000923,25_To_50
E09000032,26904.6,34332.96006,"25-50,000",E02000959,25_To_50
E09000032,26904.6,34332.96006,"25-50,000",E02000933,25_To_50
E09000032,26904.6,34332.96006,"25-50,000",E02000955,25_To_50
E09000032,26904.6,34332.96006,"25-50,000",E02000925,25_To_50
E09000032,26904.6,34332.96006,"25-50,000",E02000954,25_To_50
E09000032,26904.6,34332.96006,"25-50,000",E02000957,25_To_50
E09000032,26904.6,34332.96006,"25-50,000",E02000926,25_To_50
E09000032,26904.6,34332.96006,"25-50,000",E02000938,25_To_50
E09000032,26904.6,34332.96006,"25-50,000",E02000940,25_To_50
E09000032,26904.6,34332.96006,"25-50,000",E02000930,25_To_50
E09000032,26904.6,34332.96006,"25-50,000",E02000949,25_To_50
E09000032,26904.6,34332.96006,"25-50,000",E02000929,25_To_50
E09000032,26904.6,34332.96006,"25-50,000",E02000931,25_To_50
E09000032,26904.6,34332.96006,"25-50,000",E02000935,25_To_50
E09000032,26904.6,34332.96006,"25-50,000",E02000947,25_To_50
E09000032,26904.6,34332.96006,"25-50,000",E02000956,25_To_50
E09000032,26904.6,34332.96006,"25-50,000",E02000944,25_To_50
E09000032,26904.6,34332.96006,"25-50,000",E02000950,25_To_50
E09000032,26904.6,34332.96006,"25-50,000",E02000945,25_To_50
E09000001,9301583.6,11869750.83196,">200,000",E02000001,More_Than_200
E09000033,398897.6,509033.22735999996,">200,000",E02000968,More_Than_200
E09000033,398897.6,509033.22735999996,">200,000",E02000964,More_Than_200
E09000033,398897.6,509033.22735999996,">200,000",E02000967,More_Than_200
E09000033,398897.6,509033.22735999996,">200,000",E02000975,More_Than_200
E09000033,398897.6,509033.22735999996,">200,000",E02000961,More_Than_200
E09000033,398897.6,509033.22735999996,">200,000",E02000966,More_Than_200
E09000033,398897.6,509033.22735999996,">200,000",E02000972,More_Than_200
E09000033,398897.6,509033.22735999996,">200,000",E02000963,More_Than_200
E09000033,398897.6,509033.22735999996,">200,000",E02000962,More_Than_200
E09000033,398897.6,509033.22735999996,">200,000",E02000979,More_Than_200
E09000033,398897.6,509033.22735999996,">200,000",E02000977,More_Than_200
E09000033,398897.6,509033.22735999996,">200,000",E02000980,More_Than_200
E09000033,398897.6,509033.22735999996,">200,000",E02000983,More_Than_200
E09000033,398897.6,509033.22735999996,">200,000",E02000969,More_Than_200
E09000033,398897.6,509033.22735999996,">200,000",E02000982,More_Than_200
E09000033,398897.6,509033.22735999996,">200,000",E02000971,More_Than_200
E09000033,398897.6,509033.22735999996,">200,000",E02000976,More_Than_200
E09000033,398897.6,509033.22735999996,">200,000",E02000974,More_Than_200
E09000033,398897.6,509033.22735999996,">200,000",E02000965,More_Than_200
E09000033,398897.6,509033.22735999996,">200,000",E02000970,More_Than_200
E09000033,398897.6,509033.22735999996,">200,000",E02000978,More_Than_200
E09000033,398897.6,509033.22735999996,">200,000",E02000960,More_Than_200
E09000033,398897.6,509033.22735999996,">200,000",E02000973,More_Than_200
E09000033,398897.6,509033.22735999996,">200,000",E02000981,More_Than_200
E09000007,166843.8,212909.37318,">200,000",E02000189,More_Than_200
E09000007,166843.8,212909.37318,">200,000",E02000187,More_Than_200
E09000007,166843.8,212909.37318,">200,000",E02000171,More_Than_200
E09000007,166843.8,212909.37318,">200,000",E02000172,More_Than_200
E09000007,166843.8,212909.37318,">200,000",E02000179,More_Than_200
E09000007,166843.8,212909.37318,">200,000",E02000190,More_Than_200
E09000007,166843.8,212909.37318,">200,000",E02000191,More_Than_200
E09000007,166843.8,212909.37318,">200,000",E02000184,More_Than_200
E09000007,166843.8,212909.37318,">200,000",E02000183,More_Than_200
E09000007,166843.8,212909.37318,">200,000",E02000180,More_Than_200
E09000007,166843.8,212909.37318,">200,000",E02000174,More_Than_200
E09000007,166843.8,212909.37318,">200,000",E02000177,More_Than_200
E09000007,166843.8,212909.37318,">200,000",E02000167,More_Than_200
E09000007,166843.8,212909.37318,">200,000",E02000188,More_Than_200
E09000007,166843.8,212909.37318,">200,000",E02000168,More_Than_200
E09000007,166843.8,212909.37318,">200,000",E02000166,More_Than_200
E09000007,166843.8,212909.37318,">200,000",E02000170,More_Than_200
E09000007,166843.8,212909.37318,">200,000",E02000178,More_Than_200
E09000007,166843.8,212909.37318,">200,000",E02000182,More_Than_200
E09000007,166843.8,212909.37318,">200,000",E02000175,More_Than_200
E09000007,166843.8,212909.37318,">200,000",E02000176,More_Than_200
E09000007,166843.8,212909.37318,">200,000",E02000186,More_Than_200
E09000007,166843.8,212909.37318,">200,000",E02000192,More_Than_200
E09000007,166843.8,212909.37318,">200,000",E02000193,More_Than_200
E09000007,166843.8,212909.37318,">200,000",E02000169,More_Than_200
E09000007,166843.8,212909.37318,">200,000",E02000173,More_Than_200
E09000007,166843.8,212909.37318,">200,000",E02000185,More_Than_200
E09000007,166843.8,212909.37318,">200,000",E02000181,More_Than_200
E09000012,44058.4,56222.92424,"50-75,000",E02000351,50_To_75
E09000012,44058.4,56222.92424,"50-75,000",E02000345,50_To_75
E09000012,44058.4,56222.92424,"50-75,000",E02000348,50_To_75
E09000012,44058.4,56222.92424,"50-75,000",E02006921,50_To_75
E09000012,44058.4,56222.92424,"50-75,000",E02006918,50_To_75
E09000012,44058.4,56222.92424,"50-75,000",E02000358,50_To_75
E09000012,44058.4,56222.92424,"50-75,000",E02000367,50_To_75
E09000012,44058.4,56222.92424,"50-75,000",E02000366,50_To_75
E09000012,44058.4,56222.92424,"50-75,000",E02000362,50_To_75
E09000012,44058.4,56222.92424,"50-75,000",E02000365,50_To_75
E09000012,44058.4,56222.92424,"50-75,000",E02000357,50_To_75
E09000012,44058.4,56222.92424,"50-75,000",E02000368,50_To_75
E09000012,44058.4,56222.92424,"50-75,000",E02000354,50_To_75
E09000012,44058.4,56222.92424,"50-75,000",E02000350,50_To_75
E09000012,44058.4,56222.92424,"50-75,000",E02000359,50_To_75
E09000012,44058.4,56222.92424,"50-75,000",E02000352,50_To_75
E09000012,44058.4,56222.92424,"50-75,000",E02000353,50_To_75
E09000012,44058.4,56222.92424,"50-75,000",E02000356,50_To_75
E09000012,44058.4,56222.92424,"50-75,000",E02000360,50_To_75
E09000012,44058.4,56222.92424,"50-75,000",E02000370,50_To_75
E09000012,44058.4,56222.92424,"50-75,000",E02000363,50_To_75
E09000012,44058.4,56222.92424,"50-75,000",E02000361,50_To_75
E09000012,44058.4,56222.92424,"50-75,000",E02000364,50_To_75
E09000012,44058.4,56222.92424,"50-75,000",E02000369,50_To_75
E09000012,44058.4,56222.92424,"50-75,000",E02000355,50_To_75
E09000012,44058.4,56222.92424,"50-75,000",E02000347,50_To_75
E09000012,44058.4,56222.92424,"50-75,000",E02000346,50_To_75
E09000012,44058.4,56222.92424,"50-75,000",E02000371,50_To_75
E09000025,23621,30142.7581,"25-50,000",E02000742,25_To_50
E09000025,23621,30142.7581,"25-50,000",E02000738,25_To_50
E09000025,23621,30142.7581,"25-50,000",E02000714,25_To_50
E09000025,23621,30142.7581,"25-50,000",E02000720,25_To_50
E09000025,23621,30142.7581,"25-50,000",E02000719,25_To_50
E09000025,23621,30142.7581,"25-50,000",E02000722,25_To_50
E09000025,23621,30142.7581,"25-50,000",E02000721,25_To_50
E09000025,23621,30142.7581,"25-50,000",E02000729,25_To_50
E09000025,23621,30142.7581,"25-50,000",E02000727,25_To_50
E09000025,23621,30142.7581,"25-50,000",E02000724,25_To_50
E09000025,23621,30142.7581,"25-50,000",E02000731,25_To_50
E09000025,23621,30142.7581,"25-50,000",E02000736,25_To_50
E09000025,23621,30142.7581,"25-50,000",E02000718,25_To_50
E09000025,23621,30142.7581,"25-50,000",E02000737,25_To_50
E09000025,23621,30142.7581,"25-50,000",E02000728,25_To_50
E09000025,23621,30142.7581,"25-50,000",E02000733,25_To_50
E09000025,23621,30142.7581,"25-50,000",E02000734,25_To_50
E09000025,23621,30142.7581,"25-50,000",E02000746,25_To_50
E09000025,23621,30142.7581,"25-50,000",E02000732,25_To_50
E09000025,23621,30142.7581,"25-50,000",E02000716,25_To_50
E09000025,23621,30142.7581,"25-50,000",E02000735,25_To_50
E09000025,23621,30142.7581,"25-50,000",E02000715,25_To_50
E09000025,23621,30142.7581,"25-50,000",E02000717,25_To_50
E09000025,23621,30142.7581,"25-50,000",E02000739,25_To_50
E09000025,23621,30142.7581,"25-50,000",E02000740,25_To_50
E09000025,23621,30142.7581,"25-50,000",E02000744,25_To_50
E09000025,23621,30142.7581,"25-50,000",E02000743,25_To_50
E09000025,23621,30142.7581,"25-50,000",E02000747,25_To_50
E09000025,23621,30142.7581,"25-50,000",E02000745,25_To_50
E09000025,23621,30142.7581,"25-50,000",E02000748,25_To_50
E09000025,23621,30142.7581,"25-50,000",E02000749,25_To_50
E09000025,23621,30142.7581,"25-50,000",E02000723,25_To_50
E09000025,23621,30142.7581,"25-50,000",E02000741,25_To_50
E09000025,23621,30142.7581,"25-50,000",E02000750,25_To_50
E09000025,23621,30142.7581,"25-50,000",E02000725,25_To_50
E09000025,23621,30142.7581,"25-50,000",E02000726,25_To_50
E09000025,23621,30142.7581,"25-50,000",E02000730,25_To_50
E09000030,124596.6,158997.72126000002,"100-200,000",E02000881,100_To_200
E09000030,124596.6,158997.72126000002,"100-200,000",E02000864,100_To_200
E09000030,124596.6,158997.72126000002,"100-200,000",E02000873,100_To_200
E09000030,124596.6,158997.72126000002,"100-200,000",E02000889,100_To_200
E09000030,124596.6,158997.72126000002,"100-200,000",E02000871,100_To_200
E09000030,124596.6,158997.72126000002,"100-200,000",E02000882,100_To_200
E09000030,124596.6,158997.72126000002,"100-200,000",E02000865,100_To_200
E09000030,124596.6,158997.72126000002,"100-200,000",E02000868,100_To_200
E09000030,124596.6,158997.72126000002,"100-200,000",E02000877,100_To_200
E09000030,124596.6,158997.72126000002,"100-200,000",E02000883,100_To_200
E09000030,124596.6,158997.72126000002,"100-200,000",E02000876,100_To_200
E09000030,124596.6,158997.72126000002,"100-200,000",E02000885,100_To_200
E09000030,124596.6,158997.72126000002,"100-200,000",E02000867,100_To_200
E09000030,124596.6,158997.72126000002,"100-200,000",E02000888,100_To_200
E09000030,124596.6,158997.72126000002,"100-200,000",E02000866,100_To_200
E09000030,124596.6,158997.72126000002,"100-200,000",E02000874,100_To_200
E09000030,124596.6,158997.72126000002,"100-200,000",E02000887,100_To_200
E09000030,124596.6,158997.72126000002,"100-200,000",E02000875,100_To_200
E09000030,124596.6,158997.72126000002,"100-200,000",E02000894,100_To_200
E09000030,124596.6,158997.72126000002,"100-200,000",E02006853,100_To_200
E09000030,124596.6,158997.72126000002,"100-200,000",E02006854,100_To_200
E09000030,124596.6,158997.72126000002,"100-200,000",E02000879,100_To_200
E09000030,124596.6,158997.72126000002,"100-200,000",E02000890,100_To_200
E09000030,124596.6,158997.72126000002,"100-200,000",E02000886,100_To_200
E09000030,124596.6,158997.72126000002,"100-200,000",E02000878,100_To_200
E09000030,124596.6,158997.72126000002,"100-200,000",E02000870,100_To_200
E09000030,124596.6,158997.72126000002,"100-200,000",E02000893,100_To_200
E09000030,124596.6,158997.72126000002,"100-200,000",E02000891,100_To_200
E09000030,124596.6,158997.72126000002,"100-200,000",E02000869,100_To_200
E09000030,124596.6,158997.72126000002,"100-200,000",E02000872,100_To_200
E09000030,124596.6,158997.72126000002,"100-200,000",E02000884,100_To_200
E09000030,124596.6,158997.72126000002,"100-200,000",E02000880,100_To_200
E09000014,18739,23912.8379,"<25,000",E02000413,Less_Than_25
E09000014,18739,23912.8379,"<25,000",E02000415,Less_Than_25
E09000014,18739,23912.8379,"<25,000",E02000411,Less_Than_25
E09000014,18739,23912.8379,"<25,000",E02000410,Less_Than_25
E09000014,18739,23912.8379,"<25,000",E02000419,Less_Than_25
E09000014,18739,23912.8379,"<25,000",E02000431,Less_Than_25
E09000014,18739,23912.8379,"<25,000",E02000417,Less_Than_25
E09000014,18739,23912.8379,"<25,000",E02000432,Less_Than_25
E09000014,18739,23912.8379,"<25,000",E02000427,Less_Than_25
E09000014,18739,23912.8379,"<25,000",E02000416,Less_Than_25
E09000014,18739,23912.8379,"<25,000",E02000430,Less_Than_25
E09000014,18739,23912.8379,"<25,000",E02000405,Less_Than_25
E09000014,18739,23912.8379,"<25,000",E02000429,Less_Than_25
E09000014,18739,23912.8379,"<25,000",E02000418,Less_Than_25
E09000014,18739,23912.8379,"<25,000",E02000400,Less_Than_25
E09000014,18739,23912.8379,"<25,000",E02000398,Less_Than_25
E09000014,18739,23912.8379,"<25,000",E02000401,Less_Than_25
E09000014,18739,23912.8379,"<25,000",E02000404,Less_Than_25
E09000014,18739,23912.8379,"<25,000",E02000403,Less_Than_25
E09000014,18739,23912.8379,"<25,000",E02006794,Less_Than_25
E09000014,18739,23912.8379,"<25,000",E02000408,Less_Than_25
E09000014,18739,23912.8379,"<25,000",E02000409,Less_Than_25
E09000014,18739,23912.8379,"<25,000",E02000426,Less_Than_25
E09000014,18739,23912.8379,"<25,000",E02000397,Less_Than_25
E09000014,18739,23912.8379,"<25,000",E02000407,Less_Than_25
E09000014,18739,23912.8379,"<25,000",E02000414,Less_Than_25
E09000014,18739,23912.8379,"<25,000",E02000412,Less_Than_25
E09000014,18739,23912.8379,"<25,000",E02000406,Less_Than_25
E09000014,18739,23912.8379,"<25,000",E02000402,Less_Than_25
E09000014,18739,23912.8379,"<25,000",E02000422,Less_Than_25
E09000014,18739,23912.8379,"<25,000",E02000428,Less_Than_25
E09000014,18739,23912.8379,"<25,000",E02000425,Less_Than_25
E09000014,18739,23912.8379,"<25,000",E02000421,Less_Than_25
E09000014,18739,23912.8379,"<25,000",E02000420,Less_Than_25
E09000014,18739,23912.8379,"<25,000",E02000424,Less_Than_25
E09000014,18739,23912.8379,"<25,000",E02000423,Less_Than_25
E09000019,104391.6,133214.12076000002,"100-200,000",E02000576,100_To_200
E09000019,104391.6,133214.12076000002,"100-200,000",E02000572,100_To_200
E09000019,104391.6,133214.12076000002,"100-200,000",E02000574,100_To_200
E09000019,104391.6,133214.12076000002,"100-200,000",E02000567,100_To_200
E09000019,104391.6,133214.12076000002,"100-200,000",E02000575,100_To_200
E09000019,104391.6,133214.12076000002,"100-200,000",E02000558,100_To_200
E09000019,104391.6,133214.12076000002,"100-200,000",E02000562,100_To_200
E09000019,104391.6,133214.12076000002,"100-200,000",E02000559,100_To_200
E09000019,104391.6,133214.12076000002,"100-200,000",E02000555,100_To_200
E09000019,104391.6,133214.12076000002,"100-200,000",E02000563,100_To_200
E09000019,104391.6,133214.12076000002,"100-200,000",E02000571,100_To_200
E09000019,104391.6,133214.12076000002,"100-200,000",E02000568,100_To_200
E09000019,104391.6,133214.12076000002,"100-200,000",E02000561,100_To_200
E09000019,104391.6,133214.12076000002,"100-200,000",E02000570,100_To_200
E09000019,104391.6,133214.12076000002,"100-200,000",E02000554,100_To_200
E09000019,104391.6,133214.12076000002,"100-200,000",E02000557,100_To_200
E09000019,104391.6,133214.12076000002,"100-200,000",E02000560,100_To_200
E09000019,104391.6,133214.12076000002,"100-200,000",E02000565,100_To_200
E09000019,104391.6,133214.12076000002,"100-200,000",E02000556,100_To_200
E09000019,104391.6,133214.12076000002,"100-200,000",E02000569,100_To_200
E09000019,104391.6,133214.12076000002,"100-200,000",E02000566,100_To_200
E09000019,104391.6,133214.12076000002,"100-200,000",E02000564,100_To_200
E09000019,104391.6,133214.12076000002,"100-200,000",E02000573,100_To_200
E09000023,15504.4,19785.16484,"<25,000",E02000664,Less_Than_25
E09000023,15504.4,19785.16484,"<25,000",E02000669,Less_Than_25
E09000023,15504.4,19785.16484,"<25,000",E02006798,Less_Than_25
E09000023,15504.4,19785.16484,"<25,000",E02000655,Less_Than_25
E09000023,15504.4,19785.16484,"<25,000",E02000681,Less_Than_25
E09000023,15504.4,19785.16484,"<25,000",E02000678,Less_Than_25
E09000023,15504.4,19785.16484,"<25,000",E02000679,Less_Than_25
E09000023,15504.4,19785.16484,"<25,000",E02000672,Less_Than_25
E09000023,15504.4,19785.16484,"<25,000",E02000670,Less_Than_25
E09000023,15504.4,19785.16484,"<25,000",E02006784,Less_Than_25
E09000023,15504.4,19785.16484,"<25,000",E02000657,Less_Than_25
E09000023,15504.4,19785.16484,"<25,000",E02000685,Less_Than_25
E09000023,15504.4,19785.16484,"<25,000",E02000687,Less_Than_25
E09000023,15504.4,19785.16484,"<25,000",E02000658,Less_Than_25
E09000023,15504.4,19785.16484,"<25,000",E02000662,Less_Than_25
E09000023,15504.4,19785.16484,"<25,000",E02000666,Less_Than_25
E09000023,15504.4,19785.16484,"<25,000",E02000682,Less_Than_25
E09000023,15504.4,19785.16484,"<25,000",E02000663,Less_Than_25
E09000023,15504.4,19785.16484,"<25,000",E02000677,Less_Than_25
E09000023,15504.4,19785.16484,"<25,000",E02006783,Less_Than_25
E09000023,15504.4,19785.16484,"<25,000",E02000665,Less_Than_25
E09000023,15504.4,19785.16484,"<25,000",E02000674,Less_Than_25
E09000023,15504.4,19785.16484,"<25,000",E02000686,Less_Than_25
E09000023,15504.4,19785.16484,"<25,000",E02000668,Less_Than_25
E09000023,15504.4,19785.16484,"<25,000",E02000671,Less_Than_25
E09000023,15504.4,19785.16484,"<25,000",E02000659,Less_Than_25
E09000023,15504.4,19785.16484,"<25,000",E02000667,Less_Than_25
E09000023,15504.4,19785.16484,"<25,000",E02000661,Less_Than_25
E09000023,15504.4,19785.16484,"<25,000",E02000673,Less_Than_25
E09000023,15504.4,19785.16484,"<25,000",E02000660,Less_Than_25
E09000023,15504.4,19785.16484,"<25,000",E02000676,Less_Than_25
E09000023,15504.4,19785.16484,"<25,000",E02000653,Less_Than_25
E09000023,15504.4,19785.16484,"<25,000",E02000654,Less_Than_25
E09000023,15504.4,19785.16484,"<25,000",E02000680,Less_Than_25
E09000023,15504.4,19785.16484,"<25,000",E02000683,Less_Than_25
E09000023,15504.4,19785.16484,"<25,000",E02000675,Less_Than_25
E09000028,74299.8,94813.97478,"75-100,000",E02000816,75_To_100
E09000028,74299.8,94813.97478,"75-100,000",E02000829,75_To_100
E09000028,74299.8,94813.97478,"75-100,000",E02000819,75_To_100
E09000028,74299.8,94813.97478,"75-100,000",E02000824,75_To_100
E09000028,74299.8,94813.97478,"75-100,000",E02000833,75_To_100
E09000028,74299.8,94813.97478,"75-100,000",E02000830,75_To_100
E09000028,74299.8,94813.97478,"75-100,000",E02006802,75_To_100
E09000028,74299.8,94813.97478,"75-100,000",E02000808,75_To_100
E09000028,74299.8,94813.97478,"75-100,000",E02000815,75_To_100
E09000028,74299.8,94813.97478,"75-100,000",E02000812,75_To_100
E09000028,74299.8,94813.97478,"75-100,000",E02000818,75_To_100
E09000028,74299.8,94813.97478,"75-100,000",E02000838,75_To_100
E09000028,74299.8,94813.97478,"75-100,000",E02000839,75_To_100
E09000028,74299.8,94813.97478,"75-100,000",E02000836,75_To_100
E09000028,74299.8,94813.97478,"75-100,000",E02000834,75_To_100
E09000028,74299.8,94813.97478,"75-100,000",E02000835,75_To_100
E09000028,74299.8,94813.97478,"75-100,000",E02000828,75_To_100
E09000028,74299.8,94813.97478,"75-100,000",E02000807,75_To_100
E09000028,74299.8,94813.97478,"75-100,000",E02000817,75_To_100
E09000028,74299.8,94813.97478,"75-100,000",E02000814,75_To_100
E09000028,74299.8,94813.97478,"75-100,000",E02000832,75_To_100
E09000028,74299.8,94813.97478,"75-100,000",E02000823,75_To_100
E09000028,74299.8,94813.97478,"75-100,000",E02000820,75_To_100
E09000028,74299.8,94813.97478,"75-100,000",E02000831,75_To_100
E09000028,74299.8,94813.97478,"75-100,000",E02000825,75_To_100
E09000028,74299.8,94813.97478,"75-100,000",E02000826,75_To_100
E09000028,74299.8,94813.97478,"75-100,000",E02000827,75_To_100
E09000028,74299.8,94813.97478,"75-100,000",E02000837,75_To_100
E09000028,74299.8,94813.97478,"75-100,000",E02000813,75_To_100
E09000028,74299.8,94813.97478,"75-100,000",E02000821,75_To_100
E09000028,74299.8,94813.97478,"75-100,000",E02000822,75_To_100
E09000028,74299.8,94813.97478,"75-100,000",E02000810,75_To_100
E09000028,74299.8,94813.97478,"75-100,000",E02000809,75_To_100
E09000022,44937.4,57344.616140000006,"50-75,000",E02000651,50_To_75
E09000022,44937.4,57344.616140000006,"50-75,000",E02000652,50_To_75
E09000022,44937.4,57344.616140000006,"50-75,000",E02000646,50_To_75
E09000022,44937.4,57344.616140000006,"50-75,000",E02000628,50_To_75
E09000022,44937.4,57344.616140000006,"50-75,000",E02000636,50_To_75
E09000022,44937.4,57344.616140000006,"50-75,000",E02000650,50_To_75
E09000022,44937.4,57344.616140000006,"50-75,000",E02000648,50_To_75
E09000022,44937.4,57344.616140000006,"50-75,000",E02000631,50_To_75
E09000022,44937.4,57344.616140000006,"50-75,000",E02000647,50_To_75
E09000022,44937.4,57344.616140000006,"50-75,000",E02000644,50_To_75
E09000022,44937.4,57344.616140000006,"50-75,000",E02000649,50_To_75
E09000022,44937.4,57344.616140000006,"50-75,000",E02000643,50_To_75
E09000022,44937.4,57344.616140000006,"50-75,000",E02000640,50_To_75
E09000022,44937.4,57344.616140000006,"50-75,000",E02000642,50_To_75
E09000022,44937.4,57344.616140000006,"50-75,000",E02000645,50_To_75
E09000022,44937.4,57344.616140000006,"50-75,000",E02000641,50_To_75
E09000022,44937.4,57344.616140000006,"50-75,000",E02000619,50_To_75
E09000022,44937.4,57344.616140000006,"50-75,000",E02006801,50_To_75
E09000022,44937.4,57344.616140000006,"50-75,000",E02000635,50_To_75
E09000022,44937.4,57344.616140000006,"50-75,000",E02000627,50_To_75
E09000022,44937.4,57344.616140000006,"50-75,000",E02000638,50_To_75
E09000022,44937.4,57344.616140000006,"50-75,000",E02000630,50_To_75
E09000022,44937.4,57344.616140000006,"50-75,000",E02000633,50_To_75
E09000022,44937.4,57344.616140000006,"50-75,000",E02000626,50_To_75
E09000022,44937.4,57344.616140000006,"50-75,000",E02000634,50_To_75
E09000022,44937.4,57344.616140000006,"50-75,000",E02000625,50_To_75
E09000022,44937.4,57344.616140000006,"50-75,000",E02000621,50_To_75
E09000022,44937.4,57344.616140000006,"50-75,000",E02000624,50_To_75
E09000022,44937.4,57344.616140000006,"50-75,000",E02000622,50_To_75
E09000022,44937.4,57344.616140000006,"50-75,000",E02000632,50_To_75
E09000022,44937.4,57344.616140000006,"50-75,000",E02000637,50_To_75
E09000022,44937.4,57344.616140000006,"50-75,000",E02000629,50_To_75
E09000022,44937.4,57344.616140000006,"50-75,000",E02000639,50_To_75
E09000022,44937.4,57344.616140000006,"50-75,000",E02000620,50_To_75
E09000022,44937.4,57344.616140000006,"50-75,000",E02000623,50_To_75
E09000004,28243.2,36041.14752,"25-50,000",E02000077,25_To_50
E09000004,28243.2,36041.14752,"25-50,000",E02000081,25_To_50
E09000004,28243.2,36041.14752,"25-50,000",E02000074,25_To_50
E09000004,28243.2,36041.14752,"25-50,000",E02000091,25_To_50
E09000004,28243.2,36041.14752,"25-50,000",E02000087,25_To_50
E09000004,28243.2,36041.14752,"25-50,000",E02000088,25_To_50
E09000004,28243.2,36041.14752,"25-50,000",E02000079,25_To_50
E09000004,28243.2,36041.14752,"25-50,000",E02000069,25_To_50
E09000004,28243.2,36041.14752,"25-50,000",E02000090,25_To_50
E09000004,28243.2,36041.14752,"25-50,000",E02000070,25_To_50
E09000004,28243.2,36041.14752,"25-50,000",E02000067,25_To_50
E09000004,28243.2,36041.14752,"25-50,000",E02000085,25_To_50
E09000004,28243.2,36041.14752,"25-50,000",E02000078,25_To_50
E09000004,28243.2,36041.14752,"25-50,000",E02000072,25_To_50
E09000004,28243.2,36041.14752,"25-50,000",E02000083,25_To_50
E09000004,28243.2,36041.14752,"25-50,000",E02000092,25_To_50
E09000004,28243.2,36041.14752,"25-50,000",E02006785,25_To_50
E09000004,28243.2,36041.14752,"25-50,000",E02000068,25_To_50
E09000004,28243.2,36041.14752,"25-50,000",E02000084,25_To_50
E09000004,28243.2,36041.14752,"25-50,000",E02000073,25_To_50
E09000004,28243.2,36041.14752,"25-50,000",E02000066,25_To_50
E09000004,28243.2,36041.14752,"25-50,000",E02000071,25_To_50
E09000004,28243.2,36041.14752,"25-50,000",E02000082,25_To_50
E09000004,28243.2,36041.14752,"25-50,000",E02000075,25_To_50
E09000004,28243.2,36041.14752,"25-50,000",E02000080,25_To_50
E09000004,28243.2,36041.14752,"25-50,000",E02000065,25_To_50
E09000004,28243.2,36041.14752,"25-50,000",E02000086,25_To_50
E09000004,28243.2,36041.14752,"25-50,000",E02000089,25_To_50
E09000011,23337,29780.3457,"25-50,000",E02000326,25_To_50
E09000011,23337,29780.3457,"25-50,000",E02000324,25_To_50
E09000011,23337,29780.3457,"25-50,000",E02000343,25_To_50
E09000011,23337,29780.3457,"25-50,000",E02000344,25_To_50
E09000011,23337,29780.3457,"25-50,000",E02000339,25_To_50
E09000011,23337,29780.3457,"25-50,000",E02000335,25_To_50
E09000011,23337,29780.3457,"25-50,000",E02000342,25_To_50
E09000011,23337,29780.3457,"25-50,000",E02000340,25_To_50
E09000011,23337,29780.3457,"25-50,000",E02006927,25_To_50
E09000011,23337,29780.3457,"25-50,000",E02000337,25_To_50
E09000011,23337,29780.3457,"25-50,000",E02000323,25_To_50
E09000011,23337,29780.3457,"25-50,000",E02000317,25_To_50
E09000011,23337,29780.3457,"25-50,000",E02000314,25_To_50
E09000011,23337,29780.3457,"25-50,000",E02000318,25_To_50
E09000011,23337,29780.3457,"25-50,000",E02000319,25_To_50
E09000011,23337,29780.3457,"25-50,000",E02000333,25_To_50
E09000011,23337,29780.3457,"25-50,000",E02000320,25_To_50
E09000011,23337,29780.3457,"25-50,000",E02000334,25_To_50
E09000011,23337,29780.3457,"25-50,000",E02000315,25_To_50
E09000011,23337,29780.3457,"25-50,000",E02006786,25_To_50
E09000011,23337,29780.3457,"25-50,000",E02000329,25_To_50
E09000011,23337,29780.3457,"25-50,000",E02000332,25_To_50
E09000011,23337,29780.3457,"25-50,000",E02000321,25_To_50
E09000011,23337,29780.3457,"25-50,000",E02000328,25_To_50
E09000011,23337,29780.3457,"25-50,000",E02006930,25_To_50
E09000011,23337,29780.3457,"25-50,000",E02006928,25_To_50
E09000011,23337,29780.3457,"25-50,000",E02000316,25_To_50
E09000011,23337,29780.3457,"25-50,000",E02000331,25_To_50
E09000011,23337,29780.3457,"25-50,000",E02000341,25_To_50
E09000011,23337,29780.3457,"25-50,000",E02006929,25_To_50
E09000011,23337,29780.3457,"25-50,000",E02000313,25_To_50
E09000011,23337,29780.3457,"25-50,000",E02000327,25_To_50
E09000011,23337,29780.3457,"25-50,000",E02006931,25_To_50
E09000002,19477.2,24854.85492,"<25,000",E02000003,Less_Than_25
E09000002,19477.2,24854.85492,"<25,000",E02000002,Less_Than_25
E09000002,19477.2,24854.85492,"<25,000",E02000012,Less_Than_25
E09000002,19477.2,24854.85492,"<25,000",E02000017,Less_Than_25
E09000002,19477.2,24854.85492,"<25,000",E02000016,Less_Than_25
E09000002,19477.2,24854.85492,"<25,000",E02000009,Less_Than_25
E09000002,19477.2,24854.85492,"<25,000",E02006799,Less_Than_25
E09000002,19477.2,24854.85492,"<25,000",E02000018,Less_Than_25
E09000002,19477.2,24854.85492,"<25,000",E02000020,Less_Than_25
E09000002,19477.2,24854.85492,"<25,000",E02000021,Less_Than_25
E09000002,19477.2,24854.85492,"<25,000",E02000014,Less_Than_25
E09000002,19477.2,24854.85492,"<25,000",E02000007,Less_Than_25
E09000002,19477.2,24854.85492,"<25,000",E02000023,Less_Than_25
E09000002,19477.2,24854.85492,"<25,000",E02000019,Less_Than_25
E09000002,19477.2,24854.85492,"<25,000",E02000011,Less_Than_25
E09000002,19477.2,24854.85492,"<25,000",E02000013,Less_Than_25
E09000002,19477.2,24854.85492,"<25,000",E02000005,Less_Than_25
E09000002,19477.2,24854.85492,"<25,000",E02000008,Less_Than_25
E09000002,19477.2,24854.85492,"<25,000",E02000015,Less_Than_25
E09000002,19477.2,24854.85492,"<25,000",E02000010,Less_Than_25
E09000002,19477.2,24854.85492,"<25,000",E02000004,Less_Than_25
E09000002,19477.2,24854.85492,"<25,000",E02000022,Less_Than_25
E09000016,27607.6,35230.058359999995,"25-50,000",E02000469,25_To_50
E09000016,27607.6,35230.058359999995,"25-50,000",E02000487,25_To_50
E09000016,27607.6,35230.058359999995,"25-50,000",E02000480,25_To_50
E09000016,27607.6,35230.058359999995,"25-50,000",E02000489,25_To_50
E09000016,27607.6,35230.058359999995,"25-50,000",E02000493,25_To_50
E09000016,27607.6,35230.058359999995,"25-50,000",E02000491,25_To_50
E09000016,27607.6,35230.058359999995,"25-50,000",E02000478,25_To_50
E09000016,27607.6,35230.058359999995,"25-50,000",E02000476,25_To_50
E09000016,27607.6,35230.058359999995,"25-50,000",E02000483,25_To_50
E09000016,27607.6,35230.058359999995,"25-50,000",E02000468,25_To_50
E09000016,27607.6,35230.058359999995,"25-50,000",E02000474,25_To_50
E09000016,27607.6,35230.058359999995,"25-50,000",E02000475,25_To_50
E09000016,27607.6,35230.058359999995,"25-50,000",E02000481,25_To_50
E09000016,27607.6,35230.058359999995,"25-50,000",E02000471,25_To_50
E09000016,27607.6,35230.058359999995,"25-50,000",E02000472,25_To_50
E09000016,27607.6,35230.058359999995,"25-50,000",E02000492,25_To_50
E09000016,27607.6,35230.058359999995,"25-50,000",E02000479,25_To_50
E09000016,27607.6,35230.058359999995,"25-50,000",E02000464,25_To_50
E09000016,27607.6,35230.058359999995,"25-50,000",E02000485,25_To_50
E09000016,27607.6,35230.058359999995,"25-50,000",E02000473,25_To_50
E09000016,27607.6,35230.058359999995,"25-50,000",E02000477,25_To_50
E09000016,27607.6,35230.058359999995,"25-50,000",E02000490,25_To_50
E09000016,27607.6,35230.058359999995,"25-50,000",E02000488,25_To_50
E09000016,27607.6,35230.058359999995,"25-50,000",E02000486,25_To_50
E09000016,27607.6,35230.058359999995,"25-50,000",E02000484,25_To_50
E09000016,27607.6,35230.058359999995,"25-50,000",E02000465,25_To_50
E09000016,27607.6,35230.058359999995,"25-50,000",E02000466,25_To_50
E09000016,27607.6,35230.058359999995,"25-50,000",E02000467,25_To_50
E09000016,27607.6,35230.058359999995,"25-50,000",E02000482,25_To_50
E09000016,27607.6,35230.058359999995,"25-50,000",E02000470,25_To_50
E09000026,19575.6,24980.42316,"<25,000",E02000780,Less_Than_25
E09000026,19575.6,24980.42316,"<25,000",E02006924,Less_Than_25
E09000026,19575.6,24980.42316,"<25,000",E02000758,Less_Than_25
E09000026,19575.6,24980.42316,"<25,000",E02000776,Less_Than_25
E09000026,19575.6,24980.42316,"<25,000",E02000767,Less_Than_25
E09000026,19575.6,24980.42316,"<25,000",E02000756,Less_Than_25
E09000026,19575.6,24980.42316,"<25,000",E02000760,Less_Than_25
E09000026,19575.6,24980.42316,"<25,000",E02006800,Less_Than_25
E09000026,19575.6,24980.42316,"<25,000",E02000781,Less_Than_25
E09000026,19575.6,24980.42316,"<25,000",E02000769,Less_Than_25
E09000026,19575.6,24980.42316,"<25,000",E02000763,Less_Than_25
E09000026,19575.6,24980.42316,"<25,000",E02000770,Less_Than_25
E09000026,19575.6,24980.42316,"<25,000",E02000779,Less_Than_25
E09000026,19575.6,24980.42316,"<25,000",E02000757,Less_Than_25
E09000026,19575.6,24980.42316,"<25,000",E02006925,Less_Than_25
E09000026,19575.6,24980.42316,"<25,000",E02000773,Less_Than_25
E09000026,19575.6,24980.42316,"<25,000",E02000783,Less_Than_25
E09000026,19575.6,24980.42316,"<25,000",E02000762,Less_Than_25
E09000026,19575.6,24980.42316,"<25,000",E02000782,Less_Than_25
E09000026,19575.6,24980.42316,"<25,000",E02000765,Less_Than_25
E09000026,19575.6,24980.42316,"<25,000",E02000753,Less_Than_25
E09000026,19575.6,24980.42316,"<25,000",E02000752,Less_Than_25
E09000026,19575.6,24980.42316,"<25,000",E02000777,Less_Than_25
E09000026,19575.6,24980.42316,"<25,000",E02000772,Less_Than_25
E09000026,19575.6,24980.42316,"<25,000",E02000751,Less_Than_25
E09000026,19575.6,24980.42316,"<25,000",E02000754,Less_Than_25
E09000026,19575.6,24980.42316,"<25,000",E02000755,Less_Than_25
E09000026,19575.6,24980.42316,"<25,000",E02000759,Less_Than_25
E09000026,19575.6,24980.42316,"<25,000",E02000774,Less_Than_25
E09000026,19575.6,24980.42316,"<25,000",E02000764,Less_Than_25
E09000026,19575.6,24980.42316,"<25,000",E02000768,Less_Than_25
E09000031,19121.8,24401.32898,"<25,000",E02000898,Less_Than_25
E09000031,19121.8,24401.32898,"<25,000",E02000903,Less_Than_25
E09000031,19121.8,24401.32898,"<25,000",E02000913,Less_Than_25
E09000031,19121.8,24401.32898,"<25,000",E02000905,Less_Than_25
E09000031,19121.8,24401.32898,"<25,000",E02000922,Less_Than_25
E09000031,19121.8,24401.32898,"<25,000",E02000917,Less_Than_25
E09000031,19121.8,24401.32898,"<25,000",E02000895,Less_Than_25
E09000031,19121.8,24401.32898,"<25,000",E02000915,Less_Than_25
E09000031,19121.8,24401.32898,"<25,000",E02000901,Less_Than_25
E09000031,19121.8,24401.32898,"<25,000",E02000904,Less_Than_25
E09000031,19121.8,24401.32898,"<25,000",E02000902,Less_Than_25
E09000031,19121.8,24401.32898,"<25,000",E02000897,Less_Than_25
E09000031,19121.8,24401.32898,"<25,000",E02000912,Less_Than_25
E09000031,19121.8,24401.32898,"<25,000",E02000908,Less_Than_25
E09000031,19121.8,24401.32898,"<25,000",E02000909,Less_Than_25
E09000031,19121.8,24401.32898,"<25,000",E02000899,Less_Than_25
E09000031,19121.8,24401.32898,"<25,000",E02000906,Less_Than_25
E09000031,19121.8,24401.32898,"<25,000",E02000919,Less_Than_25
E09000031,19121.8,24401.32898,"<25,000",E02000920,Less_Than_25
E09000031,19121.8,24401.32898,"<25,000",E02000918,Less_Than_25
E09000031,19121.8,24401.32898,"<25,000",E02000907,Less_Than_25
E09000031,19121.8,24401.32898,"<25,000",E02000914,Less_Than_25
E09000031,19121.8,24401.32898,"<25,000",E02000921,Less_Than_25
E09000031,19121.8,24401.32898,"<25,000",E02000896,Less_Than_25
E09000031,19121.8,24401.32898,"<25,000",E02000910,Less_Than_25
E09000031,19121.8,24401.32898,"<25,000",E02000911,Less_Than_25
E09000031,19121.8,24401.32898,"<25,000",E02000900,Less_Than_25
E09000031,19121.8,24401.32898,"<25,000",E02000916,Less_Than_25
E09000010,27610.4,35233.631440000005,"25-50,000",E02000299,25_To_50
E09000010,27610.4,35233.631440000005,"25-50,000",E02000301,25_To_50
E09000010,27610.4,35233.631440000005,"25-50,000",E02000311,25_To_50
E09000010,27610.4,35233.631440000005,"25-50,000",E02000296,25_To_50
E09000010,27610.4,35233.631440000005,"25-50,000",E02000300,25_To_50
E09000010,27610.4,35233.631440000005,"25-50,000",E02000290,25_To_50
E09000010,27610.4,35233.631440000005,"25-50,000",E02000288,25_To_50
E09000010,27610.4,35233.631440000005,"25-50,000",E02000294,25_To_50
E09000010,27610.4,35233.631440000005,"25-50,000",E02000309,25_To_50
E09000010,27610.4,35233.631440000005,"25-50,000",E02006793,25_To_50
E09000010,27610.4,35233.631440000005,"25-50,000",E02000297,25_To_50
E09000010,27610.4,35233.631440000005,"25-50,000",E02000279,25_To_50
E09000010,27610.4,35233.631440000005,"25-50,000",E02000291,25_To_50
E09000010,27610.4,35233.631440000005,"25-50,000",E02000280,25_To_50
E09000010,27610.4,35233.631440000005,"25-50,000",E02000281,25_To_50
E09000010,27610.4,35233.631440000005,"25-50,000",E02000287,25_To_50
E09000010,27610.4,35233.631440000005,"25-50,000",E02000293,25_To_50
E09000010,27610.4,35233.631440000005,"25-50,000",E02000292,25_To_50
E09000010,27610.4,35233.631440000005,"25-50,000",E02000302,25_To_50
E09000010,27610.4,35233.631440000005,"25-50,000",E02000277,25_To_50
E09000010,27610.4,35233.631440000005,"25-50,000",E02000306,25_To_50
E09000010,27610.4,35233.631440000005,"25-50,000",E02000303,25_To_50
E09000010,27610.4,35233.631440000005,"25-50,000",E02000283,25_To_50
E09000010,27610.4,35233.631440000005,"25-50,000",E02000282,25_To_50
E09000010,27610.4,35233.631440000005,"25-50,000",E02000278,25_To_50
E09000010,27610.4,35233.631440000005,"25-50,000",E02000307,25_To_50
E09000010,27610.4,35233.631440000005,"25-50,000",E02000289,25_To_50
E09000010,27610.4,35233.631440000005,"25-50,000",E02000305,25_To_50
E09000010,27610.4,35233.631440000005,"25-50,000",E02000295,25_To_50
E09000010,27610.4,35233.631440000005,"25-50,000",E02000286,25_To_50
E09000010,27610.4,35233.631440000005,"25-50,000",E02000284,25_To_50
E09000010,27610.4,35233.631440000005,"25-50,000",E02000308,25_To_50
E09000010,27610.4,35233.631440000005,"25-50,000",E02000304,25_To_50
E09000010,27610.4,35233.631440000005,"25-50,000",E02000285,25_To_50
E09000010,27610.4,35233.631440000005,"25-50,000",E02000298,25_To_50
E09000010,27610.4,35233.631440000005,"25-50,000",E02000312,25_To_50
E09000006,27300.8,34838.55088,"25-50,000",E02000147,25_To_50
E09000006,27300.8,34838.55088,"25-50,000",E02000150,25_To_50
E09000006,27300.8,34838.55088,"25-50,000",E02000156,25_To_50
E09000006,27300.8,34838.55088,"25-50,000",E02000137,25_To_50
E09000006,27300.8,34838.55088,"25-50,000",E02000142,25_To_50
E09000006,27300.8,34838.55088,"25-50,000",E02000148,25_To_50
E09000006,27300.8,34838.55088,"25-50,000",E02000159,25_To_50
E09000006,27300.8,34838.55088,"25-50,000",E02000146,25_To_50
E09000006,27300.8,34838.55088,"25-50,000",E02000152,25_To_50
E09000006,27300.8,34838.55088,"25-50,000",E02000133,25_To_50
E09000006,27300.8,34838.55088,"25-50,000",E02000162,25_To_50
E09000006,27300.8,34838.55088,"25-50,000",E02000134,25_To_50
E09000006,27300.8,34838.55088,"25-50,000",E02000128,25_To_50
E09000006,27300.8,34838.55088,"25-50,000",E02006787,25_To_50
E09000006,27300.8,34838.55088,"25-50,000",E02000139,25_To_50
E09000006,27300.8,34838.55088,"25-50,000",E02000141,25_To_50
E09000006,27300.8,34838.55088,"25-50,000",E02000132,25_To_50
E09000006,27300.8,34838.55088,"25-50,000",E02000145,25_To_50
E09000006,27300.8,34838.55088,"25-50,000",E02000149,25_To_50
E09000006,27300.8,34838.55088,"25-50,000",E02006789,25_To_50
E09000006,27300.8,34838.55088,"25-50,000",E02000157,25_To_50
E09000006,27300.8,34838.55088,"25-50,000",E02000160,25_To_50
E09000006,27300.8,34838.55088,"25-50,000",E02000138,25_To_50
E09000006,27300.8,34838.55088,"25-50,000",E02000127,25_To_50
E09000006,27300.8,34838.55088,"25-50,000",E02000158,25_To_50
E09000006,27300.8,34838.55088,"25-50,000",E02000151,25_To_50
E09000006,27300.8,34838.55088,"25-50,000",E02000136,25_To_50
E09000006,27300.8,34838.55088,"25-50,000",E02006782,25_To_50
E09000006,27300.8,34838.55088,"25-50,000",E02000163,25_To_50
E09000006,27300.8,34838.55088,"25-50,000",E02000154,25_To_50
E09000006,27300.8,34838.55088,"25-50,000",E02000144,25_To_50
E09000006,27300.8,34838.55088,"25-50,000",E02000161,25_To_50
E09000006,27300.8,34838.55088,"25-50,000",E02000165,25_To_50
E09000006,27300.8,34838.55088,"25-50,000",E02000135,25_To_50
E09000006,27300.8,34838.55088,"25-50,000",E02000140,25_To_50
E09000006,27300.8,34838.55088,"25-50,000",E02000131,25_To_50
E09000006,27300.8,34838.55088,"25-50,000",E02000130,25_To_50
E09000006,27300.8,34838.55088,"25-50,000",E02000155,25_To_50
E09000006,27300.8,34838.55088,"25-50,000",E02000153,25_To_50
E09000008,30672.2,39140.79442,"25-50,000",E02000234,25_To_50
E09000008,30672.2,39140.79442,"25-50,000",E02000237,25_To_50
E09000008,30672.2,39140.79442,"25-50,000",E02000222,25_To_50
E09000008,30672.2,39140.79442,"25-50,000",E02000218,25_To_50
E09000008,30672.2,39140.79442,"25-50,000",E02000211,25_To_50
E09000008,30672.2,39140.79442,"25-50,000",E02000204,25_To_50
E09000008,30672.2,39140.79442,"25-50,000",E02000200,25_To_50
E09000008,30672.2,39140.79442,"25-50,000",E02000195,25_To_50
E09000008,30672.2,39140.79442,"25-50,000",E02000199,25_To_50
E09000008,30672.2,39140.79442,"25-50,000",E02000224,25_To_50
E09000008,30672.2,39140.79442,"25-50,000",E02000212,25_To_50
E09000008,30672.2,39140.79442,"25-50,000",E02000197,25_To_50
E09000008,30672.2,39140.79442,"25-50,000",E02000198,25_To_50
E09000008,30672.2,39140.79442,"25-50,000",E02000208,25_To_50
E09000008,30672.2,39140.79442,"25-50,000",E02000217,25_To_50
E09000008,30672.2,39140.79442,"25-50,000",E02000233,25_To_50
E09000008,30672.2,39140.79442,"25-50,000",E02000221,25_To_50
E09000008,30672.2,39140.79442,"25-50,000",E02000209,25_To_50
E09000008,30672.2,39140.79442,"25-50,000",E02000220,25_To_50
E09000008,30672.2,39140.79442,"25-50,000",E02000206,25_To_50
E09000008,30672.2,39140.79442,"25-50,000",E02000216,25_To_50
E09000008,30672.2,39140.79442,"25-50,000",E02000213,25_To_50
E09000008,30672.2,39140.79442,"25-50,000",E02000219,25_To_50
E09000008,30672.2,39140.79442,"25-50,000",E02000194,25_To_50
E09000008,30672.2,39140.79442,"25-50,000",E02000223,25_To_50
E09000008,30672.2,39140.79442,"25-50,000",E02000196,25_To_50
E09000008,30672.2,39140.79442,"25-50,000",E02000225,25_To_50
E09000008,30672.2,39140.79442,"25-50,000",E02000235,25_To_50
E09000008,30672.2,39140.79442,"25-50,000",E02000203,25_To_50
E09000008,30672.2,39140.79442,"25-50,000",E02000210,25_To_50
E09000008,30672.2,39140.79442,"25-50,000",E02000215,25_To_50
E09000008,30672.2,39140.79442,"25-50,000",E02006788,25_To_50
E09000008,30672.2,39140.79442,"25-50,000",E02000207,25_To_50
E09000008,30672.2,39140.79442,"25-50,000",E02000214,25_To_50
E09000008,30672.2,39140.79442,"25-50,000",E02000227,25_To_50
E09000008,30672.2,39140.79442,"25-50,000",E02000202,25_To_50
E09000008,30672.2,39140.79442,"25-50,000",E02000201,25_To_50
E09000008,30672.2,39140.79442,"25-50,000",E02000231,25_To_50
E09000008,30672.2,39140.79442,"25-50,000",E02000230,25_To_50
E09000008,30672.2,39140.79442,"25-50,000",E02000232,25_To_50
E09000008,30672.2,39140.79442,"25-50,000",E02000226,25_To_50
E09000008,30672.2,39140.79442,"25-50,000",E02000229,25_To_50
E09000008,30672.2,39140.79442,"25-50,000",E02000228,25_To_50
E09000008,30672.2,39140.79442,"25-50,000",E02000236,25_To_50
E09000021,33432.8,42663.59608,"25-50,000",E02000614,25_To_50
E09000021,33432.8,42663.59608,"25-50,000",E02000609,25_To_50
E09000021,33432.8,42663.59608,"25-50,000",E02000598,25_To_50
E09000021,33432.8,42663.59608,"25-50,000",E02000615,25_To_50
E09000021,33432.8,42663.59608,"25-50,000",E02000610,25_To_50
E09000021,33432.8,42663.59608,"25-50,000",E02000613,25_To_50
E09000021,33432.8,42663.59608,"25-50,000",E02000617,25_To_50
E09000021,33432.8,42663.59608,"25-50,000",E02000602,25_To_50
E09000021,33432.8,42663.59608,"25-50,000",E02000608,25_To_50
E09000021,33432.8,42663.59608,"25-50,000",E02000601,25_To_50
E09000021,33432.8,42663.59608,"25-50,000",E02000606,25_To_50
E09000021,33432.8,42663.59608,"25-50,000",E02000607,25_To_50
E09000021,33432.8,42663.59608,"25-50,000",E02000616,25_To_50
E09000021,33432.8,42663.59608,"25-50,000",E02000612,25_To_50
E09000021,33432.8,42663.59608,"25-50,000",E02000611,25_To_50
E09000021,33432.8,42663.59608,"25-50,000",E02000604,25_To_50
E09000021,33432.8,42663.59608,"25-50,000",E02000599,25_To_50
E09000021,33432.8,42663.59608,"25-50,000",E02000605,25_To_50
E09000021,33432.8,42663.59608,"25-50,000",E02000603,25_To_50
E09000021,33432.8,42663.59608,"25-50,000",E02000600,25_To_50
E09000024,30869.8,39392.95178,"25-50,000",E02000703,25_To_50
E09000024,30869.8,39392.95178,"25-50,000",E02000710,25_To_50
E09000024,30869.8,39392.95178,"25-50,000",E02000698,25_To_50
E09000024,30869.8,39392.95178,"25-50,000",E02000691,25_To_50
E09000024,30869.8,39392.95178,"25-50,000",E02000690,25_To_50
E09000024,30869.8,39392.95178,"25-50,000",E02000692,25_To_50
E09000024,30869.8,39392.95178,"25-50,000",E02000700,25_To_50
E09000024,30869.8,39392.95178,"25-50,000",E02000689,25_To_50
E09000024,30869.8,39392.95178,"25-50,000",E02000713,25_To_50
E09000024,30869.8,39392.95178,"25-50,000",E02000706,25_To_50
E09000024,30869.8,39392.95178,"25-50,000",E02000702,25_To_50
E09000024,30869.8,39392.95178,"25-50,000",E02000701,25_To_50
E09000024,30869.8,39392.95178,"25-50,000",E02000707,25_To_50
E09000024,30869.8,39392.95178,"25-50,000",E02000711,25_To_50
E09000024,30869.8,39392.95178,"25-50,000",E02000712,25_To_50
E09000024,30869.8,39392.95178,"25-50,000",E02000708,25_To_50
E09000024,30869.8,39392.95178,"25-50,000",E02000694,25_To_50
E09000024,30869.8,39392.95178,"25-50,000",E02000704,25_To_50
E09000024,30869.8,39392.95178,"25-50,000",E02000709,25_To_50
E09000024,30869.8,39392.95178,"25-50,000",E02000696,25_To_50
E09000024,30869.8,39392.95178,"25-50,000",E02000699,25_To_50
E09000024,30869.8,39392.95178,"25-50,000",E02000705,25_To_50
E09000024,30869.8,39392.95178,"25-50,000",E02000693,25_To_50
E09000024,30869.8,39392.95178,"25-50,000",E02000695,25_To_50
E09000024,30869.8,39392.95178,"25-50,000",E02000697,25_To_50
E09000029,25219.2,32182.221120000002,"25-50,000",E02000854,25_To_50
E09000029,25219.2,32182.221120000002,"25-50,000",E02000859,25_To_50
E09000029,25219.2,32182.221120000002,"25-50,000",E02000855,25_To_50
E09000029,25219.2,32182.221120000002,"25-50,000",E02000841,25_To_50
E09000029,25219.2,32182.221120000002,"25-50,000",E02000840,25_To_50
E09000029,25219.2,32182.221120000002,"25-50,000",E02000844,25_To_50
E09000029,25219.2,32182.221120000002,"25-50,000",E02000852,25_To_50
E09000029,25219.2,32182.221120000002,"25-50,000",E02000851,25_To_50
E09000029,25219.2,32182.221120000002,"25-50,000",E02000853,25_To_50
E09000029,25219.2,32182.221120000002,"25-50,000",E02000846,25_To_50
E09000029,25219.2,32182.221120000002,"25-50,000",E02000860,25_To_50
E09000029,25219.2,32182.221120000002,"25-50,000",E02000843,25_To_50
E09000029,25219.2,32182.221120000002,"25-50,000",E02000850,25_To_50
E09000029,25219.2,32182.221120000002,"25-50,000",E02000847,25_To_50
E09000029,25219.2,32182.221120000002,"25-50,000",E02000842,25_To_50
E09000029,25219.2,32182.221120000002,"25-50,000",E02000849,25_To_50
E09000029,25219.2,32182.221120000002,"25-50,000",E02000858,25_To_50
E09000029,25219.2,32182.221120000002,"25-50,000",E02000845,25_To_50
E09000029,25219.2,32182.221120000002,"25-50,000",E02000863,25_To_50
E09000029,25219.2,32182.221120000002,"25-50,000",E02006836,25_To_50
E09000029,25219.2,32182.221120000002,"25-50,000",E02000848,25_To_50
E09000029,25219.2,32182.221120000002,"25-50,000",E02000861,25_To_50
E09000029,25219.2,32182.221120000002,"25-50,000",E02000856,25_To_50
E09000029,25219.2,32182.221120000002,"25-50,000",E02000857,25_To_50
E09000003,27808.4,35486.29924,"25-50,000",E02000032,25_To_50
E09000003,27808.4,35486.29924,"25-50,000",E02000027,25_To_50
E09000003,27808.4,35486.29924,"25-50,000",E02000033,25_To_50
E09000003,27808.4,35486.29924,"25-50,000",E02000026,25_To_50
E09000003,27808.4,35486.29924,"25-50,000",E02000030,25_To_50
E09000003,27808.4,35486.29924,"25-50,000",E02000036,25_To_50
E09000003,27808.4,35486.29924,"25-50,000",E02000041,25_To_50
E09000003,27808.4,35486.29924,"25-50,000",E02000040,25_To_50
E09000003,27808.4,35486.29924,"25-50,000",E02000048,25_To_50
E09000003,27808.4,35486.29924,"25-50,000",E02000028,25_To_50
E09000003,27808.4,35486.29924,"25-50,000",E02000045,25_To_50
E09000003,27808.4,35486.29924,"25-50,000",E02000044,25_To_50
E09000003,27808.4,35486.29924,"25-50,000",E02000038,25_To_50
E09000003,27808.4,35486.29924,"25-50,000",E02000060,25_To_50
E09000003,27808.4,35486.29924,"25-50,000",E02000035,25_To_50
E09000003,27808.4,35486.29924,"25-50,000",E02000043,25_To_50
E09000003,27808.4,35486.29924,"25-50,000",E02000031,25_To_50
E09000003,27808.4,35486.29924,"25-50,000",E02000024,25_To_50
E09000003,27808.4,35486.29924,"25-50,000",E02000054,25_To_50
E09000003,27808.4,35486.29924,"25-50,000",E02000047,25_To_50
E09000003,27808.4,35486.29924,"25-50,000",E02000050,25_To_50
E09000003,27808.4,35486.29924,"25-50,000",E02000058,25_To_50
E09000003,27808.4,35486.29924,"25-50,000",E02000029,25_To_50
E09000003,27808.4,35486.29924,"25-50,000",E02000025,25_To_50
E09000003,27808.4,35486.29924,"25-50,000",E02000052,25_To_50
E09000003,27808.4,35486.29924,"25-50,000",E02000037,25_To_50
E09000003,27808.4,35486.29924,"25-50,000",E02000063,25_To_50
E09000003,27808.4,35486.29924,"25-50,000",E02000062,25_To_50
E09000003,27808.4,35486.29924,"25-50,000",E02000057,25_To_50
E09000003,27808.4,35486.29924,"25-50,000",E02000055,25_To_50
E09000003,27808.4,35486.29924,"25-50,000",E02000049,25_To_50
E09000003,27808.4,35486.29924,"25-50,000",E02000059,25_To_50
E09000003,27808.4,35486.29924,"25-50,000",E02000056,25_To_50
E09000003,27808.4,35486.29924,"25-50,000",E02000064,25_To_50
E09000003,27808.4,35486.29924,"25-50,000",E02000061,25_To_50
E09000003,27808.4,35486.29924,"25-50,000",E02000051,25_To_50
E09000003,27808.4,35486.29924,"25-50,000",E02000039,25_To_50
E09000003,27808.4,35486.29924,"25-50,000",E02000034,25_To_50
E09000003,27808.4,35486.29924,"25-50,000",E02000053,25_To_50
E09000003,27808.4,35486.29924,"25-50,000",E02000042,25_To_50
E09000003,27808.4,35486.29924,"25-50,000",E02000046,25_To_50
E09000005,30056.6,38355.22726,"25-50,000",E02000104,25_To_50
E09000005,30056.6,38355.22726,"25-50,000",E02000118,25_To_50
E09000005,30056.6,38355.22726,"25-50,000",E02000099,25_To_50
E09000005,30056.6,38355.22726,"25-50,000",E02000121,25_To_50
E09000005,30056.6,38355.22726,"25-50,000",E02000095,25_To_50
E09000005,30056.6,38355.22726,"25-50,000",E02000093,25_To_50
E09000005,30056.6,38355.22726,"25-50,000",E02000113,25_To_50
E09000005,30056.6,38355.22726,"25-50,000",E02000097,25_To_50
E09000005,30056.6,38355.22726,"25-50,000",E02000096,25_To_50
E09000005,30056.6,38355.22726,"25-50,000",E02000100,25_To_50
E09000005,30056.6,38355.22726,"25-50,000",E02000105,25_To_50
E09000005,30056.6,38355.22726,"25-50,000",E02000119,25_To_50
E09000005,30056.6,38355.22726,"25-50,000",E02000098,25_To_50
E09000005,30056.6,38355.22726,"25-50,000",E02000111,25_To_50
E09000005,30056.6,38355.22726,"25-50,000",E02000102,25_To_50
E09000005,30056.6,38355.22726,"25-50,000",E02000108,25_To_50
E09000005,30056.6,38355.22726,"25-50,000",E02000103,25_To_50
E09000005,30056.6,38355.22726,"25-50,000",E02000112,25_To_50
E09000005,30056.6,38355.22726,"25-50,000",E02000109,25_To_50
E09000005,30056.6,38355.22726,"25-50,000",E02000106,25_To_50
E09000005,30056.6,38355.22726,"25-50,000",E02000110,25_To_50
E09000005,30056.6,38355.22726,"25-50,000",E02000117,25_To_50
E09000005,30056.6,38355.22726,"25-50,000",E02000094,25_To_50
E09000005,30056.6,38355.22726,"25-50,000",E02000107,25_To_50
E09000005,30056.6,38355.22726,"25-50,000",E02000101,25_To_50
E09000005,30056.6,38355.22726,"25-50,000",E02000123,25_To_50
E09000005,30056.6,38355.22726,"25-50,000",E02000122,25_To_50
E09000005,30056.6,38355.22726,"25-50,000",E02000125,25_To_50
E09000005,30056.6,38355.22726,"25-50,000",E02000114,25_To_50
E09000005,30056.6,38355.22726,"25-50,000",E02000115,25_To_50
E09000005,30056.6,38355.22726,"25-50,000",E02000120,25_To_50
E09000005,30056.6,38355.22726,"25-50,000",E02000126,25_To_50
E09000005,30056.6,38355.22726,"25-50,000",E02000124,25_To_50
E09000005,30056.6,38355.22726,"25-50,000",E02000116,25_To_50
E09000009,28713,36640.6593,"25-50,000",E02000272,25_To_50
E09000009,28713,36640.6593,"25-50,000",E02000249,25_To_50
E09000009,28713,36640.6593,"25-50,000",E02000270,25_To_50
E09000009,28713,36640.6593,"25-50,000",E02006791,25_To_50
E09000009,28713,36640.6593,"25-50,000",E02000271,25_To_50
E09000009,28713,36640.6593,"25-50,000",E02000269,25_To_50
E09000009,28713,36640.6593,"25-50,000",E02000257,25_To_50
E09000009,28713,36640.6593,"25-50,000",E02000266,25_To_50
E09000009,28713,36640.6593,"25-50,000",E02000250,25_To_50
E09000009,28713,36640.6593,"25-50,000",E02000268,25_To_50
E09000009,28713,36640.6593,"25-50,000",E02000255,25_To_50
E09000009,28713,36640.6593,"25-50,000",E02000253,25_To_50
E09000009,28713,36640.6593,"25-50,000",E02000274,25_To_50
E09000009,28713,36640.6593,"25-50,000",E02000242,25_To_50
E09000009,28713,36640.6593,"25-50,000",E02000263,25_To_50
E09000009,28713,36640.6593,"25-50,000",E02000260,25_To_50
E09000009,28713,36640.6593,"25-50,000",E02000275,25_To_50
E09000009,28713,36640.6593,"25-50,000",E02000261,25_To_50
E09000009,28713,36640.6593,"25-50,000",E02000251,25_To_50
E09000009,28713,36640.6593,"25-50,000",E02000259,25_To_50
E09000009,28713,36640.6593,"25-50,000",E02000254,25_To_50
E09000009,28713,36640.6593,"25-50,000",E02000240,25_To_50
E09000009,28713,36640.6593,"25-50,000",E02000276,25_To_50
E09000009,28713,36640.6593,"25-50,000",E02000252,25_To_50
E09000009,28713,36640.6593,"25-50,000",E02000265,25_To_50
E09000009,28713,36640.6593,"25-50,000",E02000247,25_To_50
E09000009,28713,36640.6593,"25-50,000",E02000245,25_To_50
E09000009,28713,36640.6593,"25-50,000",E02000246,25_To_50
E09000009,28713,36640.6593,"25-50,000",E02000243,25_To_50
E09000009,28713,36640.6593,"25-50,000",E02000262,25_To_50
E09000009,28713,36640.6593,"25-50,000",E02000267,25_To_50
E09000009,28713,36640.6593,"25-50,000",E02000238,25_To_50
E09000009,28713,36640.6593,"25-50,000",E02000241,25_To_50
E09000009,28713,36640.6593,"25-50,000",E02000256,25_To_50
E09000009,28713,36640.6593,"25-50,000",E02000258,25_To_50
E09000009,28713,36640.6593,"25-50,000",E02000239,25_To_50
E09000009,28713,36640.6593,"25-50,000",E02000264,25_To_50
E09000009,28713,36640.6593,"25-50,000",E02000248,25_To_50
E09000009,28713,36640.6593,"25-50,000",E02000244,25_To_50
E09000015,23785.6,30352.80416,"25-50,000",E02000440,25_To_50
E09000015,23785.6,30352.80416,"25-50,000",E02000436,25_To_50
E09000015,23785.6,30352.80416,"25-50,000",E02000451,25_To_50
E09000015,23785.6,30352.80416,"25-50,000",E02000441,25_To_50
E09000015,23785.6,30352.80416,"25-50,000",E02000445,25_To_50
E09000015,23785.6,30352.80416,"25-50,000",E02000437,25_To_50
E09000015,23785.6,30352.80416,"25-50,000",E02000448,25_To_50
E09000015,23785.6,30352.80416,"25-50,000",E02000454,25_To_50
E09000015,23785.6,30352.80416,"25-50,000",E02000457,25_To_50
E09000015,23785.6,30352.80416,"25-50,000",E02000456,25_To_50
E09000015,23785.6,30352.80416,"25-50,000",E02000463,25_To_50
E09000015,23785.6,30352.80416,"25-50,000",E02000435,25_To_50
E09000015,23785.6,30352.80416,"25-50,000",E02000433,25_To_50
E09000015,23785.6,30352.80416,"25-50,000",E02000434,25_To_50
E09000015,23785.6,30352.80416,"25-50,000",E02000455,25_To_50
E09000015,23785.6,30352.80416,"25-50,000",E02000452,25_To_50
E09000015,23785.6,30352.80416,"25-50,000",E02000461,25_To_50
E09000015,23785.6,30352.80416,"25-50,000",E02000459,25_To_50
E09000015,23785.6,30352.80416,"25-50,000",E02000444,25_To_50
E09000015,23785.6,30352.80416,"25-50,000",E02000462,25_To_50
E09000015,23785.6,30352.80416,"25-50,000",E02000443,25_To_50
E09000015,23785.6,30352.80416,"25-50,000",E02000460,25_To_50
E09000015,23785.6,30352.80416,"25-50,000",E02000438,25_To_50
E09000015,23785.6,30352.80416,"25-50,000",E02000449,25_To_50
E09000015,23785.6,30352.80416,"25-50,000",E02000439,25_To_50
E09000015,23785.6,30352.80416,"25-50,000",E02000447,25_To_50
E09000015,23785.6,30352.80416,"25-50,000",E02006882,25_To_50
E09000015,23785.6,30352.80416,"25-50,000",E02000442,25_To_50
E09000015,23785.6,30352.80416,"25-50,000",E02000453,25_To_50
E09000015,23785.6,30352.80416,"25-50,000",E02006795,25_To_50
E09000017,45351,57872.4111,"50-75,000",E02000509,50_To_75
E09000017,45351,57872.4111,"50-75,000",E02006796,50_To_75
E09000017,45351,57872.4111,"50-75,000",E02000510,50_To_75
E09000017,45351,57872.4111,"50-75,000",E02000512,50_To_75
E09000017,45351,57872.4111,"50-75,000",E02000499,50_To_75
E09000017,45351,57872.4111,"50-75,000",E02000501,50_To_75
E09000017,45351,57872.4111,"50-75,000",E02000503,50_To_75
E09000017,45351,57872.4111,"50-75,000",E02000524,50_To_75
E09000017,45351,57872.4111,"50-75,000",E02000521,50_To_75
E09000017,45351,57872.4111,"50-75,000",E02000514,50_To_75
E09000017,45351,57872.4111,"50-75,000",E02000511,50_To_75
E09000017,45351,57872.4111,"50-75,000",E02000513,50_To_75
E09000017,45351,57872.4111,"50-75,000",E02000516,50_To_75
E09000017,45351,57872.4111,"50-75,000",E02000525,50_To_75
E09000017,45351,57872.4111,"50-75,000",E02000506,50_To_75
E09000017,45351,57872.4111,"50-75,000",E02000515,50_To_75
E09000017,45351,57872.4111,"50-75,000",E02000522,50_To_75
E09000017,45351,57872.4111,"50-75,000",E02000507,50_To_75
E09000017,45351,57872.4111,"50-75,000",E02000494,50_To_75
E09000017,45351,57872.4111,"50-75,000",E02000495,50_To_75
E09000017,45351,57872.4111,"50-75,000",E02000497,50_To_75
E09000017,45351,57872.4111,"50-75,000",E02000523,50_To_75
E09000017,45351,57872.4111,"50-75,000",E02000518,50_To_75
E09000017,45351,57872.4111,"50-75,000",E02000508,50_To_75
E09000017,45351,57872.4111,"50-75,000",E02000498,50_To_75
E09000017,45351,57872.4111,"50-75,000",E02000496,50_To_75
E09000017,45351,57872.4111,"50-75,000",E02000520,50_To_75
E09000017,45351,57872.4111,"50-75,000",E02000519,50_To_75
E09000017,45351,57872.4111,"50-75,000",E02000517,50_To_75
E09000017,45351,57872.4111,"50-75,000",E02000502,50_To_75
E09000017,45351,57872.4111,"50-75,000",E02000504,50_To_75
E09000017,45351,57872.4111,"50-75,000",E02000500,50_To_75
E09000018,55920.2,71359.76722,"50-75,000",E02000536,50_To_75
E09000018,55920.2,71359.76722,"50-75,000",E02000542,50_To_75
E09000018,55920.2,71359.76722,"50-75,000",E02000529,50_To_75
E09000018,55920.2,71359.76722,"50-75,000",E02000535,50_To_75
E09000018,55920.2,71359.76722,"50-75,000",E02000537,50_To_75
E09000018,55920.2,71359.76722,"50-75,000",E02000530,50_To_75
E09000018,55920.2,71359.76722,"50-75,000",E02000543,50_To_75
E09000018,55920.2,71359.76722,"50-75,000",E02000540,50_To_75
E09000018,55920.2,71359.76722,"50-75,000",E02000548,50_To_75
E09000018,55920.2,71359.76722,"50-75,000",E02000546,50_To_75
E09000018,55920.2,71359.76722,"50-75,000",E02000528,50_To_75
E09000018,55920.2,71359.76722,"50-75,000",E02000541,50_To_75
E09000018,55920.2,71359.76722,"50-75,000",E02000545,50_To_75
E09000018,55920.2,71359.76722,"50-75,000",E02000539,50_To_75
E09000018,55920.2,71359.76722,"50-75,000",E02000552,50_To_75
E09000018,55920.2,71359.76722,"50-75,000",E02000547,50_To_75
E09000018,55920.2,71359.76722,"50-75,000",E02000544,50_To_75
E09000018,55920.2,71359.76722,"50-75,000",E02000531,50_To_75
E09000018,55920.2,71359.76722,"50-75,000",E02000532,50_To_75
E09000018,55920.2,71359.76722,"50-75,000",E02000526,50_To_75
E09000018,55920.2,71359.76722,"50-75,000",E02000533,50_To_75
E09000018,55920.2,71359.76722,"50-75,000",E02000534,50_To_75
E09000018,55920.2,71359.76722,"50-75,000",E02000549,50_To_75
E09000018,55920.2,71359.76722,"50-75,000",E02000538,50_To_75
E09000018,55920.2,71359.76722,"50-75,000",E02000551,50_To_75
E09000018,55920.2,71359.76722,"50-75,000",E02000553,50_To_75
E09000018,55920.2,71359.76722,"50-75,000",E02000550,50_To_75
E09000018,55920.2,71359.76722,"50-75,000",E02006792,50_To_75
E09000027,40361.4,51505.18254,"50-75,000",E02000803,50_To_75
E09000027,40361.4,51505.18254,"50-75,000",E02000796,50_To_75
E09000027,40361.4,51505.18254,"50-75,000",E02000787,50_To_75
E09000027,40361.4,51505.18254,"50-75,000",E02000786,50_To_75
E09000027,40361.4,51505.18254,"50-75,000",E02000788,50_To_75
E09000027,40361.4,51505.18254,"50-75,000",E02000790,50_To_75
E09000027,40361.4,51505.18254,"50-75,000",E02000804,50_To_75
E09000027,40361.4,51505.18254,"50-75,000",E02000792,50_To_75
E09000027,40361.4,51505.18254,"50-75,000",E02000798,50_To_75
E09000027,40361.4,51505.18254,"50-75,000",E02000793,50_To_75
E09000027,40361.4,51505.18254,"50-75,000",E02000784,50_To_75
E09000027,40361.4,51505.18254,"50-75,000",E02000795,50_To_75
E09000027,40361.4,51505.18254,"50-75,000",E02000802,50_To_75
E09000027,40361.4,51505.18254,"50-75,000",E02000806,50_To_75
E09000027,40361.4,51505.18254,"50-75,000",E02000801,50_To_75
E09000027,40361.4,51505.18254,"50-75,000",E02000797,50_To_75
E09000027,40361.4,51505.18254,"50-75,000",E02000805,50_To_75
E09000027,40361.4,51505.18254,"50-75,000",E02000791,50_To_75
E09000027,40361.4,51505.18254,"50-75,000",E02000785,50_To_75
E09000027,40361.4,51505.18254,"50-75,000",E02000800,50_To_75
E09000027,40361.4,51505.18254,"50-75,000",E02000794,50_To_75
E09000027,40361.4,51505.18254,"50-75,000",E02000789,50_To_75
E09000027,40361.4,51505.18254,"50-75,000",E02000799,50_To_75
E06000042,54891.6,70047.17076,"50-75,000",E02003464,50_To_75
E06000042,54891.6,70047.17076,"50-75,000",E02003468,50_To_75
E06000042,54891.6,70047.17076,"50-75,000",E02003475,50_To_75
E06000042,54891.6,70047.17076,"50-75,000",E02003466,50_To_75
E06000042,54891.6,70047.17076,"50-75,000",E02003474,50_To_75
E06000042,54891.6,70047.17076,"50-75,000",E02003483,50_To_75
E06000042,54891.6,70047.17076,"50-75,000",E02003477,50_To_75
E06000042,54891.6,70047.17076,"50-75,000",E02003467,50_To_75
E06000042,54891.6,70047.17076,"50-75,000",E02003459,50_To_75
E06000042,54891.6,70047.17076,"50-75,000",E02003460,50_To_75
E06000042,54891.6,70047.17076,"50-75,000",E02003487,50_To_75
E06000042,54891.6,70047.17076,"50-75,000",E02003479,50_To_75
E06000042,54891.6,70047.17076,"50-75,000",E02003472,50_To_75
E06000042,54891.6,70047.17076,"50-75,000",E02003476,50_To_75
E06000042,54891.6,70047.17076,"50-75,000",E02003463,50_To_75
E06000042,54891.6,70047.17076,"50-75,000",E02003461,50_To_75
E06000042,54891.6,70047.17076,"50-75,000",E02003462,50_To_75
E06000042,54891.6,70047.17076,"50-75,000",E02003482,50_To_75
E06000042,54891.6,70047.17076,"50-75,000",E02003489,50_To_75
E06000042,54891.6,70047.17076,"50-75,000",E02003481,50_To_75
E06000042,54891.6,70047.17076,"50-75,000",E02003471,50_To_75
E06000042,54891.6,70047.17076,"50-75,000",E02003486,50_To_75
E06000042,54891.6,70047.17076,"50-75,000",E02003484,50_To_75
E06000042,54891.6,70047.17076,"50-75,000",E02003465,50_To_75
E06000042,54891.6,70047.17076,"50-75,000",E02003478,50_To_75
E06000042,54891.6,70047.17076,"50-75,000",E02003473,50_To_75
E06000042,54891.6,70047.17076,"50-75,000",E02003480,50_To_75
E06000042,54891.6,70047.17076,"50-75,000",E02003490,50_To_75
E06000042,54891.6,70047.17076,"50-75,000",E02003470,50_To_75
E06000042,54891.6,70047.17076,"50-75,000",E02003488,50_To_75
E06000042,54891.6,70047.17076,"50-75,000",E02003469,50_To_75
E06000042,54891.6,70047.17076,"50-75,000",E02003485,50_To_75
E06000060,34558,44099.4638,"25-50,000",E02003656,25_To_50
E06000060,34558,44099.4638,"25-50,000",E02003658,25_To_50
E06000060,34558,44099.4638,"25-50,000",E02003661,25_To_50
E06000060,34558,44099.4638,"25-50,000",E02003666,25_To_50
E06000060,34558,44099.4638,"25-50,000",E02003673,25_To_50
E06000060,34558,44099.4638,"25-50,000",E02003675,25_To_50
E06000060,34558,44099.4638,"25-50,000",E02003672,25_To_50
E06000060,34558,44099.4638,"25-50,000",E02003668,25_To_50
E06000060,34558,44099.4638,"25-50,000",E02003660,25_To_50
E06000060,34558,44099.4638,"25-50,000",E02003674,25_To_50
E06000060,34558,44099.4638,"25-50,000",E02003670,25_To_50
E06000060,34558,44099.4638,"25-50,000",E02003654,25_To_50
E06000060,34558,44099.4638,"25-50,000",E02003659,25_To_50
E06000060,34558,44099.4638,"25-50,000",E02003653,25_To_50
E06000060,34558,44099.4638,"25-50,000",E02003652,25_To_50
E06000060,34558,44099.4638,"25-50,000",E02003655,25_To_50
E06000060,34558,44099.4638,"25-50,000",E02003657,25_To_50
E06000060,34558,44099.4638,"25-50,000",E02003667,25_To_50
E06000060,34558,44099.4638,"25-50,000",E02003665,25_To_50
E06000060,34558,44099.4638,"25-50,000",E02003671,25_To_50
E06000060,34558,44099.4638,"25-50,000",E02003664,25_To_50
E06000060,34558,44099.4638,"25-50,000",E02003662,25_To_50
E06000060,34558,44099.4638,"25-50,000",E02003663,25_To_50
E06000060,34558,44099.4638,"25-50,000",E02003669,25_To_50
E06000060,34558,44099.4638,"25-50,000",E02003676,25_To_50
E06000060,34558,44099.4638,"25-50,000",E02006823,25_To_50
E06000060,34558,44099.4638,"25-50,000",E02003682,25_To_50
E06000060,34558,44099.4638,"25-50,000",E02003681,25_To_50
E06000060,34558,44099.4638,"25-50,000",E02003677,25_To_50
E06000060,34558,44099.4638,"25-50,000",E02003679,25_To_50
E06000060,34558,44099.4638,"25-50,000",E02003686,25_To_50
E06000060,34558,44099.4638,"25-50,000",E02003685,25_To_50
E06000060,34558,44099.4638,"25-50,000",E02003683,25_To_50
E06000060,34558,44099.4638,"25-50,000",E02003687,25_To_50
E06000060,34558,44099.4638,"25-50,000",E02003680,25_To_50
E06000060,34558,44099.4638,"25-50,000",E02003678,25_To_50
E06000060,34558,44099.4638,"25-50,000",E02003692,25_To_50
E06000060,34558,44099.4638,"25-50,000",E02003688,25_To_50
E06000060,34558,44099.4638,"25-50,000",E02003690,25_To_50
E06000060,34558,44099.4638,"25-50,000",E02003693,25_To_50
E06000060,34558,44099.4638,"25-50,000",E02003689,25_To_50
E06000060,34558,44099.4638,"25-50,000",E02003694,25_To_50
E06000060,34558,44099.4638,"25-50,000",E02003691,25_To_50
E06000060,34558,44099.4638,"25-50,000",E02003695,25_To_50
E06000060,34558,44099.4638,"25-50,000",E02003712,25_To_50
E06000060,34558,44099.4638,"25-50,000",E02003704,25_To_50
E06000060,34558,44099.4638,"25-50,000",E02003708,25_To_50
E06000060,34558,44099.4638,"25-50,000",E02003707,25_To_50
E06000060,34558,44099.4638,"25-50,000",E02003711,25_To_50
E06000060,34558,44099.4638,"25-50,000",E02003717,25_To_50
E06000060,34558,44099.4638,"25-50,000",E02003703,25_To_50
E06000060,34558,44099.4638,"25-50,000",E02003716,25_To_50
E06000060,34558,44099.4638,"25-50,000",E02003718,25_To_50
E06000060,34558,44099.4638,"25-50,000",E02003701,25_To_50
E06000060,34558,44099.4638,"25-50,000",E02003713,25_To_50
E06000060,34558,44099.4638,"25-50,000",E02003710,25_To_50
E06000060,34558,44099.4638,"25-50,000",E02003698,25_To_50
E06000060,34558,44099.4638,"25-50,000",E02003715,25_To_50
E06000060,34558,44099.4638,"25-50,000",E02006824,25_To_50
E06000060,34558,44099.4638,"25-50,000",E02003697,25_To_50
E06000060,34558,44099.4638,"25-50,000",E02003714,25_To_50
E06000060,34558,44099.4638,"25-50,000",E02003699,25_To_50
E06000060,34558,44099.4638,"25-50,000",E02003696,25_To_50
E06000060,34558,44099.4638,"25-50,000",E02003709,25_To_50
E06000060,34558,44099.4638,"25-50,000",E02003706,25_To_50
E06000060,34558,44099.4638,"25-50,000",E02003702,25_To_50
E06000060,34558,44099.4638,"25-50,000",E02003705,25_To_50
E07000177,37179.4,47444.632340000004,"25-50,000",E02005923,25_To_50
E07000177,37179.4,47444.632340000004,"25-50,000",E02005932,25_To_50
E07000177,37179.4,47444.632340000004,"25-50,000",E02005935,25_To_50
E07000177,37179.4,47444.632340000004,"25-50,000",E02005933,25_To_50
E07000177,37179.4,47444.632340000004,"25-50,000",E02005939,25_To_50
E07000177,37179.4,47444.632340000004,"25-50,000",E02005922,25_To_50
E07000177,37179.4,47444.632340000004,"25-50,000",E02005931,25_To_50
E07000177,37179.4,47444.632340000004,"25-50,000",E02005926,25_To_50
E07000177,37179.4,47444.632340000004,"25-50,000",E02005924,25_To_50
E07000177,37179.4,47444.632340000004,"25-50,000",E02005925,25_To_50
E07000177,37179.4,47444.632340000004,"25-50,000",E02005934,25_To_50
E07000177,37179.4,47444.632340000004,"25-50,000",E02005937,25_To_50
E07000177,37179.4,47444.632340000004,"25-50,000",E02005938,25_To_50
E07000177,37179.4,47444.632340000004,"25-50,000",E02005928,25_To_50
E07000177,37179.4,47444.632340000004,"25-50,000",E02005929,25_To_50
E07000177,37179.4,47444.632340000004,"25-50,000",E02005930,25_To_50
E07000177,37179.4,47444.632340000004,"25-50,000",E02005936,25_To_50
E07000177,37179.4,47444.632340000004,"25-50,000",E02005921,25_To_50
E07000177,37179.4,47444.632340000004,"25-50,000",E02005927,25_To_50
E07000178,50821.4,64853.18854,"50-75,000",E02005944,50_To_75
E07000178,50821.4,64853.18854,"50-75,000",E02005954,50_To_75
E07000178,50821.4,64853.18854,"50-75,000",E02005952,50_To_75
E07000178,50821.4,64853.18854,"50-75,000",E02005955,50_To_75
E07000178,50821.4,64853.18854,"50-75,000",E02005945,50_To_75
E07000178,50821.4,64853.18854,"50-75,000",E02005940,50_To_75
E07000178,50821.4,64853.18854,"50-75,000",E02005949,50_To_75
E07000178,50821.4,64853.18854,"50-75,000",E02005953,50_To_75
E07000178,50821.4,64853.18854,"50-75,000",E02005950,50_To_75
E07000178,50821.4,64853.18854,"50-75,000",E02005941,50_To_75
E07000178,50821.4,64853.18854,"50-75,000",E02005957,50_To_75
E07000178,50821.4,64853.18854,"50-75,000",E02005946,50_To_75
E07000178,50821.4,64853.18854,"50-75,000",E02005951,50_To_75
E07000178,50821.4,64853.18854,"50-75,000",E02005948,50_To_75
E07000178,50821.4,64853.18854,"50-75,000",E02005943,50_To_75
E07000178,50821.4,64853.18854,"50-75,000",E02005942,50_To_75
E07000178,50821.4,64853.18854,"50-75,000",E02005947,50_To_75
E07000178,50821.4,64853.18854,"50-75,000",E02005956,50_To_75
E07000179,34617.6,44175.51936,"25-50,000",E02005971,25_To_50
E07000179,34617.6,44175.51936,"25-50,000",E02005969,25_To_50
E07000179,34617.6,44175.51936,"25-50,000",E02005968,25_To_50
E07000179,34617.6,44175.51936,"25-50,000",E02005964,25_To_50
E07000179,34617.6,44175.51936,"25-50,000",E02005963,25_To_50
E07000179,34617.6,44175.51936,"25-50,000",E02005975,25_To_50
E07000179,34617.6,44175.51936,"25-50,000",E02005962,25_To_50
E07000179,34617.6,44175.51936,"25-50,000",E02005959,25_To_50
E07000179,34617.6,44175.51936,"25-50,000",E02005973,25_To_50
E07000179,34617.6,44175.51936,"25-50,000",E02005974,25_To_50
E07000179,34617.6,44175.51936,"25-50,000",E02005976,25_To_50
E07000179,34617.6,44175.51936,"25-50,000",E02005977,25_To_50
E07000179,34617.6,44175.51936,"25-50,000",E02005972,25_To_50
E07000179,34617.6,44175.51936,"25-50,000",E02005967,25_To_50
E07000179,34617.6,44175.51936,"25-50,000",E02005961,25_To_50
E07000179,34617.6,44175.51936,"25-50,000",E02005958,25_To_50
E07000179,34617.6,44175.51936,"25-50,000",E02005960,25_To_50
E07000179,34617.6,44175.51936,"25-50,000",E02005965,25_To_50
E07000179,34617.6,44175.51936,"25-50,000",E02005966,25_To_50
E07000179,34617.6,44175.51936,"25-50,000",E02005970,25_To_50
E07000180,40138.4,51220.61224,"50-75,000",E02005991,50_To_75
E07000180,40138.4,51220.61224,"50-75,000",E02005983,50_To_75
E07000180,40138.4,51220.61224,"50-75,000",E02005982,50_To_75
E07000180,40138.4,51220.61224,"50-75,000",E02005981,50_To_75
E07000180,40138.4,51220.61224,"50-75,000",E02005978,50_To_75
E07000180,40138.4,51220.61224,"50-75,000",E02005992,50_To_75
E07000180,40138.4,51220.61224,"50-75,000",E02005987,50_To_75
E07000180,40138.4,51220.61224,"50-75,000",E02005984,50_To_75
E07000180,40138.4,51220.61224,"50-75,000",E02005979,50_To_75
E07000180,40138.4,51220.61224,"50-75,000",E02005980,50_To_75
E07000180,40138.4,51220.61224,"50-75,000",E02005985,50_To_75
E07000180,40138.4,51220.61224,"50-75,000",E02005988,50_To_75
E07000180,40138.4,51220.61224,"50-75,000",E02006886,50_To_75
E07000180,40138.4,51220.61224,"50-75,000",E02005986,50_To_75
E07000181,31504,40202.2544,"25-50,000",E02006006,25_To_50
E07000181,31504,40202.2544,"25-50,000",E02005997,25_To_50
E07000181,31504,40202.2544,"25-50,000",E02006003,25_To_50
E07000181,31504,40202.2544,"25-50,000",E02005998,25_To_50
E07000181,31504,40202.2544,"25-50,000",E02005996,25_To_50
E07000181,31504,40202.2544,"25-50,000",E02006000,25_To_50
E07000181,31504,40202.2544,"25-50,000",E02006005,25_To_50
E07000181,31504,40202.2544,"25-50,000",E02005995,25_To_50
E07000181,31504,40202.2544,"25-50,000",E02005993,25_To_50
E07000181,31504,40202.2544,"25-50,000",E02005994,25_To_50
E07000181,31504,40202.2544,"25-50,000",E02006007,25_To_50
E07000181,31504,40202.2544,"25-50,000",E02006002,25_To_50
E07000181,31504,40202.2544,"25-50,000",E02005999,25_To_50
E07000181,31504,40202.2544,"25-50,000",E02006004,25_To_50
E07000181,31504,40202.2544,"25-50,000",E02006001,25_To_50
E06000036,45144.8,57609.27928,"50-75,000",E02003356,50_To_75
E06000036,45144.8,57609.27928,"50-75,000",E02003355,50_To_75
E06000036,45144.8,57609.27928,"50-75,000",E02003357,50_To_75
E06000036,45144.8,57609.27928,"50-75,000",E02003366,50_To_75
E06000036,45144.8,57609.27928,"50-75,000",E02003359,50_To_75
E06000036,45144.8,57609.27928,"50-75,000",E02003353,50_To_75
E06000036,45144.8,57609.27928,"50-75,000",E02003354,50_To_75
E06000036,45144.8,57609.27928,"50-75,000",E02003365,50_To_75
E06000036,45144.8,57609.27928,"50-75,000",E02003363,50_To_75
E06000036,45144.8,57609.27928,"50-75,000",E02003360,50_To_75
E06000036,45144.8,57609.27928,"50-75,000",E02003364,50_To_75
E06000036,45144.8,57609.27928,"50-75,000",E02003362,50_To_75
E06000036,45144.8,57609.27928,"50-75,000",E02003352,50_To_75
E06000036,45144.8,57609.27928,"50-75,000",E02003361,50_To_75
E06000036,45144.8,57609.27928,"50-75,000",E02003358,50_To_75
E06000039,64360.4,82130.30644,"75-100,000",E02003417,75_To_100
E06000039,64360.4,82130.30644,"75-100,000",E02003411,75_To_100
E06000039,64360.4,82130.30644,"75-100,000",E02003414,75_To_100
E06000039,64360.4,82130.30644,"75-100,000",E02003418,75_To_100
E06000039,64360.4,82130.30644,"75-100,000",E02003410,75_To_100
E06000039,64360.4,82130.30644,"75-100,000",E02003407,75_To_100
E06000039,64360.4,82130.30644,"75-100,000",E02003413,75_To_100
E06000039,64360.4,82130.30644,"75-100,000",E02003415,75_To_100
E06000039,64360.4,82130.30644,"75-100,000",E02003412,75_To_100
E06000039,64360.4,82130.30644,"75-100,000",E02003420,75_To_100
E06000039,64360.4,82130.30644,"75-100,000",E02003408,75_To_100
E06000039,64360.4,82130.30644,"75-100,000",E02003419,75_To_100
E06000039,64360.4,82130.30644,"75-100,000",E02003409,75_To_100
E06000039,64360.4,82130.30644,"75-100,000",E02003416,75_To_100
E06000040,53909.6,68794.04056,"50-75,000",E02003421,50_To_75
E06000040,53909.6,68794.04056,"50-75,000",E02003435,50_To_75
E06000040,53909.6,68794.04056,"50-75,000",E02003427,50_To_75
E06000040,53909.6,68794.04056,"50-75,000",E02003438,50_To_75
E06000040,53909.6,68794.04056,"50-75,000",E02003432,50_To_75
E06000040,53909.6,68794.04056,"50-75,000",E02003434,50_To_75
E06000040,53909.6,68794.04056,"50-75,000",E02003436,50_To_75
E06000040,53909.6,68794.04056,"50-75,000",E02003425,50_To_75
E06000040,53909.6,68794.04056,"50-75,000",E02003422,50_To_75
E06000040,53909.6,68794.04056,"50-75,000",E02003426,50_To_75
E06000040,53909.6,68794.04056,"50-75,000",E02003429,50_To_75
E06000040,53909.6,68794.04056,"50-75,000",E02003424,50_To_75
E06000040,53909.6,68794.04056,"50-75,000",E02003433,50_To_75
E06000040,53909.6,68794.04056,"50-75,000",E02003430,50_To_75
E06000040,53909.6,68794.04056,"50-75,000",E02003431,50_To_75
E06000040,53909.6,68794.04056,"50-75,000",E02003423,50_To_75
E06000040,53909.6,68794.04056,"50-75,000",E02003428,50_To_75
E06000040,53909.6,68794.04056,"50-75,000",E02003437,50_To_75
E06000037,58100,74141.41,"50-75,000",E02003372,50_To_75
E06000037,58100,74141.41,"50-75,000",E02003369,50_To_75
E06000037,58100,74141.41,"50-75,000",E02003385,50_To_75
E06000037,58100,74141.41,"50-75,000",E02003382,50_To_75
E06000037,58100,74141.41,"50-75,000",E02003367,50_To_75
E06000037,58100,74141.41,"50-75,000",E02003370,50_To_75
E06000037,58100,74141.41,"50-75,000",E02003383,50_To_75
E06000037,58100,74141.41,"50-75,000",E02003386,50_To_75
E06000037,58100,74141.41,"50-75,000",E02003377,50_To_75
E06000037,58100,74141.41,"50-75,000",E02003373,50_To_75
E06000037,58100,74141.41,"50-75,000",E02003381,50_To_75
E06000037,58100,74141.41,"50-75,000",E02003374,50_To_75
E06000037,58100,74141.41,"50-75,000",E02003387,50_To_75
E06000037,58100,74141.41,"50-75,000",E02003371,50_To_75
E06000037,58100,74141.41,"50-75,000",E02003380,50_To_75
E06000037,58100,74141.41,"50-75,000",E02003376,50_To_75
E06000037,58100,74141.41,"50-75,000",E02003379,50_To_75
E06000037,58100,74141.41,"50-75,000",E02003378,50_To_75
E06000037,58100,74141.41,"50-75,000",E02003384,50_To_75
E06000037,58100,74141.41,"50-75,000",E02003388,50_To_75
E06000037,58100,74141.41,"50-75,000",E02003368,50_To_75
E06000037,58100,74141.41,"50-75,000",E02003375,50_To_75
E06000038,56317.8,71867.14458000001,"50-75,000",E02003390,50_To_75
E06000038,56317.8,71867.14458000001,"50-75,000",E02003389,50_To_75
E06000038,56317.8,71867.14458000001,"50-75,000",E02003400,50_To_75
E06000038,56317.8,71867.14458000001,"50-75,000",E02003398,50_To_75
E06000038,56317.8,71867.14458000001,"50-75,000",E02003393,50_To_75
E06000038,56317.8,71867.14458000001,"50-75,000",E02003401,50_To_75
E06000038,56317.8,71867.14458000001,"50-75,000",E02003403,50_To_75
E06000038,56317.8,71867.14458000001,"50-75,000",E02003406,50_To_75
E06000038,56317.8,71867.14458000001,"50-75,000",E02003396,50_To_75
E06000038,56317.8,71867.14458000001,"50-75,000",E02003391,50_To_75
E06000038,56317.8,71867.14458000001,"50-75,000",E02003397,50_To_75
E06000038,56317.8,71867.14458000001,"50-75,000",E02003399,50_To_75
E06000038,56317.8,71867.14458000001,"50-75,000",E02003395,50_To_75
E06000038,56317.8,71867.14458000001,"50-75,000",E02003402,50_To_75
E06000038,56317.8,71867.14458000001,"50-75,000",E02003405,50_To_75
E06000038,56317.8,71867.14458000001,"50-75,000",E02003394,50_To_75
E06000038,56317.8,71867.14458000001,"50-75,000",E02003404,50_To_75
E06000038,56317.8,71867.14458000001,"50-75,000",E02003392,50_To_75
E06000041,53879.6,68755.75756,"50-75,000",E02003444,50_To_75
E06000041,53879.6,68755.75756,"50-75,000",E02003451,50_To_75
E06000041,53879.6,68755.75756,"50-75,000",E02003453,50_To_75
E06000041,53879.6,68755.75756,"50-75,000",E02003440,50_To_75
E06000041,53879.6,68755.75756,"50-75,000",E02003454,50_To_75
E06000041,53879.6,68755.75756,"50-75,000",E02003442,50_To_75
E06000041,53879.6,68755.75756,"50-75,000",E02003458,50_To_75
E06000041,53879.6,68755.75756,"50-75,000",E02003443,50_To_75
E06000041,53879.6,68755.75756,"50-75,000",E02003447,50_To_75
E06000041,53879.6,68755.75756,"50-75,000",E02003449,50_To_75
E06000041,53879.6,68755.75756,"50-75,000",E02003450,50_To_75
E06000041,53879.6,68755.75756,"50-75,000",E02003446,50_To_75
E06000041,53879.6,68755.75756,"50-75,000",E02003457,50_To_75
E06000041,53879.6,68755.75756,"50-75,000",E02003441,50_To_75
E06000041,53879.6,68755.75756,"50-75,000",E02003456,50_To_75
E06000041,53879.6,68755.75756,"50-75,000",E02003452,50_To_75
E06000041,53879.6,68755.75756,"50-75,000",E02003439,50_To_75
E06000041,53879.6,68755.75756,"50-75,000",E02003448,50_To_75
E06000041,53879.6,68755.75756,"50-75,000",E02003445,50_To_75
E06000041,53879.6,68755.75756,"50-75,000",E02003455,50_To_75
E06000043,39508.8,50417.17968,"50-75,000",E02003520,50_To_75
E06000043,39508.8,50417.17968,"50-75,000",E02003522,50_To_75
E06000043,39508.8,50417.17968,"50-75,000",E02003495,50_To_75
E06000043,39508.8,50417.17968,"50-75,000",E02003504,50_To_75
E06000043,39508.8,50417.17968,"50-75,000",E02003496,50_To_75
E06000043,39508.8,50417.17968,"50-75,000",E02003494,50_To_75
E06000043,39508.8,50417.17968,"50-75,000",E02003491,50_To_75
E06000043,39508.8,50417.17968,"50-75,000",E02003493,50_To_75
E06000043,39508.8,50417.17968,"50-75,000",E02003523,50_To_75
E06000043,39508.8,50417.17968,"50-75,000",E02003501,50_To_75
E06000043,39508.8,50417.17968,"50-75,000",E02003507,50_To_75
E06000043,39508.8,50417.17968,"50-75,000",E02003502,50_To_75
E06000043,39508.8,50417.17968,"50-75,000",E02003515,50_To_75
E06000043,39508.8,50417.17968,"50-75,000",E02003510,50_To_75
E06000043,39508.8,50417.17968,"50-75,000",E02003513,50_To_75
E06000043,39508.8,50417.17968,"50-75,000",E02003518,50_To_75
E06000043,39508.8,50417.17968,"50-75,000",E02003511,50_To_75
E06000043,39508.8,50417.17968,"50-75,000",E02003498,50_To_75
E06000043,39508.8,50417.17968,"50-75,000",E02003492,50_To_75
E06000043,39508.8,50417.17968,"50-75,000",E02003509,50_To_75
E06000043,39508.8,50417.17968,"50-75,000",E02003521,50_To_75
E06000043,39508.8,50417.17968,"50-75,000",E02003499,50_To_75
E06000043,39508.8,50417.17968,"50-75,000",E02003519,50_To_75
E06000043,39508.8,50417.17968,"50-75,000",E02003514,50_To_75
E06000043,39508.8,50417.17968,"50-75,000",E02003505,50_To_75
E06000043,39508.8,50417.17968,"50-75,000",E02003517,50_To_75
E06000043,39508.8,50417.17968,"50-75,000",E02003508,50_To_75
E06000043,39508.8,50417.17968,"50-75,000",E02003512,50_To_75
E06000043,39508.8,50417.17968,"50-75,000",E02003500,50_To_75
E06000043,39508.8,50417.17968,"50-75,000",E02003516,50_To_75
E06000043,39508.8,50417.17968,"50-75,000",E02003506,50_To_75
E06000043,39508.8,50417.17968,"50-75,000",E02003497,50_To_75
E06000043,39508.8,50417.17968,"50-75,000",E02003503,50_To_75
E07000061,23744.8,30300.739279999998,"25-50,000",E02004357,25_To_50
E07000061,23744.8,30300.739279999998,"25-50,000",E02004359,25_To_50
E07000061,23744.8,30300.739279999998,"25-50,000",E02004356,25_To_50
E07000061,23744.8,30300.739279999998,"25-50,000",E02004358,25_To_50
E07000061,23744.8,30300.739279999998,"25-50,000",E02006858,25_To_50
E07000061,23744.8,30300.739279999998,"25-50,000",E02006857,25_To_50
E07000061,23744.8,30300.739279999998,"25-50,000",E02004364,25_To_50
E07000061,23744.8,30300.739279999998,"25-50,000",E02004362,25_To_50
E07000061,23744.8,30300.739279999998,"25-50,000",E02004367,25_To_50
E07000061,23744.8,30300.739279999998,"25-50,000",E02004365,25_To_50
E07000061,23744.8,30300.739279999998,"25-50,000",E02004361,25_To_50
E07000061,23744.8,30300.739279999998,"25-50,000",E02004366,25_To_50
E07000061,23744.8,30300.739279999998,"25-50,000",E02004363,25_To_50
E07000062,21557.6,27509.653359999997,"25-50,000",E02004368,25_To_50
E07000062,21557.6,27509.653359999997,"25-50,000",E02004374,25_To_50
E07000062,21557.6,27509.653359999997,"25-50,000",E02004369,25_To_50
E07000062,21557.6,27509.653359999997,"25-50,000",E02004373,25_To_50
E07000062,21557.6,27509.653359999997,"25-50,000",E02004370,25_To_50
E07000062,21557.6,27509.653359999997,"25-50,000",E02004375,25_To_50
E07000062,21557.6,27509.653359999997,"25-50,000",E02004377,25_To_50
E07000062,21557.6,27509.653359999997,"25-50,000",E02004372,25_To_50
E07000062,21557.6,27509.653359999997,"25-50,000",E02004371,25_To_50
E07000062,21557.6,27509.653359999997,"25-50,000",E02004376,25_To_50
E07000062,21557.6,27509.653359999997,"25-50,000",E02004378,25_To_50
E07000063,24144.4,30810.668840000002,"25-50,000",E02004389,25_To_50
E07000063,24144.4,30810.668840000002,"25-50,000",E02004382,25_To_50
E07000063,24144.4,30810.668840000002,"25-50,000",E02004384,25_To_50
E07000063,24144.4,30810.668840000002,"25-50,000",E02004379,25_To_50
E07000063,24144.4,30810.668840000002,"25-50,000",E02004383,25_To_50
E07000063,24144.4,30810.668840000002,"25-50,000",E02004385,25_To_50
E07000063,24144.4,30810.668840000002,"25-50,000",E02004380,25_To_50
E07000063,24144.4,30810.668840000002,"25-50,000",E02004381,25_To_50
E07000063,24144.4,30810.668840000002,"25-50,000",E02004386,25_To_50
E07000063,24144.4,30810.668840000002,"25-50,000",E02004391,25_To_50
E07000063,24144.4,30810.668840000002,"25-50,000",E02004387,25_To_50
E07000063,24144.4,30810.668840000002,"25-50,000",E02004388,25_To_50
E07000063,24144.4,30810.668840000002,"25-50,000",E02004390,25_To_50
E07000064,19232.8,24542.97608,"<25,000",E02004392,Less_Than_25
E07000064,19232.8,24542.97608,"<25,000",E02004397,Less_Than_25
E07000064,19232.8,24542.97608,"<25,000",E02004396,Less_Than_25
E07000064,19232.8,24542.97608,"<25,000",E02004394,Less_Than_25
E07000064,19232.8,24542.97608,"<25,000",E02004398,Less_Than_25
E07000064,19232.8,24542.97608,"<25,000",E02004402,Less_Than_25
E07000064,19232.8,24542.97608,"<25,000",E02004393,Less_Than_25
E07000064,19232.8,24542.97608,"<25,000",E02004400,Less_Than_25
E07000064,19232.8,24542.97608,"<25,000",E02004399,Less_Than_25
E07000064,19232.8,24542.97608,"<25,000",E02004395,Less_Than_25
E07000064,19232.8,24542.97608,"<25,000",E02004401,Less_Than_25
E07000065,21213.8,27070.93018,"25-50,000",E02004408,25_To_50
E07000065,21213.8,27070.93018,"25-50,000",E02004421,25_To_50
E07000065,21213.8,27070.93018,"25-50,000",E02004411,25_To_50
E07000065,21213.8,27070.93018,"25-50,000",E02004405,25_To_50
E07000065,21213.8,27070.93018,"25-50,000",E02004407,25_To_50
E07000065,21213.8,27070.93018,"25-50,000",E02004412,25_To_50
E07000065,21213.8,27070.93018,"25-50,000",E02004415,25_To_50
E07000065,21213.8,27070.93018,"25-50,000",E02004406,25_To_50
E07000065,21213.8,27070.93018,"25-50,000",E02004420,25_To_50
E07000065,21213.8,27070.93018,"25-50,000",E02004409,25_To_50
E07000065,21213.8,27070.93018,"25-50,000",E02004410,25_To_50
E07000065,21213.8,27070.93018,"25-50,000",E02004417,25_To_50
E07000065,21213.8,27070.93018,"25-50,000",E02004423,25_To_50
E07000065,21213.8,27070.93018,"25-50,000",E02004404,25_To_50
E07000065,21213.8,27070.93018,"25-50,000",E02004413,25_To_50
E07000065,21213.8,27070.93018,"25-50,000",E02004403,25_To_50
E07000065,21213.8,27070.93018,"25-50,000",E02004416,25_To_50
E07000065,21213.8,27070.93018,"25-50,000",E02004419,25_To_50
E07000065,21213.8,27070.93018,"25-50,000",E02004418,25_To_50
E07000065,21213.8,27070.93018,"25-50,000",E02004414,25_To_50
E07000065,21213.8,27070.93018,"25-50,000",E02004422,25_To_50
E07000207,55155.2,70383.55072,"50-75,000",E02006329,50_To_75
E07000207,55155.2,70383.55072,"50-75,000",E02006326,50_To_75
E07000207,55155.2,70383.55072,"50-75,000",E02006330,50_To_75
E07000207,55155.2,70383.55072,"50-75,000",E02006321,50_To_75
E07000207,55155.2,70383.55072,"50-75,000",E02006325,50_To_75
E07000207,55155.2,70383.55072,"50-75,000",E02006322,50_To_75
E07000207,55155.2,70383.55072,"50-75,000",E02006334,50_To_75
E07000207,55155.2,70383.55072,"50-75,000",E02006323,50_To_75
E07000207,55155.2,70383.55072,"50-75,000",E02006324,50_To_75
E07000207,55155.2,70383.55072,"50-75,000",E02006328,50_To_75
E07000207,55155.2,70383.55072,"50-75,000",E02006327,50_To_75
E07000207,55155.2,70383.55072,"50-75,000",E02006333,50_To_75
E07000207,55155.2,70383.55072,"50-75,000",E02006318,50_To_75
E07000207,55155.2,70383.55072,"50-75,000",E02006317,50_To_75
E07000207,55155.2,70383.55072,"50-75,000",E02006319,50_To_75
E07000207,55155.2,70383.55072,"50-75,000",E02006320,50_To_75
E07000207,55155.2,70383.55072,"50-75,000",E02006331,50_To_75
E07000207,55155.2,70383.55072,"50-75,000",E02006332,50_To_75
E07000209,45728.4,58354.01124,"50-75,000",E02006349,50_To_75
E07000209,45728.4,58354.01124,"50-75,000",E02006353,50_To_75
E07000209,45728.4,58354.01124,"50-75,000",E02006357,50_To_75
E07000209,45728.4,58354.01124,"50-75,000",E02006347,50_To_75
E07000209,45728.4,58354.01124,"50-75,000",E02006351,50_To_75
E07000209,45728.4,58354.01124,"50-75,000",E02006354,50_To_75
E07000209,45728.4,58354.01124,"50-75,000",E02006346,50_To_75
E07000209,45728.4,58354.01124,"50-75,000",E02006344,50_To_75
E07000209,45728.4,58354.01124,"50-75,000",E02006359,50_To_75
E07000209,45728.4,58354.01124,"50-75,000",E02006350,50_To_75
E07000209,45728.4,58354.01124,"50-75,000",E02006355,50_To_75
E07000209,45728.4,58354.01124,"50-75,000",E02006352,50_To_75
E07000209,45728.4,58354.01124,"50-75,000",E02006348,50_To_75
E07000209,45728.4,58354.01124,"50-75,000",E02006361,50_To_75
E07000209,45728.4,58354.01124,"50-75,000",E02006345,50_To_75
E07000209,45728.4,58354.01124,"50-75,000",E02006358,50_To_75
E07000209,45728.4,58354.01124,"50-75,000",E02006356,50_To_75
E07000209,45728.4,58354.01124,"50-75,000",E02006360,50_To_75
E07000212,83299.2,106298.10912,"100-200,000",E02006399,100_To_200
E07000212,83299.2,106298.10912,"100-200,000",E02006398,100_To_200
E07000212,83299.2,106298.10912,"100-200,000",E02006395,100_To_200
E07000212,83299.2,106298.10912,"100-200,000",E02006393,100_To_200
E07000212,83299.2,106298.10912,"100-200,000",E02006394,100_To_200
E07000212,83299.2,106298.10912,"100-200,000",E02006400,100_To_200
E07000212,83299.2,106298.10912,"100-200,000",E02006401,100_To_200
E07000212,83299.2,106298.10912,"100-200,000",E02006402,100_To_200
E07000212,83299.2,106298.10912,"100-200,000",E02006396,100_To_200
E07000212,83299.2,106298.10912,"100-200,000",E02006397,100_To_200
E07000213,39951.2,50981.726319999994,"50-75,000",E02006408,50_To_75
E07000213,39951.2,50981.726319999994,"50-75,000",E02006407,50_To_75
E07000213,39951.2,50981.726319999994,"50-75,000",E02006405,50_To_75
E07000213,39951.2,50981.726319999994,"50-75,000",E02006411,50_To_75
E07000213,39951.2,50981.726319999994,"50-75,000",E02006412,50_To_75
E07000213,39951.2,50981.726319999994,"50-75,000",E02006413,50_To_75
E07000213,39951.2,50981.726319999994,"50-75,000",E02006414,50_To_75
E07000213,39951.2,50981.726319999994,"50-75,000",E02006406,50_To_75
E07000213,39951.2,50981.726319999994,"50-75,000",E02006409,50_To_75
E07000213,39951.2,50981.726319999994,"50-75,000",E02006415,50_To_75
E07000213,39951.2,50981.726319999994,"50-75,000",E02006404,50_To_75
E07000213,39951.2,50981.726319999994,"50-75,000",E02006410,50_To_75
E07000213,39951.2,50981.726319999994,"50-75,000",E02006403,50_To_75
E07000214,47025.8,60009.623380000005,"50-75,000",E02006423,50_To_75
E07000214,47025.8,60009.623380000005,"50-75,000",E02006417,50_To_75
E07000214,47025.8,60009.623380000005,"50-75,000",E02006427,50_To_75
E07000214,47025.8,60009.623380000005,"50-75,000",E02006426,50_To_75
E07000214,47025.8,60009.623380000005,"50-75,000",E02006421,50_To_75
E07000214,47025.8,60009.623380000005,"50-75,000",E02006416,50_To_75
E07000214,47025.8,60009.623380000005,"50-75,000",E02006422,50_To_75
E07000214,47025.8,60009.623380000005,"50-75,000",E02006418,50_To_75
E07000214,47025.8,60009.623380000005,"50-75,000",E02006424,50_To_75
E07000214,47025.8,60009.623380000005,"50-75,000",E02006420,50_To_75
E07000214,47025.8,60009.623380000005,"50-75,000",E02006419,50_To_75
E07000214,47025.8,60009.623380000005,"50-75,000",E02006425,50_To_75
E07000216,31893.8,40699.67818,"25-50,000",E02006455,25_To_50
E07000216,31893.8,40699.67818,"25-50,000",E02006449,25_To_50
E07000216,31893.8,40699.67818,"25-50,000",E02006839,25_To_50
E07000216,31893.8,40699.67818,"25-50,000",E02006453,25_To_50
E07000216,31893.8,40699.67818,"25-50,000",E02006450,25_To_50
E07000216,31893.8,40699.67818,"25-50,000",E02006451,25_To_50
E07000216,31893.8,40699.67818,"25-50,000",E02006442,25_To_50
E07000216,31893.8,40699.67818,"25-50,000",E02006439,25_To_50
E07000216,31893.8,40699.67818,"25-50,000",E02006444,25_To_50
E07000216,31893.8,40699.67818,"25-50,000",E02006440,25_To_50
E07000216,31893.8,40699.67818,"25-50,000",E02006447,25_To_50
E07000216,31893.8,40699.67818,"25-50,000",E02006445,25_To_50
E07000216,31893.8,40699.67818,"25-50,000",E02006448,25_To_50
E07000216,31893.8,40699.67818,"25-50,000",E02006454,25_To_50
E07000216,31893.8,40699.67818,"25-50,000",E02006446,25_To_50
E07000216,31893.8,40699.67818,"25-50,000",E02006443,25_To_50
E07000216,31893.8,40699.67818,"25-50,000",E02006441,25_To_50
E07000217,33532.8,42791.20608,"25-50,000",E02006457,25_To_50
E07000217,33532.8,42791.20608,"25-50,000",E02006467,25_To_50
E07000217,33532.8,42791.20608,"25-50,000",E02006461,25_To_50
E07000217,33532.8,42791.20608,"25-50,000",E02006463,25_To_50
E07000217,33532.8,42791.20608,"25-50,000",E02006460,25_To_50
E07000217,33532.8,42791.20608,"25-50,000",E02006464,25_To_50
E07000217,33532.8,42791.20608,"25-50,000",E02006462,25_To_50
E07000217,33532.8,42791.20608,"25-50,000",E02006459,25_To_50
E07000217,33532.8,42791.20608,"25-50,000",E02006465,25_To_50
E07000217,33532.8,42791.20608,"25-50,000",E02006458,25_To_50
E07000217,33532.8,42791.20608,"25-50,000",E02006466,25_To_50
E07000217,33532.8,42791.20608,"25-50,000",E02006456,25_To_50
E07000208,25957.6,33124.49336,"25-50,000",E02006338,25_To_50
E07000208,25957.6,33124.49336,"25-50,000",E02006341,25_To_50
E07000208,25957.6,33124.49336,"25-50,000",E02006336,25_To_50
E07000208,25957.6,33124.49336,"25-50,000",E02006335,25_To_50
E07000208,25957.6,33124.49336,"25-50,000",E02006837,25_To_50
E07000208,25957.6,33124.49336,"25-50,000",E02006339,25_To_50
E07000208,25957.6,33124.49336,"25-50,000",E02006343,25_To_50
E07000208,25957.6,33124.49336,"25-50,000",E02006337,25_To_50
E07000208,25957.6,33124.49336,"25-50,000",E02006342,25_To_50
E07000210,55814.6,71225.01106,"50-75,000",E02006370,50_To_75
E07000210,55814.6,71225.01106,"50-75,000",E02006363,50_To_75
E07000210,55814.6,71225.01106,"50-75,000",E02006374,50_To_75
E07000210,55814.6,71225.01106,"50-75,000",E02006367,50_To_75
E07000210,55814.6,71225.01106,"50-75,000",E02006368,50_To_75
E07000210,55814.6,71225.01106,"50-75,000",E02006369,50_To_75
E07000210,55814.6,71225.01106,"50-75,000",E02006371,50_To_75
E07000210,55814.6,71225.01106,"50-75,000",E02006364,50_To_75
E07000210,55814.6,71225.01106,"50-75,000",E02006362,50_To_75
E07000210,55814.6,71225.01106,"50-75,000",E02006365,50_To_75
E07000210,55814.6,71225.01106,"50-75,000",E02006366,50_To_75
E07000210,55814.6,71225.01106,"50-75,000",E02006372,50_To_75
E07000210,55814.6,71225.01106,"50-75,000",E02006373,50_To_75
E07000211,45896.6,58568.65126,"50-75,000",E02006391,50_To_75
E07000211,45896.6,58568.65126,"50-75,000",E02006382,50_To_75
E07000211,45896.6,58568.65126,"50-75,000",E02006390,50_To_75
E07000211,45896.6,58568.65126,"50-75,000",E02006383,50_To_75
E07000211,45896.6,58568.65126,"50-75,000",E02006381,50_To_75
E07000211,45896.6,58568.65126,"50-75,000",E02006386,50_To_75
E07000211,45896.6,58568.65126,"50-75,000",E02006387,50_To_75
E07000211,45896.6,58568.65126,"50-75,000",E02006375,50_To_75
E07000211,45896.6,58568.65126,"50-75,000",E02006384,50_To_75
E07000211,45896.6,58568.65126,"50-75,000",E02006389,50_To_75
E07000211,45896.6,58568.65126,"50-75,000",E02006380,50_To_75
E07000211,45896.6,58568.65126,"50-75,000",E02006377,50_To_75
E07000211,45896.6,58568.65126,"50-75,000",E02006376,50_To_75
E07000211,45896.6,58568.65126,"50-75,000",E02006392,50_To_75
E07000211,45896.6,58568.65126,"50-75,000",E02006379,50_To_75
E07000211,45896.6,58568.65126,"50-75,000",E02006378,50_To_75
E07000211,45896.6,58568.65126,"50-75,000",E02006385,50_To_75
E07000211,45896.6,58568.65126,"50-75,000",E02006388,50_To_75
E07000215,27287.8,34821.96158,"25-50,000",E02006433,25_To_50
E07000215,27287.8,34821.96158,"25-50,000",E02006438,25_To_50
E07000215,27287.8,34821.96158,"25-50,000",E02006437,25_To_50
E07000215,27287.8,34821.96158,"25-50,000",E02006436,25_To_50
E07000215,27287.8,34821.96158,"25-50,000",E02006431,25_To_50
E07000215,27287.8,34821.96158,"25-50,000",E02006434,25_To_50
E07000215,27287.8,34821.96158,"25-50,000",E02006790,25_To_50
E07000215,27287.8,34821.96158,"25-50,000",E02006429,25_To_50
E07000215,27287.8,34821.96158,"25-50,000",E02006435,25_To_50
E07000215,27287.8,34821.96158,"25-50,000",E02006432,25_To_50
E07000215,27287.8,34821.96158,"25-50,000",E02006430,25_To_50
E07000223,21946.8,28006.31148,"25-50,000",E02006538,25_To_50
E07000223,21946.8,28006.31148,"25-50,000",E02006540,25_To_50
E07000223,21946.8,28006.31148,"25-50,000",E02006541,25_To_50
E07000223,21946.8,28006.31148,"25-50,000",E02006534,25_To_50
E07000223,21946.8,28006.31148,"25-50,000",E02006539,25_To_50
E07000223,21946.8,28006.31148,"25-50,000",E02006537,25_To_50
E07000223,21946.8,28006.31148,"25-50,000",E02006536,25_To_50
E07000223,21946.8,28006.31148,"25-50,000",E02006535,25_To_50
E07000224,19063.4,24326.804740000003,"<25,000",E02006551,Less_Than_25
E07000224,19063.4,24326.804740000003,"<25,000",E02006558,Less_Than_25
E07000224,19063.4,24326.804740000003,"<25,000",E02006546,Less_Than_25
E07000224,19063.4,24326.804740000003,"<25,000",E02006559,Less_Than_25
E07000224,19063.4,24326.804740000003,"<25,000",E02006542,Less_Than_25
E07000224,19063.4,24326.804740000003,"<25,000",E02006556,Less_Than_25
E07000224,19063.4,24326.804740000003,"<25,000",E02006554,Less_Than_25
E07000224,19063.4,24326.804740000003,"<25,000",E02006553,Less_Than_25
E07000224,19063.4,24326.804740000003,"<25,000",E02006555,Less_Than_25
E07000224,19063.4,24326.804740000003,"<25,000",E02006544,Less_Than_25
E07000224,19063.4,24326.804740000003,"<25,000",E02006549,Less_Than_25
E07000224,19063.4,24326.804740000003,"<25,000",E02006550,Less_Than_25
E07000224,19063.4,24326.804740000003,"<25,000",E02006543,Less_Than_25
E07000224,19063.4,24326.804740000003,"<25,000",E02006545,Less_Than_25
E07000224,19063.4,24326.804740000003,"<25,000",E02006552,Less_Than_25
E07000224,19063.4,24326.804740000003,"<25,000",E02006557,Less_Than_25
E07000224,19063.4,24326.804740000003,"<25,000",E02006547,Less_Than_25
E07000224,19063.4,24326.804740000003,"<25,000",E02006548,Less_Than_25
E07000224,19063.4,24326.804740000003,"<25,000",E02006560,Less_Than_25
E07000225,33135.6,42284.339159999996,"25-50,000",E02006569,25_To_50
E07000225,33135.6,42284.339159999996,"25-50,000",E02006574,25_To_50
E07000225,33135.6,42284.339159999996,"25-50,000",E02006570,25_To_50
E07000225,33135.6,42284.339159999996,"25-50,000",E02006563,25_To_50
E07000225,33135.6,42284.339159999996,"25-50,000",E02006572,25_To_50
E07000225,33135.6,42284.339159999996,"25-50,000",E02006562,25_To_50
E07000225,33135.6,42284.339159999996,"25-50,000",E02006564,25_To_50
E07000225,33135.6,42284.339159999996,"25-50,000",E02006571,25_To_50
E07000225,33135.6,42284.339159999996,"25-50,000",E02006565,25_To_50
E07000225,33135.6,42284.339159999996,"25-50,000",E02006566,25_To_50
E07000225,33135.6,42284.339159999996,"25-50,000",E02006568,25_To_50
E07000225,33135.6,42284.339159999996,"25-50,000",E02006573,25_To_50
E07000225,33135.6,42284.339159999996,"25-50,000",E02006561,25_To_50
E07000225,33135.6,42284.339159999996,"25-50,000",E02006567,25_To_50
E07000229,42946.2,54803.64582,"50-75,000",E02006627,50_To_75
E07000229,42946.2,54803.64582,"50-75,000",E02006633,50_To_75
E07000229,42946.2,54803.64582,"50-75,000",E02006630,50_To_75
E07000229,42946.2,54803.64582,"50-75,000",E02006632,50_To_75
E07000229,42946.2,54803.64582,"50-75,000",E02006621,50_To_75
E07000229,42946.2,54803.64582,"50-75,000",E02006624,50_To_75
E07000229,42946.2,54803.64582,"50-75,000",E02006623,50_To_75
E07000229,42946.2,54803.64582,"50-75,000",E02006625,50_To_75
E07000229,42946.2,54803.64582,"50-75,000",E02006626,50_To_75
E07000229,42946.2,54803.64582,"50-75,000",E02006631,50_To_75
E07000229,42946.2,54803.64582,"50-75,000",E02006628,50_To_75
E07000229,42946.2,54803.64582,"50-75,000",E02006629,50_To_75
E07000229,42946.2,54803.64582,"50-75,000",E02006622,50_To_75
E07000226,51318.6,65487.66546,"50-75,000",E02006576,50_To_75
E07000226,51318.6,65487.66546,"50-75,000",E02006585,50_To_75
E07000226,51318.6,65487.66546,"50-75,000",E02006582,50_To_75
E07000226,51318.6,65487.66546,"50-75,000",E02006581,50_To_75
E07000226,51318.6,65487.66546,"50-75,000",E02006579,50_To_75
E07000226,51318.6,65487.66546,"50-75,000",E02006583,50_To_75
E07000226,51318.6,65487.66546,"50-75,000",E02006586,50_To_75
E07000226,51318.6,65487.66546,"50-75,000",E02006580,50_To_75
E07000226,51318.6,65487.66546,"50-75,000",E02006575,50_To_75
E07000226,51318.6,65487.66546,"50-75,000",E02006584,50_To_75
E07000226,51318.6,65487.66546,"50-75,000",E02006587,50_To_75
E07000226,51318.6,65487.66546,"50-75,000",E02006577,50_To_75
E07000226,51318.6,65487.66546,"50-75,000",E02006578,50_To_75
E07000227,28863.2,36832.32952,"25-50,000",E02006595,25_To_50
E07000227,28863.2,36832.32952,"25-50,000",E02006594,25_To_50
E07000227,28863.2,36832.32952,"25-50,000",E02006596,25_To_50
E07000227,28863.2,36832.32952,"25-50,000",E02006590,25_To_50
E07000227,28863.2,36832.32952,"25-50,000",E02006599,25_To_50
E07000227,28863.2,36832.32952,"25-50,000",E02006603,25_To_50
E07000227,28863.2,36832.32952,"25-50,000",E02006593,25_To_50
E07000227,28863.2,36832.32952,"25-50,000",E02006592,25_To_50
E07000227,28863.2,36832.32952,"25-50,000",E02006600,25_To_50
E07000227,28863.2,36832.32952,"25-50,000",E02006591,25_To_50
E07000227,28863.2,36832.32952,"25-50,000",E02006588,25_To_50
E07000227,28863.2,36832.32952,"25-50,000",E02006597,25_To_50
E07000227,28863.2,36832.32952,"25-50,000",E02006602,25_To_50
E07000227,28863.2,36832.32952,"25-50,000",E02006589,25_To_50
E07000227,28863.2,36832.32952,"25-50,000",E02006598,25_To_50
E07000227,28863.2,36832.32952,"25-50,000",E02006601,25_To_50
E07000228,28101.4,35860.196540000004,"25-50,000",E02006607,25_To_50
E07000228,28101.4,35860.196540000004,"25-50,000",E02006610,25_To_50
E07000228,28101.4,35860.196540000004,"25-50,000",E02006616,25_To_50
E07000228,28101.4,35860.196540000004,"25-50,000",E02006604,25_To_50
E07000228,28101.4,35860.196540000004,"25-50,000",E02006606,25_To_50
E07000228,28101.4,35860.196540000004,"25-50,000",E02006608,25_To_50
E07000228,28101.4,35860.196540000004,"25-50,000",E02006620,25_To_50
E07000228,28101.4,35860.196540000004,"25-50,000",E02006617,25_To_50
E07000228,28101.4,35860.196540000004,"25-50,000",E02006609,25_To_50
E07000228,28101.4,35860.196540000004,"25-50,000",E02006612,25_To_50
E07000228,28101.4,35860.196540000004,"25-50,000",E02006618,25_To_50
E07000228,28101.4,35860.196540000004,"25-50,000",E02006615,25_To_50
E07000228,28101.4,35860.196540000004,"25-50,000",E02006619,25_To_50
E07000228,28101.4,35860.196540000004,"25-50,000",E02006611,25_To_50
E07000228,28101.4,35860.196540000004,"25-50,000",E02006605,25_To_50
E07000228,28101.4,35860.196540000004,"25-50,000",E02006614,25_To_50
E07000228,28101.4,35860.196540000004,"25-50,000",E02006613,25_To_50
E06000044,36370.8,46412.77788,"25-50,000",E02006821,25_To_50
E06000044,36370.8,46412.77788,"25-50,000",E02003538,25_To_50
E06000044,36370.8,46412.77788,"25-50,000",E02003533,25_To_50
E06000044,36370.8,46412.77788,"25-50,000",E02003542,25_To_50
E06000044,36370.8,46412.77788,"25-50,000",E02003532,25_To_50
E06000044,36370.8,46412.77788,"25-50,000",E02003539,25_To_50
E06000044,36370.8,46412.77788,"25-50,000",E02003546,25_To_50
E06000044,36370.8,46412.77788,"25-50,000",E02003545,25_To_50
E06000044,36370.8,46412.77788,"25-50,000",E02003526,25_To_50
E06000044,36370.8,46412.77788,"25-50,000",E02003537,25_To_50
E06000044,36370.8,46412.77788,"25-50,000",E02003535,25_To_50
E06000044,36370.8,46412.77788,"25-50,000",E02003541,25_To_50
E06000044,36370.8,46412.77788,"25-50,000",E02003534,25_To_50
E06000044,36370.8,46412.77788,"25-50,000",E02003531,25_To_50
E06000044,36370.8,46412.77788,"25-50,000",E02003527,25_To_50
E06000044,36370.8,46412.77788,"25-50,000",E02003524,25_To_50
E06000044,36370.8,46412.77788,"25-50,000",E02003548,25_To_50
E06000044,36370.8,46412.77788,"25-50,000",E02003530,25_To_50
E06000044,36370.8,46412.77788,"25-50,000",E02003544,25_To_50
E06000044,36370.8,46412.77788,"25-50,000",E02003540,25_To_50
E06000044,36370.8,46412.77788,"25-50,000",E02003529,25_To_50
E06000044,36370.8,46412.77788,"25-50,000",E02003536,25_To_50
E06000044,36370.8,46412.77788,"25-50,000",E02003547,25_To_50
E06000044,36370.8,46412.77788,"25-50,000",E02003525,25_To_50
E06000044,36370.8,46412.77788,"25-50,000",E02003543,25_To_50
E06000045,39313,50167.3193,"50-75,000",E02003564,50_To_75
E06000045,39313,50167.3193,"50-75,000",E02003572,50_To_75
E06000045,39313,50167.3193,"50-75,000",E02003557,50_To_75
E06000045,39313,50167.3193,"50-75,000",E02003559,50_To_75
E06000045,39313,50167.3193,"50-75,000",E02003558,50_To_75
E06000045,39313,50167.3193,"50-75,000",E02003578,50_To_75
E06000045,39313,50167.3193,"50-75,000",E02003580,50_To_75
E06000045,39313,50167.3193,"50-75,000",E02003579,50_To_75
E06000045,39313,50167.3193,"50-75,000",E02003577,50_To_75
E06000045,39313,50167.3193,"50-75,000",E02003571,50_To_75
E06000045,39313,50167.3193,"50-75,000",E02003570,50_To_75
E06000045,39313,50167.3193,"50-75,000",E02003575,50_To_75
E06000045,39313,50167.3193,"50-75,000",E02003573,50_To_75
E06000045,39313,50167.3193,"50-75,000",E02003555,50_To_75
E06000045,39313,50167.3193,"50-75,000",E02003560,50_To_75
E06000045,39313,50167.3193,"50-75,000",E02003549,50_To_75
E06000045,39313,50167.3193,"50-75,000",E02003554,50_To_75
E06000045,39313,50167.3193,"50-75,000",E02003562,50_To_75
E06000045,39313,50167.3193,"50-75,000",E02003556,50_To_75
E06000045,39313,50167.3193,"50-75,000",E02003566,50_To_75
E06000045,39313,50167.3193,"50-75,000",E02003574,50_To_75
E06000045,39313,50167.3193,"50-75,000",E02003553,50_To_75
E06000045,39313,50167.3193,"50-75,000",E02003552,50_To_75
E06000045,39313,50167.3193,"50-75,000",E02003567,50_To_75
E06000045,39313,50167.3193,"50-75,000",E02003576,50_To_75
E06000045,39313,50167.3193,"50-75,000",E02003550,50_To_75
E06000045,39313,50167.3193,"50-75,000",E02003563,50_To_75
E06000045,39313,50167.3193,"50-75,000",E02003568,50_To_75
E06000045,39313,50167.3193,"50-75,000",E02003551,50_To_75
E06000045,39313,50167.3193,"50-75,000",E02003569,50_To_75
E06000045,39313,50167.3193,"50-75,000",E02003565,50_To_75
E06000045,39313,50167.3193,"50-75,000",E02003561,50_To_75
E06000046,23549,30050.8789,"25-50,000",E02003598,25_To_50
E06000046,23549,30050.8789,"25-50,000",E02003591,25_To_50
E06000046,23549,30050.8789,"25-50,000",E02003589,25_To_50
E06000046,23549,30050.8789,"25-50,000",E02003590,25_To_50
E06000046,23549,30050.8789,"25-50,000",E02003585,25_To_50
E06000046,23549,30050.8789,"25-50,000",E02003592,25_To_50
E06000046,23549,30050.8789,"25-50,000",E02003582,25_To_50
E06000046,23549,30050.8789,"25-50,000",E02003595,25_To_50
E06000046,23549,30050.8789,"25-50,000",E02003586,25_To_50
E06000046,23549,30050.8789,"25-50,000",E02003594,25_To_50
E06000046,23549,30050.8789,"25-50,000",E02003583,25_To_50
E06000046,23549,30050.8789,"25-50,000",E02003581,25_To_50
E06000046,23549,30050.8789,"25-50,000",E02003596,25_To_50
E06000046,23549,30050.8789,"25-50,000",E02003588,25_To_50
E06000046,23549,30050.8789,"25-50,000",E02003587,25_To_50
E06000046,23549,30050.8789,"25-50,000",E02003597,25_To_50
E06000046,23549,30050.8789,"25-50,000",E02003593,25_To_50
E06000046,23549,30050.8789,"25-50,000",E02003584,25_To_50
E07000086,37384.4,47706.232840000004,"25-50,000",E02004718,25_To_50
E07000086,37384.4,47706.232840000004,"25-50,000",E02004717,25_To_50
E07000086,37384.4,47706.232840000004,"25-50,000",E02004714,25_To_50
E07000086,37384.4,47706.232840000004,"25-50,000",E02004725,25_To_50
E07000086,37384.4,47706.232840000004,"25-50,000",E02004719,25_To_50
E07000086,37384.4,47706.232840000004,"25-50,000",E02004721,25_To_50
E07000086,37384.4,47706.232840000004,"25-50,000",E02004723,25_To_50
E07000086,37384.4,47706.232840000004,"25-50,000",E02004720,25_To_50
E07000086,37384.4,47706.232840000004,"25-50,000",E02004716,25_To_50
E07000086,37384.4,47706.232840000004,"25-50,000",E02004713,25_To_50
E07000086,37384.4,47706.232840000004,"25-50,000",E02004726,25_To_50
E07000086,37384.4,47706.232840000004,"25-50,000",E02004712,25_To_50
E07000086,37384.4,47706.232840000004,"25-50,000",E02004715,25_To_50
E07000086,37384.4,47706.232840000004,"25-50,000",E02004724,25_To_50
E07000086,37384.4,47706.232840000004,"25-50,000",E02004722,25_To_50
E07000087,32395,41339.2595,"25-50,000",E02004737,25_To_50
E07000087,32395,41339.2595,"25-50,000",E02004730,25_To_50
E07000087,32395,41339.2595,"25-50,000",E02004731,25_To_50
E07000087,32395,41339.2595,"25-50,000",E02004738,25_To_50
E07000087,32395,41339.2595,"25-50,000",E02004734,25_To_50
E07000087,32395,41339.2595,"25-50,000",E02004735,25_To_50
E07000087,32395,41339.2595,"25-50,000",E02004739,25_To_50
E07000087,32395,41339.2595,"25-50,000",E02004736,25_To_50
E07000087,32395,41339.2595,"25-50,000",E02004740,25_To_50
E07000087,32395,41339.2595,"25-50,000",E02004729,25_To_50
E07000087,32395,41339.2595,"25-50,000",E02004728,25_To_50
E07000087,32395,41339.2595,"25-50,000",E02004732,25_To_50
E07000087,32395,41339.2595,"25-50,000",E02004727,25_To_50
E07000087,32395,41339.2595,"25-50,000",E02004733,25_To_50
E07000088,17745.8,22645.41538,"<25,000",E02004746,Less_Than_25
E07000088,17745.8,22645.41538,"<25,000",E02004749,Less_Than_25
E07000088,17745.8,22645.41538,"<25,000",E02004744,Less_Than_25
E07000088,17745.8,22645.41538,"<25,000",E02004745,Less_Than_25
E07000088,17745.8,22645.41538,"<25,000",E02004750,Less_Than_25
E07000088,17745.8,22645.41538,"<25,000",E02004748,Less_Than_25
E07000088,17745.8,22645.41538,"<25,000",E02004741,Less_Than_25
E07000088,17745.8,22645.41538,"<25,000",E02004742,Less_Than_25
E07000088,17745.8,22645.41538,"<25,000",E02004743,Less_Than_25
E07000088,17745.8,22645.41538,"<25,000",E02004747,Less_Than_25
E07000090,24623.4,31421.92074,"25-50,000",E02004765,25_To_50
E07000090,24623.4,31421.92074,"25-50,000",E02004767,25_To_50
E07000090,24623.4,31421.92074,"25-50,000",E02006822,25_To_50
E07000090,24623.4,31421.92074,"25-50,000",E02006830,25_To_50
E07000090,24623.4,31421.92074,"25-50,000",E02004774,25_To_50
E07000090,24623.4,31421.92074,"25-50,000",E02004770,25_To_50
E07000090,24623.4,31421.92074,"25-50,000",E02004764,25_To_50
E07000090,24623.4,31421.92074,"25-50,000",E02004776,25_To_50
E07000090,24623.4,31421.92074,"25-50,000",E02004775,25_To_50
E07000090,24623.4,31421.92074,"25-50,000",E02004766,25_To_50
E07000090,24623.4,31421.92074,"25-50,000",E02004768,25_To_50
E07000090,24623.4,31421.92074,"25-50,000",E02004771,25_To_50
E07000090,24623.4,31421.92074,"25-50,000",E02004772,25_To_50
E07000090,24623.4,31421.92074,"25-50,000",E02006831,25_To_50
E07000090,24623.4,31421.92074,"25-50,000",E02004778,25_To_50
E07000090,24623.4,31421.92074,"25-50,000",E02004777,25_To_50
E07000090,24623.4,31421.92074,"25-50,000",E02004769,25_To_50
E07000085,26189.6,33420.548559999996,"25-50,000",E02004707,25_To_50
E07000085,26189.6,33420.548559999996,"25-50,000",E02006838,25_To_50
E07000085,26189.6,33420.548559999996,"25-50,000",E02006829,25_To_50
E07000085,26189.6,33420.548559999996,"25-50,000",E02004704,25_To_50
E07000085,26189.6,33420.548559999996,"25-50,000",E02004706,25_To_50
E07000085,26189.6,33420.548559999996,"25-50,000",E02004705,25_To_50
E07000085,26189.6,33420.548559999996,"25-50,000",E02004709,25_To_50
E07000085,26189.6,33420.548559999996,"25-50,000",E02004703,25_To_50
E07000085,26189.6,33420.548559999996,"25-50,000",E02004699,25_To_50
E07000085,26189.6,33420.548559999996,"25-50,000",E02004710,25_To_50
E07000085,26189.6,33420.548559999996,"25-50,000",E02004700,25_To_50
E07000085,26189.6,33420.548559999996,"25-50,000",E02004697,25_To_50
E07000085,26189.6,33420.548559999996,"25-50,000",E02004702,25_To_50
E07000085,26189.6,33420.548559999996,"25-50,000",E02004708,25_To_50
E07000085,26189.6,33420.548559999996,"25-50,000",E02004698,25_To_50
E07000091,32426.6,41379.584259999996,"25-50,000",E02004801,25_To_50
E07000091,32426.6,41379.584259999996,"25-50,000",E02004796,25_To_50
E07000091,32426.6,41379.584259999996,"25-50,000",E02004799,25_To_50
E07000091,32426.6,41379.584259999996,"25-50,000",E02004788,25_To_50
E07000091,32426.6,41379.584259999996,"25-50,000",E02004790,25_To_50
E07000091,32426.6,41379.584259999996,"25-50,000",E02004781,25_To_50
E07000091,32426.6,41379.584259999996,"25-50,000",E02004794,25_To_50
E07000091,32426.6,41379.584259999996,"25-50,000",E02004793,25_To_50
E07000091,32426.6,41379.584259999996,"25-50,000",E02004789,25_To_50
E07000091,32426.6,41379.584259999996,"25-50,000",E02004792,25_To_50
E07000091,32426.6,41379.584259999996,"25-50,000",E02004798,25_To_50
E07000091,32426.6,41379.584259999996,"25-50,000",E02004779,25_To_50
E07000091,32426.6,41379.584259999996,"25-50,000",E02004791,25_To_50
E07000091,32426.6,41379.584259999996,"25-50,000",E02004787,25_To_50
E07000091,32426.6,41379.584259999996,"25-50,000",E02004786,25_To_50
E07000091,32426.6,41379.584259999996,"25-50,000",E02004797,25_To_50
E07000091,32426.6,41379.584259999996,"25-50,000",E02004782,25_To_50
E07000091,32426.6,41379.584259999996,"25-50,000",E02004780,25_To_50
E07000091,32426.6,41379.584259999996,"25-50,000",E02004783,25_To_50
E07000091,32426.6,41379.584259999996,"25-50,000",E02004795,25_To_50
E07000091,32426.6,41379.584259999996,"25-50,000",E02004800,25_To_50
E07000091,32426.6,41379.584259999996,"25-50,000",E02004784,25_To_50
E07000091,32426.6,41379.584259999996,"25-50,000",E02004785,25_To_50
E07000093,32904.6,41989.560059999996,"25-50,000",E02004822,25_To_50
E07000093,32904.6,41989.560059999996,"25-50,000",E02004825,25_To_50
E07000093,32904.6,41989.560059999996,"25-50,000",E02004817,25_To_50
E07000093,32904.6,41989.560059999996,"25-50,000",E02004818,25_To_50
E07000093,32904.6,41989.560059999996,"25-50,000",E02004826,25_To_50
E07000093,32904.6,41989.560059999996,"25-50,000",E02004828,25_To_50
E07000093,32904.6,41989.560059999996,"25-50,000",E02004823,25_To_50
E07000093,32904.6,41989.560059999996,"25-50,000",E02004827,25_To_50
E07000093,32904.6,41989.560059999996,"25-50,000",E02004819,25_To_50
E07000093,32904.6,41989.560059999996,"25-50,000",E02004824,25_To_50
E07000093,32904.6,41989.560059999996,"25-50,000",E02004814,25_To_50
E07000093,32904.6,41989.560059999996,"25-50,000",E02004820,25_To_50
E07000093,32904.6,41989.560059999996,"25-50,000",E02004816,25_To_50
E07000093,32904.6,41989.560059999996,"25-50,000",E02004821,25_To_50
E07000093,32904.6,41989.560059999996,"25-50,000",E02004815,25_To_50
E07000094,48253.4,61576.16374,"50-75,000",E02004835,50_To_75
E07000094,48253.4,61576.16374,"50-75,000",E02004842,50_To_75
E07000094,48253.4,61576.16374,"50-75,000",E02004836,50_To_75
E07000094,48253.4,61576.16374,"50-75,000",E02004833,50_To_75
E07000094,48253.4,61576.16374,"50-75,000",E02004841,50_To_75
E07000094,48253.4,61576.16374,"50-75,000",E02004831,50_To_75
E07000094,48253.4,61576.16374,"50-75,000",E02004829,50_To_75
E07000094,48253.4,61576.16374,"50-75,000",E02004838,50_To_75
E07000094,48253.4,61576.16374,"50-75,000",E02004830,50_To_75
E07000094,48253.4,61576.16374,"50-75,000",E02004834,50_To_75
E07000094,48253.4,61576.16374,"50-75,000",E02004840,50_To_75
E07000094,48253.4,61576.16374,"50-75,000",E02004837,50_To_75
E07000094,48253.4,61576.16374,"50-75,000",E02004839,50_To_75
E07000094,48253.4,61576.16374,"50-75,000",E02004832,50_To_75
E07000084,43862,55972.2982,"50-75,000",E02004685,50_To_75
E07000084,43862,55972.2982,"50-75,000",E02004683,50_To_75
E07000084,43862,55972.2982,"50-75,000",E02004689,50_To_75
E07000084,43862,55972.2982,"50-75,000",E02004688,50_To_75
E07000084,43862,55972.2982,"50-75,000",E02004675,50_To_75
E07000084,43862,55972.2982,"50-75,000",E02004694,50_To_75
E07000084,43862,55972.2982,"50-75,000",E02004691,50_To_75
E07000084,43862,55972.2982,"50-75,000",E02004679,50_To_75
E07000084,43862,55972.2982,"50-75,000",E02004690,50_To_75
E07000084,43862,55972.2982,"50-75,000",E02004695,50_To_75
E07000084,43862,55972.2982,"50-75,000",E02004692,50_To_75
E07000084,43862,55972.2982,"50-75,000",E02004678,50_To_75
E07000084,43862,55972.2982,"50-75,000",E02004676,50_To_75
E07000084,43862,55972.2982,"50-75,000",E02004677,50_To_75
E07000084,43862,55972.2982,"50-75,000",E02004696,50_To_75
E07000084,43862,55972.2982,"50-75,000",E02004686,50_To_75
E07000084,43862,55972.2982,"50-75,000",E02004693,50_To_75
E07000084,43862,55972.2982,"50-75,000",E02004680,50_To_75
E07000084,43862,55972.2982,"50-75,000",E02004682,50_To_75
E07000084,43862,55972.2982,"50-75,000",E02004681,50_To_75
E07000084,43862,55972.2982,"50-75,000",E02004684,50_To_75
E07000084,43862,55972.2982,"50-75,000",E02004687,50_To_75
E07000089,37145.8,47401.75538,"25-50,000",E02004760,25_To_50
E07000089,37145.8,47401.75538,"25-50,000",E02004752,25_To_50
E07000089,37145.8,47401.75538,"25-50,000",E02004755,25_To_50
E07000089,37145.8,47401.75538,"25-50,000",E02004758,25_To_50
E07000089,37145.8,47401.75538,"25-50,000",E02004757,25_To_50
E07000089,37145.8,47401.75538,"25-50,000",E02004759,25_To_50
E07000089,37145.8,47401.75538,"25-50,000",E02004756,25_To_50
E07000089,37145.8,47401.75538,"25-50,000",E02004761,25_To_50
E07000089,37145.8,47401.75538,"25-50,000",E02004751,25_To_50
E07000089,37145.8,47401.75538,"25-50,000",E02004754,25_To_50
E07000089,37145.8,47401.75538,"25-50,000",E02004753,25_To_50
E07000092,71416.4,91134.46803999999,"75-100,000",E02004813,75_To_100
E07000092,71416.4,91134.46803999999,"75-100,000",E02004805,75_To_100
E07000092,71416.4,91134.46803999999,"75-100,000",E02004811,75_To_100
E07000092,71416.4,91134.46803999999,"75-100,000",E02004810,75_To_100
E07000092,71416.4,91134.46803999999,"75-100,000",E02004807,75_To_100
E07000092,71416.4,91134.46803999999,"75-100,000",E02004802,75_To_100
E07000092,71416.4,91134.46803999999,"75-100,000",E02004808,75_To_100
E07000092,71416.4,91134.46803999999,"75-100,000",E02004812,75_To_100
E07000092,71416.4,91134.46803999999,"75-100,000",E02004803,75_To_100
E07000092,71416.4,91134.46803999999,"75-100,000",E02004804,75_To_100
E07000092,71416.4,91134.46803999999,"75-100,000",E02004806,75_To_100
E07000092,71416.4,91134.46803999999,"75-100,000",E02004809,75_To_100
E06000035,26100.4,33306.720440000005,"25-50,000",E02003334,25_To_50
E06000035,26100.4,33306.720440000005,"25-50,000",E02003323,25_To_50
E06000035,26100.4,33306.720440000005,"25-50,000",E02003325,25_To_50
E06000035,26100.4,33306.720440000005,"25-50,000",E02003329,25_To_50
E06000035,26100.4,33306.720440000005,"25-50,000",E02003330,25_To_50
E06000035,26100.4,33306.720440000005,"25-50,000",E02003314,25_To_50
E06000035,26100.4,33306.720440000005,"25-50,000",E02003343,25_To_50
E06000035,26100.4,33306.720440000005,"25-50,000",E02003341,25_To_50
E06000035,26100.4,33306.720440000005,"25-50,000",E02003351,25_To_50
E06000035,26100.4,33306.720440000005,"25-50,000",E02003321,25_To_50
E06000035,26100.4,33306.720440000005,"25-50,000",E02003344,25_To_50
E06000035,26100.4,33306.720440000005,"25-50,000",E02003340,25_To_50
E06000035,26100.4,33306.720440000005,"25-50,000",E02003320,25_To_50
E06000035,26100.4,33306.720440000005,"25-50,000",E02003349,25_To_50
E06000035,26100.4,33306.720440000005,"25-50,000",E02003328,25_To_50
E06000035,26100.4,33306.720440000005,"25-50,000",E02003338,25_To_50
E06000035,26100.4,33306.720440000005,"25-50,000",E02003319,25_To_50
E06000035,26100.4,33306.720440000005,"25-50,000",E02003316,25_To_50
E06000035,26100.4,33306.720440000005,"25-50,000",E02003331,25_To_50
E06000035,26100.4,33306.720440000005,"25-50,000",E02003342,25_To_50
E06000035,26100.4,33306.720440000005,"25-50,000",E02003336,25_To_50
E06000035,26100.4,33306.720440000005,"25-50,000",E02003327,25_To_50
E06000035,26100.4,33306.720440000005,"25-50,000",E02003337,25_To_50
E06000035,26100.4,33306.720440000005,"25-50,000",E02003339,25_To_50
E06000035,26100.4,33306.720440000005,"25-50,000",E02003350,25_To_50
E06000035,26100.4,33306.720440000005,"25-50,000",E02003324,25_To_50
E06000035,26100.4,33306.720440000005,"25-50,000",E02003346,25_To_50
E06000035,26100.4,33306.720440000005,"25-50,000",E02003318,25_To_50
E06000035,26100.4,33306.720440000005,"25-50,000",E02003315,25_To_50
E06000035,26100.4,33306.720440000005,"25-50,000",E02003317,25_To_50
E06000035,26100.4,33306.720440000005,"25-50,000",E02003322,25_To_50
E06000035,26100.4,33306.720440000005,"25-50,000",E02003332,25_To_50
E06000035,26100.4,33306.720440000005,"25-50,000",E02003348,25_To_50
E06000035,26100.4,33306.720440000005,"25-50,000",E02003345,25_To_50
E06000035,26100.4,33306.720440000005,"25-50,000",E02003326,25_To_50
E06000035,26100.4,33306.720440000005,"25-50,000",E02003347,25_To_50
E06000035,26100.4,33306.720440000005,"25-50,000",E02003333,25_To_50
E06000035,26100.4,33306.720440000005,"25-50,000",E02003335,25_To_50
E07000107,37670.8,48071.70788,"25-50,000",E02005035,25_To_50
E07000107,37670.8,48071.70788,"25-50,000",E02005030,25_To_50
E07000107,37670.8,48071.70788,"25-50,000",E02005039,25_To_50
E07000107,37670.8,48071.70788,"25-50,000",E02005033,25_To_50
E07000107,37670.8,48071.70788,"25-50,000",E02005038,25_To_50
E07000107,37670.8,48071.70788,"25-50,000",E02005028,25_To_50
E07000107,37670.8,48071.70788,"25-50,000",E02005040,25_To_50
E07000107,37670.8,48071.70788,"25-50,000",E02005029,25_To_50
E07000107,37670.8,48071.70788,"25-50,000",E02005031,25_To_50
E07000107,37670.8,48071.70788,"25-50,000",E02005032,25_To_50
E07000107,37670.8,48071.70788,"25-50,000",E02005036,25_To_50
E07000107,37670.8,48071.70788,"25-50,000",E02005034,25_To_50
E07000107,37670.8,48071.70788,"25-50,000",E02005037,25_To_50
E07000109,21425.2,27340.69772,"25-50,000",E02005061,25_To_50
E07000109,21425.2,27340.69772,"25-50,000",E02005056,25_To_50
E07000109,21425.2,27340.69772,"25-50,000",E02005055,25_To_50
E07000109,21425.2,27340.69772,"25-50,000",E02005064,25_To_50
E07000109,21425.2,27340.69772,"25-50,000",E02005058,25_To_50
E07000109,21425.2,27340.69772,"25-50,000",E02005060,25_To_50
E07000109,21425.2,27340.69772,"25-50,000",E02005059,25_To_50
E07000109,21425.2,27340.69772,"25-50,000",E02005057,25_To_50
E07000109,21425.2,27340.69772,"25-50,000",E02005066,25_To_50
E07000109,21425.2,27340.69772,"25-50,000",E02005065,25_To_50
E07000109,21425.2,27340.69772,"25-50,000",E02005063,25_To_50
E07000109,21425.2,27340.69772,"25-50,000",E02005062,25_To_50
E07000109,21425.2,27340.69772,"25-50,000",E02005067,25_To_50
E07000113,25260.8,32235.30688,"25-50,000",E02005121,25_To_50
E07000113,25260.8,32235.30688,"25-50,000",E02005120,25_To_50
E07000113,25260.8,32235.30688,"25-50,000",E02005127,25_To_50
E07000113,25260.8,32235.30688,"25-50,000",E02005130,25_To_50
E07000113,25260.8,32235.30688,"25-50,000",E02005117,25_To_50
E07000113,25260.8,32235.30688,"25-50,000",E02005125,25_To_50
E07000113,25260.8,32235.30688,"25-50,000",E02005129,25_To_50
E07000113,25260.8,32235.30688,"25-50,000",E02005122,25_To_50
E07000113,25260.8,32235.30688,"25-50,000",E02005126,25_To_50
E07000113,25260.8,32235.30688,"25-50,000",E02005124,25_To_50
E07000113,25260.8,32235.30688,"25-50,000",E02005119,25_To_50
E07000113,25260.8,32235.30688,"25-50,000",E02005128,25_To_50
E07000113,25260.8,32235.30688,"25-50,000",E02005116,25_To_50
E07000113,25260.8,32235.30688,"25-50,000",E02005118,25_To_50
E07000113,25260.8,32235.30688,"25-50,000",E02005131,25_To_50
E07000113,25260.8,32235.30688,"25-50,000",E02005123,25_To_50
E07000113,25260.8,32235.30688,"25-50,000",E02005115,25_To_50
E07000106,26780.2,34174.21322,"25-50,000",E02005021,25_To_50
E07000106,26780.2,34174.21322,"25-50,000",E02005012,25_To_50
E07000106,26780.2,34174.21322,"25-50,000",E02005019,25_To_50
E07000106,26780.2,34174.21322,"25-50,000",E02005027,25_To_50
E07000106,26780.2,34174.21322,"25-50,000",E02005010,25_To_50
E07000106,26780.2,34174.21322,"25-50,000",E02005011,25_To_50
E07000106,26780.2,34174.21322,"25-50,000",E02005018,25_To_50
E07000106,26780.2,34174.21322,"25-50,000",E02005017,25_To_50
E07000106,26780.2,34174.21322,"25-50,000",E02005014,25_To_50
E07000106,26780.2,34174.21322,"25-50,000",E02005016,25_To_50
E07000106,26780.2,34174.21322,"25-50,000",E02005013,25_To_50
E07000106,26780.2,34174.21322,"25-50,000",E02005015,25_To_50
E07000106,26780.2,34174.21322,"25-50,000",E02005026,25_To_50
E07000106,26780.2,34174.21322,"25-50,000",E02005020,25_To_50
E07000106,26780.2,34174.21322,"25-50,000",E02005025,25_To_50
E07000106,26780.2,34174.21322,"25-50,000",E02006856,25_To_50
E07000106,26780.2,34174.21322,"25-50,000",E02006855,25_To_50
E07000106,26780.2,34174.21322,"25-50,000",E02005023,25_To_50
E07000106,26780.2,34174.21322,"25-50,000",E02005022,25_To_50
E07000108,26198.2,33431.52302,"25-50,000",E02005046,25_To_50
E07000108,26198.2,33431.52302,"25-50,000",E02005051,25_To_50
E07000108,26198.2,33431.52302,"25-50,000",E02005043,25_To_50
E07000108,26198.2,33431.52302,"25-50,000",E02005052,25_To_50
E07000108,26198.2,33431.52302,"25-50,000",E02005044,25_To_50
E07000108,26198.2,33431.52302,"25-50,000",E02005053,25_To_50
E07000108,26198.2,33431.52302,"25-50,000",E02005045,25_To_50
E07000108,26198.2,33431.52302,"25-50,000",E02005050,25_To_50
E07000108,26198.2,33431.52302,"25-50,000",E02005048,25_To_50
E07000108,26198.2,33431.52302,"25-50,000",E02005042,25_To_50
E07000108,26198.2,33431.52302,"25-50,000",E02005041,25_To_50
E07000108,26198.2,33431.52302,"25-50,000",E02005054,25_To_50
E07000108,26198.2,33431.52302,"25-50,000",E02005047,25_To_50
E07000108,26198.2,33431.52302,"25-50,000",E02005049,25_To_50
E07000112,24431.8,31177.41998,"25-50,000",E02005114,25_To_50
E07000112,24431.8,31177.41998,"25-50,000",E02006879,25_To_50
E07000112,24431.8,31177.41998,"25-50,000",E02005104,25_To_50
E07000112,24431.8,31177.41998,"25-50,000",E02005106,25_To_50
E07000112,24431.8,31177.41998,"25-50,000",E02005107,25_To_50
E07000112,24431.8,31177.41998,"25-50,000",E02005103,25_To_50
E07000112,24431.8,31177.41998,"25-50,000",E02005112,25_To_50
E07000112,24431.8,31177.41998,"25-50,000",E02005102,25_To_50
E07000112,24431.8,31177.41998,"25-50,000",E02005113,25_To_50
E07000112,24431.8,31177.41998,"25-50,000",E02005110,25_To_50
E07000112,24431.8,31177.41998,"25-50,000",E02005109,25_To_50
E07000112,24431.8,31177.41998,"25-50,000",E02005111,25_To_50
E07000112,24431.8,31177.41998,"25-50,000",E02006880,25_To_50
E07000112,24431.8,31177.41998,"25-50,000",E02005105,25_To_50
E07000114,19258.2,24575.389020000002,"<25,000",E02005142,Less_Than_25
E07000114,19258.2,24575.389020000002,"<25,000",E02005143,Less_Than_25
E07000114,19258.2,24575.389020000002,"<25,000",E02005139,Less_Than_25
E07000114,19258.2,24575.389020000002,"<25,000",E02005145,Less_Than_25
E07000114,19258.2,24575.389020000002,"<25,000",E02005141,Less_Than_25
E07000114,19258.2,24575.389020000002,"<25,000",E02005134,Less_Than_25
E07000114,19258.2,24575.389020000002,"<25,000",E02005146,Less_Than_25
E07000114,19258.2,24575.389020000002,"<25,000",E02005136,Less_Than_25
E07000114,19258.2,24575.389020000002,"<25,000",E02005138,Less_Than_25
E07000114,19258.2,24575.389020000002,"<25,000",E02005140,Less_Than_25
E07000114,19258.2,24575.389020000002,"<25,000",E02005132,Less_Than_25
E07000114,19258.2,24575.389020000002,"<25,000",E02005148,Less_Than_25
E07000114,19258.2,24575.389020000002,"<25,000",E02005133,Less_Than_25
E07000114,19258.2,24575.389020000002,"<25,000",E02005135,Less_Than_25
E07000114,19258.2,24575.389020000002,"<25,000",E02005144,Less_Than_25
E07000114,19258.2,24575.389020000002,"<25,000",E02005137,Less_Than_25
E07000114,19258.2,24575.389020000002,"<25,000",E02005147,Less_Than_25
E07000105,28691,36612.585100000004,"25-50,000",E02005000,25_To_50
E07000105,28691,36612.585100000004,"25-50,000",E02005004,25_To_50
E07000105,28691,36612.585100000004,"25-50,000",E02004999,25_To_50
E07000105,28691,36612.585100000004,"25-50,000",E02004996,25_To_50
E07000105,28691,36612.585100000004,"25-50,000",E02005007,25_To_50
E07000105,28691,36612.585100000004,"25-50,000",E02005002,25_To_50
E07000105,28691,36612.585100000004,"25-50,000",E02005003,25_To_50
E07000105,28691,36612.585100000004,"25-50,000",E02005001,25_To_50
E07000105,28691,36612.585100000004,"25-50,000",E02005008,25_To_50
E07000105,28691,36612.585100000004,"25-50,000",E02004997,25_To_50
E07000105,28691,36612.585100000004,"25-50,000",E02005005,25_To_50
E07000105,28691,36612.585100000004,"25-50,000",E02005006,25_To_50
E07000105,28691,36612.585100000004,"25-50,000",E02004998,25_To_50
E07000105,28691,36612.585100000004,"25-50,000",E02005009,25_To_50
E07000110,31072.6,39651.74486,"25-50,000",E02005079,25_To_50
E07000110,31072.6,39651.74486,"25-50,000",E02005082,25_To_50
E07000110,31072.6,39651.74486,"25-50,000",E02005071,25_To_50
E07000110,31072.6,39651.74486,"25-50,000",E02005084,25_To_50
E07000110,31072.6,39651.74486,"25-50,000",E02005075,25_To_50
E07000110,31072.6,39651.74486,"25-50,000",E02005073,25_To_50
E07000110,31072.6,39651.74486,"25-50,000",E02005076,25_To_50
E07000110,31072.6,39651.74486,"25-50,000",E02005077,25_To_50
E07000110,31072.6,39651.74486,"25-50,000",E02005080,25_To_50
E07000110,31072.6,39651.74486,"25-50,000",E02005070,25_To_50
E07000110,31072.6,39651.74486,"25-50,000",E02005072,25_To_50
E07000110,31072.6,39651.74486,"25-50,000",E02005083,25_To_50
E07000110,31072.6,39651.74486,"25-50,000",E02005086,25_To_50
E07000110,31072.6,39651.74486,"25-50,000",E02005085,25_To_50
E07000110,31072.6,39651.74486,"25-50,000",E02005068,25_To_50
E07000110,31072.6,39651.74486,"25-50,000",E02005074,25_To_50
E07000110,31072.6,39651.74486,"25-50,000",E02005069,25_To_50
E07000110,31072.6,39651.74486,"25-50,000",E02005078,25_To_50
E07000110,31072.6,39651.74486,"25-50,000",E02005081,25_To_50
E07000111,40574.4,51776.99184,"50-75,000",E02005095,50_To_75
E07000111,40574.4,51776.99184,"50-75,000",E02005101,50_To_75
E07000111,40574.4,51776.99184,"50-75,000",E02005091,50_To_75
E07000111,40574.4,51776.99184,"50-75,000",E02005089,50_To_75
E07000111,40574.4,51776.99184,"50-75,000",E02005090,50_To_75
E07000111,40574.4,51776.99184,"50-75,000",E02005094,50_To_75
E07000111,40574.4,51776.99184,"50-75,000",E02005098,50_To_75
E07000111,40574.4,51776.99184,"50-75,000",E02005099,50_To_75
E07000111,40574.4,51776.99184,"50-75,000",E02005097,50_To_75
E07000111,40574.4,51776.99184,"50-75,000",E02005096,50_To_75
E07000111,40574.4,51776.99184,"50-75,000",E02005100,50_To_75
E07000111,40574.4,51776.99184,"50-75,000",E02005088,50_To_75
E07000111,40574.4,51776.99184,"50-75,000",E02005093,50_To_75
E07000111,40574.4,51776.99184,"50-75,000",E02006832,50_To_75
E07000111,40574.4,51776.99184,"50-75,000",E02005087,50_To_75
E07000115,42759.2,54565.01512,"50-75,000",E02005156,50_To_75
E07000115,42759.2,54565.01512,"50-75,000",E02005150,50_To_75
E07000115,42759.2,54565.01512,"50-75,000",E02005154,50_To_75
E07000115,42759.2,54565.01512,"50-75,000",E02005158,50_To_75
E07000115,42759.2,54565.01512,"50-75,000",E02005151,50_To_75
E07000115,42759.2,54565.01512,"50-75,000",E02006833,50_To_75
E07000115,42759.2,54565.01512,"50-75,000",E02005149,50_To_75
E07000115,42759.2,54565.01512,"50-75,000",E02005160,50_To_75
E07000115,42759.2,54565.01512,"50-75,000",E02005161,50_To_75
E07000115,42759.2,54565.01512,"50-75,000",E02005155,50_To_75
E07000115,42759.2,54565.01512,"50-75,000",E02005153,50_To_75
E07000115,42759.2,54565.01512,"50-75,000",E02005157,50_To_75
E07000115,42759.2,54565.01512,"50-75,000",E02005159,50_To_75
E07000116,35039.2,44713.52312,"25-50,000",E02005169,25_To_50
E07000116,35039.2,44713.52312,"25-50,000",E02005163,25_To_50
E07000116,35039.2,44713.52312,"25-50,000",E02005174,25_To_50
E07000116,35039.2,44713.52312,"25-50,000",E02005173,25_To_50
E07000116,35039.2,44713.52312,"25-50,000",E02005164,25_To_50
E07000116,35039.2,44713.52312,"25-50,000",E02005172,25_To_50
E07000116,35039.2,44713.52312,"25-50,000",E02005175,25_To_50
E07000116,35039.2,44713.52312,"25-50,000",E02005162,25_To_50
E07000116,35039.2,44713.52312,"25-50,000",E02005170,25_To_50
E07000116,35039.2,44713.52312,"25-50,000",E02005167,25_To_50
E07000116,35039.2,44713.52312,"25-50,000",E02005168,25_To_50
E07000116,35039.2,44713.52312,"25-50,000",E02005171,25_To_50
E07000116,35039.2,44713.52312,"25-50,000",E02005166,25_To_50
E07000116,35039.2,44713.52312,"25-50,000",E02005165,25_To_50
E06000052,25353.6,32353.728959999997,"25-50,000",E02003894,25_To_50
E06000052,25353.6,32353.728959999997,"25-50,000",E02003943,25_To_50
E06000052,25353.6,32353.728959999997,"25-50,000",E02003946,25_To_50
E06000052,25353.6,32353.728959999997,"25-50,000",E02003919,25_To_50
E06000052,25353.6,32353.728959999997,"25-50,000",E02003903,25_To_50
E06000052,25353.6,32353.728959999997,"25-50,000",E02003921,25_To_50
E06000052,25353.6,32353.728959999997,"25-50,000",E02003961,25_To_50
E06000052,25353.6,32353.728959999997,"25-50,000",E02003893,25_To_50
E06000052,25353.6,32353.728959999997,"25-50,000",E02003930,25_To_50
E06000052,25353.6,32353.728959999997,"25-50,000",E02003954,25_To_50
E06000052,25353.6,32353.728959999997,"25-50,000",E02003960,25_To_50
E06000052,25353.6,32353.728959999997,"25-50,000",E02003963,25_To_50
E06000052,25353.6,32353.728959999997,"25-50,000",E02003962,25_To_50
E06000052,25353.6,32353.728959999997,"25-50,000",E02003898,25_To_50
E06000052,25353.6,32353.728959999997,"25-50,000",E02003952,25_To_50
E06000052,25353.6,32353.728959999997,"25-50,000",E02003937,25_To_50
E06000052,25353.6,32353.728959999997,"25-50,000",E02003940,25_To_50
E06000052,25353.6,32353.728959999997,"25-50,000",E02003916,25_To_50
E06000052,25353.6,32353.728959999997,"25-50,000",E02003911,25_To_50
E06000052,25353.6,32353.728959999997,"25-50,000",E02003936,25_To_50
E06000052,25353.6,32353.728959999997,"25-50,000",E02003964,25_To_50
E06000052,25353.6,32353.728959999997,"25-50,000",E02003958,25_To_50
E06000052,25353.6,32353.728959999997,"25-50,000",E02003907,25_To_50
E06000052,25353.6,32353.728959999997,"25-50,000",E02003909,25_To_50
E06000052,25353.6,32353.728959999997,"25-50,000",E02003942,25_To_50
E06000052,25353.6,32353.728959999997,"25-50,000",E02003957,25_To_50
E06000052,25353.6,32353.728959999997,"25-50,000",E02003913,25_To_50
E06000052,25353.6,32353.728959999997,"25-50,000",E02003931,25_To_50
E06000052,25353.6,32353.728959999997,"25-50,000",E02003934,25_To_50
E06000052,25353.6,32353.728959999997,"25-50,000",E02003933,25_To_50
E06000052,25353.6,32353.728959999997,"25-50,000",E02003892,25_To_50
E06000052,25353.6,32353.728959999997,"25-50,000",E02003895,25_To_50
E06000052,25353.6,32353.728959999997,"25-50,000",E02003901,25_To_50
E06000052,25353.6,32353.728959999997,"25-50,000",E02003904,25_To_50
E06000052,25353.6,32353.728959999997,"25-50,000",E02003896,25_To_50
E06000052,25353.6,32353.728959999997,"25-50,000",E02003905,25_To_50
E06000052,25353.6,32353.728959999997,"25-50,000",E02003906,25_To_50
E06000052,25353.6,32353.728959999997,"25-50,000",E02003927,25_To_50
E06000052,25353.6,32353.728959999997,"25-50,000",E02003912,25_To_50
E06000052,25353.6,32353.728959999997,"25-50,000",E02003932,25_To_50
E06000052,25353.6,32353.728959999997,"25-50,000",E02003899,25_To_50
E06000052,25353.6,32353.728959999997,"25-50,000",E02003910,25_To_50
E06000052,25353.6,32353.728959999997,"25-50,000",E02003908,25_To_50
E06000052,25353.6,32353.728959999997,"25-50,000",E02003928,25_To_50
E06000052,25353.6,32353.728959999997,"25-50,000",E02003938,25_To_50
E06000052,25353.6,32353.728959999997,"25-50,000",E02003939,25_To_50
E06000052,25353.6,32353.728959999997,"25-50,000",E02003948,25_To_50
E06000052,25353.6,32353.728959999997,"25-50,000",E02003944,25_To_50
E06000052,25353.6,32353.728959999997,"25-50,000",E02003949,25_To_50
E06000052,25353.6,32353.728959999997,"25-50,000",E02003929,25_To_50
E06000052,25353.6,32353.728959999997,"25-50,000",E02003926,25_To_50
E06000052,25353.6,32353.728959999997,"25-50,000",E02003924,25_To_50
E06000052,25353.6,32353.728959999997,"25-50,000",E02003918,25_To_50
E06000052,25353.6,32353.728959999997,"25-50,000",E02003900,25_To_50
E06000052,25353.6,32353.728959999997,"25-50,000",E02003945,25_To_50
E06000052,25353.6,32353.728959999997,"25-50,000",E02003947,25_To_50
E06000052,25353.6,32353.728959999997,"25-50,000",E02003914,25_To_50
E06000052,25353.6,32353.728959999997,"25-50,000",E02003915,25_To_50
E06000052,25353.6,32353.728959999997,"25-50,000",E02003923,25_To_50
E06000052,25353.6,32353.728959999997,"25-50,000",E02003925,25_To_50
E06000052,25353.6,32353.728959999997,"25-50,000",E02003922,25_To_50
E06000052,25353.6,32353.728959999997,"25-50,000",E02003920,25_To_50
E06000052,25353.6,32353.728959999997,"25-50,000",E02003951,25_To_50
E06000052,25353.6,32353.728959999997,"25-50,000",E02003953,25_To_50
E06000052,25353.6,32353.728959999997,"25-50,000",E02003897,25_To_50
E06000052,25353.6,32353.728959999997,"25-50,000",E02003935,25_To_50
E06000052,25353.6,32353.728959999997,"25-50,000",E02003950,25_To_50
E06000052,25353.6,32353.728959999997,"25-50,000",E02003956,25_To_50
E06000052,25353.6,32353.728959999997,"25-50,000",E02003941,25_To_50
E06000052,25353.6,32353.728959999997,"25-50,000",E02003902,25_To_50
E06000052,25353.6,32353.728959999997,"25-50,000",E02003955,25_To_50
E06000052,25353.6,32353.728959999997,"25-50,000",E02003959,25_To_50
E06000052,25353.6,32353.728959999997,"25-50,000",E02003917,25_To_50
E06000053,33689.2,42990.78812,"25-50,000",E02006781,25_To_50
E06000026,26952,34393.4472,"25-50,000",E02003130,25_To_50
E06000026,26952,34393.4472,"25-50,000",E02003132,25_To_50
E06000026,26952,34393.4472,"25-50,000",E02003128,25_To_50
E06000026,26952,34393.4472,"25-50,000",E02003125,25_To_50
E06000026,26952,34393.4472,"25-50,000",E02003142,25_To_50
E06000026,26952,34393.4472,"25-50,000",E02003126,25_To_50
E06000026,26952,34393.4472,"25-50,000",E02003152,25_To_50
E06000026,26952,34393.4472,"25-50,000",E02003124,25_To_50
E06000026,26952,34393.4472,"25-50,000",E02003135,25_To_50
E06000026,26952,34393.4472,"25-50,000",E02003123,25_To_50
E06000026,26952,34393.4472,"25-50,000",E02003141,25_To_50
E06000026,26952,34393.4472,"25-50,000",E02003144,25_To_50
E06000026,26952,34393.4472,"25-50,000",E02003137,25_To_50
E06000026,26952,34393.4472,"25-50,000",E02003143,25_To_50
E06000026,26952,34393.4472,"25-50,000",E02003140,25_To_50
E06000026,26952,34393.4472,"25-50,000",E02003136,25_To_50
E06000026,26952,34393.4472,"25-50,000",E02003151,25_To_50
E06000026,26952,34393.4472,"25-50,000",E02003145,25_To_50
E06000026,26952,34393.4472,"25-50,000",E02003150,25_To_50
E06000026,26952,34393.4472,"25-50,000",E02003148,25_To_50
E06000026,26952,34393.4472,"25-50,000",E02003147,25_To_50
E06000026,26952,34393.4472,"25-50,000",E02003134,25_To_50
E06000026,26952,34393.4472,"25-50,000",E02003127,25_To_50
E06000026,26952,34393.4472,"25-50,000",E02003122,25_To_50
E06000026,26952,34393.4472,"25-50,000",E02003131,25_To_50
E06000026,26952,34393.4472,"25-50,000",E02003133,25_To_50
E06000026,26952,34393.4472,"25-50,000",E02003129,25_To_50
E06000026,26952,34393.4472,"25-50,000",E02003139,25_To_50
E06000026,26952,34393.4472,"25-50,000",E02003153,25_To_50
E06000026,26952,34393.4472,"25-50,000",E02003149,25_To_50
E06000026,26952,34393.4472,"25-50,000",E02003146,25_To_50
E06000026,26952,34393.4472,"25-50,000",E02003138,25_To_50
E06000027,18632.2,23776.55042,"<25,000",E02003157,Less_Than_25
E06000027,18632.2,23776.55042,"<25,000",E02003154,Less_Than_25
E06000027,18632.2,23776.55042,"<25,000",E02003166,Less_Than_25
E06000027,18632.2,23776.55042,"<25,000",E02003170,Less_Than_25
E06000027,18632.2,23776.55042,"<25,000",E02003169,Less_Than_25
E06000027,18632.2,23776.55042,"<25,000",E02003168,Less_Than_25
E06000027,18632.2,23776.55042,"<25,000",E02003171,Less_Than_25
E06000027,18632.2,23776.55042,"<25,000",E02003167,Less_Than_25
E06000027,18632.2,23776.55042,"<25,000",E02003158,Less_Than_25
E06000027,18632.2,23776.55042,"<25,000",E02003156,Less_Than_25
E06000027,18632.2,23776.55042,"<25,000",E02003165,Less_Than_25
E06000027,18632.2,23776.55042,"<25,000",E02006840,Less_Than_25
E06000027,18632.2,23776.55042,"<25,000",E02003161,Less_Than_25
E06000027,18632.2,23776.55042,"<25,000",E02003159,Less_Than_25
E06000027,18632.2,23776.55042,"<25,000",E02003164,Less_Than_25
E06000027,18632.2,23776.55042,"<25,000",E02003163,Less_Than_25
E06000027,18632.2,23776.55042,"<25,000",E02003155,Less_Than_25
E07000040,24684,31499.2524,"25-50,000",E02004138,25_To_50
E07000040,24684,31499.2524,"25-50,000",E02004140,25_To_50
E07000040,24684,31499.2524,"25-50,000",E02004134,25_To_50
E07000040,24684,31499.2524,"25-50,000",E02004142,25_To_50
E07000040,24684,31499.2524,"25-50,000",E02004146,25_To_50
E07000040,24684,31499.2524,"25-50,000",E02004148,25_To_50
E07000040,24684,31499.2524,"25-50,000",E02004147,25_To_50
E07000040,24684,31499.2524,"25-50,000",E02004131,25_To_50
E07000040,24684,31499.2524,"25-50,000",E02004143,25_To_50
E07000040,24684,31499.2524,"25-50,000",E02004144,25_To_50
E07000040,24684,31499.2524,"25-50,000",E02004130,25_To_50
E07000040,24684,31499.2524,"25-50,000",E02004136,25_To_50
E07000040,24684,31499.2524,"25-50,000",E02004139,25_To_50
E07000040,24684,31499.2524,"25-50,000",E02004145,25_To_50
E07000040,24684,31499.2524,"25-50,000",E02004135,25_To_50
E07000040,24684,31499.2524,"25-50,000",E02004129,25_To_50
E07000040,24684,31499.2524,"25-50,000",E02004132,25_To_50
E07000040,24684,31499.2524,"25-50,000",E02004141,25_To_50
E07000040,24684,31499.2524,"25-50,000",E02004137,25_To_50
E07000040,24684,31499.2524,"25-50,000",E02004133,25_To_50
E07000041,49368.8,62999.525680000006,"50-75,000",E02004158,50_To_75
E07000041,49368.8,62999.525680000006,"50-75,000",E02004156,50_To_75
E07000041,49368.8,62999.525680000006,"50-75,000",E02004160,50_To_75
E07000041,49368.8,62999.525680000006,"50-75,000",E02004153,50_To_75
E07000041,49368.8,62999.525680000006,"50-75,000",E02004150,50_To_75
E07000041,49368.8,62999.525680000006,"50-75,000",E02004163,50_To_75
E07000041,49368.8,62999.525680000006,"50-75,000",E02004149,50_To_75
E07000041,49368.8,62999.525680000006,"50-75,000",E02004151,50_To_75
E07000041,49368.8,62999.525680000006,"50-75,000",E02004152,50_To_75
E07000041,49368.8,62999.525680000006,"50-75,000",E02004157,50_To_75
E07000041,49368.8,62999.525680000006,"50-75,000",E02004159,50_To_75
E07000041,49368.8,62999.525680000006,"50-75,000",E02004155,50_To_75
E07000041,49368.8,62999.525680000006,"50-75,000",E02004162,50_To_75
E07000041,49368.8,62999.525680000006,"50-75,000",E02004154,50_To_75
E07000041,49368.8,62999.525680000006,"50-75,000",E02004161,50_To_75
E07000042,21649.4,27626.79934,"25-50,000",E02004164,25_To_50
E07000042,21649.4,27626.79934,"25-50,000",E02004165,25_To_50
E07000042,21649.4,27626.79934,"25-50,000",E02004169,25_To_50
E07000042,21649.4,27626.79934,"25-50,000",E02004173,25_To_50
E07000042,21649.4,27626.79934,"25-50,000",E02004171,25_To_50
E07000042,21649.4,27626.79934,"25-50,000",E02004174,25_To_50
E07000042,21649.4,27626.79934,"25-50,000",E02004172,25_To_50
E07000042,21649.4,27626.79934,"25-50,000",E02004167,25_To_50
E07000042,21649.4,27626.79934,"25-50,000",E02004168,25_To_50
E07000042,21649.4,27626.79934,"25-50,000",E02004170,25_To_50
E07000042,21649.4,27626.79934,"25-50,000",E02004166,25_To_50
E07000043,28741.2,36676.64532,"25-50,000",E02004186,25_To_50
E07000043,28741.2,36676.64532,"25-50,000",E02004184,25_To_50
E07000043,28741.2,36676.64532,"25-50,000",E02004180,25_To_50
E07000043,28741.2,36676.64532,"25-50,000",E02004187,25_To_50
E07000043,28741.2,36676.64532,"25-50,000",E02004179,25_To_50
E07000043,28741.2,36676.64532,"25-50,000",E02004175,25_To_50
E07000043,28741.2,36676.64532,"25-50,000",E02004183,25_To_50
E07000043,28741.2,36676.64532,"25-50,000",E02004181,25_To_50
E07000043,28741.2,36676.64532,"25-50,000",E02004182,25_To_50
E07000043,28741.2,36676.64532,"25-50,000",E02004177,25_To_50
E07000043,28741.2,36676.64532,"25-50,000",E02004188,25_To_50
E07000043,28741.2,36676.64532,"25-50,000",E02004178,25_To_50
E07000043,28741.2,36676.64532,"25-50,000",E02004185,25_To_50
E07000043,28741.2,36676.64532,"25-50,000",E02004176,25_To_50
E07000044,28998.2,37004.60302,"25-50,000",E02004199,25_To_50
E07000044,28998.2,37004.60302,"25-50,000",E02004200,25_To_50
E07000044,28998.2,37004.60302,"25-50,000",E02004195,25_To_50
E07000044,28998.2,37004.60302,"25-50,000",E02004191,25_To_50
E07000044,28998.2,37004.60302,"25-50,000",E02004197,25_To_50
E07000044,28998.2,37004.60302,"25-50,000",E02004192,25_To_50
E07000044,28998.2,37004.60302,"25-50,000",E02004193,25_To_50
E07000044,28998.2,37004.60302,"25-50,000",E02004198,25_To_50
E07000044,28998.2,37004.60302,"25-50,000",E02004194,25_To_50
E07000044,28998.2,37004.60302,"25-50,000",E02004196,25_To_50
E07000044,28998.2,37004.60302,"25-50,000",E02004190,25_To_50
E07000044,28998.2,37004.60302,"25-50,000",E02004189,25_To_50
E07000045,22674,28934.291400000002,"25-50,000",E02004206,25_To_50
E07000045,22674,28934.291400000002,"25-50,000",E02004218,25_To_50
E07000045,22674,28934.291400000002,"25-50,000",E02004207,25_To_50
E07000045,22674,28934.291400000002,"25-50,000",E02004212,25_To_50
E07000045,22674,28934.291400000002,"25-50,000",E02004208,25_To_50
E07000045,22674,28934.291400000002,"25-50,000",E02004219,25_To_50
E07000045,22674,28934.291400000002,"25-50,000",E02004217,25_To_50
E07000045,22674,28934.291400000002,"25-50,000",E02004216,25_To_50
E07000045,22674,28934.291400000002,"25-50,000",E02004204,25_To_50
E07000045,22674,28934.291400000002,"25-50,000",E02004205,25_To_50
E07000045,22674,28934.291400000002,"25-50,000",E02004202,25_To_50
E07000045,22674,28934.291400000002,"25-50,000",E02004209,25_To_50
E07000045,22674,28934.291400000002,"25-50,000",E02004210,25_To_50
E07000045,22674,28934.291400000002,"25-50,000",E02004201,25_To_50
E07000045,22674,28934.291400000002,"25-50,000",E02004203,25_To_50
E07000045,22674,28934.291400000002,"25-50,000",E02004211,25_To_50
E07000045,22674,28934.291400000002,"25-50,000",E02004214,25_To_50
E07000045,22674,28934.291400000002,"25-50,000",E02004215,25_To_50
E07000045,22674,28934.291400000002,"25-50,000",E02004213,25_To_50
E07000046,18990.4,24233.64944,"<25,000",E02004223,Less_Than_25
E07000046,18990.4,24233.64944,"<25,000",E02004222,Less_Than_25
E07000046,18990.4,24233.64944,"<25,000",E02004220,Less_Than_25
E07000046,18990.4,24233.64944,"<25,000",E02004221,Less_Than_25
E07000046,18990.4,24233.64944,"<25,000",E02004225,Less_Than_25
E07000046,18990.4,24233.64944,"<25,000",E02004224,Less_Than_25
E07000046,18990.4,24233.64944,"<25,000",E02004226,Less_Than_25
E07000046,18990.4,24233.64944,"<25,000",E02004228,Less_Than_25
E07000046,18990.4,24233.64944,"<25,000",E02004227,Less_Than_25
E07000047,18081.4,23073.674540000004,"<25,000",E02004231,Less_Than_25
E07000047,18081.4,23073.674540000004,"<25,000",E02004229,Less_Than_25
E07000047,18081.4,23073.674540000004,"<25,000",E02004230,Less_Than_25
E07000047,18081.4,23073.674540000004,"<25,000",E02004234,Less_Than_25
E07000047,18081.4,23073.674540000004,"<25,000",E02004233,Less_Than_25
E07000047,18081.4,23073.674540000004,"<25,000",E02004232,Less_Than_25
E07000047,18081.4,23073.674540000004,"<25,000",E02004235,Less_Than_25
E06000023,40773.2,52030.680519999994,"50-75,000",E02003059,50_To_75
E06000023,40773.2,52030.680519999994,"50-75,000",E02003012,50_To_75
E06000023,40773.2,52030.680519999994,"50-75,000",E02003038,50_To_75
E06000023,40773.2,52030.680519999994,"50-75,000",E02003034,50_To_75
E06000023,40773.2,52030.680519999994,"50-75,000",E02006890,50_To_75
E06000023,40773.2,52030.680519999994,"50-75,000",E02003025,50_To_75
E06000023,40773.2,52030.680519999994,"50-75,000",E02003039,50_To_75
E06000023,40773.2,52030.680519999994,"50-75,000",E02003050,50_To_75
E06000023,40773.2,52030.680519999994,"50-75,000",E02003030,50_To_75
E06000023,40773.2,52030.680519999994,"50-75,000",E02006888,50_To_75
E06000023,40773.2,52030.680519999994,"50-75,000",E02006889,50_To_75
E06000023,40773.2,52030.680519999994,"50-75,000",E02003062,50_To_75
E06000023,40773.2,52030.680519999994,"50-75,000",E02003058,50_To_75
E06000023,40773.2,52030.680519999994,"50-75,000",E02003060,50_To_75
E06000023,40773.2,52030.680519999994,"50-75,000",E02003057,50_To_75
E06000023,40773.2,52030.680519999994,"50-75,000",E02003049,50_To_75
E06000023,40773.2,52030.680519999994,"50-75,000",E02003023,50_To_75
E06000023,40773.2,52030.680519999994,"50-75,000",E02003024,50_To_75
E06000023,40773.2,52030.680519999994,"50-75,000",E02003028,50_To_75
E06000023,40773.2,52030.680519999994,"50-75,000",E02003017,50_To_75
E06000023,40773.2,52030.680519999994,"50-75,000",E02003015,50_To_75
E06000023,40773.2,52030.680519999994,"50-75,000",E02003047,50_To_75
E06000023,40773.2,52030.680519999994,"50-75,000",E02006887,50_To_75
E06000023,40773.2,52030.680519999994,"50-75,000",E02003032,50_To_75
E06000023,40773.2,52030.680519999994,"50-75,000",E02003041,50_To_75
E06000023,40773.2,52030.680519999994,"50-75,000",E02003022,50_To_75
E06000023,40773.2,52030.680519999994,"50-75,000",E02003018,50_To_75
E06000023,40773.2,52030.680519999994,"50-75,000",E02003026,50_To_75
E06000023,40773.2,52030.680519999994,"50-75,000",E02003020,50_To_75
E06000023,40773.2,52030.680519999994,"50-75,000",E02003019,50_To_75
E06000023,40773.2,52030.680519999994,"50-75,000",E02003014,50_To_75
E06000023,40773.2,52030.680519999994,"50-75,000",E02003052,50_To_75
E06000023,40773.2,52030.680519999994,"50-75,000",E02003061,50_To_75
E06000023,40773.2,52030.680519999994,"50-75,000",E02003016,50_To_75
E06000023,40773.2,52030.680519999994,"50-75,000",E02003013,50_To_75
E06000023,40773.2,52030.680519999994,"50-75,000",E02003036,50_To_75
E06000023,40773.2,52030.680519999994,"50-75,000",E02003064,50_To_75
E06000023,40773.2,52030.680519999994,"50-75,000",E02003046,50_To_75
E06000023,40773.2,52030.680519999994,"50-75,000",E02003033,50_To_75
E06000023,40773.2,52030.680519999994,"50-75,000",E02003031,50_To_75
E06000023,40773.2,52030.680519999994,"50-75,000",E02003063,50_To_75
E06000023,40773.2,52030.680519999994,"50-75,000",E02003044,50_To_75
E06000023,40773.2,52030.680519999994,"50-75,000",E02003040,50_To_75
E06000023,40773.2,52030.680519999994,"50-75,000",E02003029,50_To_75
E06000023,40773.2,52030.680519999994,"50-75,000",E02003055,50_To_75
E06000023,40773.2,52030.680519999994,"50-75,000",E02003053,50_To_75
E06000023,40773.2,52030.680519999994,"50-75,000",E02003027,50_To_75
E06000023,40773.2,52030.680519999994,"50-75,000",E02003051,50_To_75
E06000023,40773.2,52030.680519999994,"50-75,000",E02003056,50_To_75
E06000023,40773.2,52030.680519999994,"50-75,000",E02003021,50_To_75
E06000023,40773.2,52030.680519999994,"50-75,000",E02003045,50_To_75
E06000023,40773.2,52030.680519999994,"50-75,000",E02003048,50_To_75
E06000023,40773.2,52030.680519999994,"50-75,000",E02003043,50_To_75
E06000023,40773.2,52030.680519999994,"50-75,000",E02003037,50_To_75
E06000023,40773.2,52030.680519999994,"50-75,000",E02003054,50_To_75
E06000022,28260.6,36063.35166,"25-50,000",E02002986,25_To_50
E06000022,28260.6,36063.35166,"25-50,000",E02002994,25_To_50
E06000022,28260.6,36063.35166,"25-50,000",E02003005,25_To_50
E06000022,28260.6,36063.35166,"25-50,000",E02003002,25_To_50
E06000022,28260.6,36063.35166,"25-50,000",E02003000,25_To_50
E06000022,28260.6,36063.35166,"25-50,000",E02002987,25_To_50
E06000022,28260.6,36063.35166,"25-50,000",E02002993,25_To_50
E06000022,28260.6,36063.35166,"25-50,000",E02003001,25_To_50
E06000022,28260.6,36063.35166,"25-50,000",E02003004,25_To_50
E06000022,28260.6,36063.35166,"25-50,000",E02002989,25_To_50
E06000022,28260.6,36063.35166,"25-50,000",E02002996,25_To_50
E06000022,28260.6,36063.35166,"25-50,000",E02002985,25_To_50
E06000022,28260.6,36063.35166,"25-50,000",E02002991,25_To_50
E06000022,28260.6,36063.35166,"25-50,000",E02002990,25_To_50
E06000022,28260.6,36063.35166,"25-50,000",E02002988,25_To_50
E06000022,28260.6,36063.35166,"25-50,000",E02002992,25_To_50
E06000022,28260.6,36063.35166,"25-50,000",E02002998,25_To_50
E06000022,28260.6,36063.35166,"25-50,000",E02002995,25_To_50
E06000022,28260.6,36063.35166,"25-50,000",E02002997,25_To_50
E06000022,28260.6,36063.35166,"25-50,000",E02003003,25_To_50
E06000022,28260.6,36063.35166,"25-50,000",E02002999,25_To_50
E06000022,28260.6,36063.35166,"25-50,000",E02003011,25_To_50
E06000022,28260.6,36063.35166,"25-50,000",E02003009,25_To_50
E06000022,28260.6,36063.35166,"25-50,000",E02003007,25_To_50
E06000022,28260.6,36063.35166,"25-50,000",E02003010,25_To_50
E06000022,28260.6,36063.35166,"25-50,000",E02003006,25_To_50
E06000022,28260.6,36063.35166,"25-50,000",E02003008,25_To_50
E06000025,51245.4,65394.25494,"50-75,000",E02003102,50_To_75
E06000025,51245.4,65394.25494,"50-75,000",E02003120,50_To_75
E06000025,51245.4,65394.25494,"50-75,000",E02003113,50_To_75
E06000025,51245.4,65394.25494,"50-75,000",E02003105,50_To_75
E06000025,51245.4,65394.25494,"50-75,000",E02003116,50_To_75
E06000025,51245.4,65394.25494,"50-75,000",E02003115,50_To_75
E06000025,51245.4,65394.25494,"50-75,000",E02003092,50_To_75
E06000025,51245.4,65394.25494,"50-75,000",E02003119,50_To_75
E06000025,51245.4,65394.25494,"50-75,000",E02003094,50_To_75
E06000025,51245.4,65394.25494,"50-75,000",E02003112,50_To_75
E06000025,51245.4,65394.25494,"50-75,000",E02003114,50_To_75
E06000025,51245.4,65394.25494,"50-75,000",E02003109,50_To_75
E06000025,51245.4,65394.25494,"50-75,000",E02003118,50_To_75
E06000025,51245.4,65394.25494,"50-75,000",E02003108,50_To_75
E06000025,51245.4,65394.25494,"50-75,000",E02003091,50_To_75
E06000025,51245.4,65394.25494,"50-75,000",E02003117,50_To_75
E06000025,51245.4,65394.25494,"50-75,000",E02003099,50_To_75
E06000025,51245.4,65394.25494,"50-75,000",E02003095,50_To_75
E06000025,51245.4,65394.25494,"50-75,000",E02003096,50_To_75
E06000025,51245.4,65394.25494,"50-75,000",E02003093,50_To_75
E06000025,51245.4,65394.25494,"50-75,000",E02003100,50_To_75
E06000025,51245.4,65394.25494,"50-75,000",E02003101,50_To_75
E06000025,51245.4,65394.25494,"50-75,000",E02003098,50_To_75
E06000025,51245.4,65394.25494,"50-75,000",E02003121,50_To_75
E06000025,51245.4,65394.25494,"50-75,000",E02003110,50_To_75
E06000025,51245.4,65394.25494,"50-75,000",E02003106,50_To_75
E06000025,51245.4,65394.25494,"50-75,000",E02003107,50_To_75
E06000025,51245.4,65394.25494,"50-75,000",E02003104,50_To_75
E06000025,51245.4,65394.25494,"50-75,000",E02003097,50_To_75
E06000025,51245.4,65394.25494,"50-75,000",E02003111,50_To_75
E06000025,51245.4,65394.25494,"50-75,000",E02003090,50_To_75
E06000025,51245.4,65394.25494,"50-75,000",E02003103,50_To_75
E06000024,26241.4,33486.65054,"25-50,000",E02003067,25_To_50
E06000024,26241.4,33486.65054,"25-50,000",E02003066,25_To_50
E06000024,26241.4,33486.65054,"25-50,000",E02003086,25_To_50
E06000024,26241.4,33486.65054,"25-50,000",E02003089,25_To_50
E06000024,26241.4,33486.65054,"25-50,000",E02003081,25_To_50
E06000024,26241.4,33486.65054,"25-50,000",E02003079,25_To_50
E06000024,26241.4,33486.65054,"25-50,000",E02003082,25_To_50
E06000024,26241.4,33486.65054,"25-50,000",E02003077,25_To_50
E06000024,26241.4,33486.65054,"25-50,000",E02003070,25_To_50
E06000024,26241.4,33486.65054,"25-50,000",E02003076,25_To_50
E06000024,26241.4,33486.65054,"25-50,000",E02003071,25_To_50
E06000024,26241.4,33486.65054,"25-50,000",E02003074,25_To_50
E06000024,26241.4,33486.65054,"25-50,000",E02003078,25_To_50
E06000024,26241.4,33486.65054,"25-50,000",E02003087,25_To_50
E06000024,26241.4,33486.65054,"25-50,000",E02003072,25_To_50
E06000024,26241.4,33486.65054,"25-50,000",E02003068,25_To_50
E06000024,26241.4,33486.65054,"25-50,000",E02003065,25_To_50
E06000024,26241.4,33486.65054,"25-50,000",E02003080,25_To_50
E06000024,26241.4,33486.65054,"25-50,000",E02003088,25_To_50
E06000024,26241.4,33486.65054,"25-50,000",E02003084,25_To_50
E06000024,26241.4,33486.65054,"25-50,000",E02003075,25_To_50
E06000024,26241.4,33486.65054,"25-50,000",E02003069,25_To_50
E06000024,26241.4,33486.65054,"25-50,000",E02006846,25_To_50
E06000024,26241.4,33486.65054,"25-50,000",E02006845,25_To_50
E06000024,26241.4,33486.65054,"25-50,000",E02003085,25_To_50
E06000024,26241.4,33486.65054,"25-50,000",E02003073,25_To_50
E06000066,26769.6,34160.68656,"25-50,000",E02006057,25_To_50
E06000066,26769.6,34160.68656,"25-50,000",E02006051,25_To_50
E06000066,26769.6,34160.68656,"25-50,000",E02006050,25_To_50
E06000066,26769.6,34160.68656,"25-50,000",E02006060,25_To_50
E06000066,26769.6,34160.68656,"25-50,000",E02006054,25_To_50
E06000066,26769.6,34160.68656,"25-50,000",E02006059,25_To_50
E06000066,26769.6,34160.68656,"25-50,000",E02006053,25_To_50
E06000066,26769.6,34160.68656,"25-50,000",E02006055,25_To_50
E06000066,26769.6,34160.68656,"25-50,000",E02006052,25_To_50
E06000066,26769.6,34160.68656,"25-50,000",E02006056,25_To_50
E06000066,26769.6,34160.68656,"25-50,000",E02006047,25_To_50
E06000066,26769.6,34160.68656,"25-50,000",E02006048,25_To_50
E06000066,26769.6,34160.68656,"25-50,000",E02006065,25_To_50
E06000066,26769.6,34160.68656,"25-50,000",E02006066,25_To_50
E06000066,26769.6,34160.68656,"25-50,000",E02006074,25_To_50
E06000066,26769.6,34160.68656,"25-50,000",E02006062,25_To_50
E06000066,26769.6,34160.68656,"25-50,000",E02006067,25_To_50
E06000066,26769.6,34160.68656,"25-50,000",E02006061,25_To_50
E06000066,26769.6,34160.68656,"25-50,000",E02006072,25_To_50
E06000066,26769.6,34160.68656,"25-50,000",E02006063,25_To_50
E06000066,26769.6,34160.68656,"25-50,000",E02006068,25_To_50
E06000066,26769.6,34160.68656,"25-50,000",E02006073,25_To_50
E06000066,26769.6,34160.68656,"25-50,000",E02006064,25_To_50
E06000066,26769.6,34160.68656,"25-50,000",E02006071,25_To_50
E06000066,26769.6,34160.68656,"25-50,000",E02006058,25_To_50
E06000066,26769.6,34160.68656,"25-50,000",E02006070,25_To_50
E06000066,26769.6,34160.68656,"25-50,000",E02006069,25_To_50
E06000066,26769.6,34160.68656,"25-50,000",E02006049,25_To_50
E06000066,26769.6,34160.68656,"25-50,000",E02006095,25_To_50
E06000066,26769.6,34160.68656,"25-50,000",E02006076,25_To_50
E06000066,26769.6,34160.68656,"25-50,000",E02006093,25_To_50
E06000066,26769.6,34160.68656,"25-50,000",E02006092,25_To_50
E06000066,26769.6,34160.68656,"25-50,000",E02006087,25_To_50
E06000066,26769.6,34160.68656,"25-50,000",E02006096,25_To_50
E06000066,26769.6,34160.68656,"25-50,000",E02006091,25_To_50
E06000066,26769.6,34160.68656,"25-50,000",E02006083,25_To_50
E06000066,26769.6,34160.68656,"25-50,000",E02006077,25_To_50
E06000066,26769.6,34160.68656,"25-50,000",E02006085,25_To_50
E06000066,26769.6,34160.68656,"25-50,000",E02006088,25_To_50
E06000066,26769.6,34160.68656,"25-50,000",E02006098,25_To_50
E06000066,26769.6,34160.68656,"25-50,000",E02006082,25_To_50
E06000066,26769.6,34160.68656,"25-50,000",E02006084,25_To_50
E06000066,26769.6,34160.68656,"25-50,000",E02006080,25_To_50
E06000066,26769.6,34160.68656,"25-50,000",E02006097,25_To_50
E06000066,26769.6,34160.68656,"25-50,000",E02006094,25_To_50
E06000066,26769.6,34160.68656,"25-50,000",E02006081,25_To_50
E06000066,26769.6,34160.68656,"25-50,000",E02006079,25_To_50
E06000066,26769.6,34160.68656,"25-50,000",E02006078,25_To_50
E06000066,26769.6,34160.68656,"25-50,000",E02006090,25_To_50
E06000066,26769.6,34160.68656,"25-50,000",E02006075,25_To_50
E06000066,26769.6,34160.68656,"25-50,000",E02006089,25_To_50
E06000066,26769.6,34160.68656,"25-50,000",E02006086,25_To_50
E06000066,26769.6,34160.68656,"25-50,000",E02006111,25_To_50
E06000066,26769.6,34160.68656,"25-50,000",E02006112,25_To_50
E06000066,26769.6,34160.68656,"25-50,000",E02006103,25_To_50
E06000066,26769.6,34160.68656,"25-50,000",E02006106,25_To_50
E06000066,26769.6,34160.68656,"25-50,000",E02006102,25_To_50
E06000066,26769.6,34160.68656,"25-50,000",E02006100,25_To_50
E06000066,26769.6,34160.68656,"25-50,000",E02006104,25_To_50
E06000066,26769.6,34160.68656,"25-50,000",E02006107,25_To_50
E06000066,26769.6,34160.68656,"25-50,000",E02006105,25_To_50
E06000066,26769.6,34160.68656,"25-50,000",E02006110,25_To_50
E06000066,26769.6,34160.68656,"25-50,000",E02006108,25_To_50
E06000066,26769.6,34160.68656,"25-50,000",E02006109,25_To_50
E06000066,26769.6,34160.68656,"25-50,000",E02006099,25_To_50
E06000066,26769.6,34160.68656,"25-50,000",E02006101,25_To_50
E06000066,26769.6,34160.68656,"25-50,000",E02006113,25_To_50
E06000066,26769.6,34160.68656,"25-50,000",E02006114,25_To_50
E06000066,26769.6,34160.68656,"25-50,000",E02006115,25_To_50
E06000066,26769.6,34160.68656,"25-50,000",E02006117,25_To_50
E06000066,26769.6,34160.68656,"25-50,000",E02006116,25_To_50
E06000058,32473.6,41439.560959999995,"25-50,000",E02003188,25_To_50
E06000058,32473.6,41439.560959999995,"25-50,000",E02003191,25_To_50
E06000058,32473.6,41439.560959999995,"25-50,000",E02003189,25_To_50
E06000058,32473.6,41439.560959999995,"25-50,000",E02003180,25_To_50
E06000058,32473.6,41439.560959999995,"25-50,000",E02003172,25_To_50
E06000058,32473.6,41439.560959999995,"25-50,000",E02003185,25_To_50
E06000058,32473.6,41439.560959999995,"25-50,000",E02003182,25_To_50
E06000058,32473.6,41439.560959999995,"25-50,000",E02003179,25_To_50
E06000058,32473.6,41439.560959999995,"25-50,000",E02003175,25_To_50
E06000058,32473.6,41439.560959999995,"25-50,000",E02003183,25_To_50
E06000058,32473.6,41439.560959999995,"25-50,000",E02003173,25_To_50
E06000058,32473.6,41439.560959999995,"25-50,000",E02003178,25_To_50
E06000058,32473.6,41439.560959999995,"25-50,000",E02003184,25_To_50
E06000058,32473.6,41439.560959999995,"25-50,000",E02003181,25_To_50
E06000058,32473.6,41439.560959999995,"25-50,000",E02003190,25_To_50
E06000058,32473.6,41439.560959999995,"25-50,000",E02003186,25_To_50
E06000058,32473.6,41439.560959999995,"25-50,000",E02006885,25_To_50
E06000058,32473.6,41439.560959999995,"25-50,000",E02006883,25_To_50
E06000058,32473.6,41439.560959999995,"25-50,000",E02003187,25_To_50
E06000058,32473.6,41439.560959999995,"25-50,000",E02003192,25_To_50
E06000058,32473.6,41439.560959999995,"25-50,000",E02003177,25_To_50
E06000058,32473.6,41439.560959999995,"25-50,000",E02003174,25_To_50
E06000058,32473.6,41439.560959999995,"25-50,000",E02003176,25_To_50
E06000058,32473.6,41439.560959999995,"25-50,000",E02003209,25_To_50
E06000058,32473.6,41439.560959999995,"25-50,000",E02003196,25_To_50
E06000058,32473.6,41439.560959999995,"25-50,000",E02003211,25_To_50
E06000058,32473.6,41439.560959999995,"25-50,000",E02003207,25_To_50
E06000058,32473.6,41439.560959999995,"25-50,000",E02003195,25_To_50
E06000058,32473.6,41439.560959999995,"25-50,000",E02003201,25_To_50
E06000058,32473.6,41439.560959999995,"25-50,000",E02003204,25_To_50
E06000058,32473.6,41439.560959999995,"25-50,000",E02003205,25_To_50
E06000058,32473.6,41439.560959999995,"25-50,000",E02003210,25_To_50
E06000058,32473.6,41439.560959999995,"25-50,000",E02003206,25_To_50
E06000058,32473.6,41439.560959999995,"25-50,000",E02003198,25_To_50
E06000058,32473.6,41439.560959999995,"25-50,000",E02003199,25_To_50
E06000058,32473.6,41439.560959999995,"25-50,000",E02003200,25_To_50
E06000058,32473.6,41439.560959999995,"25-50,000",E02003202,25_To_50
E06000058,32473.6,41439.560959999995,"25-50,000",E02003203,25_To_50
E06000058,32473.6,41439.560959999995,"25-50,000",E02003194,25_To_50
E06000058,32473.6,41439.560959999995,"25-50,000",E02003197,25_To_50
E06000058,32473.6,41439.560959999995,"25-50,000",E02003208,25_To_50
E06000058,32473.6,41439.560959999995,"25-50,000",E02004241,25_To_50
E06000058,32473.6,41439.560959999995,"25-50,000",E02004236,25_To_50
E06000058,32473.6,41439.560959999995,"25-50,000",E02004240,25_To_50
E06000058,32473.6,41439.560959999995,"25-50,000",E02004238,25_To_50
E06000058,32473.6,41439.560959999995,"25-50,000",E02004237,25_To_50
E06000058,32473.6,41439.560959999995,"25-50,000",E02004242,25_To_50
E06000058,32473.6,41439.560959999995,"25-50,000",E02004239,25_To_50
E06000059,26650.2,34008.32022,"25-50,000",E02004254,25_To_50
E06000059,26650.2,34008.32022,"25-50,000",E02004253,25_To_50
E06000059,26650.2,34008.32022,"25-50,000",E02004248,25_To_50
E06000059,26650.2,34008.32022,"25-50,000",E02004252,25_To_50
E06000059,26650.2,34008.32022,"25-50,000",E02004251,25_To_50
E06000059,26650.2,34008.32022,"25-50,000",E02004249,25_To_50
E06000059,26650.2,34008.32022,"25-50,000",E02004250,25_To_50
E06000059,26650.2,34008.32022,"25-50,000",E02004246,25_To_50
E06000059,26650.2,34008.32022,"25-50,000",E02004245,25_To_50
E06000059,26650.2,34008.32022,"25-50,000",E02004244,25_To_50
E06000059,26650.2,34008.32022,"25-50,000",E02004243,25_To_50
E06000059,26650.2,34008.32022,"25-50,000",E02004261,25_To_50
E06000059,26650.2,34008.32022,"25-50,000",E02004258,25_To_50
E06000059,26650.2,34008.32022,"25-50,000",E02004255,25_To_50
E06000059,26650.2,34008.32022,"25-50,000",E02004260,25_To_50
E06000059,26650.2,34008.32022,"25-50,000",E02004257,25_To_50
E06000059,26650.2,34008.32022,"25-50,000",E02004262,25_To_50
E06000059,26650.2,34008.32022,"25-50,000",E02004256,25_To_50
E06000059,26650.2,34008.32022,"25-50,000",E02004259,25_To_50
E06000059,26650.2,34008.32022,"25-50,000",E02004247,25_To_50
E06000059,26650.2,34008.32022,"25-50,000",E02004280,25_To_50
E06000059,26650.2,34008.32022,"25-50,000",E02004277,25_To_50
E06000059,26650.2,34008.32022,"25-50,000",E02004273,25_To_50
E06000059,26650.2,34008.32022,"25-50,000",E02004279,25_To_50
E06000059,26650.2,34008.32022,"25-50,000",E02004269,25_To_50
E06000059,26650.2,34008.32022,"25-50,000",E02004265,25_To_50
E06000059,26650.2,34008.32022,"25-50,000",E02004270,25_To_50
E06000059,26650.2,34008.32022,"25-50,000",E02004271,25_To_50
E06000059,26650.2,34008.32022,"25-50,000",E02004274,25_To_50
E06000059,26650.2,34008.32022,"25-50,000",E02004276,25_To_50
E06000059,26650.2,34008.32022,"25-50,000",E02004275,25_To_50
E06000059,26650.2,34008.32022,"25-50,000",E02004272,25_To_50
E06000059,26650.2,34008.32022,"25-50,000",E02004267,25_To_50
E06000059,26650.2,34008.32022,"25-50,000",E02004268,25_To_50
E06000059,26650.2,34008.32022,"25-50,000",E02004263,25_To_50
E06000059,26650.2,34008.32022,"25-50,000",E02004264,25_To_50
E06000059,26650.2,34008.32022,"25-50,000",E02004266,25_To_50
E06000059,26650.2,34008.32022,"25-50,000",E02004278,25_To_50
E06000059,26650.2,34008.32022,"25-50,000",E02004283,25_To_50
E06000059,26650.2,34008.32022,"25-50,000",E02004281,25_To_50
E06000059,26650.2,34008.32022,"25-50,000",E02004282,25_To_50
E06000059,26650.2,34008.32022,"25-50,000",E02004289,25_To_50
E06000059,26650.2,34008.32022,"25-50,000",E02004285,25_To_50
E06000059,26650.2,34008.32022,"25-50,000",E02004284,25_To_50
E06000059,26650.2,34008.32022,"25-50,000",E02004286,25_To_50
E06000059,26650.2,34008.32022,"25-50,000",E02004287,25_To_50
E06000059,26650.2,34008.32022,"25-50,000",E02004288,25_To_50
E06000030,49771.4,63513.283540000004,"50-75,000",E02003235,50_To_75
E06000030,49771.4,63513.283540000004,"50-75,000",E02003226,50_To_75
E06000030,49771.4,63513.283540000004,"50-75,000",E02003222,50_To_75
E06000030,49771.4,63513.283540000004,"50-75,000",E02003225,50_To_75
E06000030,49771.4,63513.283540000004,"50-75,000",E02003234,50_To_75
E06000030,49771.4,63513.283540000004,"50-75,000",E02003221,50_To_75
E06000030,49771.4,63513.283540000004,"50-75,000",E02003212,50_To_75
E06000030,49771.4,63513.283540000004,"50-75,000",E02003217,50_To_75
E06000030,49771.4,63513.283540000004,"50-75,000",E02003228,50_To_75
E06000030,49771.4,63513.283540000004,"50-75,000",E02003230,50_To_75
E06000030,49771.4,63513.283540000004,"50-75,000",E02003227,50_To_75
E06000030,49771.4,63513.283540000004,"50-75,000",E02003231,50_To_75
E06000030,49771.4,63513.283540000004,"50-75,000",E02006849,50_To_75
E06000030,49771.4,63513.283540000004,"50-75,000",E02003219,50_To_75
E06000030,49771.4,63513.283540000004,"50-75,000",E02003229,50_To_75
E06000030,49771.4,63513.283540000004,"50-75,000",E02003215,50_To_75
E06000030,49771.4,63513.283540000004,"50-75,000",E02006847,50_To_75
E06000030,49771.4,63513.283540000004,"50-75,000",E02003236,50_To_75
E06000030,49771.4,63513.283540000004,"50-75,000",E02003232,50_To_75
E06000030,49771.4,63513.283540000004,"50-75,000",E02003220,50_To_75
E06000030,49771.4,63513.283540000004,"50-75,000",E02003214,50_To_75
E06000030,49771.4,63513.283540000004,"50-75,000",E02003224,50_To_75
E06000030,49771.4,63513.283540000004,"50-75,000",E02003233,50_To_75
E06000030,49771.4,63513.283540000004,"50-75,000",E02003223,50_To_75
E06000030,49771.4,63513.283540000004,"50-75,000",E02003218,50_To_75
E06000030,49771.4,63513.283540000004,"50-75,000",E02003216,50_To_75
E06000030,49771.4,63513.283540000004,"50-75,000",E02006848,50_To_75
E06000054,29599.4,37771.79434,"25-50,000",E02006637,25_To_50
E06000054,29599.4,37771.79434,"25-50,000",E02006635,25_To_50
E06000054,29599.4,37771.79434,"25-50,000",E02006660,25_To_50
E06000054,29599.4,37771.79434,"25-50,000",E02006663,25_To_50
E06000054,29599.4,37771.79434,"25-50,000",E02006671,25_To_50
E06000054,29599.4,37771.79434,"25-50,000",E02006668,25_To_50
E06000054,29599.4,37771.79434,"25-50,000",E02006673,25_To_50
E06000054,29599.4,37771.79434,"25-50,000",E02006682,25_To_50
E06000054,29599.4,37771.79434,"25-50,000",E02006694,25_To_50
E06000054,29599.4,37771.79434,"25-50,000",E02006645,25_To_50
E06000054,29599.4,37771.79434,"25-50,000",E02006657,25_To_50
E06000054,29599.4,37771.79434,"25-50,000",E02006658,25_To_50
E06000054,29599.4,37771.79434,"25-50,000",E02006650,25_To_50
E06000054,29599.4,37771.79434,"25-50,000",E02006693,25_To_50
E06000054,29599.4,37771.79434,"25-50,000",E02006646,25_To_50
E06000054,29599.4,37771.79434,"25-50,000",E02006649,25_To_50
E06000054,29599.4,37771.79434,"25-50,000",E02006675,25_To_50
E06000054,29599.4,37771.79434,"25-50,000",E02006666,25_To_50
E06000054,29599.4,37771.79434,"25-50,000",E02006677,25_To_50
E06000054,29599.4,37771.79434,"25-50,000",E02006676,25_To_50
E06000054,29599.4,37771.79434,"25-50,000",E02006664,25_To_50
E06000054,29599.4,37771.79434,"25-50,000",E02006669,25_To_50
E06000054,29599.4,37771.79434,"25-50,000",E02006679,25_To_50
E06000054,29599.4,37771.79434,"25-50,000",E02006690,25_To_50
E06000054,29599.4,37771.79434,"25-50,000",E02006681,25_To_50
E06000054,29599.4,37771.79434,"25-50,000",E02006678,25_To_50
E06000054,29599.4,37771.79434,"25-50,000",E02006695,25_To_50
E06000054,29599.4,37771.79434,"25-50,000",E02006683,25_To_50
E06000054,29599.4,37771.79434,"25-50,000",E02006688,25_To_50
E06000054,29599.4,37771.79434,"25-50,000",E02006686,25_To_50
E06000054,29599.4,37771.79434,"25-50,000",E02006685,25_To_50
E06000054,29599.4,37771.79434,"25-50,000",E02006652,25_To_50
E06000054,29599.4,37771.79434,"25-50,000",E02006648,25_To_50
E06000054,29599.4,37771.79434,"25-50,000",E02006653,25_To_50
E06000054,29599.4,37771.79434,"25-50,000",E02006654,25_To_50
E06000054,29599.4,37771.79434,"25-50,000",E02006691,25_To_50
E06000054,29599.4,37771.79434,"25-50,000",E02006674,25_To_50
E06000054,29599.4,37771.79434,"25-50,000",E02006656,25_To_50
E06000054,29599.4,37771.79434,"25-50,000",E02006636,25_To_50
E06000054,29599.4,37771.79434,"25-50,000",E02006647,25_To_50
E06000054,29599.4,37771.79434,"25-50,000",E02006672,25_To_50
E06000054,29599.4,37771.79434,"25-50,000",E02006642,25_To_50
E06000054,29599.4,37771.79434,"25-50,000",E02006639,25_To_50
E06000054,29599.4,37771.79434,"25-50,000",E02006634,25_To_50
E06000054,29599.4,37771.79434,"25-50,000",E02006640,25_To_50
E06000054,29599.4,37771.79434,"25-50,000",E02006659,25_To_50
E06000054,29599.4,37771.79434,"25-50,000",E02006655,25_To_50
E06000054,29599.4,37771.79434,"25-50,000",E02006651,25_To_50
E06000054,29599.4,37771.79434,"25-50,000",E02006644,25_To_50
E06000054,29599.4,37771.79434,"25-50,000",E02006641,25_To_50
E06000054,29599.4,37771.79434,"25-50,000",E02006680,25_To_50
E06000054,29599.4,37771.79434,"25-50,000",E02006684,25_To_50
E06000054,29599.4,37771.79434,"25-50,000",E02006692,25_To_50
E06000054,29599.4,37771.79434,"25-50,000",E02006643,25_To_50
E06000054,29599.4,37771.79434,"25-50,000",E02006667,25_To_50
E06000054,29599.4,37771.79434,"25-50,000",E02006662,25_To_50
E06000054,29599.4,37771.79434,"25-50,000",E02006638,25_To_50
E06000054,29599.4,37771.79434,"25-50,000",E02006665,25_To_50
E06000054,29599.4,37771.79434,"25-50,000",E02006689,25_To_50
E06000054,29599.4,37771.79434,"25-50,000",E02006670,25_To_50
E06000054,29599.4,37771.79434,"25-50,000",E02006661,25_To_50
E06000054,29599.4,37771.79434,"25-50,000",E02006687,25_To_50
E07000078,36057.8,46013.35858000001,"25-50,000",E02004610,25_To_50
E07000078,36057.8,46013.35858000001,"25-50,000",E02004611,25_To_50
E07000078,36057.8,46013.35858000001,"25-50,000",E02004609,25_To_50
E07000078,36057.8,46013.35858000001,"25-50,000",E02004613,25_To_50
E07000078,36057.8,46013.35858000001,"25-50,000",E02004614,25_To_50
E07000078,36057.8,46013.35858000001,"25-50,000",E02004603,25_To_50
E07000078,36057.8,46013.35858000001,"25-50,000",E02004604,25_To_50
E07000078,36057.8,46013.35858000001,"25-50,000",E02004612,25_To_50
E07000078,36057.8,46013.35858000001,"25-50,000",E02004601,25_To_50
E07000078,36057.8,46013.35858000001,"25-50,000",E02004602,25_To_50
E07000078,36057.8,46013.35858000001,"25-50,000",E02004608,25_To_50
E07000078,36057.8,46013.35858000001,"25-50,000",E02004607,25_To_50
E07000078,36057.8,46013.35858000001,"25-50,000",E02004600,25_To_50
E07000078,36057.8,46013.35858000001,"25-50,000",E02004606,25_To_50
E07000078,36057.8,46013.35858000001,"25-50,000",E02004605,25_To_50
E07000079,47652.8,60809.73808,"50-75,000",E02004621,50_To_75
E07000079,47652.8,60809.73808,"50-75,000",E02004618,50_To_75
E07000079,47652.8,60809.73808,"50-75,000",E02004622,50_To_75
E07000079,47652.8,60809.73808,"50-75,000",E02004623,50_To_75
E07000079,47652.8,60809.73808,"50-75,000",E02004616,50_To_75
E07000079,47652.8,60809.73808,"50-75,000",E02004617,50_To_75
E07000079,47652.8,60809.73808,"50-75,000",E02004620,50_To_75
E07000079,47652.8,60809.73808,"50-75,000",E02004619,50_To_75
E07000079,47652.8,60809.73808,"50-75,000",E02004615,50_To_75
E07000079,47652.8,60809.73808,"50-75,000",E02004625,50_To_75
E07000079,47652.8,60809.73808,"50-75,000",E02004624,50_To_75
E07000080,28207,35994.9527,"25-50,000",E02004634,25_To_50
E07000080,28207,35994.9527,"25-50,000",E02004627,25_To_50
E07000080,28207,35994.9527,"25-50,000",E02004630,25_To_50
E07000080,28207,35994.9527,"25-50,000",E02004628,25_To_50
E07000080,28207,35994.9527,"25-50,000",E02004635,25_To_50
E07000080,28207,35994.9527,"25-50,000",E02004626,25_To_50
E07000080,28207,35994.9527,"25-50,000",E02004632,25_To_50
E07000080,28207,35994.9527,"25-50,000",E02004629,25_To_50
E07000080,28207,35994.9527,"25-50,000",E02004631,25_To_50
E07000080,28207,35994.9527,"25-50,000",E02004633,25_To_50
E07000081,29494.6,37638.05906,"25-50,000",E02004646,25_To_50
E07000081,29494.6,37638.05906,"25-50,000",E02004644,25_To_50
E07000081,29494.6,37638.05906,"25-50,000",E02004643,25_To_50
E07000081,29494.6,37638.05906,"25-50,000",E02004647,25_To_50
E07000081,29494.6,37638.05906,"25-50,000",E02004639,25_To_50
E07000081,29494.6,37638.05906,"25-50,000",E02004637,25_To_50
E07000081,29494.6,37638.05906,"25-50,000",E02004638,25_To_50
E07000081,29494.6,37638.05906,"25-50,000",E02004645,25_To_50
E07000081,29494.6,37638.05906,"25-50,000",E02004642,25_To_50
E07000081,29494.6,37638.05906,"25-50,000",E02004648,25_To_50
E07000081,29494.6,37638.05906,"25-50,000",E02004641,25_To_50
E07000081,29494.6,37638.05906,"25-50,000",E02004640,25_To_50
E07000081,29494.6,37638.05906,"25-50,000",E02004636,25_To_50
E07000081,29494.6,37638.05906,"25-50,000",E02004650,25_To_50
E07000081,29494.6,37638.05906,"25-50,000",E02004649,25_To_50
E07000082,27933,35645.3013,"25-50,000",E02004660,25_To_50
E07000082,27933,35645.3013,"25-50,000",E02004656,25_To_50
E07000082,27933,35645.3013,"25-50,000",E02004652,25_To_50
E07000082,27933,35645.3013,"25-50,000",E02004664,25_To_50
E07000082,27933,35645.3013,"25-50,000",E02004655,25_To_50
E07000082,27933,35645.3013,"25-50,000",E02004665,25_To_50
E07000082,27933,35645.3013,"25-50,000",E02004658,25_To_50
E07000082,27933,35645.3013,"25-50,000",E02004659,25_To_50
E07000082,27933,35645.3013,"25-50,000",E02004662,25_To_50
E07000082,27933,35645.3013,"25-50,000",E02004651,25_To_50
E07000082,27933,35645.3013,"25-50,000",E02004663,25_To_50
E07000082,27933,35645.3013,"25-50,000",E02004657,25_To_50
E07000082,27933,35645.3013,"25-50,000",E02004653,25_To_50
E07000082,27933,35645.3013,"25-50,000",E02004654,25_To_50
E07000082,27933,35645.3013,"25-50,000",E02004661,25_To_50
E07000083,40461.4,51632.79254,"50-75,000",E02004666,50_To_75
E07000083,40461.4,51632.79254,"50-75,000",E02004671,50_To_75
E07000083,40461.4,51632.79254,"50-75,000",E02004667,50_To_75
E07000083,40461.4,51632.79254,"50-75,000",E02004670,50_To_75
E07000083,40461.4,51632.79254,"50-75,000",E02004669,50_To_75
E07000083,40461.4,51632.79254,"50-75,000",E02004674,50_To_75
E07000083,40461.4,51632.79254,"50-75,000",E02004668,50_To_75
E07000083,40461.4,51632.79254,"50-75,000",E02004672,50_To_75
E07000083,40461.4,51632.79254,"50-75,000",E02004673,50_To_75
W06000001,20866.4,26627.613040000004,"25-50,000",W02000005,25_To_50
W06000001,20866.4,26627.613040000004,"25-50,000",W02000002,25_To_50
W06000001,20866.4,26627.613040000004,"25-50,000",W02000001,25_To_50
W06000001,20866.4,26627.613040000004,"25-50,000",W02000006,25_To_50
W06000001,20866.4,26627.613040000004,"25-50,000",W02000009,25_To_50
W06000001,20866.4,26627.613040000004,"25-50,000",W02000008,25_To_50
W06000001,20866.4,26627.613040000004,"25-50,000",W02000004,25_To_50
W06000001,20866.4,26627.613040000004,"25-50,000",W02000003,25_To_50
W06000001,20866.4,26627.613040000004,"25-50,000",W02000007,25_To_50
W06000002,24963,31855.2843,"25-50,000",W02000015,25_To_50
W06000002,24963,31855.2843,"25-50,000",W02000016,25_To_50
W06000002,24963,31855.2843,"25-50,000",W02000011,25_To_50
W06000002,24963,31855.2843,"25-50,000",W02000018,25_To_50
W06000002,24963,31855.2843,"25-50,000",W02000014,25_To_50
W06000002,24963,31855.2843,"25-50,000",W02000026,25_To_50
W06000002,24963,31855.2843,"25-50,000",W02000013,25_To_50
W06000002,24963,31855.2843,"25-50,000",W02000012,25_To_50
W06000002,24963,31855.2843,"25-50,000",W02000022,25_To_50
W06000002,24963,31855.2843,"25-50,000",W02000017,25_To_50
W06000002,24963,31855.2843,"25-50,000",W02000019,25_To_50
W06000002,24963,31855.2843,"25-50,000",W02000021,25_To_50
W06000002,24963,31855.2843,"25-50,000",W02000023,25_To_50
W06000002,24963,31855.2843,"25-50,000",W02000025,25_To_50
W06000002,24963,31855.2843,"25-50,000",W02000020,25_To_50
W06000002,24963,31855.2843,"25-50,000",W02000024,25_To_50
W06000002,24963,31855.2843,"25-50,000",W02000010,25_To_50
W06000003,20219,25801.4659,"25-50,000",W02000027,25_To_50
W06000003,20219,25801.4659,"25-50,000",W02000030,25_To_50
W06000003,20219,25801.4659,"25-50,000",W02000035,25_To_50
W06000003,20219,25801.4659,"25-50,000",W02000038,25_To_50
W06000003,20219,25801.4659,"25-50,000",W02000028,25_To_50
W06000003,20219,25801.4659,"25-50,000",W02000032,25_To_50
W06000003,20219,25801.4659,"25-50,000",W02000033,25_To_50
W06000003,20219,25801.4659,"25-50,000",W02000036,25_To_50
W06000003,20219,25801.4659,"25-50,000",W02000029,25_To_50
W06000003,20219,25801.4659,"25-50,000",W02000034,25_To_50
W06000003,20219,25801.4659,"25-50,000",W02000041,25_To_50
W06000003,20219,25801.4659,"25-50,000",W02000037,25_To_50
W06000003,20219,25801.4659,"25-50,000",W02000039,25_To_50
W06000003,20219,25801.4659,"25-50,000",W02000040,25_To_50
W06000003,20219,25801.4659,"25-50,000",W02000031,25_To_50
W06000004,24965,31857.8365,"25-50,000",W02000045,25_To_50
W06000004,24965,31857.8365,"25-50,000",W02000419,25_To_50
W06000004,24965,31857.8365,"25-50,000",W02000051,25_To_50
W06000004,24965,31857.8365,"25-50,000",W02000049,25_To_50
W06000004,24965,31857.8365,"25-50,000",W02000052,25_To_50
W06000004,24965,31857.8365,"25-50,000",W02000054,25_To_50
W06000004,24965,31857.8365,"25-50,000",W02000043,25_To_50
W06000004,24965,31857.8365,"25-50,000",W02000042,25_To_50
W06000004,24965,31857.8365,"25-50,000",W02000050,25_To_50
W06000004,24965,31857.8365,"25-50,000",W02000055,25_To_50
W06000004,24965,31857.8365,"25-50,000",W02000056,25_To_50
W06000004,24965,31857.8365,"25-50,000",W02000057,25_To_50
W06000004,24965,31857.8365,"25-50,000",W02000053,25_To_50
W06000004,24965,31857.8365,"25-50,000",W02000044,25_To_50
W06000004,24965,31857.8365,"25-50,000",W02000047,25_To_50
W06000005,34380.8,43873.33888,"25-50,000",W02000058,25_To_50
W06000005,34380.8,43873.33888,"25-50,000",W02000069,25_To_50
W06000005,34380.8,43873.33888,"25-50,000",W02000076,25_To_50
W06000005,34380.8,43873.33888,"25-50,000",W02000077,25_To_50
W06000005,34380.8,43873.33888,"25-50,000",W02000073,25_To_50
W06000005,34380.8,43873.33888,"25-50,000",W02000075,25_To_50
W06000005,34380.8,43873.33888,"25-50,000",W02000070,25_To_50
W06000005,34380.8,43873.33888,"25-50,000",W02000065,25_To_50
W06000005,34380.8,43873.33888,"25-50,000",W02000060,25_To_50
W06000005,34380.8,43873.33888,"25-50,000",W02000074,25_To_50
W06000005,34380.8,43873.33888,"25-50,000",W02000063,25_To_50
W06000005,34380.8,43873.33888,"25-50,000",W02000061,25_To_50
W06000005,34380.8,43873.33888,"25-50,000",W02000062,25_To_50
W06000005,34380.8,43873.33888,"25-50,000",W02000068,25_To_50
W06000005,34380.8,43873.33888,"25-50,000",W02000071,25_To_50
W06000005,34380.8,43873.33888,"25-50,000",W02000072,25_To_50
W06000005,34380.8,43873.33888,"25-50,000",W02000064,25_To_50
W06000005,34380.8,43873.33888,"25-50,000",W02000059,25_To_50
W06000005,34380.8,43873.33888,"25-50,000",W02000066,25_To_50
W06000005,34380.8,43873.33888,"25-50,000",W02000067,25_To_50
W06000006,30608,39058.868800000004,"25-50,000",W02000084,25_To_50
W06000006,30608,39058.868800000004,"25-50,000",W02000085,25_To_50
W06000006,30608,39058.868800000004,"25-50,000",W02000086,25_To_50
W06000006,30608,39058.868800000004,"25-50,000",W02000420,25_To_50
W06000006,30608,39058.868800000004,"25-50,000",W02000083,25_To_50
W06000006,30608,39058.868800000004,"25-50,000",W02000082,25_To_50
W06000006,30608,39058.868800000004,"25-50,000",W02000087,25_To_50
W06000006,30608,39058.868800000004,"25-50,000",W02000094,25_To_50
W06000006,30608,39058.868800000004,"25-50,000",W02000096,25_To_50
W06000006,30608,39058.868800000004,"25-50,000",W02000088,25_To_50
W06000006,30608,39058.868800000004,"25-50,000",W02000091,25_To_50
W06000006,30608,39058.868800000004,"25-50,000",W02000081,25_To_50
W06000006,30608,39058.868800000004,"25-50,000",W02000092,25_To_50
W06000006,30608,39058.868800000004,"25-50,000",W02000080,25_To_50
W06000006,30608,39058.868800000004,"25-50,000",W02000093,25_To_50
W06000006,30608,39058.868800000004,"25-50,000",W02000090,25_To_50
W06000006,30608,39058.868800000004,"25-50,000",W02000089,25_To_50
W06000006,30608,39058.868800000004,"25-50,000",W02000095,25_To_50
W06000008,23769,30331.6209,"25-50,000",W02000123,25_To_50
W06000008,23769,30331.6209,"25-50,000",W02000421,25_To_50
W06000008,23769,30331.6209,"25-50,000",W02000120,25_To_50
W06000008,23769,30331.6209,"25-50,000",W02000125,25_To_50
W06000008,23769,30331.6209,"25-50,000",W02000122,25_To_50
W06000008,23769,30331.6209,"25-50,000",W02000116,25_To_50
W06000008,23769,30331.6209,"25-50,000",W02000124,25_To_50
W06000008,23769,30331.6209,"25-50,000",W02000117,25_To_50
W06000008,23769,30331.6209,"25-50,000",W02000118,25_To_50
W06000023,21249.6,27116.614559999998,"25-50,000",W02000102,25_To_50
W06000023,21249.6,27116.614559999998,"25-50,000",W02000416,25_To_50
W06000023,21249.6,27116.614559999998,"25-50,000",W02000108,25_To_50
W06000023,21249.6,27116.614559999998,"25-50,000",W02000101,25_To_50
W06000023,21249.6,27116.614559999998,"25-50,000",W02000100,25_To_50
W06000023,21249.6,27116.614559999998,"25-50,000",W02000111,25_To_50
W06000023,21249.6,27116.614559999998,"25-50,000",W02000098,25_To_50
W06000023,21249.6,27116.614559999998,"25-50,000",W02000114,25_To_50
W06000023,21249.6,27116.614559999998,"25-50,000",W02000109,25_To_50
W06000023,21249.6,27116.614559999998,"25-50,000",W02000104,25_To_50
W06000023,21249.6,27116.614559999998,"25-50,000",W02000099,25_To_50
W06000023,21249.6,27116.614559999998,"25-50,000",W02000107,25_To_50
W06000023,21249.6,27116.614559999998,"25-50,000",W02000105,25_To_50
W06000023,21249.6,27116.614559999998,"25-50,000",W02000110,25_To_50
W06000023,21249.6,27116.614559999998,"25-50,000",W02000106,25_To_50
W06000023,21249.6,27116.614559999998,"25-50,000",W02000097,25_To_50
W06000023,21249.6,27116.614559999998,"25-50,000",W02000414,25_To_50
W06000023,21249.6,27116.614559999998,"25-50,000",W02000113,25_To_50
W06000023,21249.6,27116.614559999998,"25-50,000",W02000103,25_To_50
W06000009,24999,31901.2239,"25-50,000",W02000140,25_To_50
W06000009,24999,31901.2239,"25-50,000",W02000127,25_To_50
W06000009,24999,31901.2239,"25-50,000",W02000130,25_To_50
W06000009,24999,31901.2239,"25-50,000",W02000136,25_To_50
W06000009,24999,31901.2239,"25-50,000",W02000128,25_To_50
W06000009,24999,31901.2239,"25-50,000",W02000139,25_To_50
W06000009,24999,31901.2239,"25-50,000",W02000129,25_To_50
W06000009,24999,31901.2239,"25-50,000",W02000131,25_To_50
W06000009,24999,31901.2239,"25-50,000",W02000137,25_To_50
W06000009,24999,31901.2239,"25-50,000",W02000135,25_To_50
W06000009,24999,31901.2239,"25-50,000",W02000141,25_To_50
W06000009,24999,31901.2239,"25-50,000",W02000126,25_To_50
W06000009,24999,31901.2239,"25-50,000",W02000133,25_To_50
W06000009,24999,31901.2239,"25-50,000",W02000134,25_To_50
W06000009,24999,31901.2239,"25-50,000",W02000138,25_To_50
W06000009,24999,31901.2239,"25-50,000",W02000132,25_To_50
W06000010,22864.8,29177.77128,"25-50,000",W02000147,25_To_50
W06000010,22864.8,29177.77128,"25-50,000",W02000158,25_To_50
W06000010,22864.8,29177.77128,"25-50,000",W02000159,25_To_50
W06000010,22864.8,29177.77128,"25-50,000",W02000143,25_To_50
W06000010,22864.8,29177.77128,"25-50,000",W02000151,25_To_50
W06000010,22864.8,29177.77128,"25-50,000",W02000418,25_To_50
W06000010,22864.8,29177.77128,"25-50,000",W02000157,25_To_50
W06000010,22864.8,29177.77128,"25-50,000",W02000145,25_To_50
W06000010,22864.8,29177.77128,"25-50,000",W02000152,25_To_50
W06000010,22864.8,29177.77128,"25-50,000",W02000144,25_To_50
W06000010,22864.8,29177.77128,"25-50,000",W02000160,25_To_50
W06000010,22864.8,29177.77128,"25-50,000",W02000149,25_To_50
W06000010,22864.8,29177.77128,"25-50,000",W02000156,25_To_50
W06000010,22864.8,29177.77128,"25-50,000",W02000162,25_To_50
W06000010,22864.8,29177.77128,"25-50,000",W02000154,25_To_50
W06000010,22864.8,29177.77128,"25-50,000",W02000167,25_To_50
W06000010,22864.8,29177.77128,"25-50,000",W02000153,25_To_50
W06000010,22864.8,29177.77128,"25-50,000",W02000146,25_To_50
W06000010,22864.8,29177.77128,"25-50,000",W02000142,25_To_50
W06000010,22864.8,29177.77128,"25-50,000",W02000165,25_To_50
W06000010,22864.8,29177.77128,"25-50,000",W02000148,25_To_50
W06000010,22864.8,29177.77128,"25-50,000",W02000161,25_To_50
W06000010,22864.8,29177.77128,"25-50,000",W02000164,25_To_50
W06000010,22864.8,29177.77128,"25-50,000",W02000166,25_To_50
W06000010,22864.8,29177.77128,"25-50,000",W02000163,25_To_50
W06000011,27319.8,34862.79678,"25-50,000",W02000198,25_To_50
W06000011,27319.8,34862.79678,"25-50,000",W02000171,25_To_50
W06000011,27319.8,34862.79678,"25-50,000",W02000197,25_To_50
W06000011,27319.8,34862.79678,"25-50,000",W02000183,25_To_50
W06000011,27319.8,34862.79678,"25-50,000",W02000172,25_To_50
W06000011,27319.8,34862.79678,"25-50,000",W02000168,25_To_50
W06000011,27319.8,34862.79678,"25-50,000",W02000194,25_To_50
W06000011,27319.8,34862.79678,"25-50,000",W02000189,25_To_50
W06000011,27319.8,34862.79678,"25-50,000",W02000195,25_To_50
W06000011,27319.8,34862.79678,"25-50,000",W02000192,25_To_50
W06000011,27319.8,34862.79678,"25-50,000",W02000185,25_To_50
W06000011,27319.8,34862.79678,"25-50,000",W02000169,25_To_50
W06000011,27319.8,34862.79678,"25-50,000",W02000175,25_To_50
W06000011,27319.8,34862.79678,"25-50,000",W02000196,25_To_50
W06000011,27319.8,34862.79678,"25-50,000",W02000193,25_To_50
W06000011,27319.8,34862.79678,"25-50,000",W02000182,25_To_50
W06000011,27319.8,34862.79678,"25-50,000",W02000188,25_To_50
W06000011,27319.8,34862.79678,"25-50,000",W02000191,25_To_50
W06000011,27319.8,34862.79678,"25-50,000",W02000190,25_To_50
W06000011,27319.8,34862.79678,"25-50,000",W02000184,25_To_50
W06000011,27319.8,34862.79678,"25-50,000",W02000176,25_To_50
W06000011,27319.8,34862.79678,"25-50,000",W02000179,25_To_50
W06000011,27319.8,34862.79678,"25-50,000",W02000173,25_To_50
W06000011,27319.8,34862.79678,"25-50,000",W02000174,25_To_50
W06000011,27319.8,34862.79678,"25-50,000",W02000170,25_To_50
W06000011,27319.8,34862.79678,"25-50,000",W02000178,25_To_50
W06000011,27319.8,34862.79678,"25-50,000",W02000180,25_To_50
W06000011,27319.8,34862.79678,"25-50,000",W02000181,25_To_50
W06000011,27319.8,34862.79678,"25-50,000",W02000177,25_To_50
W06000011,27319.8,34862.79678,"25-50,000",W02000186,25_To_50
W06000011,27319.8,34862.79678,"25-50,000",W02000187,25_To_50
W06000012,21659.8,27640.07078,"25-50,000",W02000204,25_To_50
W06000012,21659.8,27640.07078,"25-50,000",W02000210,25_To_50
W06000012,21659.8,27640.07078,"25-50,000",W02000212,25_To_50
W06000012,21659.8,27640.07078,"25-50,000",W02000216,25_To_50
W06000012,21659.8,27640.07078,"25-50,000",W02000200,25_To_50
W06000012,21659.8,27640.07078,"25-50,000",W02000203,25_To_50
W06000012,21659.8,27640.07078,"25-50,000",W02000215,25_To_50
W06000012,21659.8,27640.07078,"25-50,000",W02000201,25_To_50
W06000012,21659.8,27640.07078,"25-50,000",W02000214,25_To_50
W06000012,21659.8,27640.07078,"25-50,000",W02000217,25_To_50
W06000012,21659.8,27640.07078,"25-50,000",W02000202,25_To_50
W06000012,21659.8,27640.07078,"25-50,000",W02000417,25_To_50
W06000012,21659.8,27640.07078,"25-50,000",W02000211,25_To_50
W06000012,21659.8,27640.07078,"25-50,000",W02000207,25_To_50
W06000012,21659.8,27640.07078,"25-50,000",W02000208,25_To_50
W06000012,21659.8,27640.07078,"25-50,000",W02000209,25_To_50
W06000012,21659.8,27640.07078,"25-50,000",W02000206,25_To_50
W06000012,21659.8,27640.07078,"25-50,000",W02000205,25_To_50
W06000012,21659.8,27640.07078,"25-50,000",W02000213,25_To_50
W06000013,26927.8,34362.56558,"25-50,000",W02000218,25_To_50
W06000013,26927.8,34362.56558,"25-50,000",W02000225,25_To_50
W06000013,26927.8,34362.56558,"25-50,000",W02000229,25_To_50
W06000013,26927.8,34362.56558,"25-50,000",W02000227,25_To_50
W06000013,26927.8,34362.56558,"25-50,000",W02000221,25_To_50
W06000013,26927.8,34362.56558,"25-50,000",W02000219,25_To_50
W06000013,26927.8,34362.56558,"25-50,000",W02000222,25_To_50
W06000013,26927.8,34362.56558,"25-50,000",W02000226,25_To_50
W06000013,26927.8,34362.56558,"25-50,000",W02000236,25_To_50
W06000013,26927.8,34362.56558,"25-50,000",W02000224,25_To_50
W06000013,26927.8,34362.56558,"25-50,000",W02000223,25_To_50
W06000013,26927.8,34362.56558,"25-50,000",W02000220,25_To_50
W06000013,26927.8,34362.56558,"25-50,000",W02000233,25_To_50
W06000013,26927.8,34362.56558,"25-50,000",W02000232,25_To_50
W06000013,26927.8,34362.56558,"25-50,000",W02000230,25_To_50
W06000013,26927.8,34362.56558,"25-50,000",W02000231,25_To_50
W06000013,26927.8,34362.56558,"25-50,000",W02000228,25_To_50
W06000013,26927.8,34362.56558,"25-50,000",W02000235,25_To_50
W06000013,26927.8,34362.56558,"25-50,000",W02000234,25_To_50
W06000016,22129.8,28239.837779999998,"25-50,000",W02000281,25_To_50
W06000016,22129.8,28239.837779999998,"25-50,000",W02000265,25_To_50
W06000016,22129.8,28239.837779999998,"25-50,000",W02000260,25_To_50
W06000016,22129.8,28239.837779999998,"25-50,000",W02000257,25_To_50
W06000016,22129.8,28239.837779999998,"25-50,000",W02000259,25_To_50
W06000016,22129.8,28239.837779999998,"25-50,000",W02000269,25_To_50
W06000016,22129.8,28239.837779999998,"25-50,000",W02000282,25_To_50
W06000016,22129.8,28239.837779999998,"25-50,000",W02000277,25_To_50
W06000016,22129.8,28239.837779999998,"25-50,000",W02000276,25_To_50
W06000016,22129.8,28239.837779999998,"25-50,000",W02000275,25_To_50
W06000016,22129.8,28239.837779999998,"25-50,000",W02000274,25_To_50
W06000016,22129.8,28239.837779999998,"25-50,000",W02000270,25_To_50
W06000016,22129.8,28239.837779999998,"25-50,000",W02000273,25_To_50
W06000016,22129.8,28239.837779999998,"25-50,000",W02000258,25_To_50
W06000016,22129.8,28239.837779999998,"25-50,000",W02000261,25_To_50
W06000016,22129.8,28239.837779999998,"25-50,000",W02000266,25_To_50
W06000016,22129.8,28239.837779999998,"25-50,000",W02000252,25_To_50
W06000016,22129.8,28239.837779999998,"25-50,000",W02000280,25_To_50
W06000016,22129.8,28239.837779999998,"25-50,000",W02000271,25_To_50
W06000016,22129.8,28239.837779999998,"25-50,000",W02000256,25_To_50
W06000016,22129.8,28239.837779999998,"25-50,000",W02000255,25_To_50
W06000016,22129.8,28239.837779999998,"25-50,000",W02000262,25_To_50
W06000016,22129.8,28239.837779999998,"25-50,000",W02000278,25_To_50
W06000016,22129.8,28239.837779999998,"25-50,000",W02000263,25_To_50
W06000016,22129.8,28239.837779999998,"25-50,000",W02000253,25_To_50
W06000016,22129.8,28239.837779999998,"25-50,000",W02000254,25_To_50
W06000016,22129.8,28239.837779999998,"25-50,000",W02000279,25_To_50
W06000016,22129.8,28239.837779999998,"25-50,000",W02000267,25_To_50
W06000016,22129.8,28239.837779999998,"25-50,000",W02000268,25_To_50
W06000016,22129.8,28239.837779999998,"25-50,000",W02000264,25_To_50
W06000016,22129.8,28239.837779999998,"25-50,000",W02000272,25_To_50
W06000024,21739,27741.1379,"25-50,000",W02000288,25_To_50
W06000024,21739,27741.1379,"25-50,000",W02000289,25_To_50
W06000024,21739,27741.1379,"25-50,000",W02000285,25_To_50
W06000024,21739,27741.1379,"25-50,000",W02000284,25_To_50
W06000024,21739,27741.1379,"25-50,000",W02000287,25_To_50
W06000024,21739,27741.1379,"25-50,000",W02000286,25_To_50
W06000024,21739,27741.1379,"25-50,000",W02000415,25_To_50
W06000014,18879.2,24091.74712,"<25,000",W02000238,Less_Than_25
W06000014,18879.2,24091.74712,"<25,000",W02000241,Less_Than_25
W06000014,18879.2,24091.74712,"<25,000",W02000244,Less_Than_25
W06000014,18879.2,24091.74712,"<25,000",W02000243,Less_Than_25
W06000014,18879.2,24091.74712,"<25,000",W02000249,Less_Than_25
W06000014,18879.2,24091.74712,"<25,000",W02000237,Less_Than_25
W06000014,18879.2,24091.74712,"<25,000",W02000250,Less_Than_25
W06000014,18879.2,24091.74712,"<25,000",W02000251,Less_Than_25
W06000014,18879.2,24091.74712,"<25,000",W02000248,Less_Than_25
W06000014,18879.2,24091.74712,"<25,000",W02000245,Less_Than_25
W06000014,18879.2,24091.74712,"<25,000",W02000240,Less_Than_25
W06000014,18879.2,24091.74712,"<25,000",W02000247,Less_Than_25
W06000014,18879.2,24091.74712,"<25,000",W02000242,Less_Than_25
W06000014,18879.2,24091.74712,"<25,000",W02000239,Less_Than_25
W06000014,18879.2,24091.74712,"<25,000",W02000246,Less_Than_25
W06000015,40019.4,51068.75634,"50-75,000",W02000410,50_To_75
W06000015,40019.4,51068.75634,"50-75,000",W02000412,50_To_75
W06000015,40019.4,51068.75634,"50-75,000",W02000378,50_To_75
W06000015,40019.4,51068.75634,"50-75,000",W02000369,50_To_75
W06000015,40019.4,51068.75634,"50-75,000",W02000406,50_To_75
W06000015,40019.4,51068.75634,"50-75,000",W02000397,50_To_75
W06000015,40019.4,51068.75634,"50-75,000",W02000374,50_To_75
W06000015,40019.4,51068.75634,"50-75,000",W02000367,50_To_75
W06000015,40019.4,51068.75634,"50-75,000",W02000385,50_To_75
W06000015,40019.4,51068.75634,"50-75,000",W02000393,50_To_75
W06000015,40019.4,51068.75634,"50-75,000",W02000382,50_To_75
W06000015,40019.4,51068.75634,"50-75,000",W02000387,50_To_75
W06000015,40019.4,51068.75634,"50-75,000",W02000379,50_To_75
W06000015,40019.4,51068.75634,"50-75,000",W02000384,50_To_75
W06000015,40019.4,51068.75634,"50-75,000",W02000368,50_To_75
W06000015,40019.4,51068.75634,"50-75,000",W02000376,50_To_75
W06000015,40019.4,51068.75634,"50-75,000",W02000392,50_To_75
W06000015,40019.4,51068.75634,"50-75,000",W02000380,50_To_75
W06000015,40019.4,51068.75634,"50-75,000",W02000386,50_To_75
W06000015,40019.4,51068.75634,"50-75,000",W02000372,50_To_75
W06000015,40019.4,51068.75634,"50-75,000",W02000371,50_To_75
W06000015,40019.4,51068.75634,"50-75,000",W02000402,50_To_75
W06000015,40019.4,51068.75634,"50-75,000",W02000391,50_To_75
W06000015,40019.4,51068.75634,"50-75,000",W02000370,50_To_75
W06000015,40019.4,51068.75634,"50-75,000",W02000390,50_To_75
W06000015,40019.4,51068.75634,"50-75,000",W02000381,50_To_75
W06000015,40019.4,51068.75634,"50-75,000",W02000399,50_To_75
W06000015,40019.4,51068.75634,"50-75,000",W02000396,50_To_75
W06000015,40019.4,51068.75634,"50-75,000",W02000408,50_To_75
W06000015,40019.4,51068.75634,"50-75,000",W02000375,50_To_75
W06000015,40019.4,51068.75634,"50-75,000",W02000400,50_To_75
W06000015,40019.4,51068.75634,"50-75,000",W02000388,50_To_75
W06000015,40019.4,51068.75634,"50-75,000",W02000407,50_To_75
W06000015,40019.4,51068.75634,"50-75,000",W02000383,50_To_75
W06000015,40019.4,51068.75634,"50-75,000",W02000403,50_To_75
W06000015,40019.4,51068.75634,"50-75,000",W02000423,50_To_75
W06000015,40019.4,51068.75634,"50-75,000",W02000411,50_To_75
W06000015,40019.4,51068.75634,"50-75,000",W02000409,50_To_75
W06000015,40019.4,51068.75634,"50-75,000",W02000401,50_To_75
W06000015,40019.4,51068.75634,"50-75,000",W02000389,50_To_75
W06000015,40019.4,51068.75634,"50-75,000",W02000373,50_To_75
W06000015,40019.4,51068.75634,"50-75,000",W02000404,50_To_75
W06000015,40019.4,51068.75634,"50-75,000",W02000398,50_To_75
W06000015,40019.4,51068.75634,"50-75,000",W02000377,50_To_75
W06000015,40019.4,51068.75634,"50-75,000",W02000395,50_To_75
W06000015,40019.4,51068.75634,"50-75,000",W02000394,50_To_75
W06000015,40019.4,51068.75634,"50-75,000",W02000405,50_To_75
W06000015,40019.4,51068.75634,"50-75,000",W02000422,50_To_75
W06000018,20581.2,26263.66932,"25-50,000",W02000294,25_To_50
W06000018,20581.2,26263.66932,"25-50,000",W02000292,25_To_50
W06000018,20581.2,26263.66932,"25-50,000",W02000303,25_To_50
W06000018,20581.2,26263.66932,"25-50,000",W02000307,25_To_50
W06000018,20581.2,26263.66932,"25-50,000",W02000293,25_To_50
W06000018,20581.2,26263.66932,"25-50,000",W02000309,25_To_50
W06000018,20581.2,26263.66932,"25-50,000",W02000310,25_To_50
W06000018,20581.2,26263.66932,"25-50,000",W02000298,25_To_50
W06000018,20581.2,26263.66932,"25-50,000",W02000291,25_To_50
W06000018,20581.2,26263.66932,"25-50,000",W02000301,25_To_50
W06000018,20581.2,26263.66932,"25-50,000",W02000308,25_To_50
W06000018,20581.2,26263.66932,"25-50,000",W02000312,25_To_50
W06000018,20581.2,26263.66932,"25-50,000",W02000311,25_To_50
W06000018,20581.2,26263.66932,"25-50,000",W02000290,25_To_50
W06000018,20581.2,26263.66932,"25-50,000",W02000299,25_To_50
W06000018,20581.2,26263.66932,"25-50,000",W02000296,25_To_50
W06000018,20581.2,26263.66932,"25-50,000",W02000295,25_To_50
W06000018,20581.2,26263.66932,"25-50,000",W02000305,25_To_50
W06000018,20581.2,26263.66932,"25-50,000",W02000306,25_To_50
W06000018,20581.2,26263.66932,"25-50,000",W02000297,25_To_50
W06000018,20581.2,26263.66932,"25-50,000",W02000304,25_To_50
W06000018,20581.2,26263.66932,"25-50,000",W02000313,25_To_50
W06000018,20581.2,26263.66932,"25-50,000",W02000302,25_To_50
W06000018,20581.2,26263.66932,"25-50,000",W02000300,25_To_50
W06000019,17965.6,22925.902159999998,"<25,000",W02000321,Less_Than_25
W06000019,17965.6,22925.902159999998,"<25,000",W02000318,Less_Than_25
W06000019,17965.6,22925.902159999998,"<25,000",W02000315,Less_Than_25
W06000019,17965.6,22925.902159999998,"<25,000",W02000320,Less_Than_25
W06000019,17965.6,22925.902159999998,"<25,000",W02000317,Less_Than_25
W06000019,17965.6,22925.902159999998,"<25,000",W02000319,Less_Than_25
W06000019,17965.6,22925.902159999998,"<25,000",W02000322,Less_Than_25
W06000019,17965.6,22925.902159999998,"<25,000",W02000316,Less_Than_25
W06000019,17965.6,22925.902159999998,"<25,000",W02000314,Less_Than_25
W06000020,22245.4,28387.35494,"25-50,000",W02000329,25_To_50
W06000020,22245.4,28387.35494,"25-50,000",W02000330,25_To_50
W06000020,22245.4,28387.35494,"25-50,000",W02000325,25_To_50
W06000020,22245.4,28387.35494,"25-50,000",W02000326,25_To_50
W06000020,22245.4,28387.35494,"25-50,000",W02000332,25_To_50
W06000020,22245.4,28387.35494,"25-50,000",W02000328,25_To_50
W06000020,22245.4,28387.35494,"25-50,000",W02000333,25_To_50
W06000020,22245.4,28387.35494,"25-50,000",W02000331,25_To_50
W06000020,22245.4,28387.35494,"25-50,000",W02000334,25_To_50
W06000020,22245.4,28387.35494,"25-50,000",W02000335,25_To_50
W06000020,22245.4,28387.35494,"25-50,000",W02000323,25_To_50
W06000020,22245.4,28387.35494,"25-50,000",W02000324,25_To_50
W06000020,22245.4,28387.35494,"25-50,000",W02000327,25_To_50
W06000021,26996.8,34450.61648,"25-50,000",W02000345,25_To_50
W06000021,26996.8,34450.61648,"25-50,000",W02000338,25_To_50
W06000021,26996.8,34450.61648,"25-50,000",W02000346,25_To_50
W06000021,26996.8,34450.61648,"25-50,000",W02000339,25_To_50
W06000021,26996.8,34450.61648,"25-50,000",W02000337,25_To_50
W06000021,26996.8,34450.61648,"25-50,000",W02000343,25_To_50
W06000021,26996.8,34450.61648,"25-50,000",W02000341,25_To_50
W06000021,26996.8,34450.61648,"25-50,000",W02000336,25_To_50
W06000021,26996.8,34450.61648,"25-50,000",W02000342,25_To_50
W06000021,26996.8,34450.61648,"25-50,000",W02000344,25_To_50
W06000021,26996.8,34450.61648,"25-50,000",W02000340,25_To_50
W06000022,30094.4,38403.463840000004,"25-50,000",W02000347,25_To_50
W06000022,30094.4,38403.463840000004,"25-50,000",W02000366,25_To_50
W06000022,30094.4,38403.463840000004,"25-50,000",W02000363,25_To_50
W06000022,30094.4,38403.463840000004,"25-50,000",W02000362,25_To_50
W06000022,30094.4,38403.463840000004,"25-50,000",W02000350,25_To_50
W06000022,30094.4,38403.463840000004,"25-50,000",W02000355,25_To_50
W06000022,30094.4,38403.463840000004,"25-50,000",W02000364,25_To_50
W06000022,30094.4,38403.463840000004,"25-50,000",W02000359,25_To_50
W06000022,30094.4,38403.463840000004,"25-50,000",W02000348,25_To_50
W06000022,30094.4,38403.463840000004,"25-50,000",W02000360,25_To_50
W06000022,30094.4,38403.463840000004,"25-50,000",W02000357,25_To_50
W06000022,30094.4,38403.463840000004,"25-50,000",W02000353,25_To_50
W06000022,30094.4,38403.463840000004,"25-50,000",W02000352,25_To_50
W06000022,30094.4,38403.463840000004,"25-50,000",W02000349,25_To_50
W06000022,30094.4,38403.463840000004,"25-50,000",W02000351,25_To_50
W06000022,30094.4,38403.463840000004,"25-50,000",W02000361,25_To_50
W06000022,30094.4,38403.463840000004,"25-50,000",W02000354,25_To_50
W06000022,30094.4,38403.463840000004,"25-50,000",W02000358,25_To_50
W06000022,30094.4,38403.463840000004,"25-50,000",W02000356,25_To_50
W06000022,30094.4,38403.463840000004,"25-50,000",W02000365,25_To_50
S12000005,25445.2,32470.619720000002,"25-50,000",S02001403,25_To_50
S12000005,25445.2,32470.619720000002,"25-50,000",S02001402,25_To_50
S12000005,25445.2,32470.619720000002,"25-50,000",S02001401,25_To_50
S12000005,25445.2,32470.619720000002,"25-50,000",S02001398,25_To_50
S12000005,25445.2,32470.619720000002,"25-50,000",S02001396,25_To_50
S12000005,25445.2,32470.619720000002,"25-50,000",S02001395,25_To_50
S12000005,25445.2,32470.619720000002,"25-50,000",S02001399,25_To_50
S12000005,25445.2,32470.619720000002,"25-50,000",S02001394,25_To_50
S12000005,25445.2,32470.619720000002,"25-50,000",S02001393,25_To_50
S12000005,25445.2,32470.619720000002,"25-50,000",S02001397,25_To_50
S12000005,25445.2,32470.619720000002,"25-50,000",S02001400,25_To_50
S12000005,25445.2,32470.619720000002,"25-50,000",S02001404,25_To_50
S12000030,33125.6,42271.57816,"25-50,000",S02002459,25_To_50
S12000030,33125.6,42271.57816,"25-50,000",S02002436,25_To_50
S12000030,33125.6,42271.57816,"25-50,000",S02002437,25_To_50
S12000030,33125.6,42271.57816,"25-50,000",S02002438,25_To_50
S12000030,33125.6,42271.57816,"25-50,000",S02002440,25_To_50
S12000030,33125.6,42271.57816,"25-50,000",S02002457,25_To_50
S12000030,33125.6,42271.57816,"25-50,000",S02002447,25_To_50
S12000030,33125.6,42271.57816,"25-50,000",S02002452,25_To_50
S12000030,33125.6,42271.57816,"25-50,000",S02002439,25_To_50
S12000030,33125.6,42271.57816,"25-50,000",S02002455,25_To_50
S12000030,33125.6,42271.57816,"25-50,000",S02002443,25_To_50
S12000030,33125.6,42271.57816,"25-50,000",S02002444,25_To_50
S12000030,33125.6,42271.57816,"25-50,000",S02002448,25_To_50
S12000030,33125.6,42271.57816,"25-50,000",S02002446,25_To_50
S12000030,33125.6,42271.57816,"25-50,000",S02002445,25_To_50
S12000030,33125.6,42271.57816,"25-50,000",S02002451,25_To_50
S12000030,33125.6,42271.57816,"25-50,000",S02002456,25_To_50
S12000030,33125.6,42271.57816,"25-50,000",S02002450,25_To_50
S12000030,33125.6,42271.57816,"25-50,000",S02002453,25_To_50
S12000030,33125.6,42271.57816,"25-50,000",S02002458,25_To_50
S12000030,33125.6,42271.57816,"25-50,000",S02002441,25_To_50
S12000030,33125.6,42271.57816,"25-50,000",S02002454,25_To_50
S12000030,33125.6,42271.57816,"25-50,000",S02002442,25_To_50
S12000030,33125.6,42271.57816,"25-50,000",S02002449,25_To_50
S12000041,22820.8,29121.62288,"25-50,000",S02001346,25_To_50
S12000041,22820.8,29121.62288,"25-50,000",S02001347,25_To_50
S12000041,22820.8,29121.62288,"25-50,000",S02001348,25_To_50
S12000041,22820.8,29121.62288,"25-50,000",S02001349,25_To_50
S12000041,22820.8,29121.62288,"25-50,000",S02001355,25_To_50
S12000041,22820.8,29121.62288,"25-50,000",S02001354,25_To_50
S12000041,22820.8,29121.62288,"25-50,000",S02001366,25_To_50
S12000041,22820.8,29121.62288,"25-50,000",S02001365,25_To_50
S12000041,22820.8,29121.62288,"25-50,000",S02001364,25_To_50
S12000041,22820.8,29121.62288,"25-50,000",S02001360,25_To_50
S12000041,22820.8,29121.62288,"25-50,000",S02001368,25_To_50
S12000041,22820.8,29121.62288,"25-50,000",S02001362,25_To_50
S12000041,22820.8,29121.62288,"25-50,000",S02001357,25_To_50
S12000041,22820.8,29121.62288,"25-50,000",S02001361,25_To_50
S12000041,22820.8,29121.62288,"25-50,000",S02001359,25_To_50
S12000041,22820.8,29121.62288,"25-50,000",S02001369,25_To_50
S12000041,22820.8,29121.62288,"25-50,000",S02001367,25_To_50
S12000041,22820.8,29121.62288,"25-50,000",S02001344,25_To_50
S12000041,22820.8,29121.62288,"25-50,000",S02001351,25_To_50
S12000041,22820.8,29121.62288,"25-50,000",S02001358,25_To_50
S12000041,22820.8,29121.62288,"25-50,000",S02001363,25_To_50
S12000041,22820.8,29121.62288,"25-50,000",S02001345,25_To_50
S12000041,22820.8,29121.62288,"25-50,000",S02001352,25_To_50
S12000041,22820.8,29121.62288,"25-50,000",S02001356,25_To_50
S12000041,22820.8,29121.62288,"25-50,000",S02001353,25_To_50
S12000041,22820.8,29121.62288,"25-50,000",S02001350,25_To_50
S12000042,28940.2,36930.58922,"25-50,000",S02001445,25_To_50
S12000042,28940.2,36930.58922,"25-50,000",S02001456,25_To_50
S12000042,28940.2,36930.58922,"25-50,000",S02001458,25_To_50
S12000042,28940.2,36930.58922,"25-50,000",S02001460,25_To_50
S12000042,28940.2,36930.58922,"25-50,000",S02001461,25_To_50
S12000042,28940.2,36930.58922,"25-50,000",S02001474,25_To_50
S12000042,28940.2,36930.58922,"25-50,000",S02001454,25_To_50
S12000042,28940.2,36930.58922,"25-50,000",S02001467,25_To_50
S12000042,28940.2,36930.58922,"25-50,000",S02001468,25_To_50
S12000042,28940.2,36930.58922,"25-50,000",S02001455,25_To_50
S12000042,28940.2,36930.58922,"25-50,000",S02001473,25_To_50
S12000042,28940.2,36930.58922,"25-50,000",S02001470,25_To_50
S12000042,28940.2,36930.58922,"25-50,000",S02001469,25_To_50
S12000042,28940.2,36930.58922,"25-50,000",S02001453,25_To_50
S12000042,28940.2,36930.58922,"25-50,000",S02001463,25_To_50
S12000042,28940.2,36930.58922,"25-50,000",S02001471,25_To_50
S12000042,28940.2,36930.58922,"25-50,000",S02001462,25_To_50
S12000042,28940.2,36930.58922,"25-50,000",S02001472,25_To_50
S12000042,28940.2,36930.58922,"25-50,000",S02001451,25_To_50
S12000042,28940.2,36930.58922,"25-50,000",S02001465,25_To_50
S12000042,28940.2,36930.58922,"25-50,000",S02001464,25_To_50
S12000042,28940.2,36930.58922,"25-50,000",S02001457,25_To_50
S12000042,28940.2,36930.58922,"25-50,000",S02001475,25_To_50
S12000042,28940.2,36930.58922,"25-50,000",S02001448,25_To_50
S12000042,28940.2,36930.58922,"25-50,000",S02001449,25_To_50
S12000042,28940.2,36930.58922,"25-50,000",S02001452,25_To_50
S12000042,28940.2,36930.58922,"25-50,000",S02001447,25_To_50
S12000042,28940.2,36930.58922,"25-50,000",S02001450,25_To_50
S12000042,28940.2,36930.58922,"25-50,000",S02001466,25_To_50
S12000042,28940.2,36930.58922,"25-50,000",S02001459,25_To_50
S12000042,28940.2,36930.58922,"25-50,000",S02001446,25_To_50
S12000010,21336.8,27227.89048,"25-50,000",S02001538,25_To_50
S12000010,21336.8,27227.89048,"25-50,000",S02001550,25_To_50
S12000010,21336.8,27227.89048,"25-50,000",S02001548,25_To_50
S12000010,21336.8,27227.89048,"25-50,000",S02001537,25_To_50
S12000010,21336.8,27227.89048,"25-50,000",S02001539,25_To_50
S12000010,21336.8,27227.89048,"25-50,000",S02001534,25_To_50
S12000010,21336.8,27227.89048,"25-50,000",S02001545,25_To_50
S12000010,21336.8,27227.89048,"25-50,000",S02001544,25_To_50
S12000010,21336.8,27227.89048,"25-50,000",S02001543,25_To_50
S12000010,21336.8,27227.89048,"25-50,000",S02001540,25_To_50
S12000010,21336.8,27227.89048,"25-50,000",S02001549,25_To_50
S12000010,21336.8,27227.89048,"25-50,000",S02001541,25_To_50
S12000010,21336.8,27227.89048,"25-50,000",S02001542,25_To_50
S12000010,21336.8,27227.89048,"25-50,000",S02001553,25_To_50
S12000010,21336.8,27227.89048,"25-50,000",S02001554,25_To_50
S12000010,21336.8,27227.89048,"25-50,000",S02001551,25_To_50
S12000010,21336.8,27227.89048,"25-50,000",S02001536,25_To_50
S12000010,21336.8,27227.89048,"25-50,000",S02001555,25_To_50
S12000010,21336.8,27227.89048,"25-50,000",S02001547,25_To_50
S12000010,21336.8,27227.89048,"25-50,000",S02001552,25_To_50
S12000010,21336.8,27227.89048,"25-50,000",S02001546,25_To_50
S12000010,21336.8,27227.89048,"25-50,000",S02001535,25_To_50
S12000019,21979.6,28048.167559999998,"25-50,000",S02002069,25_To_50
S12000019,21979.6,28048.167559999998,"25-50,000",S02002059,25_To_50
S12000019,21979.6,28048.167559999998,"25-50,000",S02002063,25_To_50
S12000019,21979.6,28048.167559999998,"25-50,000",S02002052,25_To_50
S12000019,21979.6,28048.167559999998,"25-50,000",S02002066,25_To_50
S12000019,21979.6,28048.167559999998,"25-50,000",S02002067,25_To_50
S12000019,21979.6,28048.167559999998,"25-50,000",S02002053,25_To_50
S12000019,21979.6,28048.167559999998,"25-50,000",S02002071,25_To_50
S12000019,21979.6,28048.167559999998,"25-50,000",S02002055,25_To_50
S12000019,21979.6,28048.167559999998,"25-50,000",S02002057,25_To_50
S12000019,21979.6,28048.167559999998,"25-50,000",S02002061,25_To_50
S12000019,21979.6,28048.167559999998,"25-50,000",S02002070,25_To_50
S12000019,21979.6,28048.167559999998,"25-50,000",S02002056,25_To_50
S12000019,21979.6,28048.167559999998,"25-50,000",S02002058,25_To_50
S12000019,21979.6,28048.167559999998,"25-50,000",S02002062,25_To_50
S12000019,21979.6,28048.167559999998,"25-50,000",S02002064,25_To_50
S12000019,21979.6,28048.167559999998,"25-50,000",S02002054,25_To_50
S12000019,21979.6,28048.167559999998,"25-50,000",S02002072,25_To_50
S12000019,21979.6,28048.167559999998,"25-50,000",S02002068,25_To_50
S12000019,21979.6,28048.167559999998,"25-50,000",S02002051,25_To_50
S12000019,21979.6,28048.167559999998,"25-50,000",S02002065,25_To_50
S12000019,21979.6,28048.167559999998,"25-50,000",S02002060,25_To_50
S12000014,29636.6,37819.26526,"25-50,000",S02001721,25_To_50
S12000014,29636.6,37819.26526,"25-50,000",S02001701,25_To_50
S12000014,29636.6,37819.26526,"25-50,000",S02001720,25_To_50
S12000014,29636.6,37819.26526,"25-50,000",S02001723,25_To_50
S12000014,29636.6,37819.26526,"25-50,000",S02001724,25_To_50
S12000014,29636.6,37819.26526,"25-50,000",S02001696,25_To_50
S12000014,29636.6,37819.26526,"25-50,000",S02001715,25_To_50
S12000014,29636.6,37819.26526,"25-50,000",S02001713,25_To_50
S12000014,29636.6,37819.26526,"25-50,000",S02001731,25_To_50
S12000014,29636.6,37819.26526,"25-50,000",S02001730,25_To_50
S12000014,29636.6,37819.26526,"25-50,000",S02001728,25_To_50
S12000014,29636.6,37819.26526,"25-50,000",S02001698,25_To_50
S12000014,29636.6,37819.26526,"25-50,000",S02001732,25_To_50
S12000014,29636.6,37819.26526,"25-50,000",S02001710,25_To_50
S12000014,29636.6,37819.26526,"25-50,000",S02001729,25_To_50
S12000014,29636.6,37819.26526,"25-50,000",S02001702,25_To_50
S12000014,29636.6,37819.26526,"25-50,000",S02001697,25_To_50
S12000014,29636.6,37819.26526,"25-50,000",S02001737,25_To_50
S12000014,29636.6,37819.26526,"25-50,000",S02001716,25_To_50
S12000014,29636.6,37819.26526,"25-50,000",S02001726,25_To_50
S12000014,29636.6,37819.26526,"25-50,000",S02001700,25_To_50
S12000014,29636.6,37819.26526,"25-50,000",S02001735,25_To_50
S12000014,29636.6,37819.26526,"25-50,000",S02001736,25_To_50
S12000014,29636.6,37819.26526,"25-50,000",S02001705,25_To_50
S12000014,29636.6,37819.26526,"25-50,000",S02001733,25_To_50
S12000014,29636.6,37819.26526,"25-50,000",S02001717,25_To_50
S12000014,29636.6,37819.26526,"25-50,000",S02001703,25_To_50
S12000014,29636.6,37819.26526,"25-50,000",S02001712,25_To_50
S12000014,29636.6,37819.26526,"25-50,000",S02001706,25_To_50
S12000014,29636.6,37819.26526,"25-50,000",S02001711,25_To_50
S12000014,29636.6,37819.26526,"25-50,000",S02001725,25_To_50
S12000014,29636.6,37819.26526,"25-50,000",S02001727,25_To_50
S12000014,29636.6,37819.26526,"25-50,000",S02001709,25_To_50
S12000014,29636.6,37819.26526,"25-50,000",S02001704,25_To_50
S12000014,29636.6,37819.26526,"25-50,000",S02001719,25_To_50
S12000014,29636.6,37819.26526,"25-50,000",S02001714,25_To_50
S12000014,29636.6,37819.26526,"25-50,000",S02001722,25_To_50
S12000014,29636.6,37819.26526,"25-50,000",S02001718,25_To_50
S12000014,29636.6,37819.26526,"25-50,000",S02001708,25_To_50
S12000014,29636.6,37819.26526,"25-50,000",S02001734,25_To_50
S12000014,29636.6,37819.26526,"25-50,000",S02001699,25_To_50
S12000014,29636.6,37819.26526,"25-50,000",S02001707,25_To_50
S12000036,58135,74186.0735,"50-75,000",S02001599,50_To_75
S12000036,58135,74186.0735,"50-75,000",S02001593,50_To_75
S12000036,58135,74186.0735,"50-75,000",S02001660,50_To_75
S12000036,58135,74186.0735,"50-75,000",S02001679,50_To_75
S12000036,58135,74186.0735,"50-75,000",S02001664,50_To_75
S12000036,58135,74186.0735,"50-75,000",S02001678,50_To_75
S12000036,58135,74186.0735,"50-75,000",S02001662,50_To_75
S12000036,58135,74186.0735,"50-75,000",S02001680,50_To_75
S12000036,58135,74186.0735,"50-75,000",S02001682,50_To_75
S12000036,58135,74186.0735,"50-75,000",S02001683,50_To_75
S12000036,58135,74186.0735,"50-75,000",S02001677,50_To_75
S12000036,58135,74186.0735,"50-75,000",S02001580,50_To_75
S12000036,58135,74186.0735,"50-75,000",S02001581,50_To_75
S12000036,58135,74186.0735,"50-75,000",S02001601,50_To_75
S12000036,58135,74186.0735,"50-75,000",S02001651,50_To_75
S12000036,58135,74186.0735,"50-75,000",S02001608,50_To_75
S12000036,58135,74186.0735,"50-75,000",S02001636,50_To_75
S12000036,58135,74186.0735,"50-75,000",S02001684,50_To_75
S12000036,58135,74186.0735,"50-75,000",S02001685,50_To_75
S12000036,58135,74186.0735,"50-75,000",S02001663,50_To_75
S12000036,58135,74186.0735,"50-75,000",S02001576,50_To_75
S12000036,58135,74186.0735,"50-75,000",S02001598,50_To_75
S12000036,58135,74186.0735,"50-75,000",S02001630,50_To_75
S12000036,58135,74186.0735,"50-75,000",S02001626,50_To_75
S12000036,58135,74186.0735,"50-75,000",S02001605,50_To_75
S12000036,58135,74186.0735,"50-75,000",S02001604,50_To_75
S12000036,58135,74186.0735,"50-75,000",S02001627,50_To_75
S12000036,58135,74186.0735,"50-75,000",S02001603,50_To_75
S12000036,58135,74186.0735,"50-75,000",S02001665,50_To_75
S12000036,58135,74186.0735,"50-75,000",S02001612,50_To_75
S12000036,58135,74186.0735,"50-75,000",S02001600,50_To_75
S12000036,58135,74186.0735,"50-75,000",S02001652,50_To_75
S12000036,58135,74186.0735,"50-75,000",S02001668,50_To_75
S12000036,58135,74186.0735,"50-75,000",S02001609,50_To_75
S12000036,58135,74186.0735,"50-75,000",S02001579,50_To_75
S12000036,58135,74186.0735,"50-75,000",S02001650,50_To_75
S12000036,58135,74186.0735,"50-75,000",S02001637,50_To_75
S12000036,58135,74186.0735,"50-75,000",S02001594,50_To_75
S12000036,58135,74186.0735,"50-75,000",S02001674,50_To_75
S12000036,58135,74186.0735,"50-75,000",S02001578,50_To_75
S12000036,58135,74186.0735,"50-75,000",S02001595,50_To_75
S12000036,58135,74186.0735,"50-75,000",S02001615,50_To_75
S12000036,58135,74186.0735,"50-75,000",S02001671,50_To_75
S12000036,58135,74186.0735,"50-75,000",S02001589,50_To_75
S12000036,58135,74186.0735,"50-75,000",S02001661,50_To_75
S12000036,58135,74186.0735,"50-75,000",S02001676,50_To_75
S12000036,58135,74186.0735,"50-75,000",S02001596,50_To_75
S12000036,58135,74186.0735,"50-75,000",S02001588,50_To_75
S12000036,58135,74186.0735,"50-75,000",S02001577,50_To_75
S12000036,58135,74186.0735,"50-75,000",S02001631,50_To_75
S12000036,58135,74186.0735,"50-75,000",S02001629,50_To_75
S12000036,58135,74186.0735,"50-75,000",S02001592,50_To_75
S12000036,58135,74186.0735,"50-75,000",S02001675,50_To_75
S12000036,58135,74186.0735,"50-75,000",S02001638,50_To_75
S12000036,58135,74186.0735,"50-75,000",S02001649,50_To_75
S12000036,58135,74186.0735,"50-75,000",S02001624,50_To_75
S12000036,58135,74186.0735,"50-75,000",S02001666,50_To_75
S12000036,58135,74186.0735,"50-75,000",S02001670,50_To_75
S12000036,58135,74186.0735,"50-75,000",S02001667,50_To_75
S12000036,58135,74186.0735,"50-75,000",S02001641,50_To_75
S12000036,58135,74186.0735,"50-75,000",S02001639,50_To_75
S12000036,58135,74186.0735,"50-75,000",S02001633,50_To_75
S12000036,58135,74186.0735,"50-75,000",S02001610,50_To_75
S12000036,58135,74186.0735,"50-75,000",S02001607,50_To_75
S12000036,58135,74186.0735,"50-75,000",S02001606,50_To_75
S12000036,58135,74186.0735,"50-75,000",S02001672,50_To_75
S12000036,58135,74186.0735,"50-75,000",S02001673,50_To_75
S12000036,58135,74186.0735,"50-75,000",S02001616,50_To_75
S12000036,58135,74186.0735,"50-75,000",S02001635,50_To_75
S12000036,58135,74186.0735,"50-75,000",S02001602,50_To_75
S12000036,58135,74186.0735,"50-75,000",S02001628,50_To_75
S12000036,58135,74186.0735,"50-75,000",S02001642,50_To_75
S12000036,58135,74186.0735,"50-75,000",S02001583,50_To_75
S12000036,58135,74186.0735,"50-75,000",S02001669,50_To_75
S12000036,58135,74186.0735,"50-75,000",S02001648,50_To_75
S12000036,58135,74186.0735,"50-75,000",S02001597,50_To_75
S12000036,58135,74186.0735,"50-75,000",S02001632,50_To_75
S12000036,58135,74186.0735,"50-75,000",S02001646,50_To_75
S12000036,58135,74186.0735,"50-75,000",S02001634,50_To_75
S12000036,58135,74186.0735,"50-75,000",S02001590,50_To_75
S12000036,58135,74186.0735,"50-75,000",S02001586,50_To_75
S12000036,58135,74186.0735,"50-75,000",S02001587,50_To_75
S12000036,58135,74186.0735,"50-75,000",S02001585,50_To_75
S12000036,58135,74186.0735,"50-75,000",S02001681,50_To_75
S12000036,58135,74186.0735,"50-75,000",S02001643,50_To_75
S12000036,58135,74186.0735,"50-75,000",S02001640,50_To_75
S12000036,58135,74186.0735,"50-75,000",S02001644,50_To_75
S12000036,58135,74186.0735,"50-75,000",S02001591,50_To_75
S12000036,58135,74186.0735,"50-75,000",S02001619,50_To_75
S12000036,58135,74186.0735,"50-75,000",S02001584,50_To_75
S12000036,58135,74186.0735,"50-75,000",S02001582,50_To_75
S12000036,58135,74186.0735,"50-75,000",S02001623,50_To_75
S12000036,58135,74186.0735,"50-75,000",S02001653,50_To_75
S12000036,58135,74186.0735,"50-75,000",S02001647,50_To_75
S12000036,58135,74186.0735,"50-75,000",S02001611,50_To_75
S12000036,58135,74186.0735,"50-75,000",S02001645,50_To_75
S12000036,58135,74186.0735,"50-75,000",S02001686,50_To_75
S12000036,58135,74186.0735,"50-75,000",S02001656,50_To_75
S12000036,58135,74186.0735,"50-75,000",S02001658,50_To_75
S12000036,58135,74186.0735,"50-75,000",S02001654,50_To_75
S12000036,58135,74186.0735,"50-75,000",S02001613,50_To_75
S12000036,58135,74186.0735,"50-75,000",S02001617,50_To_75
S12000036,58135,74186.0735,"50-75,000",S02001659,50_To_75
S12000036,58135,74186.0735,"50-75,000",S02001614,50_To_75
S12000036,58135,74186.0735,"50-75,000",S02001620,50_To_75
S12000036,58135,74186.0735,"50-75,000",S02001625,50_To_75
S12000036,58135,74186.0735,"50-75,000",S02001655,50_To_75
S12000036,58135,74186.0735,"50-75,000",S02001657,50_To_75
S12000036,58135,74186.0735,"50-75,000",S02001622,50_To_75
S12000036,58135,74186.0735,"50-75,000",S02001618,50_To_75
S12000036,58135,74186.0735,"50-75,000",S02001621,50_To_75
S12000040,32796.4,41851.48604,"25-50,000",S02002478,25_To_50
S12000040,32796.4,41851.48604,"25-50,000",S02002497,25_To_50
S12000040,32796.4,41851.48604,"25-50,000",S02002486,25_To_50
S12000040,32796.4,41851.48604,"25-50,000",S02002487,25_To_50
S12000040,32796.4,41851.48604,"25-50,000",S02002483,25_To_50
S12000040,32796.4,41851.48604,"25-50,000",S02002493,25_To_50
S12000040,32796.4,41851.48604,"25-50,000",S02002485,25_To_50
S12000040,32796.4,41851.48604,"25-50,000",S02002500,25_To_50
S12000040,32796.4,41851.48604,"25-50,000",S02002504,25_To_50
S12000040,32796.4,41851.48604,"25-50,000",S02002511,25_To_50
S12000040,32796.4,41851.48604,"25-50,000",S02002508,25_To_50
S12000040,32796.4,41851.48604,"25-50,000",S02002502,25_To_50
S12000040,32796.4,41851.48604,"25-50,000",S02002505,25_To_50
S12000040,32796.4,41851.48604,"25-50,000",S02002512,25_To_50
S12000040,32796.4,41851.48604,"25-50,000",S02002510,25_To_50
S12000040,32796.4,41851.48604,"25-50,000",S02002507,25_To_50
S12000040,32796.4,41851.48604,"25-50,000",S02002481,25_To_50
S12000040,32796.4,41851.48604,"25-50,000",S02002496,25_To_50
S12000040,32796.4,41851.48604,"25-50,000",S02002498,25_To_50
S12000040,32796.4,41851.48604,"25-50,000",S02002490,25_To_50
S12000040,32796.4,41851.48604,"25-50,000",S02002506,25_To_50
S12000040,32796.4,41851.48604,"25-50,000",S02002499,25_To_50
S12000040,32796.4,41851.48604,"25-50,000",S02002480,25_To_50
S12000040,32796.4,41851.48604,"25-50,000",S02002479,25_To_50
S12000040,32796.4,41851.48604,"25-50,000",S02002501,25_To_50
S12000040,32796.4,41851.48604,"25-50,000",S02002503,25_To_50
S12000040,32796.4,41851.48604,"25-50,000",S02002514,25_To_50
S12000040,32796.4,41851.48604,"25-50,000",S02002495,25_To_50
S12000040,32796.4,41851.48604,"25-50,000",S02002484,25_To_50
S12000040,32796.4,41851.48604,"25-50,000",S02002492,25_To_50
S12000040,32796.4,41851.48604,"25-50,000",S02002482,25_To_50
S12000040,32796.4,41851.48604,"25-50,000",S02002489,25_To_50
S12000040,32796.4,41851.48604,"25-50,000",S02002513,25_To_50
S12000040,32796.4,41851.48604,"25-50,000",S02002488,25_To_50
S12000040,32796.4,41851.48604,"25-50,000",S02002494,25_To_50
S12000040,32796.4,41851.48604,"25-50,000",S02002509,25_To_50
S12000040,32796.4,41851.48604,"25-50,000",S02002491,25_To_50
S12000021,22493.8,28704.33818,"25-50,000",S02002106,25_To_50
S12000021,22493.8,28704.33818,"25-50,000",S02002105,25_To_50
S12000021,22493.8,28704.33818,"25-50,000",S02002122,25_To_50
S12000021,22493.8,28704.33818,"25-50,000",S02002099,25_To_50
S12000021,22493.8,28704.33818,"25-50,000",S02002108,25_To_50
S12000021,22493.8,28704.33818,"25-50,000",S02002107,25_To_50
S12000021,22493.8,28704.33818,"25-50,000",S02002098,25_To_50
S12000021,22493.8,28704.33818,"25-50,000",S02002112,25_To_50
S12000021,22493.8,28704.33818,"25-50,000",S02002114,25_To_50
S12000021,22493.8,28704.33818,"25-50,000",S02002126,25_To_50
S12000021,22493.8,28704.33818,"25-50,000",S02002111,25_To_50
S12000021,22493.8,28704.33818,"25-50,000",S02002116,25_To_50
S12000021,22493.8,28704.33818,"25-50,000",S02002110,25_To_50
S12000021,22493.8,28704.33818,"25-50,000",S02002117,25_To_50
S12000021,22493.8,28704.33818,"25-50,000",S02002118,25_To_50
S12000021,22493.8,28704.33818,"25-50,000",S02002120,25_To_50
S12000021,22493.8,28704.33818,"25-50,000",S02002121,25_To_50
S12000021,22493.8,28704.33818,"25-50,000",S02002130,25_To_50
S12000021,22493.8,28704.33818,"25-50,000",S02002097,25_To_50
S12000021,22493.8,28704.33818,"25-50,000",S02002115,25_To_50
S12000021,22493.8,28704.33818,"25-50,000",S02002123,25_To_50
S12000021,22493.8,28704.33818,"25-50,000",S02002134,25_To_50
S12000021,22493.8,28704.33818,"25-50,000",S02002128,25_To_50
S12000021,22493.8,28704.33818,"25-50,000",S02002132,25_To_50
S12000021,22493.8,28704.33818,"25-50,000",S02002133,25_To_50
S12000021,22493.8,28704.33818,"25-50,000",S02002129,25_To_50
S12000021,22493.8,28704.33818,"25-50,000",S02002127,25_To_50
S12000021,22493.8,28704.33818,"25-50,000",S02002125,25_To_50
S12000021,22493.8,28704.33818,"25-50,000",S02002131,25_To_50
S12000021,22493.8,28704.33818,"25-50,000",S02002119,25_To_50
S12000021,22493.8,28704.33818,"25-50,000",S02002124,25_To_50
S12000021,22493.8,28704.33818,"25-50,000",S02002113,25_To_50
S12000021,22493.8,28704.33818,"25-50,000",S02002103,25_To_50
S12000021,22493.8,28704.33818,"25-50,000",S02002104,25_To_50
S12000021,22493.8,28704.33818,"25-50,000",S02002109,25_To_50
S12000021,22493.8,28704.33818,"25-50,000",S02002102,25_To_50
S12000021,22493.8,28704.33818,"25-50,000",S02002100,25_To_50
S12000021,22493.8,28704.33818,"25-50,000",S02002101,25_To_50
S12000013,25408,32423.1488,"25-50,000",S02001691,25_To_50
S12000013,25408,32423.1488,"25-50,000",S02001695,25_To_50
S12000013,25408,32423.1488,"25-50,000",S02001692,25_To_50
S12000013,25408,32423.1488,"25-50,000",S02001689,25_To_50
S12000013,25408,32423.1488,"25-50,000",S02001694,25_To_50
S12000013,25408,32423.1488,"25-50,000",S02001687,25_To_50
S12000013,25408,32423.1488,"25-50,000",S02001688,25_To_50
S12000013,25408,32423.1488,"25-50,000",S02001693,25_To_50
S12000013,25408,32423.1488,"25-50,000",S02001690,25_To_50
S12000023,29846.4,38086.99104,"25-50,000",S02002214,25_To_50
S12000023,29846.4,38086.99104,"25-50,000",S02002213,25_To_50
S12000023,29846.4,38086.99104,"25-50,000",S02002218,25_To_50
S12000023,29846.4,38086.99104,"25-50,000",S02002216,25_To_50
S12000023,29846.4,38086.99104,"25-50,000",S02002215,25_To_50
S12000023,29846.4,38086.99104,"25-50,000",S02002217,25_To_50
S12000027,37957,48436.9277,"25-50,000",S02002325,25_To_50
S12000027,37957,48436.9277,"25-50,000",S02002323,25_To_50
S12000027,37957,48436.9277,"25-50,000",S02002324,25_To_50
S12000027,37957,48436.9277,"25-50,000",S02002326,25_To_50
S12000027,37957,48436.9277,"25-50,000",S02002322,25_To_50
S12000027,37957,48436.9277,"25-50,000",S02002327,25_To_50
S12000027,37957,48436.9277,"25-50,000",S02002328,25_To_50
S12000035,29348.8,37452.00368,"25-50,000",S02001379,25_To_50
S12000035,29348.8,37452.00368,"25-50,000",S02001380,25_To_50
S12000035,29348.8,37452.00368,"25-50,000",S02001384,25_To_50
S12000035,29348.8,37452.00368,"25-50,000",S02001375,25_To_50
S12000035,29348.8,37452.00368,"25-50,000",S02001382,25_To_50
S12000035,29348.8,37452.00368,"25-50,000",S02001376,25_To_50
S12000035,29348.8,37452.00368,"25-50,000",S02001381,25_To_50
S12000035,29348.8,37452.00368,"25-50,000",S02001388,25_To_50
S12000035,29348.8,37452.00368,"25-50,000",S02001373,25_To_50
S12000035,29348.8,37452.00368,"25-50,000",S02001371,25_To_50
S12000035,29348.8,37452.00368,"25-50,000",S02001378,25_To_50
S12000035,29348.8,37452.00368,"25-50,000",S02001387,25_To_50
S12000035,29348.8,37452.00368,"25-50,000",S02001386,25_To_50
S12000035,29348.8,37452.00368,"25-50,000",S02001372,25_To_50
S12000035,29348.8,37452.00368,"25-50,000",S02001374,25_To_50
S12000035,29348.8,37452.00368,"25-50,000",S02001377,25_To_50
S12000035,29348.8,37452.00368,"25-50,000",S02001383,25_To_50
S12000035,29348.8,37452.00368,"25-50,000",S02001370,25_To_50
S12000035,29348.8,37452.00368,"25-50,000",S02001385,25_To_50
S12000035,29348.8,37452.00368,"25-50,000",S02001392,25_To_50
S12000035,29348.8,37452.00368,"25-50,000",S02001390,25_To_50
S12000035,29348.8,37452.00368,"25-50,000",S02001389,25_To_50
S12000035,29348.8,37452.00368,"25-50,000",S02001391,25_To_50
S12000017,31572.8,40290.05008,"25-50,000",S02001981,25_To_50
S12000017,31572.8,40290.05008,"25-50,000",S02001978,25_To_50
S12000017,31572.8,40290.05008,"25-50,000",S02001985,25_To_50
S12000017,31572.8,40290.05008,"25-50,000",S02002018,25_To_50
S12000017,31572.8,40290.05008,"25-50,000",S02002011,25_To_50
S12000017,31572.8,40290.05008,"25-50,000",S02002012,25_To_50
S12000017,31572.8,40290.05008,"25-50,000",S02002005,25_To_50
S12000017,31572.8,40290.05008,"25-50,000",S02002030,25_To_50
S12000017,31572.8,40290.05008,"25-50,000",S02002007,25_To_50
S12000017,31572.8,40290.05008,"25-50,000",S02002008,25_To_50
S12000017,31572.8,40290.05008,"25-50,000",S02002010,25_To_50
S12000017,31572.8,40290.05008,"25-50,000",S02002009,25_To_50
S12000017,31572.8,40290.05008,"25-50,000",S02002024,25_To_50
S12000017,31572.8,40290.05008,"25-50,000",S02002033,25_To_50
S12000017,31572.8,40290.05008,"25-50,000",S02002025,25_To_50
S12000017,31572.8,40290.05008,"25-50,000",S02001979,25_To_50
S12000017,31572.8,40290.05008,"25-50,000",S02001982,25_To_50
S12000017,31572.8,40290.05008,"25-50,000",S02002006,25_To_50
S12000017,31572.8,40290.05008,"25-50,000",S02001983,25_To_50
S12000017,31572.8,40290.05008,"25-50,000",S02001984,25_To_50
S12000017,31572.8,40290.05008,"25-50,000",S02001995,25_To_50
S12000017,31572.8,40290.05008,"25-50,000",S02001999,25_To_50
S12000017,31572.8,40290.05008,"25-50,000",S02002000,25_To_50
S12000017,31572.8,40290.05008,"25-50,000",S02002003,25_To_50
S12000017,31572.8,40290.05008,"25-50,000",S02001991,25_To_50
S12000017,31572.8,40290.05008,"25-50,000",S02002015,25_To_50
S12000017,31572.8,40290.05008,"25-50,000",S02001992,25_To_50
S12000017,31572.8,40290.05008,"25-50,000",S02001994,25_To_50
S12000017,31572.8,40290.05008,"25-50,000",S02001987,25_To_50
S12000017,31572.8,40290.05008,"25-50,000",S02001986,25_To_50
S12000017,31572.8,40290.05008,"25-50,000",S02001980,25_To_50
S12000017,31572.8,40290.05008,"25-50,000",S02002016,25_To_50
S12000017,31572.8,40290.05008,"25-50,000",S02002020,25_To_50
S12000017,31572.8,40290.05008,"25-50,000",S02002021,25_To_50
S12000017,31572.8,40290.05008,"25-50,000",S02002023,25_To_50
S12000017,31572.8,40290.05008,"25-50,000",S02002027,25_To_50
S12000017,31572.8,40290.05008,"25-50,000",S02002032,25_To_50
S12000017,31572.8,40290.05008,"25-50,000",S02002031,25_To_50
S12000017,31572.8,40290.05008,"25-50,000",S02002029,25_To_50
S12000017,31572.8,40290.05008,"25-50,000",S02002026,25_To_50
S12000017,31572.8,40290.05008,"25-50,000",S02002004,25_To_50
S12000017,31572.8,40290.05008,"25-50,000",S02001988,25_To_50
S12000017,31572.8,40290.05008,"25-50,000",S02002014,25_To_50
S12000017,31572.8,40290.05008,"25-50,000",S02002013,25_To_50
S12000017,31572.8,40290.05008,"25-50,000",S02002022,25_To_50
S12000017,31572.8,40290.05008,"25-50,000",S02002017,25_To_50
S12000017,31572.8,40290.05008,"25-50,000",S02002019,25_To_50
S12000017,31572.8,40290.05008,"25-50,000",S02001998,25_To_50
S12000017,31572.8,40290.05008,"25-50,000",S02001997,25_To_50
S12000017,31572.8,40290.05008,"25-50,000",S02001993,25_To_50
S12000017,31572.8,40290.05008,"25-50,000",S02001996,25_To_50
S12000017,31572.8,40290.05008,"25-50,000",S02002002,25_To_50
S12000017,31572.8,40290.05008,"25-50,000",S02001989,25_To_50
S12000017,31572.8,40290.05008,"25-50,000",S02001990,25_To_50
S12000017,31572.8,40290.05008,"25-50,000",S02002028,25_To_50
S12000017,31572.8,40290.05008,"25-50,000",S02002001,25_To_50
S12000020,29212.8,37278.454079999996,"25-50,000",S02002073,25_To_50
S12000020,29212.8,37278.454079999996,"25-50,000",S02002074,25_To_50
S12000020,29212.8,37278.454079999996,"25-50,000",S02002076,25_To_50
S12000020,29212.8,37278.454079999996,"25-50,000",S02002092,25_To_50
S12000020,29212.8,37278.454079999996,"25-50,000",S02002081,25_To_50
S12000020,29212.8,37278.454079999996,"25-50,000",S02002085,25_To_50
S12000020,29212.8,37278.454079999996,"25-50,000",S02002083,25_To_50
S12000020,29212.8,37278.454079999996,"25-50,000",S02002079,25_To_50
S12000020,29212.8,37278.454079999996,"25-50,000",S02002084,25_To_50
S12000020,29212.8,37278.454079999996,"25-50,000",S02002095,25_To_50
S12000020,29212.8,37278.454079999996,"25-50,000",S02002094,25_To_50
S12000020,29212.8,37278.454079999996,"25-50,000",S02002087,25_To_50
S12000020,29212.8,37278.454079999996,"25-50,000",S02002088,25_To_50
S12000020,29212.8,37278.454079999996,"25-50,000",S02002086,25_To_50
S12000020,29212.8,37278.454079999996,"25-50,000",S02002080,25_To_50
S12000020,29212.8,37278.454079999996,"25-50,000",S02002078,25_To_50
S12000020,29212.8,37278.454079999996,"25-50,000",S02002077,25_To_50
S12000020,29212.8,37278.454079999996,"25-50,000",S02002090,25_To_50
S12000020,29212.8,37278.454079999996,"25-50,000",S02002082,25_To_50
S12000020,29212.8,37278.454079999996,"25-50,000",S02002089,25_To_50
S12000020,29212.8,37278.454079999996,"25-50,000",S02002091,25_To_50
S12000020,29212.8,37278.454079999996,"25-50,000",S02002096,25_To_50
S12000020,29212.8,37278.454079999996,"25-50,000",S02002093,25_To_50
S12000020,29212.8,37278.454079999996,"25-50,000",S02002075,25_To_50
S12000039,26647.8,34005.25758,"25-50,000",S02002468,25_To_50
S12000039,26647.8,34005.25758,"25-50,000",S02002476,25_To_50
S12000039,26647.8,34005.25758,"25-50,000",S02002471,25_To_50
S12000039,26647.8,34005.25758,"25-50,000",S02002470,25_To_50
S12000039,26647.8,34005.25758,"25-50,000",S02002472,25_To_50
S12000039,26647.8,34005.25758,"25-50,000",S02002475,25_To_50
S12000039,26647.8,34005.25758,"25-50,000",S02002464,25_To_50
S12000039,26647.8,34005.25758,"25-50,000",S02002465,25_To_50
S12000039,26647.8,34005.25758,"25-50,000",S02002469,25_To_50
S12000039,26647.8,34005.25758,"25-50,000",S02002473,25_To_50
S12000039,26647.8,34005.25758,"25-50,000",S02002467,25_To_50
S12000039,26647.8,34005.25758,"25-50,000",S02002462,25_To_50
S12000039,26647.8,34005.25758,"25-50,000",S02002477,25_To_50
S12000039,26647.8,34005.25758,"25-50,000",S02002474,25_To_50
S12000039,26647.8,34005.25758,"25-50,000",S02002460,25_To_50
S12000039,26647.8,34005.25758,"25-50,000",S02002463,25_To_50
S12000039,26647.8,34005.25758,"25-50,000",S02002466,25_To_50
S12000039,26647.8,34005.25758,"25-50,000",S02002461,25_To_50
S12000045,17242.8,22003.53708,"<25,000",S02001516,Less_Than_25
S12000045,17242.8,22003.53708,"<25,000",S02001517,Less_Than_25
S12000045,17242.8,22003.53708,"<25,000",S02001518,Less_Than_25
S12000045,17242.8,22003.53708,"<25,000",S02001511,Less_Than_25
S12000045,17242.8,22003.53708,"<25,000",S02001510,Less_Than_25
S12000045,17242.8,22003.53708,"<25,000",S02001513,Less_Than_25
S12000045,17242.8,22003.53708,"<25,000",S02001527,Less_Than_25
S12000045,17242.8,22003.53708,"<25,000",S02001524,Less_Than_25
S12000045,17242.8,22003.53708,"<25,000",S02001523,Less_Than_25
S12000045,17242.8,22003.53708,"<25,000",S02001520,Less_Than_25
S12000045,17242.8,22003.53708,"<25,000",S02001519,Less_Than_25
S12000045,17242.8,22003.53708,"<25,000",S02001508,Less_Than_25
S12000045,17242.8,22003.53708,"<25,000",S02001509,Less_Than_25
S12000045,17242.8,22003.53708,"<25,000",S02001526,Less_Than_25
S12000045,17242.8,22003.53708,"<25,000",S02001507,Less_Than_25
S12000045,17242.8,22003.53708,"<25,000",S02001533,Less_Than_25
S12000045,17242.8,22003.53708,"<25,000",S02001515,Less_Than_25
S12000045,17242.8,22003.53708,"<25,000",S02001525,Less_Than_25
S12000045,17242.8,22003.53708,"<25,000",S02001529,Less_Than_25
S12000045,17242.8,22003.53708,"<25,000",S02001521,Less_Than_25
S12000045,17242.8,22003.53708,"<25,000",S02001514,Less_Than_25
S12000045,17242.8,22003.53708,"<25,000",S02001532,Less_Than_25
S12000045,17242.8,22003.53708,"<25,000",S02001512,Less_Than_25
S12000045,17242.8,22003.53708,"<25,000",S02001506,Less_Than_25
S12000045,17242.8,22003.53708,"<25,000",S02001531,Less_Than_25
S12000045,17242.8,22003.53708,"<25,000",S02001530,Less_Than_25
S12000045,17242.8,22003.53708,"<25,000",S02001528,Less_Than_25
S12000045,17242.8,22003.53708,"<25,000",S02001522,Less_Than_25
S12000011,15914,20307.8554,"<25,000",S02001558,Less_Than_25
S12000011,15914,20307.8554,"<25,000",S02001564,Less_Than_25
S12000011,15914,20307.8554,"<25,000",S02001563,Less_Than_25
S12000011,15914,20307.8554,"<25,000",S02001559,Less_Than_25
S12000011,15914,20307.8554,"<25,000",S02001566,Less_Than_25
S12000011,15914,20307.8554,"<25,000",S02001560,Less_Than_25
S12000011,15914,20307.8554,"<25,000",S02001556,Less_Than_25
S12000011,15914,20307.8554,"<25,000",S02001565,Less_Than_25
S12000011,15914,20307.8554,"<25,000",S02001568,Less_Than_25
S12000011,15914,20307.8554,"<25,000",S02001572,Less_Than_25
S12000011,15914,20307.8554,"<25,000",S02001562,Less_Than_25
S12000011,15914,20307.8554,"<25,000",S02001567,Less_Than_25
S12000011,15914,20307.8554,"<25,000",S02001561,Less_Than_25
S12000011,15914,20307.8554,"<25,000",S02001557,Less_Than_25
S12000011,15914,20307.8554,"<25,000",S02001571,Less_Than_25
S12000011,15914,20307.8554,"<25,000",S02001569,Less_Than_25
S12000011,15914,20307.8554,"<25,000",S02001570,Less_Than_25
S12000011,15914,20307.8554,"<25,000",S02001573,Less_Than_25
S12000011,15914,20307.8554,"<25,000",S02001574,Less_Than_25
S12000011,15914,20307.8554,"<25,000",S02001575,Less_Than_25
S12000038,29950.6,38219.96066,"25-50,000",S02002260,25_To_50
S12000038,29950.6,38219.96066,"25-50,000",S02002261,25_To_50
S12000038,29950.6,38219.96066,"25-50,000",S02002257,25_To_50
S12000038,29950.6,38219.96066,"25-50,000",S02002287,25_To_50
S12000038,29950.6,38219.96066,"25-50,000",S02002275,25_To_50
S12000038,29950.6,38219.96066,"25-50,000",S02002276,25_To_50
S12000038,29950.6,38219.96066,"25-50,000",S02002271,25_To_50
S12000038,29950.6,38219.96066,"25-50,000",S02002265,25_To_50
S12000038,29950.6,38219.96066,"25-50,000",S02002267,25_To_50
S12000038,29950.6,38219.96066,"25-50,000",S02002277,25_To_50
S12000038,29950.6,38219.96066,"25-50,000",S02002280,25_To_50
S12000038,29950.6,38219.96066,"25-50,000",S02002285,25_To_50
S12000038,29950.6,38219.96066,"25-50,000",S02002270,25_To_50
S12000038,29950.6,38219.96066,"25-50,000",S02002283,25_To_50
S12000038,29950.6,38219.96066,"25-50,000",S02002264,25_To_50
S12000038,29950.6,38219.96066,"25-50,000",S02002274,25_To_50
S12000038,29950.6,38219.96066,"25-50,000",S02002278,25_To_50
S12000038,29950.6,38219.96066,"25-50,000",S02002262,25_To_50
S12000038,29950.6,38219.96066,"25-50,000",S02002266,25_To_50
S12000038,29950.6,38219.96066,"25-50,000",S02002289,25_To_50
S12000038,29950.6,38219.96066,"25-50,000",S02002259,25_To_50
S12000038,29950.6,38219.96066,"25-50,000",S02002258,25_To_50
S12000038,29950.6,38219.96066,"25-50,000",S02002288,25_To_50
S12000038,29950.6,38219.96066,"25-50,000",S02002272,25_To_50
S12000038,29950.6,38219.96066,"25-50,000",S02002273,25_To_50
S12000038,29950.6,38219.96066,"25-50,000",S02002268,25_To_50
S12000038,29950.6,38219.96066,"25-50,000",S02002269,25_To_50
S12000038,29950.6,38219.96066,"25-50,000",S02002263,25_To_50
S12000038,29950.6,38219.96066,"25-50,000",S02002255,25_To_50
S12000038,29950.6,38219.96066,"25-50,000",S02002279,25_To_50
S12000038,29950.6,38219.96066,"25-50,000",S02002256,25_To_50
S12000038,29950.6,38219.96066,"25-50,000",S02002286,25_To_50
S12000038,29950.6,38219.96066,"25-50,000",S02002282,25_To_50
S12000038,29950.6,38219.96066,"25-50,000",S02002254,25_To_50
S12000038,29950.6,38219.96066,"25-50,000",S02002291,25_To_50
S12000038,29950.6,38219.96066,"25-50,000",S02002290,25_To_50
S12000038,29950.6,38219.96066,"25-50,000",S02002284,25_To_50
S12000038,29950.6,38219.96066,"25-50,000",S02002281,25_To_50
S12000018,18055.4,23040.49594,"<25,000",S02002041,Less_Than_25
S12000018,18055.4,23040.49594,"<25,000",S02002034,Less_Than_25
S12000018,18055.4,23040.49594,"<25,000",S02002036,Less_Than_25
S12000018,18055.4,23040.49594,"<25,000",S02002039,Less_Than_25
S12000018,18055.4,23040.49594,"<25,000",S02002037,Less_Than_25
S12000018,18055.4,23040.49594,"<25,000",S02002038,Less_Than_25
S12000018,18055.4,23040.49594,"<25,000",S02002042,Less_Than_25
S12000018,18055.4,23040.49594,"<25,000",S02002048,Less_Than_25
S12000018,18055.4,23040.49594,"<25,000",S02002035,Less_Than_25
S12000018,18055.4,23040.49594,"<25,000",S02002047,Less_Than_25
S12000018,18055.4,23040.49594,"<25,000",S02002046,Less_Than_25
S12000018,18055.4,23040.49594,"<25,000",S02002049,Less_Than_25
S12000018,18055.4,23040.49594,"<25,000",S02002045,Less_Than_25
S12000018,18055.4,23040.49594,"<25,000",S02002050,Less_Than_25
S12000018,18055.4,23040.49594,"<25,000",S02002040,Less_Than_25
S12000018,18055.4,23040.49594,"<25,000",S02002044,Less_Than_25
S12000018,18055.4,23040.49594,"<25,000",S02002043,Less_Than_25
S12000033,47782.8,60975.63108000001,"50-75,000",S02001238,50_To_75
S12000033,47782.8,60975.63108000001,"50-75,000",S02001247,50_To_75
S12000033,47782.8,60975.63108000001,"50-75,000",S02001270,50_To_75
S12000033,47782.8,60975.63108000001,"50-75,000",S02001264,50_To_75
S12000033,47782.8,60975.63108000001,"50-75,000",S02001281,50_To_75
S12000033,47782.8,60975.63108000001,"50-75,000",S02001236,50_To_75
S12000033,47782.8,60975.63108000001,"50-75,000",S02001267,50_To_75
S12000033,47782.8,60975.63108000001,"50-75,000",S02001279,50_To_75
S12000033,47782.8,60975.63108000001,"50-75,000",S02001266,50_To_75
S12000033,47782.8,60975.63108000001,"50-75,000",S02001239,50_To_75
S12000033,47782.8,60975.63108000001,"50-75,000",S02001243,50_To_75
S12000033,47782.8,60975.63108000001,"50-75,000",S02001237,50_To_75
S12000033,47782.8,60975.63108000001,"50-75,000",S02001259,50_To_75
S12000033,47782.8,60975.63108000001,"50-75,000",S02001269,50_To_75
S12000033,47782.8,60975.63108000001,"50-75,000",S02001280,50_To_75
S12000033,47782.8,60975.63108000001,"50-75,000",S02001241,50_To_75
S12000033,47782.8,60975.63108000001,"50-75,000",S02001242,50_To_75
S12000033,47782.8,60975.63108000001,"50-75,000",S02001254,50_To_75
S12000033,47782.8,60975.63108000001,"50-75,000",S02001253,50_To_75
S12000033,47782.8,60975.63108000001,"50-75,000",S02001240,50_To_75
S12000033,47782.8,60975.63108000001,"50-75,000",S02001244,50_To_75
S12000033,47782.8,60975.63108000001,"50-75,000",S02001284,50_To_75
S12000033,47782.8,60975.63108000001,"50-75,000",S02001277,50_To_75
S12000033,47782.8,60975.63108000001,"50-75,000",S02001275,50_To_75
S12000033,47782.8,60975.63108000001,"50-75,000",S02001263,50_To_75
S12000033,47782.8,60975.63108000001,"50-75,000",S02001261,50_To_75
S12000033,47782.8,60975.63108000001,"50-75,000",S02001255,50_To_75
S12000033,47782.8,60975.63108000001,"50-75,000",S02001268,50_To_75
S12000033,47782.8,60975.63108000001,"50-75,000",S02001257,50_To_75
S12000033,47782.8,60975.63108000001,"50-75,000",S02001245,50_To_75
S12000033,47782.8,60975.63108000001,"50-75,000",S02001248,50_To_75
S12000033,47782.8,60975.63108000001,"50-75,000",S02001252,50_To_75
S12000033,47782.8,60975.63108000001,"50-75,000",S02001272,50_To_75
S12000033,47782.8,60975.63108000001,"50-75,000",S02001283,50_To_75
S12000033,47782.8,60975.63108000001,"50-75,000",S02001278,50_To_75
S12000033,47782.8,60975.63108000001,"50-75,000",S02001251,50_To_75
S12000033,47782.8,60975.63108000001,"50-75,000",S02001273,50_To_75
S12000033,47782.8,60975.63108000001,"50-75,000",S02001258,50_To_75
S12000033,47782.8,60975.63108000001,"50-75,000",S02001282,50_To_75
S12000033,47782.8,60975.63108000001,"50-75,000",S02001256,50_To_75
S12000033,47782.8,60975.63108000001,"50-75,000",S02001276,50_To_75
S12000033,47782.8,60975.63108000001,"50-75,000",S02001265,50_To_75
S12000033,47782.8,60975.63108000001,"50-75,000",S02001246,50_To_75
S12000033,47782.8,60975.63108000001,"50-75,000",S02001271,50_To_75
S12000033,47782.8,60975.63108000001,"50-75,000",S02001274,50_To_75
S12000033,47782.8,60975.63108000001,"50-75,000",S02001250,50_To_75
S12000033,47782.8,60975.63108000001,"50-75,000",S02001260,50_To_75
S12000033,47782.8,60975.63108000001,"50-75,000",S02001262,50_To_75
S12000033,47782.8,60975.63108000001,"50-75,000",S02001249,50_To_75
S12000034,28866.6,36836.66826,"25-50,000",S02001323,25_To_50
S12000034,28866.6,36836.66826,"25-50,000",S02001321,25_To_50
S12000034,28866.6,36836.66826,"25-50,000",S02001300,25_To_50
S12000034,28866.6,36836.66826,"25-50,000",S02001314,25_To_50
S12000034,28866.6,36836.66826,"25-50,000",S02001340,25_To_50
S12000034,28866.6,36836.66826,"25-50,000",S02001292,25_To_50
S12000034,28866.6,36836.66826,"25-50,000",S02001291,25_To_50
S12000034,28866.6,36836.66826,"25-50,000",S02001298,25_To_50
S12000034,28866.6,36836.66826,"25-50,000",S02001297,25_To_50
S12000034,28866.6,36836.66826,"25-50,000",S02001286,25_To_50
S12000034,28866.6,36836.66826,"25-50,000",S02001302,25_To_50
S12000034,28866.6,36836.66826,"25-50,000",S02001312,25_To_50
S12000034,28866.6,36836.66826,"25-50,000",S02001304,25_To_50
S12000034,28866.6,36836.66826,"25-50,000",S02001303,25_To_50
S12000034,28866.6,36836.66826,"25-50,000",S02001313,25_To_50
S12000034,28866.6,36836.66826,"25-50,000",S02001335,25_To_50
S12000034,28866.6,36836.66826,"25-50,000",S02001330,25_To_50
S12000034,28866.6,36836.66826,"25-50,000",S02001327,25_To_50
S12000034,28866.6,36836.66826,"25-50,000",S02001324,25_To_50
S12000034,28866.6,36836.66826,"25-50,000",S02001295,25_To_50
S12000034,28866.6,36836.66826,"25-50,000",S02001307,25_To_50
S12000034,28866.6,36836.66826,"25-50,000",S02001301,25_To_50
S12000034,28866.6,36836.66826,"25-50,000",S02001296,25_To_50
S12000034,28866.6,36836.66826,"25-50,000",S02001299,25_To_50
S12000034,28866.6,36836.66826,"25-50,000",S02001287,25_To_50
S12000034,28866.6,36836.66826,"25-50,000",S02001306,25_To_50
S12000034,28866.6,36836.66826,"25-50,000",S02001317,25_To_50
S12000034,28866.6,36836.66826,"25-50,000",S02001316,25_To_50
S12000034,28866.6,36836.66826,"25-50,000",S02001289,25_To_50
S12000034,28866.6,36836.66826,"25-50,000",S02001332,25_To_50
S12000034,28866.6,36836.66826,"25-50,000",S02001329,25_To_50
S12000034,28866.6,36836.66826,"25-50,000",S02001339,25_To_50
S12000034,28866.6,36836.66826,"25-50,000",S02001325,25_To_50
S12000034,28866.6,36836.66826,"25-50,000",S02001320,25_To_50
S12000034,28866.6,36836.66826,"25-50,000",S02001319,25_To_50
S12000034,28866.6,36836.66826,"25-50,000",S02001333,25_To_50
S12000034,28866.6,36836.66826,"25-50,000",S02001311,25_To_50
S12000034,28866.6,36836.66826,"25-50,000",S02001305,25_To_50
S12000034,28866.6,36836.66826,"25-50,000",S02001285,25_To_50
S12000034,28866.6,36836.66826,"25-50,000",S02001288,25_To_50
S12000034,28866.6,36836.66826,"25-50,000",S02001318,25_To_50
S12000034,28866.6,36836.66826,"25-50,000",S02001322,25_To_50
S12000034,28866.6,36836.66826,"25-50,000",S02001315,25_To_50
S12000034,28866.6,36836.66826,"25-50,000",S02001338,25_To_50
S12000034,28866.6,36836.66826,"25-50,000",S02001337,25_To_50
S12000034,28866.6,36836.66826,"25-50,000",S02001336,25_To_50
S12000034,28866.6,36836.66826,"25-50,000",S02001290,25_To_50
S12000034,28866.6,36836.66826,"25-50,000",S02001328,25_To_50
S12000034,28866.6,36836.66826,"25-50,000",S02001293,25_To_50
S12000034,28866.6,36836.66826,"25-50,000",S02001326,25_To_50
S12000034,28866.6,36836.66826,"25-50,000",S02001341,25_To_50
S12000034,28866.6,36836.66826,"25-50,000",S02001334,25_To_50
S12000034,28866.6,36836.66826,"25-50,000",S02001331,25_To_50
S12000034,28866.6,36836.66826,"25-50,000",S02001308,25_To_50
S12000034,28866.6,36836.66826,"25-50,000",S02001309,25_To_50
S12000034,28866.6,36836.66826,"25-50,000",S02001294,25_To_50
S12000034,28866.6,36836.66826,"25-50,000",S02001310,25_To_50
S12000034,28866.6,36836.66826,"25-50,000",S02001342,25_To_50
S12000034,28866.6,36836.66826,"25-50,000",S02001343,25_To_50
S12000026,25437.2,32460.410920000002,"25-50,000",S02002295,25_To_50
S12000026,25437.2,32460.410920000002,"25-50,000",S02002316,25_To_50
S12000026,25437.2,32460.410920000002,"25-50,000",S02002293,25_To_50
S12000026,25437.2,32460.410920000002,"25-50,000",S02002294,25_To_50
S12000026,25437.2,32460.410920000002,"25-50,000",S02002292,25_To_50
S12000026,25437.2,32460.410920000002,"25-50,000",S02002301,25_To_50
S12000026,25437.2,32460.410920000002,"25-50,000",S02002299,25_To_50
S12000026,25437.2,32460.410920000002,"25-50,000",S02002310,25_To_50
S12000026,25437.2,32460.410920000002,"25-50,000",S02002307,25_To_50
S12000026,25437.2,32460.410920000002,"25-50,000",S02002296,25_To_50
S12000026,25437.2,32460.410920000002,"25-50,000",S02002315,25_To_50
S12000026,25437.2,32460.410920000002,"25-50,000",S02002321,25_To_50
S12000026,25437.2,32460.410920000002,"25-50,000",S02002309,25_To_50
S12000026,25437.2,32460.410920000002,"25-50,000",S02002303,25_To_50
S12000026,25437.2,32460.410920000002,"25-50,000",S02002305,25_To_50
S12000026,25437.2,32460.410920000002,"25-50,000",S02002317,25_To_50
S12000026,25437.2,32460.410920000002,"25-50,000",S02002320,25_To_50
S12000026,25437.2,32460.410920000002,"25-50,000",S02002312,25_To_50
S12000026,25437.2,32460.410920000002,"25-50,000",S02002318,25_To_50
S12000026,25437.2,32460.410920000002,"25-50,000",S02002314,25_To_50
S12000026,25437.2,32460.410920000002,"25-50,000",S02002298,25_To_50
S12000026,25437.2,32460.410920000002,"25-50,000",S02002297,25_To_50
S12000026,25437.2,32460.410920000002,"25-50,000",S02002311,25_To_50
S12000026,25437.2,32460.410920000002,"25-50,000",S02002304,25_To_50
S12000026,25437.2,32460.410920000002,"25-50,000",S02002319,25_To_50
S12000026,25437.2,32460.410920000002,"25-50,000",S02002306,25_To_50
S12000026,25437.2,32460.410920000002,"25-50,000",S02002313,25_To_50
S12000026,25437.2,32460.410920000002,"25-50,000",S02002302,25_To_50
S12000026,25437.2,32460.410920000002,"25-50,000",S02002308,25_To_50
S12000026,25437.2,32460.410920000002,"25-50,000",S02002300,25_To_50
S12000006,28761,36701.9121,"25-50,000",S02001415,25_To_50
S12000006,28761,36701.9121,"25-50,000",S02001434,25_To_50
S12000006,28761,36701.9121,"25-50,000",S02001421,25_To_50
S12000006,28761,36701.9121,"25-50,000",S02001430,25_To_50
S12000006,28761,36701.9121,"25-50,000",S02001406,25_To_50
S12000006,28761,36701.9121,"25-50,000",S02001405,25_To_50
S12000006,28761,36701.9121,"25-50,000",S02001441,25_To_50
S12000006,28761,36701.9121,"25-50,000",S02001442,25_To_50
S12000006,28761,36701.9121,"25-50,000",S02001432,25_To_50
S12000006,28761,36701.9121,"25-50,000",S02001436,25_To_50
S12000006,28761,36701.9121,"25-50,000",S02001438,25_To_50
S12000006,28761,36701.9121,"25-50,000",S02001420,25_To_50
S12000006,28761,36701.9121,"25-50,000",S02001419,25_To_50
S12000006,28761,36701.9121,"25-50,000",S02001437,25_To_50
S12000006,28761,36701.9121,"25-50,000",S02001410,25_To_50
S12000006,28761,36701.9121,"25-50,000",S02001425,25_To_50
S12000006,28761,36701.9121,"25-50,000",S02001412,25_To_50
S12000006,28761,36701.9121,"25-50,000",S02001424,25_To_50
S12000006,28761,36701.9121,"25-50,000",S02001431,25_To_50
S12000006,28761,36701.9121,"25-50,000",S02001428,25_To_50
S12000006,28761,36701.9121,"25-50,000",S02001435,25_To_50
S12000006,28761,36701.9121,"25-50,000",S02001439,25_To_50
S12000006,28761,36701.9121,"25-50,000",S02001440,25_To_50
S12000006,28761,36701.9121,"25-50,000",S02001443,25_To_50
S12000006,28761,36701.9121,"25-50,000",S02001427,25_To_50
S12000006,28761,36701.9121,"25-50,000",S02001426,25_To_50
S12000006,28761,36701.9121,"25-50,000",S02001422,25_To_50
S12000006,28761,36701.9121,"25-50,000",S02001444,25_To_50
S12000006,28761,36701.9121,"25-50,000",S02001413,25_To_50
S12000006,28761,36701.9121,"25-50,000",S02001418,25_To_50
S12000006,28761,36701.9121,"25-50,000",S02001411,25_To_50
S12000006,28761,36701.9121,"25-50,000",S02001414,25_To_50
S12000006,28761,36701.9121,"25-50,000",S02001407,25_To_50
S12000006,28761,36701.9121,"25-50,000",S02001408,25_To_50
S12000006,28761,36701.9121,"25-50,000",S02001416,25_To_50
S12000006,28761,36701.9121,"25-50,000",S02001417,25_To_50
S12000006,28761,36701.9121,"25-50,000",S02001409,25_To_50
S12000006,28761,36701.9121,"25-50,000",S02001433,25_To_50
S12000006,28761,36701.9121,"25-50,000",S02001423,25_To_50
S12000006,28761,36701.9121,"25-50,000",S02001429,25_To_50
S12000008,20364.6,25987.266059999998,"25-50,000",S02001503,25_To_50
S12000008,20364.6,25987.266059999998,"25-50,000",S02001499,25_To_50
S12000008,20364.6,25987.266059999998,"25-50,000",S02001505,25_To_50
S12000008,20364.6,25987.266059999998,"25-50,000",S02001487,25_To_50
S12000008,20364.6,25987.266059999998,"25-50,000",S02001483,25_To_50
S12000008,20364.6,25987.266059999998,"25-50,000",S02001504,25_To_50
S12000008,20364.6,25987.266059999998,"25-50,000",S02001477,25_To_50
S12000008,20364.6,25987.266059999998,"25-50,000",S02001485,25_To_50
S12000008,20364.6,25987.266059999998,"25-50,000",S02001478,25_To_50
S12000008,20364.6,25987.266059999998,"25-50,000",S02001480,25_To_50
S12000008,20364.6,25987.266059999998,"25-50,000",S02001501,25_To_50
S12000008,20364.6,25987.266059999998,"25-50,000",S02001492,25_To_50
S12000008,20364.6,25987.266059999998,"25-50,000",S02001490,25_To_50
S12000008,20364.6,25987.266059999998,"25-50,000",S02001489,25_To_50
S12000008,20364.6,25987.266059999998,"25-50,000",S02001486,25_To_50
S12000008,20364.6,25987.266059999998,"25-50,000",S02001481,25_To_50
S12000008,20364.6,25987.266059999998,"25-50,000",S02001482,25_To_50
S12000008,20364.6,25987.266059999998,"25-50,000",S02001484,25_To_50
S12000008,20364.6,25987.266059999998,"25-50,000",S02001502,25_To_50
S12000008,20364.6,25987.266059999998,"25-50,000",S02001491,25_To_50
S12000008,20364.6,25987.266059999998,"25-50,000",S02001496,25_To_50
S12000008,20364.6,25987.266059999998,"25-50,000",S02001488,25_To_50
S12000008,20364.6,25987.266059999998,"25-50,000",S02001476,25_To_50
S12000008,20364.6,25987.266059999998,"25-50,000",S02001494,25_To_50
S12000008,20364.6,25987.266059999998,"25-50,000",S02001479,25_To_50
S12000008,20364.6,25987.266059999998,"25-50,000",S02001497,25_To_50
S12000008,20364.6,25987.266059999998,"25-50,000",S02001495,25_To_50
S12000008,20364.6,25987.266059999998,"25-50,000",S02001498,25_To_50
S12000008,20364.6,25987.266059999998,"25-50,000",S02001500,25_To_50
S12000008,20364.6,25987.266059999998,"25-50,000",S02001493,25_To_50
S12000028,26218.2,33457.04502,"25-50,000",S02002339,25_To_50
S12000028,26218.2,33457.04502,"25-50,000",S02002337,25_To_50
S12000028,26218.2,33457.04502,"25-50,000",S02002338,25_To_50
S12000028,26218.2,33457.04502,"25-50,000",S02002335,25_To_50
S12000028,26218.2,33457.04502,"25-50,000",S02002346,25_To_50
S12000028,26218.2,33457.04502,"25-50,000",S02002347,25_To_50
S12000028,26218.2,33457.04502,"25-50,000",S02002353,25_To_50
S12000028,26218.2,33457.04502,"25-50,000",S02002352,25_To_50
S12000028,26218.2,33457.04502,"25-50,000",S02002350,25_To_50
S12000028,26218.2,33457.04502,"25-50,000",S02002329,25_To_50
S12000028,26218.2,33457.04502,"25-50,000",S02002331,25_To_50
S12000028,26218.2,33457.04502,"25-50,000",S02002332,25_To_50
S12000028,26218.2,33457.04502,"25-50,000",S02002344,25_To_50
S12000028,26218.2,33457.04502,"25-50,000",S02002334,25_To_50
S12000028,26218.2,33457.04502,"25-50,000",S02002348,25_To_50
S12000028,26218.2,33457.04502,"25-50,000",S02002351,25_To_50
S12000028,26218.2,33457.04502,"25-50,000",S02002333,25_To_50
S12000028,26218.2,33457.04502,"25-50,000",S02002345,25_To_50
S12000028,26218.2,33457.04502,"25-50,000",S02002336,25_To_50
S12000028,26218.2,33457.04502,"25-50,000",S02002343,25_To_50
S12000028,26218.2,33457.04502,"25-50,000",S02002341,25_To_50
S12000028,26218.2,33457.04502,"25-50,000",S02002340,25_To_50
S12000028,26218.2,33457.04502,"25-50,000",S02002342,25_To_50
S12000028,26218.2,33457.04502,"25-50,000",S02002349,25_To_50
S12000028,26218.2,33457.04502,"25-50,000",S02002330,25_To_50
S12000029,25945,33108.4145,"25-50,000",S02002374,25_To_50
S12000029,25945,33108.4145,"25-50,000",S02002375,25_To_50
S12000029,25945,33108.4145,"25-50,000",S02002373,25_To_50
S12000029,25945,33108.4145,"25-50,000",S02002359,25_To_50
S12000029,25945,33108.4145,"25-50,000",S02002371,25_To_50
S12000029,25945,33108.4145,"25-50,000",S02002425,25_To_50
S12000029,25945,33108.4145,"25-50,000",S02002363,25_To_50
S12000029,25945,33108.4145,"25-50,000",S02002367,25_To_50
S12000029,25945,33108.4145,"25-50,000",S02002423,25_To_50
S12000029,25945,33108.4145,"25-50,000",S02002391,25_To_50
S12000029,25945,33108.4145,"25-50,000",S02002420,25_To_50
S12000029,25945,33108.4145,"25-50,000",S02002424,25_To_50
S12000029,25945,33108.4145,"25-50,000",S02002366,25_To_50
S12000029,25945,33108.4145,"25-50,000",S02002368,25_To_50
S12000029,25945,33108.4145,"25-50,000",S02002361,25_To_50
S12000029,25945,33108.4145,"25-50,000",S02002422,25_To_50
S12000029,25945,33108.4145,"25-50,000",S02002384,25_To_50
S12000029,25945,33108.4145,"25-50,000",S02002398,25_To_50
S12000029,25945,33108.4145,"25-50,000",S02002406,25_To_50
S12000029,25945,33108.4145,"25-50,000",S02002405,25_To_50
S12000029,25945,33108.4145,"25-50,000",S02002404,25_To_50
S12000029,25945,33108.4145,"25-50,000",S02002411,25_To_50
S12000029,25945,33108.4145,"25-50,000",S02002413,25_To_50
S12000029,25945,33108.4145,"25-50,000",S02002407,25_To_50
S12000029,25945,33108.4145,"25-50,000",S02002414,25_To_50
S12000029,25945,33108.4145,"25-50,000",S02002409,25_To_50
S12000029,25945,33108.4145,"25-50,000",S02002403,25_To_50
S12000029,25945,33108.4145,"25-50,000",S02002426,25_To_50
S12000029,25945,33108.4145,"25-50,000",S02002370,25_To_50
S12000029,25945,33108.4145,"25-50,000",S02002364,25_To_50
S12000029,25945,33108.4145,"25-50,000",S02002378,25_To_50
S12000029,25945,33108.4145,"25-50,000",S02002377,25_To_50
S12000029,25945,33108.4145,"25-50,000",S02002376,25_To_50
S12000029,25945,33108.4145,"25-50,000",S02002362,25_To_50
S12000029,25945,33108.4145,"25-50,000",S02002354,25_To_50
S12000029,25945,33108.4145,"25-50,000",S02002418,25_To_50
S12000029,25945,33108.4145,"25-50,000",S02002369,25_To_50
S12000029,25945,33108.4145,"25-50,000",S02002419,25_To_50
S12000029,25945,33108.4145,"25-50,000",S02002435,25_To_50
S12000029,25945,33108.4145,"25-50,000",S02002380,25_To_50
S12000029,25945,33108.4145,"25-50,000",S02002355,25_To_50
S12000029,25945,33108.4145,"25-50,000",S02002356,25_To_50
S12000029,25945,33108.4145,"25-50,000",S02002427,25_To_50
S12000029,25945,33108.4145,"25-50,000",S02002365,25_To_50
S12000029,25945,33108.4145,"25-50,000",S02002357,25_To_50
S12000029,25945,33108.4145,"25-50,000",S02002360,25_To_50
S12000029,25945,33108.4145,"25-50,000",S02002379,25_To_50
S12000029,25945,33108.4145,"25-50,000",S02002358,25_To_50
S12000029,25945,33108.4145,"25-50,000",S02002428,25_To_50
S12000029,25945,33108.4145,"25-50,000",S02002410,25_To_50
S12000029,25945,33108.4145,"25-50,000",S02002372,25_To_50
S12000029,25945,33108.4145,"25-50,000",S02002421,25_To_50
S12000029,25945,33108.4145,"25-50,000",S02002430,25_To_50
S12000029,25945,33108.4145,"25-50,000",S02002385,25_To_50
S12000029,25945,33108.4145,"25-50,000",S02002383,25_To_50
S12000029,25945,33108.4145,"25-50,000",S02002397,25_To_50
S12000029,25945,33108.4145,"25-50,000",S02002399,25_To_50
S12000029,25945,33108.4145,"25-50,000",S02002392,25_To_50
S12000029,25945,33108.4145,"25-50,000",S02002431,25_To_50
S12000029,25945,33108.4145,"25-50,000",S02002395,25_To_50
S12000029,25945,33108.4145,"25-50,000",S02002382,25_To_50
S12000029,25945,33108.4145,"25-50,000",S02002401,25_To_50
S12000029,25945,33108.4145,"25-50,000",S02002388,25_To_50
S12000029,25945,33108.4145,"25-50,000",S02002415,25_To_50
S12000029,25945,33108.4145,"25-50,000",S02002416,25_To_50
S12000029,25945,33108.4145,"25-50,000",S02002387,25_To_50
S12000029,25945,33108.4145,"25-50,000",S02002408,25_To_50
S12000029,25945,33108.4145,"25-50,000",S02002402,25_To_50
S12000029,25945,33108.4145,"25-50,000",S02002389,25_To_50
S12000029,25945,33108.4145,"25-50,000",S02002417,25_To_50
S12000029,25945,33108.4145,"25-50,000",S02002390,25_To_50
S12000029,25945,33108.4145,"25-50,000",S02002400,25_To_50
S12000029,25945,33108.4145,"25-50,000",S02002433,25_To_50
S12000029,25945,33108.4145,"25-50,000",S02002434,25_To_50
S12000029,25945,33108.4145,"25-50,000",S02002396,25_To_50
S12000029,25945,33108.4145,"25-50,000",S02002394,25_To_50
S12000029,25945,33108.4145,"25-50,000",S02002432,25_To_50
S12000029,25945,33108.4145,"25-50,000",S02002381,25_To_50
S12000029,25945,33108.4145,"25-50,000",S02002386,25_To_50
S12000029,25945,33108.4145,"25-50,000",S02002429,25_To_50
S12000029,25945,33108.4145,"25-50,000",S02002412,25_To_50
S12000029,25945,33108.4145,"25-50,000",S02002393,25_To_50